subject,roi,roi_label,hierarchy_level,comparison,comparison_label,model_A,model_B,alternative,delta_r,delta_z
sub-104,EarlyVisual,Early visual,0.0,M1_rawcal_gt_M0_visual,+RawCal > Visual,M1_visual_rawcal,M0_visual,greater,0.004259586334228516,0.004273844421157927
sub-104,EarlyVisual,Early visual,0.0,M2_predclip_gt_M0_visual,+PredCLIP > Visual,M2_visual_predclip,M0_visual,greater,0.0016618818044662476,0.0016671943321479588
sub-104,EarlyVisual,Early visual,0.0,M3_resclip_gt_M0_visual,+ResCLIP > Visual,M3_visual_resclip,M0_visual,greater,0.002876460552215576,0.0028858566168705815
sub-104,EarlyVisual,Early visual,0.0,M4_pred_res_gt_M0_visual,+Pred+Res > Visual,M4_visual_pred_resclip,M0_visual,greater,0.0012046992778778076,0.0012085189746366132
sub-104,EarlyVisual,Early visual,0.0,M2_predclip_gt_M1_rawcal,+PredCLIP > +RawCal,M2_visual_predclip,M1_visual_rawcal,greater,-0.002597704529762268,-0.002606650089009968
sub-104,EarlyVisual,Early visual,0.0,M2_predclip_gt_M3_resclip,+PredCLIP > +ResCLIP,M2_visual_predclip,M3_visual_resclip,greater,-0.0012145787477493286,-0.0012186622847226228
sub-104,EarlyVisual,Early visual,0.0,M4_pred_res_gt_M2_predclip,+Pred+Res > +PredCLIP,M4_visual_pred_resclip,M2_visual_predclip,greater,-0.00045718252658843994,-0.0004586753575113456
sub-104,EarlyVisual,Early visual,0.0,M4_pred_res_gt_M1_rawcal,+Pred+Res > +RawCal,M4_visual_pred_resclip,M1_visual_rawcal,greater,-0.003054887056350708,-0.0030653254465213137
sub-104,IntermediateVisual,Intermediate visual,1.0,M1_rawcal_gt_M0_visual,+RawCal > Visual,M1_visual_rawcal,M0_visual,greater,0.002308133989572525,0.002312553195809447
sub-104,IntermediateVisual,Intermediate visual,1.0,M2_predclip_gt_M0_visual,+PredCLIP > Visual,M2_visual_predclip,M0_visual,greater,-0.008152108639478683,-0.008164242584664638
sub-104,IntermediateVisual,Intermediate visual,1.0,M3_resclip_gt_M0_visual,+ResCLIP > Visual,M3_visual_resclip,M0_visual,greater,0.002870757132768631,0.002876325353418377
sub-104,IntermediateVisual,Intermediate visual,1.0,M4_pred_res_gt_M0_visual,+Pred+Res > Visual,M4_visual_pred_resclip,M0_visual,greater,-0.011289700865745544,-0.01130522370169372
sub-104,IntermediateVisual,Intermediate visual,1.0,M2_predclip_gt_M1_rawcal,+PredCLIP > +RawCal,M2_visual_predclip,M1_visual_rawcal,greater,-0.010460242629051208,-0.010476795780474085
sub-104,IntermediateVisual,Intermediate visual,1.0,M2_predclip_gt_M3_resclip,+PredCLIP > +ResCLIP,M2_visual_predclip,M3_visual_resclip,greater,-0.011022865772247314,-0.011040567938083015
sub-104,IntermediateVisual,Intermediate visual,1.0,M4_pred_res_gt_M2_predclip,+Pred+Res > +PredCLIP,M4_visual_pred_resclip,M2_visual_predclip,greater,-0.003137592226266861,-0.003140981117029082
sub-104,IntermediateVisual,Intermediate visual,1.0,M4_pred_res_gt_M1_rawcal,+Pred+Res > +RawCal,M4_visual_pred_resclip,M1_visual_rawcal,greater,-0.01359783485531807,-0.013617776897503167
sub-104,HighLevelVTC,HighLevelVTC,2.0,M1_rawcal_gt_M0_visual,+RawCal > Visual,M1_visual_rawcal,M0_visual,greater,0.01816648244857788,0.018166982685264055
sub-104,HighLevelVTC,HighLevelVTC,2.0,M2_predclip_gt_M0_visual,+PredCLIP > Visual,M2_visual_predclip,M0_visual,greater,0.013565317261964083,0.013565608902773144
sub-104,HighLevelVTC,HighLevelVTC,2.0,M3_resclip_gt_M0_visual,+ResCLIP > Visual,M3_visual_resclip,M0_visual,greater,0.014619783964008093,0.014620100275380868
sub-104,HighLevelVTC,HighLevelVTC,2.0,M4_pred_res_gt_M0_visual,+Pred+Res > Visual,M4_visual_pred_resclip,M0_visual,greater,0.01733709964901209,0.017337540100245533
sub-104,HighLevelVTC,HighLevelVTC,2.0,M2_predclip_gt_M1_rawcal,+PredCLIP > +RawCal,M2_visual_predclip,M1_visual_rawcal,greater,-0.004601165186613798,-0.004601373782490911
sub-104,HighLevelVTC,HighLevelVTC,2.0,M2_predclip_gt_M3_resclip,+PredCLIP > +ResCLIP,M2_visual_predclip,M3_visual_resclip,greater,-0.0010544667020440102,-0.0010544913726077227
sub-104,HighLevelVTC,HighLevelVTC,2.0,M4_pred_res_gt_M2_predclip,+Pred+Res > +PredCLIP,M4_visual_pred_resclip,M2_visual_predclip,greater,0.003771782387048006,0.0037719311974723883
sub-104,HighLevelVTC,HighLevelVTC,2.0,M4_pred_res_gt_M1_rawcal,+Pred+Res > +RawCal,M4_visual_pred_resclip,M1_visual_rawcal,greater,-0.0008293827995657921,-0.0008294425850185229
sub-105,EarlyVisual,Early visual,0.0,M1_rawcal_gt_M0_visual,+RawCal > Visual,M1_visual_rawcal,M0_visual,greater,0.014586970210075378,0.014619974020834807
sub-105,EarlyVisual,Early visual,0.0,M2_predclip_gt_M0_visual,+PredCLIP > Visual,M2_visual_predclip,M0_visual,greater,0.006450198590755463,0.006462312429680872
sub-105,EarlyVisual,Early visual,0.0,M3_resclip_gt_M0_visual,+ResCLIP > Visual,M3_visual_resclip,M0_visual,greater,0.00847310945391655,0.008489796983155877
sub-105,EarlyVisual,Early visual,0.0,M4_pred_res_gt_M0_visual,+Pred+Res > Visual,M4_visual_pred_resclip,M0_visual,greater,0.0036082305014133453,0.003614560406329931
sub-105,EarlyVisual,Early visual,0.0,M2_predclip_gt_M1_rawcal,+PredCLIP > +RawCal,M2_visual_predclip,M1_visual_rawcal,greater,-0.008136771619319916,-0.008157661591153935
sub-105,EarlyVisual,Early visual,0.0,M2_predclip_gt_M3_resclip,+PredCLIP > +ResCLIP,M2_visual_predclip,M3_visual_resclip,greater,-0.002022910863161087,-0.002027484553475005
sub-105,EarlyVisual,Early visual,0.0,M4_pred_res_gt_M2_predclip,+Pred+Res > +PredCLIP,M4_visual_pred_resclip,M2_visual_predclip,greater,-0.0028419680893421173,-0.0028477520233509412
sub-105,EarlyVisual,Early visual,0.0,M4_pred_res_gt_M1_rawcal,+Pred+Res > +RawCal,M4_visual_pred_resclip,M1_visual_rawcal,greater,-0.010978739708662033,-0.011005413614504876
sub-105,IntermediateVisual,Intermediate visual,1.0,M1_rawcal_gt_M0_visual,+RawCal > Visual,M1_visual_rawcal,M0_visual,greater,0.014319077134132385,0.01441449547437712
sub-105,IntermediateVisual,Intermediate visual,1.0,M2_predclip_gt_M0_visual,+PredCLIP > Visual,M2_visual_predclip,M0_visual,greater,0.009256415069103241,0.009314204474349053
sub-105,IntermediateVisual,Intermediate visual,1.0,M3_resclip_gt_M0_visual,+ResCLIP > Visual,M3_visual_resclip,M0_visual,greater,-0.006305523216724396,-0.006337438430519704
sub-105,IntermediateVisual,Intermediate visual,1.0,M4_pred_res_gt_M0_visual,+Pred+Res > Visual,M4_visual_pred_resclip,M0_visual,greater,-0.0026312097907066345,-0.002645222121969132
sub-105,IntermediateVisual,Intermediate visual,1.0,M2_predclip_gt_M1_rawcal,+PredCLIP > +RawCal,M2_visual_predclip,M1_visual_rawcal,greater,-0.005062662065029144,-0.005100291000028068
sub-105,IntermediateVisual,Intermediate visual,1.0,M2_predclip_gt_M3_resclip,+PredCLIP > +ResCLIP,M2_visual_predclip,M3_visual_resclip,greater,0.015561938285827637,0.015651642904868757
sub-105,IntermediateVisual,Intermediate visual,1.0,M4_pred_res_gt_M2_predclip,+Pred+Res > +PredCLIP,M4_visual_pred_resclip,M2_visual_predclip,greater,-0.011887624859809875,-0.011959426596318184
sub-105,IntermediateVisual,Intermediate visual,1.0,M4_pred_res_gt_M1_rawcal,+Pred+Res > +RawCal,M4_visual_pred_resclip,M1_visual_rawcal,greater,-0.01695028692483902,-0.017059717596346252
sub-105,HighLevelVTC,HighLevelVTC,2.0,M1_rawcal_gt_M0_visual,+RawCal > Visual,M1_visual_rawcal,M0_visual,greater,0.021018315106630325,0.021019179368753263
sub-105,HighLevelVTC,HighLevelVTC,2.0,M2_predclip_gt_M0_visual,+PredCLIP > Visual,M2_visual_predclip,M0_visual,greater,0.024101179093122482,0.024102660976024093
sub-105,HighLevelVTC,HighLevelVTC,2.0,M3_resclip_gt_M0_visual,+ResCLIP > Visual,M3_visual_resclip,M0_visual,greater,0.010934981284663081,0.010935186552348767
sub-105,HighLevelVTC,HighLevelVTC,2.0,M4_pred_res_gt_M0_visual,+Pred+Res > Visual,M4_visual_pred_resclip,M0_visual,greater,0.02645324543118477,0.026455395773322142
sub-105,HighLevelVTC,HighLevelVTC,2.0,M2_predclip_gt_M1_rawcal,+PredCLIP > +RawCal,M2_visual_predclip,M1_visual_rawcal,greater,0.003082863986492157,0.0030834816072708316
sub-105,HighLevelVTC,HighLevelVTC,2.0,M2_predclip_gt_M3_resclip,+PredCLIP > +ResCLIP,M2_visual_predclip,M3_visual_resclip,greater,0.013166197808459401,0.013167474423675326
sub-105,HighLevelVTC,HighLevelVTC,2.0,M4_pred_res_gt_M2_predclip,+Pred+Res > +PredCLIP,M4_visual_pred_resclip,M2_visual_predclip,greater,0.0023520663380622864,0.002352734797298049
sub-105,HighLevelVTC,HighLevelVTC,2.0,M4_pred_res_gt_M1_rawcal,+Pred+Res > +RawCal,M4_visual_pred_resclip,M1_visual_rawcal,greater,0.005434930324554443,0.005436216404568881
sub-109,EarlyVisual,Early visual,0.0,M1_rawcal_gt_M0_visual,+RawCal > Visual,M1_visual_rawcal,M0_visual,greater,0.0004671141505241394,0.00046907456712455553
sub-109,EarlyVisual,Early visual,0.0,M2_predclip_gt_M0_visual,+PredCLIP > Visual,M2_visual_predclip,M0_visual,greater,-0.000298425555229187,-0.0002996631561383717
sub-109,EarlyVisual,Early visual,0.0,M3_resclip_gt_M0_visual,+ResCLIP > Visual,M3_visual_resclip,M0_visual,greater,-0.002792172133922577,-0.0028033066453157438
sub-109,EarlyVisual,Early visual,0.0,M4_pred_res_gt_M0_visual,+Pred+Res > Visual,M4_visual_pred_resclip,M0_visual,greater,-0.005248695611953735,-0.005268824074540809
sub-109,EarlyVisual,Early visual,0.0,M2_predclip_gt_M1_rawcal,+PredCLIP > +RawCal,M2_visual_predclip,M1_visual_rawcal,greater,-0.0007655397057533264,-0.0007687377232629272
sub-109,EarlyVisual,Early visual,0.0,M2_predclip_gt_M3_resclip,+PredCLIP > +ResCLIP,M2_visual_predclip,M3_visual_resclip,greater,0.00249374657869339,0.002503643489177372
sub-109,EarlyVisual,Early visual,0.0,M4_pred_res_gt_M2_predclip,+Pred+Res > +PredCLIP,M4_visual_pred_resclip,M2_visual_predclip,greater,-0.004950270056724548,-0.004969160918402438
sub-109,EarlyVisual,Early visual,0.0,M4_pred_res_gt_M1_rawcal,+Pred+Res > +RawCal,M4_visual_pred_resclip,M1_visual_rawcal,greater,-0.005715809762477875,-0.005737898641665365
sub-109,IntermediateVisual,Intermediate visual,1.0,M1_rawcal_gt_M0_visual,+RawCal > Visual,M1_visual_rawcal,M0_visual,greater,0.017653927206993103,0.017713474109008698
sub-109,IntermediateVisual,Intermediate visual,1.0,M2_predclip_gt_M0_visual,+PredCLIP > Visual,M2_visual_predclip,M0_visual,greater,0.016000524163246155,0.016052891271130104
sub-109,IntermediateVisual,Intermediate visual,1.0,M3_resclip_gt_M0_visual,+ResCLIP > Visual,M3_visual_resclip,M0_visual,greater,-0.008754577487707138,-0.008772042494433148
sub-109,IntermediateVisual,Intermediate visual,1.0,M4_pred_res_gt_M0_visual,+Pred+Res > Visual,M4_visual_pred_resclip,M0_visual,greater,0.003077451139688492,0.0030853107846355796
sub-109,IntermediateVisual,Intermediate visual,1.0,M2_predclip_gt_M1_rawcal,+PredCLIP > +RawCal,M2_visual_predclip,M1_visual_rawcal,greater,-0.0016534030437469482,-0.0016605828378785936
sub-109,IntermediateVisual,Intermediate visual,1.0,M2_predclip_gt_M3_resclip,+PredCLIP > +ResCLIP,M2_visual_predclip,M3_visual_resclip,greater,0.024755101650953293,0.024824933765563252
sub-109,IntermediateVisual,Intermediate visual,1.0,M4_pred_res_gt_M2_predclip,+Pred+Res > +PredCLIP,M4_visual_pred_resclip,M2_visual_predclip,greater,-0.012923073023557663,-0.012967580486494525
sub-109,IntermediateVisual,Intermediate visual,1.0,M4_pred_res_gt_M1_rawcal,+Pred+Res > +RawCal,M4_visual_pred_resclip,M1_visual_rawcal,greater,-0.014576476067304611,-0.014628163324373118
sub-109,HighLevelVTC,HighLevelVTC,2.0,M1_rawcal_gt_M0_visual,+RawCal > Visual,M1_visual_rawcal,M0_visual,greater,0.0412508025765419,0.04125906055937491
sub-109,HighLevelVTC,HighLevelVTC,2.0,M2_predclip_gt_M0_visual,+PredCLIP > Visual,M2_visual_predclip,M0_visual,greater,0.04139682278037071,0.04140510568526987
sub-109,HighLevelVTC,HighLevelVTC,2.0,M3_resclip_gt_M0_visual,+ResCLIP > Visual,M3_visual_resclip,M0_visual,greater,0.013103015720844269,0.013109381953641223
sub-109,HighLevelVTC,HighLevelVTC,2.0,M4_pred_res_gt_M0_visual,+Pred+Res > Visual,M4_visual_pred_resclip,M0_visual,greater,0.040696896612644196,0.04070506504242598
sub-109,HighLevelVTC,HighLevelVTC,2.0,M2_predclip_gt_M1_rawcal,+PredCLIP > +RawCal,M2_visual_predclip,M1_visual_rawcal,greater,0.00014602020382881165,0.0001460451258949707
sub-109,HighLevelVTC,HighLevelVTC,2.0,M2_predclip_gt_M3_resclip,+PredCLIP > +ResCLIP,M2_visual_predclip,M3_visual_resclip,greater,0.028293807059526443,0.028295723731628652
sub-109,HighLevelVTC,HighLevelVTC,2.0,M4_pred_res_gt_M2_predclip,+Pred+Res > +PredCLIP,M4_visual_pred_resclip,M2_visual_predclip,greater,-0.0006999261677265167,-0.0007000406428438969
sub-109,HighLevelVTC,HighLevelVTC,2.0,M4_pred_res_gt_M1_rawcal,+Pred+Res > +RawCal,M4_visual_pred_resclip,M1_visual_rawcal,greater,-0.0005539059638977051,-0.0005539955169489262
sub-112,EarlyVisual,Early visual,0.0,M1_rawcal_gt_M0_visual,+RawCal > Visual,M1_visual_rawcal,M0_visual,greater,0.00471058115363121,0.004721306383425439
sub-112,EarlyVisual,Early visual,0.0,M2_predclip_gt_M0_visual,+PredCLIP > Visual,M2_visual_predclip,M0_visual,greater,0.006433162838220596,0.006448355750253203
sub-112,EarlyVisual,Early visual,0.0,M3_resclip_gt_M0_visual,+ResCLIP > Visual,M3_visual_resclip,M0_visual,greater,0.004701945930719376,0.004712649524088432
sub-112,EarlyVisual,Early visual,0.0,M4_pred_res_gt_M0_visual,+Pred+Res > Visual,M4_visual_pred_resclip,M0_visual,greater,0.0073028504848480225,0.007320415592775603
sub-112,EarlyVisual,Early visual,0.0,M2_predclip_gt_M1_rawcal,+PredCLIP > +RawCal,M2_visual_predclip,M1_visual_rawcal,greater,0.001722581684589386,0.001727049366827764
sub-112,EarlyVisual,Early visual,0.0,M2_predclip_gt_M3_resclip,+PredCLIP > +ResCLIP,M2_visual_predclip,M3_visual_resclip,greater,0.0017312169075012207,0.001735706226164771
sub-112,EarlyVisual,Early visual,0.0,M4_pred_res_gt_M2_predclip,+Pred+Res > +PredCLIP,M4_visual_pred_resclip,M2_visual_predclip,greater,0.0008696876466274261,0.0008720598425224005
sub-112,EarlyVisual,Early visual,0.0,M4_pred_res_gt_M1_rawcal,+Pred+Res > +RawCal,M4_visual_pred_resclip,M1_visual_rawcal,greater,0.002592269331216812,0.0025991092093501644
sub-112,IntermediateVisual,Intermediate visual,1.0,M1_rawcal_gt_M0_visual,+RawCal > Visual,M1_visual_rawcal,M0_visual,greater,0.01865159347653389,0.01870391866530001
sub-112,IntermediateVisual,Intermediate visual,1.0,M2_predclip_gt_M0_visual,+PredCLIP > Visual,M2_visual_predclip,M0_visual,greater,0.00305316224694252,0.003059308867914154
sub-112,IntermediateVisual,Intermediate visual,1.0,M3_resclip_gt_M0_visual,+ResCLIP > Visual,M3_visual_resclip,M0_visual,greater,0.02942955121397972,0.029531064440385578
sub-112,IntermediateVisual,Intermediate visual,1.0,M4_pred_res_gt_M0_visual,+Pred+Res > Visual,M4_visual_pred_resclip,M0_visual,greater,0.020934615284204483,0.02099606251873643
sub-112,IntermediateVisual,Intermediate visual,1.0,M2_predclip_gt_M1_rawcal,+PredCLIP > +RawCal,M2_visual_predclip,M1_visual_rawcal,greater,-0.01559843122959137,-0.015644609797385856
sub-112,IntermediateVisual,Intermediate visual,1.0,M2_predclip_gt_M3_resclip,+PredCLIP > +ResCLIP,M2_visual_predclip,M3_visual_resclip,greater,-0.0263763889670372,-0.026471755572471424
sub-112,IntermediateVisual,Intermediate visual,1.0,M4_pred_res_gt_M2_predclip,+Pred+Res > +PredCLIP,M4_visual_pred_resclip,M2_visual_predclip,greater,0.017881453037261963,0.017936753650822278
sub-112,IntermediateVisual,Intermediate visual,1.0,M4_pred_res_gt_M1_rawcal,+Pred+Res > +RawCal,M4_visual_pred_resclip,M1_visual_rawcal,greater,0.0022830218076705933,0.002292143853436422
sub-112,HighLevelVTC,HighLevelVTC,2.0,M1_rawcal_gt_M0_visual,+RawCal > Visual,M1_visual_rawcal,M0_visual,greater,0.022112956270575523,0.02213273281737977
sub-112,HighLevelVTC,HighLevelVTC,2.0,M2_predclip_gt_M0_visual,+PredCLIP > Visual,M2_visual_predclip,M0_visual,greater,0.017627710476517677,0.017645614621356047
sub-112,HighLevelVTC,HighLevelVTC,2.0,M3_resclip_gt_M0_visual,+ResCLIP > Visual,M3_visual_resclip,M0_visual,greater,0.03625191329047084,0.036273659771384054
sub-112,HighLevelVTC,HighLevelVTC,2.0,M4_pred_res_gt_M0_visual,+Pred+Res > Visual,M4_visual_pred_resclip,M0_visual,greater,0.04119332227855921,0.04121509044382576
sub-112,HighLevelVTC,HighLevelVTC,2.0,M2_predclip_gt_M1_rawcal,+PredCLIP > +RawCal,M2_visual_predclip,M1_visual_rawcal,greater,-0.004485245794057846,-0.004487118196023723
sub-112,HighLevelVTC,HighLevelVTC,2.0,M2_predclip_gt_M3_resclip,+PredCLIP > +ResCLIP,M2_visual_predclip,M3_visual_resclip,greater,-0.01862420281395316,-0.018628045150028003
sub-112,HighLevelVTC,HighLevelVTC,2.0,M4_pred_res_gt_M2_predclip,+Pred+Res > +PredCLIP,M4_visual_pred_resclip,M2_visual_predclip,greater,0.02356561180204153,0.02356947582246971
sub-112,HighLevelVTC,HighLevelVTC,2.0,M4_pred_res_gt_M1_rawcal,+Pred+Res > +RawCal,M4_visual_pred_resclip,M1_visual_rawcal,greater,0.019080366007983685,0.019082357626445987
sub-115,EarlyVisual,Early visual,0.0,M1_rawcal_gt_M0_visual,+RawCal > Visual,M1_visual_rawcal,M0_visual,greater,0.0048263221979141235,0.0048328140814268075
sub-115,EarlyVisual,Early visual,0.0,M2_predclip_gt_M0_visual,+PredCLIP > Visual,M2_visual_predclip,M0_visual,greater,0.002673536539077759,0.002676920847087108
sub-115,EarlyVisual,Early visual,0.0,M3_resclip_gt_M0_visual,+ResCLIP > Visual,M3_visual_resclip,M0_visual,greater,0.003516852855682373,0.0035214125474077596
sub-115,EarlyVisual,Early visual,0.0,M4_pred_res_gt_M0_visual,+Pred+Res > Visual,M4_visual_pred_resclip,M0_visual,greater,0.0009904131293296814,0.0009916076339560875
sub-115,EarlyVisual,Early visual,0.0,M2_predclip_gt_M1_rawcal,+PredCLIP > +RawCal,M2_visual_predclip,M1_visual_rawcal,greater,-0.0021527856588363647,-0.0021558932343396994
sub-115,EarlyVisual,Early visual,0.0,M2_predclip_gt_M3_resclip,+PredCLIP > +ResCLIP,M2_visual_predclip,M3_visual_resclip,greater,-0.0008433163166046143,-0.0008444917003206515
sub-115,EarlyVisual,Early visual,0.0,M4_pred_res_gt_M2_predclip,+Pred+Res > +PredCLIP,M4_visual_pred_resclip,M2_visual_predclip,greater,-0.0016831234097480774,-0.0016853132131310206
sub-115,EarlyVisual,Early visual,0.0,M4_pred_res_gt_M1_rawcal,+Pred+Res > +RawCal,M4_visual_pred_resclip,M1_visual_rawcal,greater,-0.003835909068584442,-0.00384120644747072
sub-115,IntermediateVisual,Intermediate visual,1.0,M1_rawcal_gt_M0_visual,+RawCal > Visual,M1_visual_rawcal,M0_visual,greater,0.0015675798058509827,0.0015705187962329753
sub-115,IntermediateVisual,Intermediate visual,1.0,M2_predclip_gt_M0_visual,+PredCLIP > Visual,M2_visual_predclip,M0_visual,greater,0.0022860541939735413,0.002290412368708507
sub-115,IntermediateVisual,Intermediate visual,1.0,M3_resclip_gt_M0_visual,+ResCLIP > Visual,M3_visual_resclip,M0_visual,greater,-0.02577301301062107,-0.025797027641047514
sub-115,IntermediateVisual,Intermediate visual,1.0,M4_pred_res_gt_M0_visual,+Pred+Res > Visual,M4_visual_pred_resclip,M0_visual,greater,-0.02764719631522894,-0.027671677282803342
sub-115,IntermediateVisual,Intermediate visual,1.0,M2_predclip_gt_M1_rawcal,+PredCLIP > +RawCal,M2_visual_predclip,M1_visual_rawcal,greater,0.0007184743881225586,0.0007198935724755315
sub-115,IntermediateVisual,Intermediate visual,1.0,M2_predclip_gt_M3_resclip,+PredCLIP > +ResCLIP,M2_visual_predclip,M3_visual_resclip,greater,0.028059067204594612,0.02808744000975602
sub-115,IntermediateVisual,Intermediate visual,1.0,M4_pred_res_gt_M2_predclip,+Pred+Res > +PredCLIP,M4_visual_pred_resclip,M2_visual_predclip,greater,-0.02993325050920248,-0.02996208965151185
sub-115,IntermediateVisual,Intermediate visual,1.0,M4_pred_res_gt_M1_rawcal,+Pred+Res > +RawCal,M4_visual_pred_resclip,M1_visual_rawcal,greater,-0.02921477612107992,-0.029242196079036317
sub-115,HighLevelVTC,HighLevelVTC,2.0,M1_rawcal_gt_M0_visual,+RawCal > Visual,M1_visual_rawcal,M0_visual,greater,-0.0008306307718157768,-0.0008308195830176203
sub-115,HighLevelVTC,HighLevelVTC,2.0,M2_predclip_gt_M0_visual,+PredCLIP > Visual,M2_visual_predclip,M0_visual,greater,-0.00332591962069273,-0.003326558548009506
sub-115,HighLevelVTC,HighLevelVTC,2.0,M3_resclip_gt_M0_visual,+ResCLIP > Visual,M3_visual_resclip,M0_visual,greater,-0.01076863007619977,-0.01076983374022366
sub-115,HighLevelVTC,HighLevelVTC,2.0,M4_pred_res_gt_M0_visual,+Pred+Res > Visual,M4_visual_pred_resclip,M0_visual,greater,-0.014041074551641941,-0.01404231225413222
sub-115,HighLevelVTC,HighLevelVTC,2.0,M2_predclip_gt_M1_rawcal,+PredCLIP > +RawCal,M2_visual_predclip,M1_visual_rawcal,greater,-0.002495288848876953,-0.002495738964991886
sub-115,HighLevelVTC,HighLevelVTC,2.0,M2_predclip_gt_M3_resclip,+PredCLIP > +ResCLIP,M2_visual_predclip,M3_visual_resclip,greater,0.00744271045550704,0.007443275192214153
sub-115,HighLevelVTC,HighLevelVTC,2.0,M4_pred_res_gt_M2_predclip,+Pred+Res > +PredCLIP,M4_visual_pred_resclip,M2_visual_predclip,greater,-0.010715154930949211,-0.010715753706122714
sub-115,HighLevelVTC,HighLevelVTC,2.0,M4_pred_res_gt_M1_rawcal,+Pred+Res > +RawCal,M4_visual_pred_resclip,M1_visual_rawcal,greater,-0.013210443779826164,-0.0132114926711146
sub-117,EarlyVisual,Early visual,0.0,M1_rawcal_gt_M0_visual,+RawCal > Visual,M1_visual_rawcal,M0_visual,greater,0.012836679816246033,0.012883988426645787
sub-117,EarlyVisual,Early visual,0.0,M2_predclip_gt_M0_visual,+PredCLIP > Visual,M2_visual_predclip,M0_visual,greater,0.006755787879228592,0.006778178082446747
sub-117,EarlyVisual,Early visual,0.0,M3_resclip_gt_M0_visual,+ResCLIP > Visual,M3_visual_resclip,M0_visual,greater,0.007787320762872696,0.007813606228977164
sub-117,EarlyVisual,Early visual,0.0,M4_pred_res_gt_M0_visual,+Pred+Res > Visual,M4_visual_pred_resclip,M0_visual,greater,0.008415579795837402,0.008444302535505016
sub-117,EarlyVisual,Early visual,0.0,M2_predclip_gt_M1_rawcal,+PredCLIP > +RawCal,M2_visual_predclip,M1_visual_rawcal,greater,-0.006080891937017441,-0.0061058103441990405
sub-117,EarlyVisual,Early visual,0.0,M2_predclip_gt_M3_resclip,+PredCLIP > +ResCLIP,M2_visual_predclip,M3_visual_resclip,greater,-0.001031532883644104,-0.0010354281465304177
sub-117,EarlyVisual,Early visual,0.0,M4_pred_res_gt_M2_predclip,+Pred+Res > +PredCLIP,M4_visual_pred_resclip,M2_visual_predclip,greater,0.0016597919166088104,0.0016661244530582695
sub-117,EarlyVisual,Early visual,0.0,M4_pred_res_gt_M1_rawcal,+Pred+Res > +RawCal,M4_visual_pred_resclip,M1_visual_rawcal,greater,-0.00442110002040863,-0.004439685891140771
sub-117,IntermediateVisual,Intermediate visual,1.0,M1_rawcal_gt_M0_visual,+RawCal > Visual,M1_visual_rawcal,M0_visual,greater,0.011073313653469086,0.011264504470086284
sub-117,IntermediateVisual,Intermediate visual,1.0,M2_predclip_gt_M0_visual,+PredCLIP > Visual,M2_visual_predclip,M0_visual,greater,0.004590131342411041,0.0046653837729898895
sub-117,IntermediateVisual,Intermediate visual,1.0,M3_resclip_gt_M0_visual,+ResCLIP > Visual,M3_visual_resclip,M0_visual,greater,-0.0073446109890937805,-0.007453830378164536
sub-117,IntermediateVisual,Intermediate visual,1.0,M4_pred_res_gt_M0_visual,+Pred+Res > Visual,M4_visual_pred_resclip,M0_visual,greater,-1.0505318641662598e-05,-1.0671247050370036e-05
sub-117,IntermediateVisual,Intermediate visual,1.0,M2_predclip_gt_M1_rawcal,+PredCLIP > +RawCal,M2_visual_predclip,M1_visual_rawcal,greater,-0.006483182311058044,-0.0065991206970963945
sub-117,IntermediateVisual,Intermediate visual,1.0,M2_predclip_gt_M3_resclip,+PredCLIP > +ResCLIP,M2_visual_predclip,M3_visual_resclip,greater,0.011934742331504822,0.012119214151154425
sub-117,IntermediateVisual,Intermediate visual,1.0,M4_pred_res_gt_M2_predclip,+Pred+Res > +PredCLIP,M4_visual_pred_resclip,M2_visual_predclip,greater,-0.004600636661052704,-0.0046760550200402595
sub-117,IntermediateVisual,Intermediate visual,1.0,M4_pred_res_gt_M1_rawcal,+Pred+Res > +RawCal,M4_visual_pred_resclip,M1_visual_rawcal,greater,-0.011083818972110748,-0.011275175717136654
sub-117,HighLevelVTC,HighLevelVTC,2.0,M1_rawcal_gt_M0_visual,+RawCal > Visual,M1_visual_rawcal,M0_visual,greater,0.0117301344871521,0.011753910894636163
sub-117,HighLevelVTC,HighLevelVTC,2.0,M2_predclip_gt_M0_visual,+PredCLIP > Visual,M2_visual_predclip,M0_visual,greater,0.012152280658483505,0.012177154632165559
sub-117,HighLevelVTC,HighLevelVTC,2.0,M3_resclip_gt_M0_visual,+ResCLIP > Visual,M3_visual_resclip,M0_visual,greater,0.0034258998930454254,0.0034315863505417973
sub-117,HighLevelVTC,HighLevelVTC,2.0,M4_pred_res_gt_M0_visual,+Pred+Res > Visual,M4_visual_pred_resclip,M0_visual,greater,0.01259634643793106,0.012622394743396957
sub-117,HighLevelVTC,HighLevelVTC,2.0,M2_predclip_gt_M1_rawcal,+PredCLIP > +RawCal,M2_visual_predclip,M1_visual_rawcal,greater,0.00042214617133140564,0.0004232437375293954
sub-117,HighLevelVTC,HighLevelVTC,2.0,M2_predclip_gt_M3_resclip,+PredCLIP > +ResCLIP,M2_visual_predclip,M3_visual_resclip,greater,0.00872638076543808,0.008745568281623761
sub-117,HighLevelVTC,HighLevelVTC,2.0,M4_pred_res_gt_M2_predclip,+Pred+Res > +PredCLIP,M4_visual_pred_resclip,M2_visual_predclip,greater,0.00044406577944755554,0.0004452401112313986
sub-117,HighLevelVTC,HighLevelVTC,2.0,M4_pred_res_gt_M1_rawcal,+Pred+Res > +RawCal,M4_visual_pred_resclip,M1_visual_rawcal,greater,0.0008662119507789612,0.000868483848760794
sub-118,EarlyVisual,Early visual,0.0,M1_rawcal_gt_M0_visual,+RawCal > Visual,M1_visual_rawcal,M0_visual,greater,0.011281322687864304,0.01133145206312175
sub-118,EarlyVisual,Early visual,0.0,M2_predclip_gt_M0_visual,+PredCLIP > Visual,M2_visual_predclip,M0_visual,greater,0.006115619093179703,0.006140671775529308
sub-118,EarlyVisual,Early visual,0.0,M3_resclip_gt_M0_visual,+ResCLIP > Visual,M3_visual_resclip,M0_visual,greater,0.003233145922422409,0.0032457900522910726
sub-118,EarlyVisual,Early visual,0.0,M4_pred_res_gt_M0_visual,+Pred+Res > Visual,M4_visual_pred_resclip,M0_visual,greater,0.002670746296644211,0.002681095991624069
sub-118,EarlyVisual,Early visual,0.0,M2_predclip_gt_M1_rawcal,+PredCLIP > +RawCal,M2_visual_predclip,M1_visual_rawcal,greater,-0.005165703594684601,-0.005190780287592442
sub-118,EarlyVisual,Early visual,0.0,M2_predclip_gt_M3_resclip,+PredCLIP > +ResCLIP,M2_visual_predclip,M3_visual_resclip,greater,0.0028824731707572937,0.002894881723238235
sub-118,EarlyVisual,Early visual,0.0,M4_pred_res_gt_M2_predclip,+Pred+Res > +PredCLIP,M4_visual_pred_resclip,M2_visual_predclip,greater,-0.003444872796535492,-0.003459575783905239
sub-118,EarlyVisual,Early visual,0.0,M4_pred_res_gt_M1_rawcal,+Pred+Res > +RawCal,M4_visual_pred_resclip,M1_visual_rawcal,greater,-0.008610576391220093,-0.00865035607149768
sub-118,IntermediateVisual,Intermediate visual,1.0,M1_rawcal_gt_M0_visual,+RawCal > Visual,M1_visual_rawcal,M0_visual,greater,0.014717034995555878,0.014776125544574012
sub-118,IntermediateVisual,Intermediate visual,1.0,M2_predclip_gt_M0_visual,+PredCLIP > Visual,M2_visual_predclip,M0_visual,greater,0.011067032814025879,0.011108847844090969
sub-118,IntermediateVisual,Intermediate visual,1.0,M3_resclip_gt_M0_visual,+ResCLIP > Visual,M3_visual_resclip,M0_visual,greater,-0.011554624885320663,-0.011583664540543478
sub-118,IntermediateVisual,Intermediate visual,1.0,M4_pred_res_gt_M0_visual,+Pred+Res > Visual,M4_visual_pred_resclip,M0_visual,greater,-0.009491119533777237,-0.009515931831525805
sub-118,IntermediateVisual,Intermediate visual,1.0,M2_predclip_gt_M1_rawcal,+PredCLIP > +RawCal,M2_visual_predclip,M1_visual_rawcal,greater,-0.0036500021815299988,-0.003667277700483043
sub-118,IntermediateVisual,Intermediate visual,1.0,M2_predclip_gt_M3_resclip,+PredCLIP > +ResCLIP,M2_visual_predclip,M3_visual_resclip,greater,0.022621657699346542,0.022692512384634447
sub-118,IntermediateVisual,Intermediate visual,1.0,M4_pred_res_gt_M2_predclip,+Pred+Res > +PredCLIP,M4_visual_pred_resclip,M2_visual_predclip,greater,-0.020558152347803116,-0.020624779675616774
sub-118,IntermediateVisual,Intermediate visual,1.0,M4_pred_res_gt_M1_rawcal,+Pred+Res > +RawCal,M4_visual_pred_resclip,M1_visual_rawcal,greater,-0.024208154529333115,-0.024292057376099817
sub-118,HighLevelVTC,HighLevelVTC,2.0,M1_rawcal_gt_M0_visual,+RawCal > Visual,M1_visual_rawcal,M0_visual,greater,0.0242588734254241,0.024260793821948144
sub-118,HighLevelVTC,HighLevelVTC,2.0,M2_predclip_gt_M0_visual,+PredCLIP > Visual,M2_visual_predclip,M0_visual,greater,0.02352240588515997,0.023524297255994815
sub-118,HighLevelVTC,HighLevelVTC,2.0,M3_resclip_gt_M0_visual,+ResCLIP > Visual,M3_visual_resclip,M0_visual,greater,0.008278334513306618,0.00827988577144056
sub-118,HighLevelVTC,HighLevelVTC,2.0,M4_pred_res_gt_M0_visual,+Pred+Res > Visual,M4_visual_pred_resclip,M0_visual,greater,0.021594655700027943,0.021596499389209056
sub-118,HighLevelVTC,HighLevelVTC,2.0,M2_predclip_gt_M1_rawcal,+PredCLIP > +RawCal,M2_visual_predclip,M1_visual_rawcal,greater,-0.0007364675402641296,-0.0007364965659533299
sub-118,HighLevelVTC,HighLevelVTC,2.0,M2_predclip_gt_M3_resclip,+PredCLIP > +ResCLIP,M2_visual_predclip,M3_visual_resclip,greater,0.015244071371853352,0.015244411484554254
sub-118,HighLevelVTC,HighLevelVTC,2.0,M4_pred_res_gt_M2_predclip,+Pred+Res > +PredCLIP,M4_visual_pred_resclip,M2_visual_predclip,greater,-0.0019277501851320267,-0.0019277978667857588
sub-118,HighLevelVTC,HighLevelVTC,2.0,M4_pred_res_gt_M1_rawcal,+Pred+Res > +RawCal,M4_visual_pred_resclip,M1_visual_rawcal,greater,-0.0026642177253961563,-0.0026642944327390887
sub-122,EarlyVisual,Early visual,0.0,M1_rawcal_gt_M0_visual,+RawCal > Visual,M1_visual_rawcal,M0_visual,greater,0.013468404300510883,0.013471994094330014
sub-122,EarlyVisual,Early visual,0.0,M2_predclip_gt_M0_visual,+PredCLIP > Visual,M2_visual_predclip,M0_visual,greater,0.013329465873539448,0.013332985180147264
sub-122,EarlyVisual,Early visual,0.0,M3_resclip_gt_M0_visual,+ResCLIP > Visual,M3_visual_resclip,M0_visual,greater,-0.0032511050812900066,-0.003251290522949251
sub-122,EarlyVisual,Early visual,0.0,M4_pred_res_gt_M0_visual,+Pred+Res > Visual,M4_visual_pred_resclip,M0_visual,greater,0.004738170653581619,0.004738804958800573
sub-122,EarlyVisual,Early visual,0.0,M2_predclip_gt_M1_rawcal,+PredCLIP > +RawCal,M2_visual_predclip,M1_visual_rawcal,greater,-0.00013893842697143555,-0.00013900891418274983
sub-122,EarlyVisual,Early visual,0.0,M2_predclip_gt_M3_resclip,+PredCLIP > +ResCLIP,M2_visual_predclip,M3_visual_resclip,greater,0.016580570954829454,0.016584275703096514
sub-122,EarlyVisual,Early visual,0.0,M4_pred_res_gt_M2_predclip,+Pred+Res > +PredCLIP,M4_visual_pred_resclip,M2_visual_predclip,greater,-0.008591295219957829,-0.00859418022134669
sub-122,EarlyVisual,Early visual,0.0,M4_pred_res_gt_M1_rawcal,+Pred+Res > +RawCal,M4_visual_pred_resclip,M1_visual_rawcal,greater,-0.008730233646929264,-0.00873318913552944
sub-122,IntermediateVisual,Intermediate visual,1.0,M1_rawcal_gt_M0_visual,+RawCal > Visual,M1_visual_rawcal,M0_visual,greater,0.025965457782149315,0.026010469867193693
sub-122,IntermediateVisual,Intermediate visual,1.0,M2_predclip_gt_M0_visual,+PredCLIP > Visual,M2_visual_predclip,M0_visual,greater,0.017679745331406593,0.017704147367351937
sub-122,IntermediateVisual,Intermediate visual,1.0,M3_resclip_gt_M0_visual,+ResCLIP > Visual,M3_visual_resclip,M0_visual,greater,0.010237591341137886,0.010248876319658061
sub-122,IntermediateVisual,Intermediate visual,1.0,M4_pred_res_gt_M0_visual,+Pred+Res > Visual,M4_visual_pred_resclip,M0_visual,greater,0.018078016117215157,0.018103255723617914
sub-122,IntermediateVisual,Intermediate visual,1.0,M2_predclip_gt_M1_rawcal,+PredCLIP > +RawCal,M2_visual_predclip,M1_visual_rawcal,greater,-0.008285712450742722,-0.008306322499841756
sub-122,IntermediateVisual,Intermediate visual,1.0,M2_predclip_gt_M3_resclip,+PredCLIP > +ResCLIP,M2_visual_predclip,M3_visual_resclip,greater,0.007442153990268707,0.007455271047693876
sub-122,IntermediateVisual,Intermediate visual,1.0,M4_pred_res_gt_M2_predclip,+Pred+Res > +PredCLIP,M4_visual_pred_resclip,M2_visual_predclip,greater,0.00039827078580856323,0.00039910835626597724
sub-122,IntermediateVisual,Intermediate visual,1.0,M4_pred_res_gt_M1_rawcal,+Pred+Res > +RawCal,M4_visual_pred_resclip,M1_visual_rawcal,greater,-0.007887441664934158,-0.007907214143575779
sub-122,HighLevelVTC,HighLevelVTC,2.0,M1_rawcal_gt_M0_visual,+RawCal > Visual,M1_visual_rawcal,M0_visual,greater,0.010119795333594084,0.010119973457404403
sub-122,HighLevelVTC,HighLevelVTC,2.0,M2_predclip_gt_M0_visual,+PredCLIP > Visual,M2_visual_predclip,M0_visual,greater,0.007676976936636493,0.0076771521733459604
sub-122,HighLevelVTC,HighLevelVTC,2.0,M3_resclip_gt_M0_visual,+ResCLIP > Visual,M3_visual_resclip,M0_visual,greater,0.010327774798497558,0.010327953886951353
sub-122,HighLevelVTC,HighLevelVTC,2.0,M4_pred_res_gt_M0_visual,+Pred+Res > Visual,M4_visual_pred_resclip,M0_visual,greater,0.012908491306006908,0.012908704298510343
sub-122,HighLevelVTC,HighLevelVTC,2.0,M2_predclip_gt_M1_rawcal,+PredCLIP > +RawCal,M2_visual_predclip,M1_visual_rawcal,greater,-0.002442818396957591,-0.0024428212840584425
sub-122,HighLevelVTC,HighLevelVTC,2.0,M2_predclip_gt_M3_resclip,+PredCLIP > +ResCLIP,M2_visual_predclip,M3_visual_resclip,greater,-0.002650797861861065,-0.002650801713605392
sub-122,HighLevelVTC,HighLevelVTC,2.0,M4_pred_res_gt_M2_predclip,+Pred+Res > +PredCLIP,M4_visual_pred_resclip,M2_visual_predclip,greater,0.005231514369370416,0.005231552125164383
sub-122,HighLevelVTC,HighLevelVTC,2.0,M4_pred_res_gt_M1_rawcal,+Pred+Res > +RawCal,M4_visual_pred_resclip,M1_visual_rawcal,greater,0.0027886959724128246,0.0027887308411059402
sub-124,EarlyVisual,Early visual,0.0,M1_rawcal_gt_M0_visual,+RawCal > Visual,M1_visual_rawcal,M0_visual,greater,0.0028864629566669464,0.0028929990392238467
sub-124,EarlyVisual,Early visual,0.0,M2_predclip_gt_M0_visual,+PredCLIP > Visual,M2_visual_predclip,M0_visual,greater,0.003934744745492935,0.0039438549361747385
sub-124,EarlyVisual,Early visual,0.0,M3_resclip_gt_M0_visual,+ResCLIP > Visual,M3_visual_resclip,M0_visual,greater,-0.00025570765137672424,-0.0002562487767785726
sub-124,EarlyVisual,Early visual,0.0,M4_pred_res_gt_M0_visual,+Pred+Res > Visual,M4_visual_pred_resclip,M0_visual,greater,-0.0013721436262130737,-0.001374977288391678
sub-124,EarlyVisual,Early visual,0.0,M2_predclip_gt_M1_rawcal,+PredCLIP > +RawCal,M2_visual_predclip,M1_visual_rawcal,greater,0.0010482817888259888,0.0010508558969508919
sub-124,EarlyVisual,Early visual,0.0,M2_predclip_gt_M3_resclip,+PredCLIP > +ResCLIP,M2_visual_predclip,M3_visual_resclip,greater,0.004190452396869659,0.004200103712953311
sub-124,EarlyVisual,Early visual,0.0,M4_pred_res_gt_M2_predclip,+Pred+Res > +PredCLIP,M4_visual_pred_resclip,M2_visual_predclip,greater,-0.005306888371706009,-0.005318832224566417
sub-124,EarlyVisual,Early visual,0.0,M4_pred_res_gt_M1_rawcal,+Pred+Res > +RawCal,M4_visual_pred_resclip,M1_visual_rawcal,greater,-0.00425860658288002,-0.004267976327615525
sub-124,IntermediateVisual,Intermediate visual,1.0,M1_rawcal_gt_M0_visual,+RawCal > Visual,M1_visual_rawcal,M0_visual,greater,0.015255577862262726,0.015342847445986144
sub-124,IntermediateVisual,Intermediate visual,1.0,M2_predclip_gt_M0_visual,+PredCLIP > Visual,M2_visual_predclip,M0_visual,greater,0.006517551839351654,0.006550520402487353
sub-124,IntermediateVisual,Intermediate visual,1.0,M3_resclip_gt_M0_visual,+ResCLIP > Visual,M3_visual_resclip,M0_visual,greater,0.032356224954128265,0.03258820123559464
sub-124,IntermediateVisual,Intermediate visual,1.0,M4_pred_res_gt_M0_visual,+Pred+Res > Visual,M4_visual_pred_resclip,M0_visual,greater,0.032263703644275665,0.03249474594936605
sub-124,IntermediateVisual,Intermediate visual,1.0,M2_predclip_gt_M1_rawcal,+PredCLIP > +RawCal,M2_visual_predclip,M1_visual_rawcal,greater,-0.008738026022911072,-0.00879232704349879
sub-124,IntermediateVisual,Intermediate visual,1.0,M2_predclip_gt_M3_resclip,+PredCLIP > +ResCLIP,M2_visual_predclip,M3_visual_resclip,greater,-0.02583867311477661,-0.026037680833107285
sub-124,IntermediateVisual,Intermediate visual,1.0,M4_pred_res_gt_M2_predclip,+Pred+Res > +PredCLIP,M4_visual_pred_resclip,M2_visual_predclip,greater,0.02574615180492401,0.025944225546878696
sub-124,IntermediateVisual,Intermediate visual,1.0,M4_pred_res_gt_M1_rawcal,+Pred+Res > +RawCal,M4_visual_pred_resclip,M1_visual_rawcal,greater,0.01700812578201294,0.017151898503379906
sub-124,HighLevelVTC,HighLevelVTC,2.0,M1_rawcal_gt_M0_visual,+RawCal > Visual,M1_visual_rawcal,M0_visual,greater,0.02315481216646731,0.023161241229961063
sub-124,HighLevelVTC,HighLevelVTC,2.0,M2_predclip_gt_M0_visual,+PredCLIP > Visual,M2_visual_predclip,M0_visual,greater,0.020699775079265237,0.020704591717528573
sub-124,HighLevelVTC,HighLevelVTC,2.0,M3_resclip_gt_M0_visual,+ResCLIP > Visual,M3_visual_resclip,M0_visual,greater,0.01566635281778872,0.01566875121292244
sub-124,HighLevelVTC,HighLevelVTC,2.0,M4_pred_res_gt_M0_visual,+Pred+Res > Visual,M4_visual_pred_resclip,M0_visual,greater,0.024395911255851388,0.024403276874039474
sub-124,HighLevelVTC,HighLevelVTC,2.0,M2_predclip_gt_M1_rawcal,+PredCLIP > +RawCal,M2_visual_predclip,M1_visual_rawcal,greater,-0.002455037087202072,-0.0024566495124324905
sub-124,HighLevelVTC,HighLevelVTC,2.0,M2_predclip_gt_M3_resclip,+PredCLIP > +ResCLIP,M2_visual_predclip,M3_visual_resclip,greater,0.005033422261476517,0.005035840504606131
sub-124,HighLevelVTC,HighLevelVTC,2.0,M4_pred_res_gt_M2_predclip,+Pred+Res > +PredCLIP,M4_visual_pred_resclip,M2_visual_predclip,greater,0.003696136176586151,0.0036986851565109016
sub-124,HighLevelVTC,HighLevelVTC,2.0,M4_pred_res_gt_M1_rawcal,+Pred+Res > +RawCal,M4_visual_pred_resclip,M1_visual_rawcal,greater,0.001241099089384079,0.001242035644078411
sub-125,EarlyVisual,Early visual,0.0,M1_rawcal_gt_M0_visual,+RawCal > Visual,M1_visual_rawcal,M0_visual,greater,-0.004670631140470505,-0.0046880375042686676
sub-125,EarlyVisual,Early visual,0.0,M2_predclip_gt_M0_visual,+PredCLIP > Visual,M2_visual_predclip,M0_visual,greater,-0.0045602284371852875,-0.004577253873276926
sub-125,EarlyVisual,Early visual,0.0,M3_resclip_gt_M0_visual,+ResCLIP > Visual,M3_visual_resclip,M0_visual,greater,0.004361934959888458,0.004380699020886961
sub-125,EarlyVisual,Early visual,0.0,M4_pred_res_gt_M0_visual,+Pred+Res > Visual,M4_visual_pred_resclip,M0_visual,greater,-0.00020229071378707886,-0.00020310073788024074
sub-125,EarlyVisual,Early visual,0.0,M2_predclip_gt_M1_rawcal,+PredCLIP > +RawCal,M2_visual_predclip,M1_visual_rawcal,greater,0.00011040270328521729,0.00011078363099174121
sub-125,EarlyVisual,Early visual,0.0,M2_predclip_gt_M3_resclip,+PredCLIP > +ResCLIP,M2_visual_predclip,M3_visual_resclip,greater,-0.008922163397073746,-0.008957952894163887
sub-125,EarlyVisual,Early visual,0.0,M4_pred_res_gt_M2_predclip,+Pred+Res > +PredCLIP,M4_visual_pred_resclip,M2_visual_predclip,greater,0.004357937723398209,0.004374153135396686
sub-125,EarlyVisual,Early visual,0.0,M4_pred_res_gt_M1_rawcal,+Pred+Res > +RawCal,M4_visual_pred_resclip,M1_visual_rawcal,greater,0.004468340426683426,0.004484936766388427
sub-125,IntermediateVisual,Intermediate visual,1.0,M1_rawcal_gt_M0_visual,+RawCal > Visual,M1_visual_rawcal,M0_visual,greater,0.023785695433616638,0.024098156548829214
sub-125,IntermediateVisual,Intermediate visual,1.0,M2_predclip_gt_M0_visual,+PredCLIP > Visual,M2_visual_predclip,M0_visual,greater,0.01674570143222809,0.016951721992034943
sub-125,IntermediateVisual,Intermediate visual,1.0,M3_resclip_gt_M0_visual,+ResCLIP > Visual,M3_visual_resclip,M0_visual,greater,-0.001285254955291748,-0.0012985318037980476
sub-125,IntermediateVisual,Intermediate visual,1.0,M4_pred_res_gt_M0_visual,+Pred+Res > Visual,M4_visual_pred_resclip,M0_visual,greater,0.005406677722930908,0.00546634154102181
sub-125,IntermediateVisual,Intermediate visual,1.0,M2_predclip_gt_M1_rawcal,+PredCLIP > +RawCal,M2_visual_predclip,M1_visual_rawcal,greater,-0.00703999400138855,-0.0071464345567942705
sub-125,IntermediateVisual,Intermediate visual,1.0,M2_predclip_gt_M3_resclip,+PredCLIP > +ResCLIP,M2_visual_predclip,M3_visual_resclip,greater,0.018030956387519836,0.01825025379583299
sub-125,IntermediateVisual,Intermediate visual,1.0,M4_pred_res_gt_M2_predclip,+Pred+Res > +PredCLIP,M4_visual_pred_resclip,M2_visual_predclip,greater,-0.01133902370929718,-0.011485380451013133
sub-125,IntermediateVisual,Intermediate visual,1.0,M4_pred_res_gt_M1_rawcal,+Pred+Res > +RawCal,M4_visual_pred_resclip,M1_visual_rawcal,greater,-0.01837901771068573,-0.018631815007807404
sub-125,HighLevelVTC,HighLevelVTC,2.0,M1_rawcal_gt_M0_visual,+RawCal > Visual,M1_visual_rawcal,M0_visual,greater,0.01939061190932989,0.019398469305725155
sub-125,HighLevelVTC,HighLevelVTC,2.0,M2_predclip_gt_M0_visual,+PredCLIP > Visual,M2_visual_predclip,M0_visual,greater,0.01594304759055376,0.015948329806529105
sub-125,HighLevelVTC,HighLevelVTC,2.0,M3_resclip_gt_M0_visual,+ResCLIP > Visual,M3_visual_resclip,M0_visual,greater,0.017372612841427326,0.0173788842839766
sub-125,HighLevelVTC,HighLevelVTC,2.0,M4_pred_res_gt_M0_visual,+Pred+Res > Visual,M4_visual_pred_resclip,M0_visual,greater,0.021543708629906178,0.021553519676353942
sub-125,HighLevelVTC,HighLevelVTC,2.0,M2_predclip_gt_M1_rawcal,+PredCLIP > +RawCal,M2_visual_predclip,M1_visual_rawcal,greater,-0.0034475643187761307,-0.0034501394991960505
sub-125,HighLevelVTC,HighLevelVTC,2.0,M2_predclip_gt_M3_resclip,+PredCLIP > +ResCLIP,M2_visual_predclip,M3_visual_resclip,greater,-0.0014295652508735657,-0.0014305544774474953
sub-125,HighLevelVTC,HighLevelVTC,2.0,M4_pred_res_gt_M2_predclip,+Pred+Res > +PredCLIP,M4_visual_pred_resclip,M2_visual_predclip,greater,0.005600661039352417,0.005605189869824837
sub-125,HighLevelVTC,HighLevelVTC,2.0,M4_pred_res_gt_M1_rawcal,+Pred+Res > +RawCal,M4_visual_pred_resclip,M1_visual_rawcal,greater,0.0021530967205762863,0.0021550503706287867
sub-126,EarlyVisual,Early visual,0.0,M1_rawcal_gt_M0_visual,+RawCal > Visual,M1_visual_rawcal,M0_visual,greater,0.000982675701379776,0.000983193818318264
sub-126,EarlyVisual,Early visual,0.0,M2_predclip_gt_M0_visual,+PredCLIP > Visual,M2_visual_predclip,M0_visual,greater,-0.0006451942026615143,-0.0006455106472122024
sub-126,EarlyVisual,Early visual,0.0,M3_resclip_gt_M0_visual,+ResCLIP > Visual,M3_visual_resclip,M0_visual,greater,0.008486440405249596,0.00849254850620831
sub-126,EarlyVisual,Early visual,0.0,M4_pred_res_gt_M0_visual,+Pred+Res > Visual,M4_visual_pred_resclip,M0_visual,greater,0.00584331713616848,0.005847101519058099
sub-126,EarlyVisual,Early visual,0.0,M2_predclip_gt_M1_rawcal,+PredCLIP > +RawCal,M2_visual_predclip,M1_visual_rawcal,greater,-0.0016278699040412903,-0.0016287044655304665
sub-126,EarlyVisual,Early visual,0.0,M2_predclip_gt_M3_resclip,+PredCLIP > +ResCLIP,M2_visual_predclip,M3_visual_resclip,greater,-0.00913163460791111,-0.009138059153420513
sub-126,EarlyVisual,Early visual,0.0,M4_pred_res_gt_M2_predclip,+Pred+Res > +PredCLIP,M4_visual_pred_resclip,M2_visual_predclip,greater,0.006488511338829994,0.006492612166270301
sub-126,EarlyVisual,Early visual,0.0,M4_pred_res_gt_M1_rawcal,+Pred+Res > +RawCal,M4_visual_pred_resclip,M1_visual_rawcal,greater,0.004860641434788704,0.004863907700739835
sub-126,IntermediateVisual,Intermediate visual,1.0,M1_rawcal_gt_M0_visual,+RawCal > Visual,M1_visual_rawcal,M0_visual,greater,0.0040115490555763245,0.004014905694968613
sub-126,IntermediateVisual,Intermediate visual,1.0,M2_predclip_gt_M0_visual,+PredCLIP > Visual,M2_visual_predclip,M0_visual,greater,0.0022524166852235794,0.0022541863866463382
sub-126,IntermediateVisual,Intermediate visual,1.0,M3_resclip_gt_M0_visual,+ResCLIP > Visual,M3_visual_resclip,M0_visual,greater,0.0020758025348186493,0.002077423070007245
sub-126,IntermediateVisual,Intermediate visual,1.0,M4_pred_res_gt_M0_visual,+Pred+Res > Visual,M4_visual_pred_resclip,M0_visual,greater,0.0007121637463569641,0.0007126926638682148
sub-126,IntermediateVisual,Intermediate visual,1.0,M2_predclip_gt_M1_rawcal,+PredCLIP > +RawCal,M2_visual_predclip,M1_visual_rawcal,greater,-0.001759132370352745,-0.0017607193083222748
sub-126,IntermediateVisual,Intermediate visual,1.0,M2_predclip_gt_M3_resclip,+PredCLIP > +ResCLIP,M2_visual_predclip,M3_visual_resclip,greater,0.00017661415040493011,0.00017676331663909334
sub-126,IntermediateVisual,Intermediate visual,1.0,M4_pred_res_gt_M2_predclip,+Pred+Res > +PredCLIP,M4_visual_pred_resclip,M2_visual_predclip,greater,-0.0015402529388666153,-0.0015414937227781235
sub-126,IntermediateVisual,Intermediate visual,1.0,M4_pred_res_gt_M1_rawcal,+Pred+Res > +RawCal,M4_visual_pred_resclip,M1_visual_rawcal,greater,-0.0032993853092193604,-0.0033022130311003983
sub-126,HighLevelVTC,HighLevelVTC,2.0,M1_rawcal_gt_M0_visual,+RawCal > Visual,M1_visual_rawcal,M0_visual,greater,0.012312396662309766,0.012312645965982609
sub-126,HighLevelVTC,HighLevelVTC,2.0,M2_predclip_gt_M0_visual,+PredCLIP > Visual,M2_visual_predclip,M0_visual,greater,0.013152477331459522,0.013152738923177778
sub-126,HighLevelVTC,HighLevelVTC,2.0,M3_resclip_gt_M0_visual,+ResCLIP > Visual,M3_visual_resclip,M0_visual,greater,0.009639114490710199,0.00963935085627768
sub-126,HighLevelVTC,HighLevelVTC,2.0,M4_pred_res_gt_M0_visual,+Pred+Res > Visual,M4_visual_pred_resclip,M0_visual,greater,0.0171946557238698,0.017195081126954885
sub-126,HighLevelVTC,HighLevelVTC,2.0,M2_predclip_gt_M1_rawcal,+PredCLIP > +RawCal,M2_visual_predclip,M1_visual_rawcal,greater,0.0008400806691497564,0.0008400929571951692
sub-126,HighLevelVTC,HighLevelVTC,2.0,M2_predclip_gt_M3_resclip,+PredCLIP > +ResCLIP,M2_visual_predclip,M3_visual_resclip,greater,0.0035133628407493234,0.0035133880669000984
sub-126,HighLevelVTC,HighLevelVTC,2.0,M4_pred_res_gt_M2_predclip,+Pred+Res > +PredCLIP,M4_visual_pred_resclip,M2_visual_predclip,greater,0.004042178392410278,0.004042342203777105
sub-126,HighLevelVTC,HighLevelVTC,2.0,M4_pred_res_gt_M1_rawcal,+Pred+Res > +RawCal,M4_visual_pred_resclip,M1_visual_rawcal,greater,0.004882259061560035,0.004882435160972275
sub-129,EarlyVisual,Early visual,0.0,M1_rawcal_gt_M0_visual,+RawCal > Visual,M1_visual_rawcal,M0_visual,greater,0.0025725997984409332,0.0025793107466435886
sub-129,EarlyVisual,Early visual,0.0,M2_predclip_gt_M0_visual,+PredCLIP > Visual,M2_visual_predclip,M0_visual,greater,0.0029117539525032043,0.002919400800392581
sub-129,EarlyVisual,Early visual,0.0,M3_resclip_gt_M0_visual,+ResCLIP > Visual,M3_visual_resclip,M0_visual,greater,-0.006209045648574829,-0.006222585449774318
sub-129,EarlyVisual,Early visual,0.0,M4_pred_res_gt_M0_visual,+Pred+Res > Visual,M4_visual_pred_resclip,M0_visual,greater,-0.003040675073862076,-0.0030477569728176584
sub-129,EarlyVisual,Early visual,0.0,M2_predclip_gt_M1_rawcal,+PredCLIP > +RawCal,M2_visual_predclip,M1_visual_rawcal,greater,0.0003391541540622711,0.0003400900537489926
sub-129,EarlyVisual,Early visual,0.0,M2_predclip_gt_M3_resclip,+PredCLIP > +ResCLIP,M2_visual_predclip,M3_visual_resclip,greater,0.009120799601078033,0.009141986250166899
sub-129,EarlyVisual,Early visual,0.0,M4_pred_res_gt_M2_predclip,+Pred+Res > +PredCLIP,M4_visual_pred_resclip,M2_visual_predclip,greater,-0.00595242902636528,-0.00596715777321024
sub-129,EarlyVisual,Early visual,0.0,M4_pred_res_gt_M1_rawcal,+Pred+Res > +RawCal,M4_visual_pred_resclip,M1_visual_rawcal,greater,-0.005613274872303009,-0.005627067719461247
sub-129,IntermediateVisual,Intermediate visual,1.0,M1_rawcal_gt_M0_visual,+RawCal > Visual,M1_visual_rawcal,M0_visual,greater,-0.004416435956954956,-0.00443552370213271
sub-129,IntermediateVisual,Intermediate visual,1.0,M2_predclip_gt_M0_visual,+PredCLIP > Visual,M2_visual_predclip,M0_visual,greater,-0.004184424877166748,-0.004202573445530267
sub-129,IntermediateVisual,Intermediate visual,1.0,M3_resclip_gt_M0_visual,+ResCLIP > Visual,M3_visual_resclip,M0_visual,greater,-0.04405459389090538,-0.044154288386348696
sub-129,IntermediateVisual,Intermediate visual,1.0,M4_pred_res_gt_M0_visual,+Pred+Res > Visual,M4_visual_pred_resclip,M0_visual,greater,-0.04470044933259487,-0.044800498241263656
sub-129,IntermediateVisual,Intermediate visual,1.0,M2_predclip_gt_M1_rawcal,+PredCLIP > +RawCal,M2_visual_predclip,M1_visual_rawcal,greater,0.000232011079788208,0.00023295025660244328
sub-129,IntermediateVisual,Intermediate visual,1.0,M2_predclip_gt_M3_resclip,+PredCLIP > +ResCLIP,M2_visual_predclip,M3_visual_resclip,greater,0.03987016901373863,0.03995171494081843
sub-129,IntermediateVisual,Intermediate visual,1.0,M4_pred_res_gt_M2_predclip,+Pred+Res > +PredCLIP,M4_visual_pred_resclip,M2_visual_predclip,greater,-0.040516024455428123,-0.04059792479573339
sub-129,IntermediateVisual,Intermediate visual,1.0,M4_pred_res_gt_M1_rawcal,+Pred+Res > +RawCal,M4_visual_pred_resclip,M1_visual_rawcal,greater,-0.040284013375639915,-0.040364974539130946
sub-129,HighLevelVTC,HighLevelVTC,2.0,M1_rawcal_gt_M0_visual,+RawCal > Visual,M1_visual_rawcal,M0_visual,greater,0.016385165508836508,0.016388416502276622
sub-129,HighLevelVTC,HighLevelVTC,2.0,M2_predclip_gt_M0_visual,+PredCLIP > Visual,M2_visual_predclip,M0_visual,greater,0.016798948403447866,0.01680239371781533
sub-129,HighLevelVTC,HighLevelVTC,2.0,M3_resclip_gt_M0_visual,+ResCLIP > Visual,M3_visual_resclip,M0_visual,greater,-0.01310819061473012,-0.013108407059413633
sub-129,HighLevelVTC,HighLevelVTC,2.0,M4_pred_res_gt_M0_visual,+Pred+Res > Visual,M4_visual_pred_resclip,M0_visual,greater,-0.0011835235636681318,-0.0011835474719445417
sub-129,HighLevelVTC,HighLevelVTC,2.0,M2_predclip_gt_M1_rawcal,+PredCLIP > +RawCal,M2_visual_predclip,M1_visual_rawcal,greater,0.00041378289461135864,0.0004139772155387078
sub-129,HighLevelVTC,HighLevelVTC,2.0,M2_predclip_gt_M3_resclip,+PredCLIP > +ResCLIP,M2_visual_predclip,M3_visual_resclip,greater,0.029907139018177986,0.029910800777228963
sub-129,HighLevelVTC,HighLevelVTC,2.0,M4_pred_res_gt_M2_predclip,+Pred+Res > +PredCLIP,M4_visual_pred_resclip,M2_visual_predclip,greater,-0.017982471967116,-0.017985941189759873
sub-129,HighLevelVTC,HighLevelVTC,2.0,M4_pred_res_gt_M1_rawcal,+Pred+Res > +RawCal,M4_visual_pred_resclip,M1_visual_rawcal,greater,-0.01756868907250464,-0.017571963974221165
sub-132,EarlyVisual,Early visual,0.0,M1_rawcal_gt_M0_visual,+RawCal > Visual,M1_visual_rawcal,M0_visual,greater,0.0004250183701515198,0.00042873719794477017
sub-132,EarlyVisual,Early visual,0.0,M2_predclip_gt_M0_visual,+PredCLIP > Visual,M2_visual_predclip,M0_visual,greater,-0.00026482343673706055,-0.0002671233074328788
sub-132,EarlyVisual,Early visual,0.0,M3_resclip_gt_M0_visual,+ResCLIP > Visual,M3_visual_resclip,M0_visual,greater,-0.008150674402713776,-0.008215571716347417
sub-132,EarlyVisual,Early visual,0.0,M4_pred_res_gt_M0_visual,+Pred+Res > Visual,M4_visual_pred_resclip,M0_visual,greater,-0.008893504738807678,-0.008963731390563542
sub-132,EarlyVisual,Early visual,0.0,M2_predclip_gt_M1_rawcal,+PredCLIP > +RawCal,M2_visual_predclip,M1_visual_rawcal,greater,-0.0006898418068885803,-0.000695860505377649
sub-132,EarlyVisual,Early visual,0.0,M2_predclip_gt_M3_resclip,+PredCLIP > +ResCLIP,M2_visual_predclip,M3_visual_resclip,greater,0.007885850965976715,0.007948448408914538
sub-132,EarlyVisual,Early visual,0.0,M4_pred_res_gt_M2_predclip,+Pred+Res > +PredCLIP,M4_visual_pred_resclip,M2_visual_predclip,greater,-0.008628681302070618,-0.008696608083130664
sub-132,EarlyVisual,Early visual,0.0,M4_pred_res_gt_M1_rawcal,+Pred+Res > +RawCal,M4_visual_pred_resclip,M1_visual_rawcal,greater,-0.009318523108959198,-0.009392468588508313
sub-132,IntermediateVisual,Intermediate visual,1.0,M1_rawcal_gt_M0_visual,+RawCal > Visual,M1_visual_rawcal,M0_visual,greater,-0.007079914212226868,-0.007176960949194622
sub-132,IntermediateVisual,Intermediate visual,1.0,M2_predclip_gt_M0_visual,+PredCLIP > Visual,M2_visual_predclip,M0_visual,greater,-0.009590856730937958,-0.009719497129055926
sub-132,IntermediateVisual,Intermediate visual,1.0,M3_resclip_gt_M0_visual,+ResCLIP > Visual,M3_visual_resclip,M0_visual,greater,-0.0019614920020103455,-0.001989584050266807
sub-132,IntermediateVisual,Intermediate visual,1.0,M4_pred_res_gt_M0_visual,+Pred+Res > Visual,M4_visual_pred_resclip,M0_visual,greater,-0.004393629729747772,-0.004455261139514166
sub-132,IntermediateVisual,Intermediate visual,1.0,M2_predclip_gt_M1_rawcal,+PredCLIP > +RawCal,M2_visual_predclip,M1_visual_rawcal,greater,-0.00251094251871109,-0.0025425361798613044
sub-132,IntermediateVisual,Intermediate visual,1.0,M2_predclip_gt_M3_resclip,+PredCLIP > +ResCLIP,M2_visual_predclip,M3_visual_resclip,greater,-0.007629364728927612,-0.007729913078789119
sub-132,IntermediateVisual,Intermediate visual,1.0,M4_pred_res_gt_M2_predclip,+Pred+Res > +PredCLIP,M4_visual_pred_resclip,M2_visual_predclip,greater,0.0051972270011901855,0.00526423598954176
sub-132,IntermediateVisual,Intermediate visual,1.0,M4_pred_res_gt_M1_rawcal,+Pred+Res > +RawCal,M4_visual_pred_resclip,M1_visual_rawcal,greater,0.0026862844824790955,0.0027216998096804557
sub-132,HighLevelVTC,HighLevelVTC,2.0,M1_rawcal_gt_M0_visual,+RawCal > Visual,M1_visual_rawcal,M0_visual,greater,0.010138208046555519,0.010148244083442316
sub-132,HighLevelVTC,HighLevelVTC,2.0,M2_predclip_gt_M0_visual,+PredCLIP > Visual,M2_visual_predclip,M0_visual,greater,0.009744996204972267,0.009754516766717389
sub-132,HighLevelVTC,HighLevelVTC,2.0,M3_resclip_gt_M0_visual,+ResCLIP > Visual,M3_visual_resclip,M0_visual,greater,-0.0017024073749780655,-0.0017035059684162059
sub-132,HighLevelVTC,HighLevelVTC,2.0,M4_pred_res_gt_M0_visual,+Pred+Res > Visual,M4_visual_pred_resclip,M0_visual,greater,0.0035157296806573868,0.003518491658022361
sub-132,HighLevelVTC,HighLevelVTC,2.0,M2_predclip_gt_M1_rawcal,+PredCLIP > +RawCal,M2_visual_predclip,M1_visual_rawcal,greater,-0.00039321184158325195,-0.0003937273167249275
sub-132,HighLevelVTC,HighLevelVTC,2.0,M2_predclip_gt_M3_resclip,+PredCLIP > +ResCLIP,M2_visual_predclip,M3_visual_resclip,greater,0.011447403579950333,0.011458022735133595
sub-132,HighLevelVTC,HighLevelVTC,2.0,M4_pred_res_gt_M2_predclip,+Pred+Res > +PredCLIP,M4_visual_pred_resclip,M2_visual_predclip,greater,-0.00622926652431488,-0.006236025108695028
sub-132,HighLevelVTC,HighLevelVTC,2.0,M4_pred_res_gt_M1_rawcal,+Pred+Res > +RawCal,M4_visual_pred_resclip,M1_visual_rawcal,greater,-0.006622478365898132,-0.006629752425419955
sub-134,EarlyVisual,Early visual,0.0,M1_rawcal_gt_M0_visual,+RawCal > Visual,M1_visual_rawcal,M0_visual,greater,-0.006419315934181213,-0.006456927486442082
sub-134,EarlyVisual,Early visual,0.0,M2_predclip_gt_M0_visual,+PredCLIP > Visual,M2_visual_predclip,M0_visual,greater,-0.002999641001224518,-0.003018008862599744
sub-134,EarlyVisual,Early visual,0.0,M3_resclip_gt_M0_visual,+ResCLIP > Visual,M3_visual_resclip,M0_visual,greater,-0.01611568033695221,-0.01619873532065677
sub-134,EarlyVisual,Early visual,0.0,M4_pred_res_gt_M0_visual,+Pred+Res > Visual,M4_visual_pred_resclip,M0_visual,greater,-0.018032558262348175,-0.01812311512094293
sub-134,EarlyVisual,Early visual,0.0,M2_predclip_gt_M1_rawcal,+PredCLIP > +RawCal,M2_visual_predclip,M1_visual_rawcal,greater,0.0034196749329566956,0.003438918623842338
sub-134,EarlyVisual,Early visual,0.0,M2_predclip_gt_M3_resclip,+PredCLIP > +ResCLIP,M2_visual_predclip,M3_visual_resclip,greater,0.013116039335727692,0.013180726458057027
sub-134,EarlyVisual,Early visual,0.0,M4_pred_res_gt_M2_predclip,+Pred+Res > +PredCLIP,M4_visual_pred_resclip,M2_visual_predclip,greater,-0.015032917261123657,-0.015105106258343187
sub-134,EarlyVisual,Early visual,0.0,M4_pred_res_gt_M1_rawcal,+Pred+Res > +RawCal,M4_visual_pred_resclip,M1_visual_rawcal,greater,-0.011613242328166962,-0.01166618763450085
sub-134,IntermediateVisual,Intermediate visual,1.0,M1_rawcal_gt_M0_visual,+RawCal > Visual,M1_visual_rawcal,M0_visual,greater,0.005203939974308014,0.005241578221546972
sub-134,IntermediateVisual,Intermediate visual,1.0,M2_predclip_gt_M0_visual,+PredCLIP > Visual,M2_visual_predclip,M0_visual,greater,0.0032753944396972656,0.003298539762940228
sub-134,IntermediateVisual,Intermediate visual,1.0,M3_resclip_gt_M0_visual,+ResCLIP > Visual,M3_visual_resclip,M0_visual,greater,-0.019245542585849762,-0.01934785129635508
sub-134,IntermediateVisual,Intermediate visual,1.0,M4_pred_res_gt_M0_visual,+Pred+Res > Visual,M4_visual_pred_resclip,M0_visual,greater,-0.01989886909723282,-0.020003744110984406
sub-134,IntermediateVisual,Intermediate visual,1.0,M2_predclip_gt_M1_rawcal,+PredCLIP > +RawCal,M2_visual_predclip,M1_visual_rawcal,greater,-0.0019285455346107483,-0.001943038458606744
sub-134,IntermediateVisual,Intermediate visual,1.0,M2_predclip_gt_M3_resclip,+PredCLIP > +ResCLIP,M2_visual_predclip,M3_visual_resclip,greater,0.022520937025547028,0.022646391059295307
sub-134,IntermediateVisual,Intermediate visual,1.0,M4_pred_res_gt_M2_predclip,+Pred+Res > +PredCLIP,M4_visual_pred_resclip,M2_visual_predclip,greater,-0.023174263536930084,-0.023302283873924634
sub-134,IntermediateVisual,Intermediate visual,1.0,M4_pred_res_gt_M1_rawcal,+Pred+Res > +RawCal,M4_visual_pred_resclip,M1_visual_rawcal,greater,-0.025102809071540833,-0.025245322332531378
sub-134,HighLevelVTC,HighLevelVTC,2.0,M1_rawcal_gt_M0_visual,+RawCal > Visual,M1_visual_rawcal,M0_visual,greater,0.030819531762972474,0.030826903241116727
sub-134,HighLevelVTC,HighLevelVTC,2.0,M2_predclip_gt_M0_visual,+PredCLIP > Visual,M2_visual_predclip,M0_visual,greater,0.028283041203394532,0.028288589927091493
sub-134,HighLevelVTC,HighLevelVTC,2.0,M3_resclip_gt_M0_visual,+ResCLIP > Visual,M3_visual_resclip,M0_visual,greater,0.011871909955516458,0.011872168853148821
sub-134,HighLevelVTC,HighLevelVTC,2.0,M4_pred_res_gt_M0_visual,+Pred+Res > Visual,M4_visual_pred_resclip,M0_visual,greater,0.028401516610756516,0.02840714289771289
sub-134,HighLevelVTC,HighLevelVTC,2.0,M2_predclip_gt_M1_rawcal,+PredCLIP > +RawCal,M2_visual_predclip,M1_visual_rawcal,greater,-0.002536490559577942,-0.0025383133140252333
sub-134,HighLevelVTC,HighLevelVTC,2.0,M2_predclip_gt_M3_resclip,+PredCLIP > +ResCLIP,M2_visual_predclip,M3_visual_resclip,greater,0.016411131247878075,0.016416421073942672
sub-134,HighLevelVTC,HighLevelVTC,2.0,M4_pred_res_gt_M2_predclip,+Pred+Res > +PredCLIP,M4_visual_pred_resclip,M2_visual_predclip,greater,0.00011847540736198425,0.00011855297062139669
sub-134,HighLevelVTC,HighLevelVTC,2.0,M4_pred_res_gt_M1_rawcal,+Pred+Res > +RawCal,M4_visual_pred_resclip,M1_visual_rawcal,greater,-0.0024180151522159576,-0.0024197603434038366
sub-137,EarlyVisual,Early visual,0.0,M1_rawcal_gt_M0_visual,+RawCal > Visual,M1_visual_rawcal,M0_visual,greater,0.007530713453888893,0.0075389412761943005
sub-137,EarlyVisual,Early visual,0.0,M2_predclip_gt_M0_visual,+PredCLIP > Visual,M2_visual_predclip,M0_visual,greater,0.005380215123295784,0.00538570487379
sub-137,EarlyVisual,Early visual,0.0,M3_resclip_gt_M0_visual,+ResCLIP > Visual,M3_visual_resclip,M0_visual,greater,0.01254054345190525,0.012556505537853913
sub-137,EarlyVisual,Early visual,0.0,M4_pred_res_gt_M0_visual,+Pred+Res > Visual,M4_visual_pred_resclip,M0_visual,greater,0.010161751881241798,0.010173794966429877
sub-137,EarlyVisual,Early visual,0.0,M2_predclip_gt_M1_rawcal,+PredCLIP > +RawCal,M2_visual_predclip,M1_visual_rawcal,greater,-0.002150498330593109,-0.0021532364024043
sub-137,EarlyVisual,Early visual,0.0,M2_predclip_gt_M3_resclip,+PredCLIP > +ResCLIP,M2_visual_predclip,M3_visual_resclip,greater,-0.0071603283286094666,-0.007170800664063913
sub-137,EarlyVisual,Early visual,0.0,M4_pred_res_gt_M2_predclip,+Pred+Res > +PredCLIP,M4_visual_pred_resclip,M2_visual_predclip,greater,0.004781536757946014,0.004788090092639877
sub-137,EarlyVisual,Early visual,0.0,M4_pred_res_gt_M1_rawcal,+Pred+Res > +RawCal,M4_visual_pred_resclip,M1_visual_rawcal,greater,0.0026310384273529053,0.0026348536902355765
sub-137,IntermediateVisual,Intermediate visual,1.0,M1_rawcal_gt_M0_visual,+RawCal > Visual,M1_visual_rawcal,M0_visual,greater,0.002463392913341522,0.002489356951981117
sub-137,IntermediateVisual,Intermediate visual,1.0,M2_predclip_gt_M0_visual,+PredCLIP > Visual,M2_visual_predclip,M0_visual,greater,0.0039069801568984985,0.003948753087532467
sub-137,IntermediateVisual,Intermediate visual,1.0,M3_resclip_gt_M0_visual,+ResCLIP > Visual,M3_visual_resclip,M0_visual,greater,-0.022293567657470703,-0.022475556285427356
sub-137,IntermediateVisual,Intermediate visual,1.0,M4_pred_res_gt_M0_visual,+Pred+Res > Visual,M4_visual_pred_resclip,M0_visual,greater,-0.018939614295959473,-0.01909984547795937
sub-137,IntermediateVisual,Intermediate visual,1.0,M2_predclip_gt_M1_rawcal,+PredCLIP > +RawCal,M2_visual_predclip,M1_visual_rawcal,greater,0.0014435872435569763,0.0014593961355513496
sub-137,IntermediateVisual,Intermediate visual,1.0,M2_predclip_gt_M3_resclip,+PredCLIP > +ResCLIP,M2_visual_predclip,M3_visual_resclip,greater,0.0262005478143692,0.026424309372959823
sub-137,IntermediateVisual,Intermediate visual,1.0,M4_pred_res_gt_M2_predclip,+Pred+Res > +PredCLIP,M4_visual_pred_resclip,M2_visual_predclip,greater,-0.02284659445285797,-0.023048598565491837
sub-137,IntermediateVisual,Intermediate visual,1.0,M4_pred_res_gt_M1_rawcal,+Pred+Res > +RawCal,M4_visual_pred_resclip,M1_visual_rawcal,greater,-0.021403007209300995,-0.021589202429940488
sub-137,HighLevelVTC,HighLevelVTC,2.0,M1_rawcal_gt_M0_visual,+RawCal > Visual,M1_visual_rawcal,M0_visual,greater,0.01079565443797037,0.010796055001373213
sub-137,HighLevelVTC,HighLevelVTC,2.0,M2_predclip_gt_M0_visual,+PredCLIP > Visual,M2_visual_predclip,M0_visual,greater,0.012910180434118956,0.012910870718303413
sub-137,HighLevelVTC,HighLevelVTC,2.0,M3_resclip_gt_M0_visual,+ResCLIP > Visual,M3_visual_resclip,M0_visual,greater,0.0006398368859663606,0.0006398369232829646
sub-137,HighLevelVTC,HighLevelVTC,2.0,M4_pred_res_gt_M0_visual,+Pred+Res > Visual,M4_visual_pred_resclip,M0_visual,greater,0.010947419970761985,0.010947837935485183
sub-137,HighLevelVTC,HighLevelVTC,2.0,M2_predclip_gt_M1_rawcal,+PredCLIP > +RawCal,M2_visual_predclip,M1_visual_rawcal,greater,0.0021145259961485863,0.0021148157169302
sub-137,HighLevelVTC,HighLevelVTC,2.0,M2_predclip_gt_M3_resclip,+PredCLIP > +ResCLIP,M2_visual_predclip,M3_visual_resclip,greater,0.012270343548152596,0.012271033795020448
sub-137,HighLevelVTC,HighLevelVTC,2.0,M4_pred_res_gt_M2_predclip,+Pred+Res > +PredCLIP,M4_visual_pred_resclip,M2_visual_predclip,greater,-0.0019627604633569717,-0.0019630327828182303
sub-137,HighLevelVTC,HighLevelVTC,2.0,M4_pred_res_gt_M1_rawcal,+Pred+Res > +RawCal,M4_visual_pred_resclip,M1_visual_rawcal,greater,0.00015176553279161453,0.00015178293411196968
sub-139,EarlyVisual,Early visual,0.0,M1_rawcal_gt_M0_visual,+RawCal > Visual,M1_visual_rawcal,M0_visual,greater,0.011979613125731703,0.011980183551887463
sub-139,EarlyVisual,Early visual,0.0,M2_predclip_gt_M0_visual,+PredCLIP > Visual,M2_visual_predclip,M0_visual,greater,0.005391820472141262,0.005391872178581576
sub-139,EarlyVisual,Early visual,0.0,M3_resclip_gt_M0_visual,+ResCLIP > Visual,M3_visual_resclip,M0_visual,greater,0.028427717879822012,0.028435364222108392
sub-139,EarlyVisual,Early visual,0.0,M4_pred_res_gt_M0_visual,+Pred+Res > Visual,M4_visual_pred_resclip,M0_visual,greater,0.0253663003895781,0.02537173104481538
sub-139,EarlyVisual,Early visual,0.0,M2_predclip_gt_M1_rawcal,+PredCLIP > +RawCal,M2_visual_predclip,M1_visual_rawcal,greater,-0.006587792653590441,-0.006588311373305887
sub-139,EarlyVisual,Early visual,0.0,M2_predclip_gt_M3_resclip,+PredCLIP > +ResCLIP,M2_visual_predclip,M3_visual_resclip,greater,-0.02303589740768075,-0.023043492043526816
sub-139,EarlyVisual,Early visual,0.0,M4_pred_res_gt_M2_predclip,+Pred+Res > +PredCLIP,M4_visual_pred_resclip,M2_visual_predclip,greater,0.019974479917436838,0.019979858866233803
sub-139,EarlyVisual,Early visual,0.0,M4_pred_res_gt_M1_rawcal,+Pred+Res > +RawCal,M4_visual_pred_resclip,M1_visual_rawcal,greater,0.013386687263846397,0.013391547492927916
sub-139,IntermediateVisual,Intermediate visual,1.0,M1_rawcal_gt_M0_visual,+RawCal > Visual,M1_visual_rawcal,M0_visual,greater,-0.003818686120212078,-0.0038193791323746697
sub-139,IntermediateVisual,Intermediate visual,1.0,M2_predclip_gt_M0_visual,+PredCLIP > Visual,M2_visual_predclip,M0_visual,greater,-0.0140735674649477,-0.01407864592647083
sub-139,IntermediateVisual,Intermediate visual,1.0,M3_resclip_gt_M0_visual,+ResCLIP > Visual,M3_visual_resclip,M0_visual,greater,0.025568442419171333,0.02556987665375868
sub-139,IntermediateVisual,Intermediate visual,1.0,M4_pred_res_gt_M0_visual,+Pred+Res > Visual,M4_visual_pred_resclip,M0_visual,greater,0.007685562828555703,0.007686053170193002
sub-139,IntermediateVisual,Intermediate visual,1.0,M2_predclip_gt_M1_rawcal,+PredCLIP > +RawCal,M2_visual_predclip,M1_visual_rawcal,greater,-0.010254881344735622,-0.01025926679409616
sub-139,IntermediateVisual,Intermediate visual,1.0,M2_predclip_gt_M3_resclip,+PredCLIP > +ResCLIP,M2_visual_predclip,M3_visual_resclip,greater,-0.039642009884119034,-0.03964852258022951
sub-139,IntermediateVisual,Intermediate visual,1.0,M4_pred_res_gt_M2_predclip,+Pred+Res > +PredCLIP,M4_visual_pred_resclip,M2_visual_predclip,greater,0.021759130293503404,0.02176469909666383
sub-139,IntermediateVisual,Intermediate visual,1.0,M4_pred_res_gt_M1_rawcal,+Pred+Res > +RawCal,M4_visual_pred_resclip,M1_visual_rawcal,greater,0.011504248948767781,0.011505432302567672
sub-139,HighLevelVTC,HighLevelVTC,2.0,M1_rawcal_gt_M0_visual,+RawCal > Visual,M1_visual_rawcal,M0_visual,greater,0.011791355966124684,0.01179196449644016
sub-139,HighLevelVTC,HighLevelVTC,2.0,M2_predclip_gt_M0_visual,+PredCLIP > Visual,M2_visual_predclip,M0_visual,greater,0.008104735519737005,0.00810532081814766
sub-139,HighLevelVTC,HighLevelVTC,2.0,M3_resclip_gt_M0_visual,+ResCLIP > Visual,M3_visual_resclip,M0_visual,greater,0.01186540920753032,0.011866017749329362
sub-139,HighLevelVTC,HighLevelVTC,2.0,M4_pred_res_gt_M0_visual,+Pred+Res > Visual,M4_visual_pred_resclip,M0_visual,greater,0.013472076272591949,0.013472685481250732
sub-139,HighLevelVTC,HighLevelVTC,2.0,M2_predclip_gt_M1_rawcal,+PredCLIP > +RawCal,M2_visual_predclip,M1_visual_rawcal,greater,-0.0036866204463876784,-0.0036866436782925006
sub-139,HighLevelVTC,HighLevelVTC,2.0,M2_predclip_gt_M3_resclip,+PredCLIP > +ResCLIP,M2_visual_predclip,M3_visual_resclip,greater,-0.0037606736877933145,-0.003760696931181704
sub-139,HighLevelVTC,HighLevelVTC,2.0,M4_pred_res_gt_M2_predclip,+Pred+Res > +PredCLIP,M4_visual_pred_resclip,M2_visual_predclip,greater,0.005367340752854943,0.005367364663103072
sub-139,HighLevelVTC,HighLevelVTC,2.0,M4_pred_res_gt_M1_rawcal,+Pred+Res > +RawCal,M4_visual_pred_resclip,M1_visual_rawcal,greater,0.0016807203064672649,0.0016807209848105718
sub-140,EarlyVisual,Early visual,0.0,M1_rawcal_gt_M0_visual,+RawCal > Visual,M1_visual_rawcal,M0_visual,greater,0.0007759630680084229,0.0007779998673221877
sub-140,EarlyVisual,Early visual,0.0,M2_predclip_gt_M0_visual,+PredCLIP > Visual,M2_visual_predclip,M0_visual,greater,0.0025544054806232452,0.002561347448366502
sub-140,EarlyVisual,Early visual,0.0,M3_resclip_gt_M0_visual,+ResCLIP > Visual,M3_visual_resclip,M0_visual,greater,0.00012088194489479065,0.00012119517800793927
sub-140,EarlyVisual,Early visual,0.0,M4_pred_res_gt_M0_visual,+Pred+Res > Visual,M4_visual_pred_resclip,M0_visual,greater,0.0017671212553977966,0.001771850618430014
sub-140,EarlyVisual,Early visual,0.0,M2_predclip_gt_M1_rawcal,+PredCLIP > +RawCal,M2_visual_predclip,M1_visual_rawcal,greater,0.0017784424126148224,0.0017833475810443145
sub-140,EarlyVisual,Early visual,0.0,M2_predclip_gt_M3_resclip,+PredCLIP > +ResCLIP,M2_visual_predclip,M3_visual_resclip,greater,0.0024335235357284546,0.002440152270358563
sub-140,EarlyVisual,Early visual,0.0,M4_pred_res_gt_M2_predclip,+Pred+Res > +PredCLIP,M4_visual_pred_resclip,M2_visual_predclip,greater,-0.0007872842252254486,-0.0007894968299364882
sub-140,EarlyVisual,Early visual,0.0,M4_pred_res_gt_M1_rawcal,+Pred+Res > +RawCal,M4_visual_pred_resclip,M1_visual_rawcal,greater,0.0009911581873893738,0.0009938507511078262
sub-140,IntermediateVisual,Intermediate visual,1.0,M1_rawcal_gt_M0_visual,+RawCal > Visual,M1_visual_rawcal,M0_visual,greater,0.007408611476421356,0.007520756772192022
sub-140,IntermediateVisual,Intermediate visual,1.0,M2_predclip_gt_M0_visual,+PredCLIP > Visual,M2_visual_predclip,M0_visual,greater,0.007421933114528656,0.0075342926359273366
sub-140,IntermediateVisual,Intermediate visual,1.0,M3_resclip_gt_M0_visual,+ResCLIP > Visual,M3_visual_resclip,M0_visual,greater,-0.022721581161022186,-0.022985916693286743
sub-140,IntermediateVisual,Intermediate visual,1.0,M4_pred_res_gt_M0_visual,+Pred+Res > Visual,M4_visual_pred_resclip,M0_visual,greater,-0.017845436930656433,-0.018062375529479716
sub-140,IntermediateVisual,Intermediate visual,1.0,M2_predclip_gt_M1_rawcal,+PredCLIP > +RawCal,M2_visual_predclip,M1_visual_rawcal,greater,1.3321638107299805e-05,1.3535863735314457e-05
sub-140,IntermediateVisual,Intermediate visual,1.0,M2_predclip_gt_M3_resclip,+PredCLIP > +ResCLIP,M2_visual_predclip,M3_visual_resclip,greater,0.030143514275550842,0.03052020932921408
sub-140,IntermediateVisual,Intermediate visual,1.0,M4_pred_res_gt_M2_predclip,+Pred+Res > +PredCLIP,M4_visual_pred_resclip,M2_visual_predclip,greater,-0.02526737004518509,-0.025596668165407052
sub-140,IntermediateVisual,Intermediate visual,1.0,M4_pred_res_gt_M1_rawcal,+Pred+Res > +RawCal,M4_visual_pred_resclip,M1_visual_rawcal,greater,-0.02525404840707779,-0.025583132301671738
sub-140,HighLevelVTC,HighLevelVTC,2.0,M1_rawcal_gt_M0_visual,+RawCal > Visual,M1_visual_rawcal,M0_visual,greater,0.0076944585889577866,0.007697883131295564
sub-140,HighLevelVTC,HighLevelVTC,2.0,M2_predclip_gt_M0_visual,+PredCLIP > Visual,M2_visual_predclip,M0_visual,greater,0.011553118005394936,0.01155931064431773
sub-140,HighLevelVTC,HighLevelVTC,2.0,M3_resclip_gt_M0_visual,+ResCLIP > Visual,M3_visual_resclip,M0_visual,greater,-0.002921714447438717,-0.0029224337915874643
sub-140,HighLevelVTC,HighLevelVTC,2.0,M4_pred_res_gt_M0_visual,+Pred+Res > Visual,M4_visual_pred_resclip,M0_visual,greater,0.007413502782583237,0.007416756071865087
sub-140,HighLevelVTC,HighLevelVTC,2.0,M2_predclip_gt_M1_rawcal,+PredCLIP > +RawCal,M2_visual_predclip,M1_visual_rawcal,greater,0.003858659416437149,0.003861427513022167
sub-140,HighLevelVTC,HighLevelVTC,2.0,M2_predclip_gt_M3_resclip,+PredCLIP > +ResCLIP,M2_visual_predclip,M3_visual_resclip,greater,0.014474832452833652,0.014481744435905195
sub-140,HighLevelVTC,HighLevelVTC,2.0,M4_pred_res_gt_M2_predclip,+Pred+Res > +PredCLIP,M4_visual_pred_resclip,M2_visual_predclip,greater,-0.004139615222811699,-0.004142554572452644
sub-140,HighLevelVTC,HighLevelVTC,2.0,M4_pred_res_gt_M1_rawcal,+Pred+Res > +RawCal,M4_visual_pred_resclip,M1_visual_rawcal,greater,-0.00028095580637454987,-0.00028112705943047697
sub-141,EarlyVisual,Early visual,0.0,M1_rawcal_gt_M0_visual,+RawCal > Visual,M1_visual_rawcal,M0_visual,greater,-0.00285995751619339,-0.0028859218365119843
sub-141,EarlyVisual,Early visual,0.0,M2_predclip_gt_M0_visual,+PredCLIP > Visual,M2_visual_predclip,M0_visual,greater,-0.007244199514389038,-0.007306963966465407
sub-141,EarlyVisual,Early visual,0.0,M3_resclip_gt_M0_visual,+ResCLIP > Visual,M3_visual_resclip,M0_visual,greater,-0.007711492478847504,-0.00777797106682418
sub-141,EarlyVisual,Early visual,0.0,M4_pred_res_gt_M0_visual,+Pred+Res > Visual,M4_visual_pred_resclip,M0_visual,greater,-0.01659875363111496,-0.016728633882254942
sub-141,EarlyVisual,Early visual,0.0,M2_predclip_gt_M1_rawcal,+PredCLIP > +RawCal,M2_visual_predclip,M1_visual_rawcal,greater,-0.004384241998195648,-0.004421042129953423
sub-141,EarlyVisual,Early visual,0.0,M2_predclip_gt_M3_resclip,+PredCLIP > +ResCLIP,M2_visual_predclip,M3_visual_resclip,greater,0.0004672929644584656,0.00047100710035877236
sub-141,EarlyVisual,Early visual,0.0,M4_pred_res_gt_M2_predclip,+Pred+Res > +PredCLIP,M4_visual_pred_resclip,M2_visual_predclip,greater,-0.009354554116725922,-0.009421669915789535
sub-141,EarlyVisual,Early visual,0.0,M4_pred_res_gt_M1_rawcal,+Pred+Res > +RawCal,M4_visual_pred_resclip,M1_visual_rawcal,greater,-0.01373879611492157,-0.013842712045742958
sub-141,IntermediateVisual,Intermediate visual,1.0,M1_rawcal_gt_M0_visual,+RawCal > Visual,M1_visual_rawcal,M0_visual,greater,0.001768939197063446,0.0017766050179581355
sub-141,IntermediateVisual,Intermediate visual,1.0,M2_predclip_gt_M0_visual,+PredCLIP > Visual,M2_visual_predclip,M0_visual,greater,-0.0023548752069473267,-0.0023644475571050205
sub-141,IntermediateVisual,Intermediate visual,1.0,M3_resclip_gt_M0_visual,+ResCLIP > Visual,M3_visual_resclip,M0_visual,greater,-0.034876760095357895,-0.03495875660242764
sub-141,IntermediateVisual,Intermediate visual,1.0,M4_pred_res_gt_M0_visual,+Pred+Res > Visual,M4_visual_pred_resclip,M0_visual,greater,-0.03670083172619343,-0.036784365390388735
sub-141,IntermediateVisual,Intermediate visual,1.0,M2_predclip_gt_M1_rawcal,+PredCLIP > +RawCal,M2_visual_predclip,M1_visual_rawcal,greater,-0.004123814404010773,-0.004141052575063156
sub-141,IntermediateVisual,Intermediate visual,1.0,M2_predclip_gt_M3_resclip,+PredCLIP > +ResCLIP,M2_visual_predclip,M3_visual_resclip,greater,0.03252188488841057,0.03259430904532262
sub-141,IntermediateVisual,Intermediate visual,1.0,M4_pred_res_gt_M2_predclip,+Pred+Res > +PredCLIP,M4_visual_pred_resclip,M2_visual_predclip,greater,-0.0343459565192461,-0.034419917833283714
sub-141,IntermediateVisual,Intermediate visual,1.0,M4_pred_res_gt_M1_rawcal,+Pred+Res > +RawCal,M4_visual_pred_resclip,M1_visual_rawcal,greater,-0.038469770923256874,-0.03856097040834687
sub-141,HighLevelVTC,HighLevelVTC,2.0,M1_rawcal_gt_M0_visual,+RawCal > Visual,M1_visual_rawcal,M0_visual,greater,0.009037507697939873,0.009043877551932238
sub-141,HighLevelVTC,HighLevelVTC,2.0,M2_predclip_gt_M0_visual,+PredCLIP > Visual,M2_visual_predclip,M0_visual,greater,0.009794741868972778,0.009801854704543301
sub-141,HighLevelVTC,HighLevelVTC,2.0,M3_resclip_gt_M0_visual,+ResCLIP > Visual,M3_visual_resclip,M0_visual,greater,-0.006824234500527382,-0.006826592230246252
sub-141,HighLevelVTC,HighLevelVTC,2.0,M4_pred_res_gt_M0_visual,+Pred+Res > Visual,M4_visual_pred_resclip,M0_visual,greater,-0.003728644922375679,-0.0037301453692314863
sub-141,HighLevelVTC,HighLevelVTC,2.0,M2_predclip_gt_M1_rawcal,+PredCLIP > +RawCal,M2_visual_predclip,M1_visual_rawcal,greater,0.0007572341710329056,0.0007579771526110626
sub-141,HighLevelVTC,HighLevelVTC,2.0,M2_predclip_gt_M3_resclip,+PredCLIP > +ResCLIP,M2_visual_predclip,M3_visual_resclip,greater,0.01661897636950016,0.016628446934789553
sub-141,HighLevelVTC,HighLevelVTC,2.0,M4_pred_res_gt_M2_predclip,+Pred+Res > +PredCLIP,M4_visual_pred_resclip,M2_visual_predclip,greater,-0.013523386791348457,-0.013532000073774787
sub-141,HighLevelVTC,HighLevelVTC,2.0,M4_pred_res_gt_M1_rawcal,+Pred+Res > +RawCal,M4_visual_pred_resclip,M1_visual_rawcal,greater,-0.012766152620315552,-0.012774022921163725
sub-143,EarlyVisual,Early visual,0.0,M1_rawcal_gt_M0_visual,+RawCal > Visual,M1_visual_rawcal,M0_visual,greater,0.004708051681518555,0.004721742183523864
sub-143,EarlyVisual,Early visual,0.0,M2_predclip_gt_M0_visual,+PredCLIP > Visual,M2_visual_predclip,M0_visual,greater,0.001858580857515335,0.00186369955904412
sub-143,EarlyVisual,Early visual,0.0,M3_resclip_gt_M0_visual,+ResCLIP > Visual,M3_visual_resclip,M0_visual,greater,0.0111791230738163,0.011215764343819622
sub-143,EarlyVisual,Early visual,0.0,M4_pred_res_gt_M0_visual,+Pred+Res > Visual,M4_visual_pred_resclip,M0_visual,greater,0.009095851331949234,0.009124553325740054
sub-143,EarlyVisual,Early visual,0.0,M2_predclip_gt_M1_rawcal,+PredCLIP > +RawCal,M2_visual_predclip,M1_visual_rawcal,greater,-0.0028494708240032196,-0.002858042624479744
sub-143,EarlyVisual,Early visual,0.0,M2_predclip_gt_M3_resclip,+PredCLIP > +ResCLIP,M2_visual_predclip,M3_visual_resclip,greater,-0.009320542216300964,-0.009352064784775502
sub-143,EarlyVisual,Early visual,0.0,M4_pred_res_gt_M2_predclip,+Pred+Res > +PredCLIP,M4_visual_pred_resclip,M2_visual_predclip,greater,0.007237270474433899,0.007260853766695934
sub-143,EarlyVisual,Early visual,0.0,M4_pred_res_gt_M1_rawcal,+Pred+Res > +RawCal,M4_visual_pred_resclip,M1_visual_rawcal,greater,0.004387799650430679,0.00440281114221619
sub-143,IntermediateVisual,Intermediate visual,1.0,M1_rawcal_gt_M0_visual,+RawCal > Visual,M1_visual_rawcal,M0_visual,greater,-0.0077564045786857605,-0.007797387534613509
sub-143,IntermediateVisual,Intermediate visual,1.0,M2_predclip_gt_M0_visual,+PredCLIP > Visual,M2_visual_predclip,M0_visual,greater,-0.0034992173314094543,-0.003518799196433331
sub-143,IntermediateVisual,Intermediate visual,1.0,M3_resclip_gt_M0_visual,+ResCLIP > Visual,M3_visual_resclip,M0_visual,greater,-0.039658643305301666,-0.03979100164283484
sub-143,IntermediateVisual,Intermediate visual,1.0,M4_pred_res_gt_M0_visual,+Pred+Res > Visual,M4_visual_pred_resclip,M0_visual,greater,-0.039920561015605927,-0.04005326974726616
sub-143,IntermediateVisual,Intermediate visual,1.0,M2_predclip_gt_M1_rawcal,+PredCLIP > +RawCal,M2_visual_predclip,M1_visual_rawcal,greater,0.004257187247276306,0.004278588338180178
sub-143,IntermediateVisual,Intermediate visual,1.0,M2_predclip_gt_M3_resclip,+PredCLIP > +ResCLIP,M2_visual_predclip,M3_visual_resclip,greater,0.03615942597389221,0.03627220244640151
sub-143,IntermediateVisual,Intermediate visual,1.0,M4_pred_res_gt_M2_predclip,+Pred+Res > +PredCLIP,M4_visual_pred_resclip,M2_visual_predclip,greater,-0.03642134368419647,-0.03653447055083283
sub-143,IntermediateVisual,Intermediate visual,1.0,M4_pred_res_gt_M1_rawcal,+Pred+Res > +RawCal,M4_visual_pred_resclip,M1_visual_rawcal,greater,-0.032164156436920166,-0.03225588221265265
sub-143,HighLevelVTC,HighLevelVTC,2.0,M1_rawcal_gt_M0_visual,+RawCal > Visual,M1_visual_rawcal,M0_visual,greater,0.011970989406108856,0.011973872343491019
sub-143,HighLevelVTC,HighLevelVTC,2.0,M2_predclip_gt_M0_visual,+PredCLIP > Visual,M2_visual_predclip,M0_visual,greater,0.011055227369070053,0.011057719412285486
sub-143,HighLevelVTC,HighLevelVTC,2.0,M3_resclip_gt_M0_visual,+ResCLIP > Visual,M3_visual_resclip,M0_visual,greater,-0.000169326551258564,-0.0001693404410121717
sub-143,HighLevelVTC,HighLevelVTC,2.0,M4_pred_res_gt_M0_visual,+Pred+Res > Visual,M4_visual_pred_resclip,M0_visual,greater,0.004495642147958279,0.004496232926765424
sub-143,HighLevelVTC,HighLevelVTC,2.0,M2_predclip_gt_M1_rawcal,+PredCLIP > +RawCal,M2_visual_predclip,M1_visual_rawcal,greater,-0.0009157620370388031,-0.0009161529312055328
sub-143,HighLevelVTC,HighLevelVTC,2.0,M2_predclip_gt_M3_resclip,+PredCLIP > +ResCLIP,M2_visual_predclip,M3_visual_resclip,greater,0.011224553920328617,0.011227059853297658
sub-143,HighLevelVTC,HighLevelVTC,2.0,M4_pred_res_gt_M2_predclip,+Pred+Res > +PredCLIP,M4_visual_pred_resclip,M2_visual_predclip,greater,-0.0065595852211117744,-0.006561486485520062
sub-143,HighLevelVTC,HighLevelVTC,2.0,M4_pred_res_gt_M1_rawcal,+Pred+Res > +RawCal,M4_visual_pred_resclip,M1_visual_rawcal,greater,-0.0074753472581505775,-0.0074776394167255945
sub-144,EarlyVisual,Early visual,0.0,M1_rawcal_gt_M0_visual,+RawCal > Visual,M1_visual_rawcal,M0_visual,greater,0.007480325177311897,0.007486197991532172
sub-144,EarlyVisual,Early visual,0.0,M2_predclip_gt_M0_visual,+PredCLIP > Visual,M2_visual_predclip,M0_visual,greater,0.0033644214272499084,0.003366677276856512
sub-144,EarlyVisual,Early visual,0.0,M3_resclip_gt_M0_visual,+ResCLIP > Visual,M3_visual_resclip,M0_visual,greater,0.009615888819098473,0.009624053050875003
sub-144,EarlyVisual,Early visual,0.0,M4_pred_res_gt_M0_visual,+Pred+Res > Visual,M4_visual_pred_resclip,M0_visual,greater,0.007538152858614922,0.007544083820163614
sub-144,EarlyVisual,Early visual,0.0,M2_predclip_gt_M1_rawcal,+PredCLIP > +RawCal,M2_visual_predclip,M1_visual_rawcal,greater,-0.004115903750061989,-0.0041195207146756604
sub-144,EarlyVisual,Early visual,0.0,M2_predclip_gt_M3_resclip,+PredCLIP > +ResCLIP,M2_visual_predclip,M3_visual_resclip,greater,-0.006251467391848564,-0.006257375774018491
sub-144,EarlyVisual,Early visual,0.0,M4_pred_res_gt_M2_predclip,+Pred+Res > +PredCLIP,M4_visual_pred_resclip,M2_visual_predclip,greater,0.004173731431365013,0.004177406543307102
sub-144,EarlyVisual,Early visual,0.0,M4_pred_res_gt_M1_rawcal,+Pred+Res > +RawCal,M4_visual_pred_resclip,M1_visual_rawcal,greater,5.782768130302429e-05,5.7885828631441816e-05
sub-144,IntermediateVisual,Intermediate visual,1.0,M1_rawcal_gt_M0_visual,+RawCal > Visual,M1_visual_rawcal,M0_visual,greater,0.05325358361005783,0.05336769580674007
sub-144,IntermediateVisual,Intermediate visual,1.0,M2_predclip_gt_M0_visual,+PredCLIP > Visual,M2_visual_predclip,M0_visual,greater,0.041296835988759995,0.041361257960864324
sub-144,IntermediateVisual,Intermediate visual,1.0,M3_resclip_gt_M0_visual,+ResCLIP > Visual,M3_visual_resclip,M0_visual,greater,0.006064685061573982,0.006067129357708409
sub-144,IntermediateVisual,Intermediate visual,1.0,M4_pred_res_gt_M0_visual,+Pred+Res > Visual,M4_visual_pred_resclip,M0_visual,greater,0.03597164526581764,0.03601954305869938
sub-144,IntermediateVisual,Intermediate visual,1.0,M2_predclip_gt_M1_rawcal,+PredCLIP > +RawCal,M2_visual_predclip,M1_visual_rawcal,greater,-0.011956747621297836,-0.012006437845875746
sub-144,IntermediateVisual,Intermediate visual,1.0,M2_predclip_gt_M3_resclip,+PredCLIP > +ResCLIP,M2_visual_predclip,M3_visual_resclip,greater,0.03523215092718601,0.035294128603155915
sub-144,IntermediateVisual,Intermediate visual,1.0,M4_pred_res_gt_M2_predclip,+Pred+Res > +PredCLIP,M4_visual_pred_resclip,M2_visual_predclip,greater,-0.005325190722942352,-0.005341714902164944
sub-144,IntermediateVisual,Intermediate visual,1.0,M4_pred_res_gt_M1_rawcal,+Pred+Res > +RawCal,M4_visual_pred_resclip,M1_visual_rawcal,greater,-0.01728193834424019,-0.01734815274804069
sub-144,HighLevelVTC,HighLevelVTC,2.0,M1_rawcal_gt_M0_visual,+RawCal > Visual,M1_visual_rawcal,M0_visual,greater,0.029575305059552193,0.0295775198638161
sub-144,HighLevelVTC,HighLevelVTC,2.0,M2_predclip_gt_M0_visual,+PredCLIP > Visual,M2_visual_predclip,M0_visual,greater,0.02114670444279909,0.021147659003877533
sub-144,HighLevelVTC,HighLevelVTC,2.0,M3_resclip_gt_M0_visual,+ResCLIP > Visual,M3_visual_resclip,M0_visual,greater,0.022078733891248703,0.0220797517137784
sub-144,HighLevelVTC,HighLevelVTC,2.0,M4_pred_res_gt_M0_visual,+Pred+Res > Visual,M4_visual_pred_resclip,M0_visual,greater,0.027786833234131336,0.02778862867366513
sub-144,HighLevelVTC,HighLevelVTC,2.0,M2_predclip_gt_M1_rawcal,+PredCLIP > +RawCal,M2_visual_predclip,M1_visual_rawcal,greater,-0.008428600616753101,-0.008429860859938562
sub-144,HighLevelVTC,HighLevelVTC,2.0,M2_predclip_gt_M3_resclip,+PredCLIP > +ResCLIP,M2_visual_predclip,M3_visual_resclip,greater,-0.0009320294484496117,-0.0009320927099008636
sub-144,HighLevelVTC,HighLevelVTC,2.0,M4_pred_res_gt_M2_predclip,+Pred+Res > +PredCLIP,M4_visual_pred_resclip,M2_visual_predclip,greater,0.006640128791332245,0.006640969669787596
sub-144,HighLevelVTC,HighLevelVTC,2.0,M4_pred_res_gt_M1_rawcal,+Pred+Res > +RawCal,M4_visual_pred_resclip,M1_visual_rawcal,greater,-0.0017884718254208565,-0.001788891190150967
sub-145,EarlyVisual,Early visual,0.0,M1_rawcal_gt_M0_visual,+RawCal > Visual,M1_visual_rawcal,M0_visual,greater,0.007939742878079414,0.00794042362178774
sub-145,EarlyVisual,Early visual,0.0,M2_predclip_gt_M0_visual,+PredCLIP > Visual,M2_visual_predclip,M0_visual,greater,0.0028607333078980446,0.0028608535909967446
sub-145,EarlyVisual,Early visual,0.0,M3_resclip_gt_M0_visual,+ResCLIP > Visual,M3_visual_resclip,M0_visual,greater,0.009706809185445309,0.009707828158799696
sub-145,EarlyVisual,Early visual,0.0,M4_pred_res_gt_M0_visual,+Pred+Res > Visual,M4_visual_pred_resclip,M0_visual,greater,0.008729989640414715,0.00873081099183214
sub-145,EarlyVisual,Early visual,0.0,M2_predclip_gt_M1_rawcal,+PredCLIP > +RawCal,M2_visual_predclip,M1_visual_rawcal,greater,-0.00507900957018137,-0.005079570030790995
sub-145,EarlyVisual,Early visual,0.0,M2_predclip_gt_M3_resclip,+PredCLIP > +ResCLIP,M2_visual_predclip,M3_visual_resclip,greater,-0.006846075877547264,-0.006846974567802951
sub-145,EarlyVisual,Early visual,0.0,M4_pred_res_gt_M2_predclip,+Pred+Res > +PredCLIP,M4_visual_pred_resclip,M2_visual_predclip,greater,0.00586925633251667,0.005869957400835395
sub-145,EarlyVisual,Early visual,0.0,M4_pred_res_gt_M1_rawcal,+Pred+Res > +RawCal,M4_visual_pred_resclip,M1_visual_rawcal,greater,0.0007902467623353004,0.0007903873700443997
sub-145,IntermediateVisual,Intermediate visual,1.0,M1_rawcal_gt_M0_visual,+RawCal > Visual,M1_visual_rawcal,M0_visual,greater,0.006357356905937195,0.006375891899149777
sub-145,IntermediateVisual,Intermediate visual,1.0,M2_predclip_gt_M0_visual,+PredCLIP > Visual,M2_visual_predclip,M0_visual,greater,-0.001805771142244339,-0.0018102618518928346
sub-145,IntermediateVisual,Intermediate visual,1.0,M3_resclip_gt_M0_visual,+ResCLIP > Visual,M3_visual_resclip,M0_visual,greater,-0.0051049962639808655,-0.005116872632024469
sub-145,IntermediateVisual,Intermediate visual,1.0,M4_pred_res_gt_M0_visual,+Pred+Res > Visual,M4_visual_pred_resclip,M0_visual,greater,-0.010747261345386505,-0.010769498134947021
sub-145,IntermediateVisual,Intermediate visual,1.0,M2_predclip_gt_M1_rawcal,+PredCLIP > +RawCal,M2_visual_predclip,M1_visual_rawcal,greater,-0.008163128048181534,-0.008186153751042612
sub-145,IntermediateVisual,Intermediate visual,1.0,M2_predclip_gt_M3_resclip,+PredCLIP > +ResCLIP,M2_visual_predclip,M3_visual_resclip,greater,0.0032992251217365265,0.0033066107801316344
sub-145,IntermediateVisual,Intermediate visual,1.0,M4_pred_res_gt_M2_predclip,+Pred+Res > +PredCLIP,M4_visual_pred_resclip,M2_visual_predclip,greater,-0.008941490203142166,-0.008959236283054187
sub-145,IntermediateVisual,Intermediate visual,1.0,M4_pred_res_gt_M1_rawcal,+Pred+Res > +RawCal,M4_visual_pred_resclip,M1_visual_rawcal,greater,-0.0171046182513237,-0.017145390034096798
sub-145,HighLevelVTC,HighLevelVTC,2.0,M1_rawcal_gt_M0_visual,+RawCal > Visual,M1_visual_rawcal,M0_visual,greater,0.010585167910903692,0.010586532504488409
sub-145,HighLevelVTC,HighLevelVTC,2.0,M2_predclip_gt_M0_visual,+PredCLIP > Visual,M2_visual_predclip,M0_visual,greater,0.008157001342624426,0.008157817353138584
sub-145,HighLevelVTC,HighLevelVTC,2.0,M3_resclip_gt_M0_visual,+ResCLIP > Visual,M3_visual_resclip,M0_visual,greater,0.00633618189021945,0.006336694896792
sub-145,HighLevelVTC,HighLevelVTC,2.0,M4_pred_res_gt_M0_visual,+Pred+Res > Visual,M4_visual_pred_resclip,M0_visual,greater,0.009942412842065096,0.009943614766347909
sub-145,HighLevelVTC,HighLevelVTC,2.0,M2_predclip_gt_M1_rawcal,+PredCLIP > +RawCal,M2_visual_predclip,M1_visual_rawcal,greater,-0.0024281665682792664,-0.0024287151513498247
sub-145,HighLevelVTC,HighLevelVTC,2.0,M2_predclip_gt_M3_resclip,+PredCLIP > +ResCLIP,M2_visual_predclip,M3_visual_resclip,greater,0.0018208194524049759,0.0018211224563465835
sub-145,HighLevelVTC,HighLevelVTC,2.0,M4_pred_res_gt_M2_predclip,+Pred+Res > +PredCLIP,M4_visual_pred_resclip,M2_visual_predclip,greater,0.00178541149944067,0.0017857974132093248
sub-145,HighLevelVTC,HighLevelVTC,2.0,M4_pred_res_gt_M1_rawcal,+Pred+Res > +RawCal,M4_visual_pred_resclip,M1_visual_rawcal,greater,-0.0006427550688385963,-0.0006429177381404999
sub-146,EarlyVisual,Early visual,0.0,M1_rawcal_gt_M0_visual,+RawCal > Visual,M1_visual_rawcal,M0_visual,greater,-0.005568049848079681,-0.005596764567451243
sub-146,EarlyVisual,Early visual,0.0,M2_predclip_gt_M0_visual,+PredCLIP > Visual,M2_visual_predclip,M0_visual,greater,-0.003076396882534027,-0.0030928158378661363
sub-146,EarlyVisual,Early visual,0.0,M3_resclip_gt_M0_visual,+ResCLIP > Visual,M3_visual_resclip,M0_visual,greater,-0.023243717849254608,-0.023336739252010734
sub-146,EarlyVisual,Early visual,0.0,M4_pred_res_gt_M0_visual,+Pred+Res > Visual,M4_visual_pred_resclip,M0_visual,greater,-0.025639202445745468,-0.025738217256538937
sub-146,EarlyVisual,Early visual,0.0,M2_predclip_gt_M1_rawcal,+PredCLIP > +RawCal,M2_visual_predclip,M1_visual_rawcal,greater,0.0024916529655456543,0.0025039487295851065
sub-146,EarlyVisual,Early visual,0.0,M2_predclip_gt_M3_resclip,+PredCLIP > +ResCLIP,M2_visual_predclip,M3_visual_resclip,greater,0.02016732096672058,0.020243923414144598
sub-146,EarlyVisual,Early visual,0.0,M4_pred_res_gt_M2_predclip,+Pred+Res > +PredCLIP,M4_visual_pred_resclip,M2_visual_predclip,greater,-0.02256280556321144,-0.0226454014186728
sub-146,EarlyVisual,Early visual,0.0,M4_pred_res_gt_M1_rawcal,+Pred+Res > +RawCal,M4_visual_pred_resclip,M1_visual_rawcal,greater,-0.020071152597665787,-0.020141452689087694
sub-146,IntermediateVisual,Intermediate visual,1.0,M1_rawcal_gt_M0_visual,+RawCal > Visual,M1_visual_rawcal,M0_visual,greater,0.018025733530521393,0.018319446293293032
sub-146,IntermediateVisual,Intermediate visual,1.0,M2_predclip_gt_M0_visual,+PredCLIP > Visual,M2_visual_predclip,M0_visual,greater,0.02326805144548416,0.02366376256599108
sub-146,IntermediateVisual,Intermediate visual,1.0,M3_resclip_gt_M0_visual,+ResCLIP > Visual,M3_visual_resclip,M0_visual,greater,-0.02798190712928772,-0.028286867026220658
sub-146,IntermediateVisual,Intermediate visual,1.0,M4_pred_res_gt_M0_visual,+Pred+Res > Visual,M4_visual_pred_resclip,M0_visual,greater,-0.0008534416556358337,-0.0008653004464802827
sub-146,IntermediateVisual,Intermediate visual,1.0,M2_predclip_gt_M1_rawcal,+PredCLIP > +RawCal,M2_visual_predclip,M1_visual_rawcal,greater,0.0052423179149627686,0.005344316272698046
sub-146,IntermediateVisual,Intermediate visual,1.0,M2_predclip_gt_M3_resclip,+PredCLIP > +ResCLIP,M2_visual_predclip,M3_visual_resclip,greater,0.05124995857477188,0.051950629592211736
sub-146,IntermediateVisual,Intermediate visual,1.0,M4_pred_res_gt_M2_predclip,+Pred+Res > +PredCLIP,M4_visual_pred_resclip,M2_visual_predclip,greater,-0.024121493101119995,-0.02452906301247136
sub-146,IntermediateVisual,Intermediate visual,1.0,M4_pred_res_gt_M1_rawcal,+Pred+Res > +RawCal,M4_visual_pred_resclip,M1_visual_rawcal,greater,-0.018879175186157227,-0.019184746739773315
sub-146,HighLevelVTC,HighLevelVTC,2.0,M1_rawcal_gt_M0_visual,+RawCal > Visual,M1_visual_rawcal,M0_visual,greater,0.02890382707118988,0.028906619375215846
sub-146,HighLevelVTC,HighLevelVTC,2.0,M2_predclip_gt_M0_visual,+PredCLIP > Visual,M2_visual_predclip,M0_visual,greater,0.023214896209537983,0.023216066971109225
sub-146,HighLevelVTC,HighLevelVTC,2.0,M3_resclip_gt_M0_visual,+ResCLIP > Visual,M3_visual_resclip,M0_visual,greater,0.0114970444701612,0.011497312806001143
sub-146,HighLevelVTC,HighLevelVTC,2.0,M4_pred_res_gt_M0_visual,+Pred+Res > Visual,M4_visual_pred_resclip,M0_visual,greater,0.02475182991474867,0.024753334270964406
sub-146,HighLevelVTC,HighLevelVTC,2.0,M2_predclip_gt_M1_rawcal,+PredCLIP > +RawCal,M2_visual_predclip,M1_visual_rawcal,greater,-0.005688930861651897,-0.005690552404106621
sub-146,HighLevelVTC,HighLevelVTC,2.0,M2_predclip_gt_M3_resclip,+PredCLIP > +ResCLIP,M2_visual_predclip,M3_visual_resclip,greater,0.011717851739376783,0.011718754165108081
sub-146,HighLevelVTC,HighLevelVTC,2.0,M4_pred_res_gt_M2_predclip,+Pred+Res > +PredCLIP,M4_visual_pred_resclip,M2_visual_predclip,greater,0.0015369337052106857,0.001537267299855179
sub-146,HighLevelVTC,HighLevelVTC,2.0,M4_pred_res_gt_M1_rawcal,+Pred+Res > +RawCal,M4_visual_pred_resclip,M1_visual_rawcal,greater,-0.004151997156441212,-0.004153285104251442
sub-149,EarlyVisual,Early visual,0.0,M1_rawcal_gt_M0_visual,+RawCal > Visual,M1_visual_rawcal,M0_visual,greater,0.0027739405632019043,0.0027776862283357337
sub-149,EarlyVisual,Early visual,0.0,M2_predclip_gt_M0_visual,+PredCLIP > Visual,M2_visual_predclip,M0_visual,greater,0.0028866231441497803,0.002890533103026477
sub-149,EarlyVisual,Early visual,0.0,M3_resclip_gt_M0_visual,+ResCLIP > Visual,M3_visual_resclip,M0_visual,greater,-0.0009079426527023315,-0.0009090481685228372
sub-149,EarlyVisual,Early visual,0.0,M4_pred_res_gt_M0_visual,+Pred+Res > Visual,M4_visual_pred_resclip,M0_visual,greater,0.0016394928097724915,0.0016416379992307828
sub-149,EarlyVisual,Early visual,0.0,M2_predclip_gt_M1_rawcal,+PredCLIP > +RawCal,M2_visual_predclip,M1_visual_rawcal,greater,0.00011268258094787598,0.00011284687469074323
sub-149,EarlyVisual,Early visual,0.0,M2_predclip_gt_M3_resclip,+PredCLIP > +ResCLIP,M2_visual_predclip,M3_visual_resclip,greater,0.003794565796852112,0.003799581271549314
sub-149,EarlyVisual,Early visual,0.0,M4_pred_res_gt_M2_predclip,+Pred+Res > +PredCLIP,M4_visual_pred_resclip,M2_visual_predclip,greater,-0.0012471303343772888,-0.0012488951037956941
sub-149,EarlyVisual,Early visual,0.0,M4_pred_res_gt_M1_rawcal,+Pred+Res > +RawCal,M4_visual_pred_resclip,M1_visual_rawcal,greater,-0.0011344477534294128,-0.001136048229104951
sub-149,IntermediateVisual,Intermediate visual,1.0,M1_rawcal_gt_M0_visual,+RawCal > Visual,M1_visual_rawcal,M0_visual,greater,0.006158694624900818,0.006349825046918278
sub-149,IntermediateVisual,Intermediate visual,1.0,M2_predclip_gt_M0_visual,+PredCLIP > Visual,M2_visual_predclip,M0_visual,greater,0.0034802407026290894,0.0035865267544895607
sub-149,IntermediateVisual,Intermediate visual,1.0,M3_resclip_gt_M0_visual,+ResCLIP > Visual,M3_visual_resclip,M0_visual,greater,-0.01889626681804657,-0.019399485409913125
sub-149,IntermediateVisual,Intermediate visual,1.0,M4_pred_res_gt_M0_visual,+Pred+Res > Visual,M4_visual_pred_resclip,M0_visual,greater,-0.009943872690200806,-0.010223768964657737
sub-149,IntermediateVisual,Intermediate visual,1.0,M2_predclip_gt_M1_rawcal,+PredCLIP > +RawCal,M2_visual_predclip,M1_visual_rawcal,greater,-0.0026784539222717285,-0.0027632982924287175
sub-149,IntermediateVisual,Intermediate visual,1.0,M2_predclip_gt_M3_resclip,+PredCLIP > +ResCLIP,M2_visual_predclip,M3_visual_resclip,greater,0.02237650752067566,0.022986012164402686
sub-149,IntermediateVisual,Intermediate visual,1.0,M4_pred_res_gt_M2_predclip,+Pred+Res > +PredCLIP,M4_visual_pred_resclip,M2_visual_predclip,greater,-0.013424113392829895,-0.013810295719147297
sub-149,IntermediateVisual,Intermediate visual,1.0,M4_pred_res_gt_M1_rawcal,+Pred+Res > +RawCal,M4_visual_pred_resclip,M1_visual_rawcal,greater,-0.016102567315101624,-0.016573594011576015
sub-149,HighLevelVTC,HighLevelVTC,2.0,M1_rawcal_gt_M0_visual,+RawCal > Visual,M1_visual_rawcal,M0_visual,greater,0.006670847535133362,0.006675707864244464
sub-149,HighLevelVTC,HighLevelVTC,2.0,M2_predclip_gt_M0_visual,+PredCLIP > Visual,M2_visual_predclip,M0_visual,greater,0.007216893136501312,0.0072222626477483655
sub-149,HighLevelVTC,HighLevelVTC,2.0,M3_resclip_gt_M0_visual,+ResCLIP > Visual,M3_visual_resclip,M0_visual,greater,0.003910958766937256,0.003913515257016071
sub-149,HighLevelVTC,HighLevelVTC,2.0,M4_pred_res_gt_M0_visual,+Pred+Res > Visual,M4_visual_pred_resclip,M0_visual,greater,0.006546869874000549,0.0065516171242470875
sub-149,HighLevelVTC,HighLevelVTC,2.0,M2_predclip_gt_M1_rawcal,+PredCLIP > +RawCal,M2_visual_predclip,M1_visual_rawcal,greater,0.0005460456013679504,0.0005465547835039018
sub-149,HighLevelVTC,HighLevelVTC,2.0,M2_predclip_gt_M3_resclip,+PredCLIP > +ResCLIP,M2_visual_predclip,M3_visual_resclip,greater,0.0033059343695640564,0.0033087473907322945
sub-149,HighLevelVTC,HighLevelVTC,2.0,M4_pred_res_gt_M2_predclip,+Pred+Res > +PredCLIP,M4_visual_pred_resclip,M2_visual_predclip,greater,-0.0006700232625007629,-0.000670645523501278
sub-149,HighLevelVTC,HighLevelVTC,2.0,M4_pred_res_gt_M1_rawcal,+Pred+Res > +RawCal,M4_visual_pred_resclip,M1_visual_rawcal,greater,-0.0001239776611328125,-0.0001240907399973762
sub-150,EarlyVisual,Early visual,0.0,M1_rawcal_gt_M0_visual,+RawCal > Visual,M1_visual_rawcal,M0_visual,greater,0.0059243179857730865,0.005941049280078485
sub-150,EarlyVisual,Early visual,0.0,M2_predclip_gt_M0_visual,+PredCLIP > Visual,M2_visual_predclip,M0_visual,greater,0.0021400749683380127,0.0021456891850731644
sub-150,EarlyVisual,Early visual,0.0,M3_resclip_gt_M0_visual,+ResCLIP > Visual,M3_visual_resclip,M0_visual,greater,0.009437654167413712,0.009466149233364016
sub-150,EarlyVisual,Early visual,0.0,M4_pred_res_gt_M0_visual,+Pred+Res > Visual,M4_visual_pred_resclip,M0_visual,greater,0.007261384278535843,0.007282423717299778
sub-150,EarlyVisual,Early visual,0.0,M2_predclip_gt_M1_rawcal,+PredCLIP > +RawCal,M2_visual_predclip,M1_visual_rawcal,greater,-0.003784243017435074,-0.0037953600950053207
sub-150,EarlyVisual,Early visual,0.0,M2_predclip_gt_M3_resclip,+PredCLIP > +ResCLIP,M2_visual_predclip,M3_visual_resclip,greater,-0.007297579199075699,-0.007320460048290851
sub-150,EarlyVisual,Early visual,0.0,M4_pred_res_gt_M2_predclip,+Pred+Res > +PredCLIP,M4_visual_pred_resclip,M2_visual_predclip,greater,0.00512130931019783,0.005136734532226614
sub-150,EarlyVisual,Early visual,0.0,M4_pred_res_gt_M1_rawcal,+Pred+Res > +RawCal,M4_visual_pred_resclip,M1_visual_rawcal,greater,0.0013370662927627563,0.0013413744372212932
sub-150,IntermediateVisual,Intermediate visual,1.0,M1_rawcal_gt_M0_visual,+RawCal > Visual,M1_visual_rawcal,M0_visual,greater,0.012123741209506989,0.01222195814758853
sub-150,IntermediateVisual,Intermediate visual,1.0,M2_predclip_gt_M0_visual,+PredCLIP > Visual,M2_visual_predclip,M0_visual,greater,0.00622616708278656,0.0062732618097675885
sub-150,IntermediateVisual,Intermediate visual,1.0,M3_resclip_gt_M0_visual,+ResCLIP > Visual,M3_visual_resclip,M0_visual,greater,-0.014994241297245026,-0.015081676071635852
sub-150,IntermediateVisual,Intermediate visual,1.0,M4_pred_res_gt_M0_visual,+Pred+Res > Visual,M4_visual_pred_resclip,M0_visual,greater,-0.008775271475315094,-0.008830614948129117
sub-150,IntermediateVisual,Intermediate visual,1.0,M2_predclip_gt_M1_rawcal,+PredCLIP > +RawCal,M2_visual_predclip,M1_visual_rawcal,greater,-0.0058975741267204285,-0.005948696337820941
sub-150,IntermediateVisual,Intermediate visual,1.0,M2_predclip_gt_M3_resclip,+PredCLIP > +ResCLIP,M2_visual_predclip,M3_visual_resclip,greater,0.021220408380031586,0.02135493788140344
sub-150,IntermediateVisual,Intermediate visual,1.0,M4_pred_res_gt_M2_predclip,+Pred+Res > +PredCLIP,M4_visual_pred_resclip,M2_visual_predclip,greater,-0.015001438558101654,-0.015103876757896706
sub-150,IntermediateVisual,Intermediate visual,1.0,M4_pred_res_gt_M1_rawcal,+Pred+Res > +RawCal,M4_visual_pred_resclip,M1_visual_rawcal,greater,-0.020899012684822083,-0.021052573095717647
sub-150,HighLevelVTC,HighLevelVTC,2.0,M1_rawcal_gt_M0_visual,+RawCal > Visual,M1_visual_rawcal,M0_visual,greater,0.022933246567845345,0.02295609647092561
sub-150,HighLevelVTC,HighLevelVTC,2.0,M2_predclip_gt_M0_visual,+PredCLIP > Visual,M2_visual_predclip,M0_visual,greater,0.015561988577246666,0.015573791029814547
sub-150,HighLevelVTC,HighLevelVTC,2.0,M3_resclip_gt_M0_visual,+ResCLIP > Visual,M3_visual_resclip,M0_visual,greater,0.004220345988869667,0.004222301841466124
sub-150,HighLevelVTC,HighLevelVTC,2.0,M4_pred_res_gt_M0_visual,+Pred+Res > Visual,M4_visual_pred_resclip,M0_visual,greater,0.010123021900653839,0.010129158544631287
sub-150,HighLevelVTC,HighLevelVTC,2.0,M2_predclip_gt_M1_rawcal,+PredCLIP > +RawCal,M2_visual_predclip,M1_visual_rawcal,greater,-0.007371257990598679,-0.007382305441111063
sub-150,HighLevelVTC,HighLevelVTC,2.0,M2_predclip_gt_M3_resclip,+PredCLIP > +ResCLIP,M2_visual_predclip,M3_visual_resclip,greater,0.011341642588376999,0.011351489188348423
sub-150,HighLevelVTC,HighLevelVTC,2.0,M4_pred_res_gt_M2_predclip,+Pred+Res > +PredCLIP,M4_visual_pred_resclip,M2_visual_predclip,greater,-0.005438966676592827,-0.0054446324851832595
sub-150,HighLevelVTC,HighLevelVTC,2.0,M4_pred_res_gt_M1_rawcal,+Pred+Res > +RawCal,M4_visual_pred_resclip,M1_visual_rawcal,greater,-0.012810224667191505,-0.012826937926294323
sub-151,EarlyVisual,Early visual,0.0,M1_rawcal_gt_M0_visual,+RawCal > Visual,M1_visual_rawcal,M0_visual,greater,0.0202692449092865,0.020334485465116695
sub-151,EarlyVisual,Early visual,0.0,M2_predclip_gt_M0_visual,+PredCLIP > Visual,M2_visual_predclip,M0_visual,greater,0.009427819401025772,0.009452393796430786
sub-151,EarlyVisual,Early visual,0.0,M3_resclip_gt_M0_visual,+ResCLIP > Visual,M3_visual_resclip,M0_visual,greater,0.009264189749956131,0.009288257709048398
sub-151,EarlyVisual,Early visual,0.0,M4_pred_res_gt_M0_visual,+Pred+Res > Visual,M4_visual_pred_resclip,M0_visual,greater,0.01065138727426529,0.01067984424978178
sub-151,EarlyVisual,Early visual,0.0,M2_predclip_gt_M1_rawcal,+PredCLIP > +RawCal,M2_visual_predclip,M1_visual_rawcal,greater,-0.010841425508260727,-0.010882091668685909
sub-151,EarlyVisual,Early visual,0.0,M2_predclip_gt_M3_resclip,+PredCLIP > +ResCLIP,M2_visual_predclip,M3_visual_resclip,greater,0.0001636296510696411,0.00016413608738238827
sub-151,EarlyVisual,Early visual,0.0,M4_pred_res_gt_M2_predclip,+Pred+Res > +PredCLIP,M4_visual_pred_resclip,M2_visual_predclip,greater,0.0012235678732395172,0.0012274504533509936
sub-151,EarlyVisual,Early visual,0.0,M4_pred_res_gt_M1_rawcal,+Pred+Res > +RawCal,M4_visual_pred_resclip,M1_visual_rawcal,greater,-0.00961785763502121,-0.009654641215334915
sub-151,IntermediateVisual,Intermediate visual,1.0,M1_rawcal_gt_M0_visual,+RawCal > Visual,M1_visual_rawcal,M0_visual,greater,0.022971022874116898,0.023043061467769882
sub-151,IntermediateVisual,Intermediate visual,1.0,M2_predclip_gt_M0_visual,+PredCLIP > Visual,M2_visual_predclip,M0_visual,greater,0.01651524007320404,0.016560894445734407
sub-151,IntermediateVisual,Intermediate visual,1.0,M3_resclip_gt_M0_visual,+ResCLIP > Visual,M3_visual_resclip,M0_visual,greater,0.002586930990219116,0.0025922570181795834
sub-151,IntermediateVisual,Intermediate visual,1.0,M4_pred_res_gt_M0_visual,+Pred+Res > Visual,M4_visual_pred_resclip,M0_visual,greater,0.017228789627552032,0.017277100297385307
sub-151,IntermediateVisual,Intermediate visual,1.0,M2_predclip_gt_M1_rawcal,+PredCLIP > +RawCal,M2_visual_predclip,M1_visual_rawcal,greater,-0.006455782800912857,-0.006482167022035475
sub-151,IntermediateVisual,Intermediate visual,1.0,M2_predclip_gt_M3_resclip,+PredCLIP > +ResCLIP,M2_visual_predclip,M3_visual_resclip,greater,0.013928309082984924,0.013968637427554824
sub-151,IntermediateVisual,Intermediate visual,1.0,M4_pred_res_gt_M2_predclip,+Pred+Res > +PredCLIP,M4_visual_pred_resclip,M2_visual_predclip,greater,0.0007135495543479919,0.0007162058516509001
sub-151,IntermediateVisual,Intermediate visual,1.0,M4_pred_res_gt_M1_rawcal,+Pred+Res > +RawCal,M4_visual_pred_resclip,M1_visual_rawcal,greater,-0.005742233246564865,-0.0057659611703845745
sub-151,HighLevelVTC,HighLevelVTC,2.0,M1_rawcal_gt_M0_visual,+RawCal > Visual,M1_visual_rawcal,M0_visual,greater,0.03564304672181606,0.035714599123563354
sub-151,HighLevelVTC,HighLevelVTC,2.0,M2_predclip_gt_M0_visual,+PredCLIP > Visual,M2_visual_predclip,M0_visual,greater,0.0267257671803236,0.026768279797246237
sub-151,HighLevelVTC,HighLevelVTC,2.0,M3_resclip_gt_M0_visual,+ResCLIP > Visual,M3_visual_resclip,M0_visual,greater,0.016913065686821938,0.01693326187776335
sub-151,HighLevelVTC,HighLevelVTC,2.0,M4_pred_res_gt_M0_visual,+Pred+Res > Visual,M4_visual_pred_resclip,M0_visual,greater,0.02710920013487339,0.02715277850842172
sub-151,HighLevelVTC,HighLevelVTC,2.0,M2_predclip_gt_M1_rawcal,+PredCLIP > +RawCal,M2_visual_predclip,M1_visual_rawcal,greater,-0.008917279541492462,-0.00894631932631712
sub-151,HighLevelVTC,HighLevelVTC,2.0,M2_predclip_gt_M3_resclip,+PredCLIP > +ResCLIP,M2_visual_predclip,M3_visual_resclip,greater,0.009812701493501663,0.009835017919482887
sub-151,HighLevelVTC,HighLevelVTC,2.0,M4_pred_res_gt_M2_predclip,+Pred+Res > +PredCLIP,M4_visual_pred_resclip,M2_visual_predclip,greater,0.00038343295454978943,0.00038449871117548357
sub-151,HighLevelVTC,HighLevelVTC,2.0,M4_pred_res_gt_M1_rawcal,+Pred+Res > +RawCal,M4_visual_pred_resclip,M1_visual_rawcal,greater,-0.008533846586942673,-0.008561820615141637
