Gabor,Color,CORnet V4,CORnet IT,Palatability,Calorie,Health,Palatability_mean,Calorie_mean,Health_mean,Palatability_profile_residual,Calorie_profile_residual,Health_profile_residual,Calorie_disagreement_sd,CalorieObjective,SavorySweet
0.7231572,0.14900917,0.9470097,1.0077192,5.6328363,8.319243,3.922021,0.36334878,1.5085078,0.28786558,-726.8926566791049,70.77714472419757,192.9451330436409,0.71647036,1.0,1.0
0.643982,0.1510516,1.0072534,0.99015075,6.5321116,7.9011006,2.39624,0.036251232,1.3674667,0.23415424,1307.513946967907,107.03178739461691,-445.2527769556532,0.8082455,1.0,1.0
0.375817,0.15034305,1.044058,1.052183,5.824272,8.650749,3.6275377,0.12981002,1.5279373,0.37682644,246.03377746143133,155.47158726023417,-81.58523911398743,0.8284186,1.0,0.0
0.7179079,0.16478457,1.0717154,1.0176014,6.8672366,8.992766,3.188455,0.20636669,1.6530529,0.2490792,1030.1653931530443,112.21694458981483,6.813193044111358,0.7232808,1.0,0.0
0.6202448,0.21019168,0.9840688,1.0042336,5.406612,5.1207786,2.2215204,0.58889025,0.26145342,0.008094784,-1542.9703485080681,773.9254353668277,507.4003899122438,1.0106398,0.0,0.0
0.22149083,0.1513605,1.0220624,1.0937414,8.587464,5.051354,8.602476,0.031186573,0.4609143,1.5626961,2944.3800797948343,317.80155738916574,66.9372965651105,0.9175403,0.0,0.0
0.5927674,0.06345171,1.0786318,1.0215814,6.5340495,2.7173846,6.0435343,0.4817016,0.00829872,1.0498418,-101.30589259904445,667.0840904334489,-1.0633571575108363,0.55461913,0.0,0.0
0.66598165,0.09957249,1.0419029,0.93867517,4.5516424,5.851217,3.3341827,0.4047647,0.94971496,0.16312213,-1741.3870890611815,-19.30381860951593,389.1456552024456,0.6978471,1.0,1.0
0.4265075,0.14751127,1.042101,0.9995627,7.0249634,8.040807,2.956022,0.48806548,1.4802623,0.283473,326.4634055669785,19.735480920143345,-186.2847820543475,0.6414553,1.0,0.0
0.46760455,0.09228273,1.007348,1.0037078,6.3567443,4.3509007,9.990936,0.16099937,0.44303697,1.8857514,711.0676823338463,141.93350421912055,112.07119636701646,0.7643977,0.0,1.0
0.42409545,0.2270947,0.9554485,0.90700245,8.780006,3.8848689,9.2259035,0.6649698,0.31973675,1.7461358,1207.3982242970287,232.6418575907403,34.34748617198011,0.72273827,0.0,0.0
0.34407815,0.14748177,1.0396007,1.0165788,5.430363,8.253415,3.028307,0.3368286,1.4660487,0.29705578,-840.5218323925476,93.38825965212527,-183.49052989766005,0.7742307,1.0,1.0
0.39934248,0.17316054,1.0722412,1.0645432,6.9216905,3.925931,5.5591693,0.7400516,0.044447478,0.8795691,-300.59777190492423,1308.1025924124292,36.153494411951215,0.8000923,0.0,0.0
0.39114782,0.18156946,0.9678355,0.9822967,5.745238,3.9628482,10.147307,0.06400604,0.50312746,1.9701822,388.83210054352867,-78.17298521406201,15.791640679920874,0.6250245,0.0,1.0
0.49809384,0.16183126,1.127867,1.0906376,5.153319,3.4689176,4.5864906,0.062819146,0.05775671,0.7680216,-215.85687731865028,1011.1280498092015,-233.23252794024302,0.7056319,0.0,0.0
0.7452752,0.19712706,0.9951032,0.95429426,6.0368714,8.512029,2.955647,0.14402398,1.537551,0.3903017,427.3550586768065,98.93454895092464,-376.2508171532768,0.74590695,1.0,0.0
0.4471906,0.16603224,1.0319642,1.0523249,6.155245,4.675331,9.720257,0.5094257,0.57315147,1.8463172,-555.8775176452109,27.95200619810089,59.629001661452094,0.75404894,0.0,1.0
0.30960974,0.3678743,0.9189269,0.94387794,6.59595,8.801124,2.9123847,0.72591865,1.611118,0.3137695,-564.0962080850477,94.62551377806494,-283.90529146641666,0.72362673,1.0,0.0
0.41475913,0.055726487,0.99486595,0.96265143,5.322607,3.8078065,9.208961,0.12268999,0.24210857,1.7149372,-256.85600116035675,412.16039392106904,54.78314911328107,0.7369412,0.0,1.0
0.739889,0.11413856,0.9988533,0.9663206,6.4034405,3.7938194,8.666724,0.043925203,0.30203456,1.5724165,1157.0391565826449,231.39764804700872,66.29261989836505,0.71041197,0.0,1.0
0.26688927,0.12854601,1.0154253,1.0221186,8.429744,4.8715906,10.759636,0.75107783,0.47257894,2.1138065,836.8872775578916,244.32238929119285,-5.722402067049643,0.8696054,0.0,1.0
0.50061774,0.1470193,1.0788528,1.0439851,4.263533,8.89003,3.2278306,0.16705745,1.6005062,0.39809084,-1136.109472630902,140.13361698170593,-262.9581979376551,0.7903623,1.0,0.0
0.3429938,0.16053936,1.00921,1.0294087,6.3173594,8.305204,3.3735933,0.40773085,1.5140629,0.35343313,-116.00913333682365,57.92182025253851,-135.37949127067486,0.6972194,1.0,0.0
0.40692496,0.12488525,1.0544624,1.108658,8.124485,4.3191814,10.037061,0.32835633,0.5320282,1.9641232,1661.3175269997648,-9.813035247657808,-22.542781280789768,0.6945915,0.0,1.0
0.60113174,0.027780663,1.1021758,1.0294676,8.259314,4.2668304,9.812323,0.6829617,0.5601996,1.8992376,865.2880029188173,-65.56882570392622,-7.280861084107073,0.65702146,0.0,0.0
0.28294823,0.17163226,0.9938784,0.91649663,7.1966987,8.001014,3.3433867,0.16855548,1.4577591,0.21926089,1461.2684830934559,32.041038384107196,177.7021544171264,0.6735996,1.0,1.0
0.4512962,0.1489335,1.0267911,1.0554751,5.881157,8.530383,2.995337,0.35474113,1.5426395,0.28901473,-414.1068441560217,103.02135426792938,-183.95036009363685,0.74369615,1.0,0.0
0.3066407,0.10899318,0.9777719,0.98544204,5.829355,4.9939294,2.2969968,0.23950288,0.5525867,0.18949915,-112.15188426428381,158.96821260538286,-365.3043773471368,0.84915465,1.0,0.0
0.2523006,0.08387744,1.0296991,1.0098068,6.457534,4.4704614,9.689455,0.27443603,0.43444476,1.7932807,436.2599763324888,194.49947763409773,129.81058225008883,0.7975606,0.0,1.0
0.48257542,0.22619084,1.0812315,1.0289873,6.462053,5.1858845,10.515192,0.3823184,0.79739875,1.9933027,113.13098911575617,-45.07463333586884,170.0457230325851,0.6769195,0.0,1.0
0.40898758,0.13837227,0.97193223,1.0220345,5.340272,4.379652,9.687929,0.10802425,0.5135741,1.8025161,-196.1371222238099,37.3767817936332,113.14500421079947,0.72420627,0.0,1.0
0.3314197,0.21781428,0.9145923,0.9536047,6.3404274,4.58733,9.927136,0.4338254,0.4884383,1.879456,-155.54059823106854,128.13257224990184,87.88308401411678,0.79265624,0.0,1.0
0.75640416,0.45217696,1.0044646,0.978206,6.737547,4.9251113,9.439503,0.6171591,0.7445164,1.7286713,-231.8797691266709,-72.75286946462302,111.075768328903,0.65825236,0.0,1.0
0.66495824,0.17575157,1.0532445,0.95427275,4.665229,6.4583545,2.7937746,0.32814515,1.0129076,0.1274304,-1437.020268572671,131.93691322531959,262.96864657569563,0.81804645,1.0,1.0
0.5089585,0.09354136,1.0560322,1.0458314,7.6207843,4.937602,3.5517442,0.35928744,0.60027236,0.17699836,1189.6490672926936,74.96473489648702,406.4206389276544,0.80030566,1.0,0.0
0.2898153,0.18010081,0.9886977,0.97964543,5.7354093,7.622205,2.9511943,0.42616633,1.2407542,0.0038471252,-784.3634432663202,134.87786087678614,1070.794250108456,0.903955,1.0,0.0
0.36451465,0.15304574,0.93154114,0.9948641,7.536204,4.923425,9.884065,0.88045186,0.6597919,1.9389406,-15.666956972920616,3.874451870586654,-49.608751280554316,0.7460167,0.0,1.0
0.34572655,0.10874257,1.0793678,1.0477903,6.274079,4.6023345,10.648351,0.5115673,0.580653,2.0695286,-416.85074421059653,-4.816512956553652,55.56041950217741,0.7289415,0.0,0.0
0.6245231,0.08553166,0.96025085,0.9668293,6.464388,3.9884405,7.9187355,0.5285891,0.23642746,1.3885576,-274.8940320022716,504.63956201904193,83.86152891895108,0.77755517,0.0,1.0
0.58195466,0.16702485,1.0276875,1.0011022,5.335672,9.918408,3.280017,0.33951586,1.8656162,0.36885974,-937.8194678130615,148.50163580040316,-200.79425283943146,0.6880444,1.0,0.0
0.4241189,0.15058497,1.0759209,1.033866,7.1841044,8.981545,2.700405,0.27928376,1.6497082,0.24229266,1085.6914789260754,110.13013927281008,-238.62573577932108,0.7254233,1.0,1.0
0.5387706,0.14857402,0.98984396,1.0533019,4.9111624,4.81031,10.423354,0.18758121,0.70991117,1.9818072,-827.951959662968,-75.67879284600463,144.39778048370863,0.6626882,0.0,1.0
0.19483393,0.1516006,1.0518986,1.0126162,5.922642,7.5415874,2.0147245,0.01721508,1.2555995,0.057593115,752.3832074345876,95.42762788448135,35.96342089118764,0.8529919,1.0,1.0
0.6176841,0.28297213,0.9248602,1.011218,6.6514125,4.791683,4.0253906,0.02369037,0.4475943,0.35819837,1468.8950303320182,262.1071148531296,117.80862108222482,0.86486304,0.0,0.0
0.5017207,0.1338583,1.0101665,1.0453653,6.7004743,4.678864,9.480042,0.8613839,0.6167891,1.748303,-709.5433488774015,-20.54336830715397,108.431091662158,0.71824586,0.0,0.0
0.18695953,0.15565816,0.96436346,0.88260686,5.2303457,7.722579,3.4261436,0.30943865,1.2949634,0.044762813,-954.0974612367613,115.32461616019464,1035.0404946171022,0.85914135,1.0,1.0
0.2913813,0.27336487,0.9478383,0.92744917,7.0272603,7.925801,3.310323,0.21701106,1.3823881,0.10980426,1132.0685584921398,92.63942461364877,628.8785093212549,0.7917122,1.0,1.0
0.48893172,0.12710679,0.9692199,0.9958904,7.2751164,3.59337,6.3099375,0.4147915,0.010217533,1.0254812,753.7735515465065,1347.3155712787943,98.28870029361224,0.7334195,0.0,0.0
0.29219818,0.09272859,1.0436287,1.0339454,7.2131424,5.375377,9.338707,0.5804563,0.7925536,1.7938184,295.5446020291156,26.751756030122124,-9.147615004822455,0.7413712,0.0,0.0
0.2710204,0.14561737,1.0044029,0.96483546,9.821209,4.163742,4.751313,1.5372009,0.27274927,0.5497582,648.7033681487633,457.0249693822184,181.7655122573808,0.8030396,0.0,0.0
0.51795274,0.20270713,0.9918813,1.0143235,6.3911796,7.9768353,3.2205842,0.16249026,1.4769932,0.13568208,739.0944557684609,4.648675603139054,434.9928138303716,0.6155002,1.0,1.0
0.72042423,0.052550647,1.0406594,1.0027288,9.972057,4.8460145,9.024456,0.72976065,0.40694323,1.6489123,1484.2951343566174,355.82124150534355,75.25734891753973,0.8977701,0.0,0.0
0.41960853,0.14349136,1.0425923,1.0399957,5.8942523,7.7906547,3.3047724,0.18166825,1.4053391,0.10230878,149.90078644665186,34.36280225535302,665.0215530469342,0.68677515,1.0,1.0
0.21675023,0.08299588,1.0481895,1.0631454,6.891614,3.7529018,8.01966,0.38641697,0.2771553,1.3932751,492.5491049920356,284.34325554456836,104.98693715421723,0.7119192,0.0,0.0
0.33465773,0.19997968,0.97183055,1.0093007,6.017825,10.277781,3.2860613,0.08182568,1.8921554,0.2802866,616.5982710697976,294.4402878801707,-25.45199303470281,0.81971735,1.0,0.0
0.3771916,0.13447644,1.0233756,1.0569941,6.3784904,4.4167666,9.830128,0.35184175,0.51627254,1.8085623,116.50181340231347,41.57932753331056,154.39582068133222,0.73156214,0.0,1.0
0.24861018,0.1299568,1.0511267,1.0306491,6.175195,8.430352,3.2229905,0.3876866,1.5086887,0.22018509,-205.0863260009139,104.80607982986612,122.72305578967075,0.76831245,1.0,1.0
0.47645178,0.11439254,1.013833,1.0502282,6.245857,7.312739,3.415872,0.6414146,1.2649981,0.17770484,-746.2474657734747,34.63017362415849,352.50424441783207,0.7491842,1.0,1.0
0.44932765,0.13818079,1.0554967,1.0248865,5.1546435,4.911111,9.701256,0.17093673,0.6089779,1.8485154,-588.3401744648795,57.22515084750057,42.7544098967187,0.7865446,0.0,1.0
0.54569304,0.11119561,1.0669004,1.0882941,6.5970297,8.498093,2.981586,0.005794427,1.5061054,0.11831552,1482.7910642333131,131.71927451286138,426.8817752033865,0.80386394,1.0,1.0
0.3119509,0.13995022,0.9866642,0.9999782,6.51744,3.746911,10.25046,0.3681354,0.35988426,2.0026345,206.52545919717454,78.39069262921703,-3.473545398893293,0.67086464,0.0,1.0
0.29815418,0.10650384,1.0828851,1.0943754,5.459137,3.4919734,5.708669,0.29591298,0.06513315,0.9602072,-698.3384221482925,982.3143891415967,5.971913823314935,0.7096895,1.0,1.0
0.23942825,0.102797434,0.9455155,0.92202735,5.5711527,8.701077,3.028496,0.28805456,1.579123,0.24536398,-545.8636317630303,107.26556381166074,-46.39582068133268,0.7463248,1.0,0.0
0.50016284,0.13082214,1.0304152,0.99821347,9.87254,4.842261,4.3682094,1.432492,0.5456772,0.41976482,702.0844515128742,124.6788615487012,153.1495748071984,0.81658334,1.0,0.0
0.36146683,0.12619534,1.0077679,1.0715455,5.9798374,4.2096643,9.935178,0.043982226,0.44984314,1.9256754,709.3769521550807,93.2517903814703,6.743306170568758,0.726358,0.0,1.0
0.29262862,0.16083094,1.0023777,0.9221658,6.6184926,4.8945556,3.9425068,0.035895143,0.5646975,0.47689992,1395.8383558230355,102.63372003575091,-116.13651264416012,0.81610334,0.0,0.0
0.5933209,0.24375983,0.9694299,0.9876589,5.318664,8.615154,2.8472843,0.65730065,1.4439391,0.23947507,-1772.3576871516862,240.54914158774818,-137.81384813222076,0.9595329,1.0,1.0
0.7334901,0.18701908,0.9900268,1.0301502,10.36034,4.876709,4.7359548,1.6293204,0.5798861,0.47469762,697.9577157776021,83.15455193777802,267.75898049311786,0.80040604,1.0,0.0
0.32017586,0.108098686,1.0333974,1.0038639,6.437933,7.6076536,2.8547554,0.1621288,1.3827072,0.10117081,792.0810690511537,3.668359719316868,445.91704618421215,0.64805526,1.0,1.0
0.34119362,0.12560084,0.98123944,1.0022027,6.320193,3.5446107,6.6097274,0.31956574,0.15414853,1.158618,165.11672624015546,593.7854196845802,23.48661029290679,0.70622885,0.0,0.0
0.35464337,0.11368531,1.0657213,0.99732596,4.5137897,8.05304,3.0797162,0.023153923,1.4331764,0.2705118,-518.7805608128533,78.17298521406201,-100.9118232306796,0.7500438,1.0,1.0
0.34136236,0.15494207,1.00932,0.98518866,6.003568,8.650722,3.1380475,0.23312362,1.5247786,0.2563365,85.37645299020733,158.35584683756133,-41.64337126973396,0.83444685,1.0,0.0
0.4821044,0.2003637,0.98157346,0.9938782,5.5824327,9.104408,2.9470787,0.12762187,1.6545738,0.29755273,-13.019769407797867,145.24587969548293,-232.4487271525711,0.7759374,1.0,0.0
0.6030836,0.2286276,0.95549405,1.007317,6.1667104,8.331569,2.3001978,0.13441867,1.456967,0.047147807,594.4786667723256,138.983168172771,349.4585220679903,0.8252832,1.0,1.0
0.60014904,0.0921155,1.0822754,1.1019276,6.2499204,5.2549477,9.586542,0.599873,0.7622241,1.7857187,-658.4585256106379,17.825832648740516,103.45525891683383,0.73851866,0.0,0.0
0.5263603,0.15303276,0.987949,1.0057342,5.8494635,8.195463,3.0900743,0.22297697,1.4429809,0.2662877,-41.473165479658746,100.46233627074389,-79.24624519139024,0.7934831,1.0,1.0
0.36468044,0.12448122,1.0890176,1.081003,5.522387,6.3072658,5.885089,0.16860372,0.6176708,0.9373496,-223.05592576167282,592.5723721155186,63.47028088224897,1.1225653,1.0,0.0
0.41435996,0.019485805,1.042044,0.99568635,6.23673,4.2364736,9.382715,0.25938872,0.31944692,1.7757361,251.30326412416412,357.6129224850722,41.120836956123185,0.80095124,0.0,1.0
0.26259005,0.15111567,0.97252506,1.0092701,5.9094462,8.701876,3.2074466,0.4680709,1.5643643,0.23476408,-706.5602402278828,128.68686169829743,60.85172990706883,0.7783995,1.0,0.0
0.40006027,0.144277,1.0018206,0.95224863,7.495364,9.28398,2.9437168,0.71446514,1.7202598,0.31401962,241.71637787265036,118.2840657906413,-262.88439009387207,0.7132656,1.0,0.0
0.29123998,0.14670718,1.0413322,1.0774117,6.125099,8.739832,3.0827868,0.7804938,1.5665691,0.29210588,-1156.7646677921189,135.80260212096982,-149.8040504858261,0.7913913,1.0,1.0
0.26632354,0.13795982,1.0570713,1.0529845,8.007012,3.7329853,7.6503386,0.3996171,0.3740771,1.3264914,1344.1546349106175,43.05620005958485,92.33572872320929,0.6594454,0.0,0.0
0.4641448,0.10460077,1.0083345,1.018786,6.176483,8.786076,4.014301,0.71230173,1.5709538,0.5276545,-962.9725999895281,144.94727764931076,-142.8197261738626,0.8035789,1.0,0.0
0.29626927,0.0825628,1.0529273,0.99558777,6.5587344,4.0909777,5.4635553,0.8723187,0.14648454,0.8944222,-843.4496418562508,860.0041718315395,-8.61659049006039,0.82157505,0.0,0.0
0.24298795,0.14622733,1.0467175,1.0546656,8.511566,3.6141715,7.37559,0.6112584,0.118370794,1.2784332,1163.0131371348707,796.9821921436632,80.03984362545589,0.72778046,0.0,0.0
0.45141923,0.14211622,1.0569751,1.0347304,9.168443,4.2804914,8.43749,0.8460996,0.20400505,1.5268774,1068.607032652732,712.3698950785381,54.163945780967424,0.8485811,0.0,0.0
0.4508671,0.15302865,1.0484765,1.069363,6.206983,8.105326,3.1834974,0.7670576,1.4268016,0.30060145,-1040.2631039722419,94.08617989705726,-128.3442202898491,0.7853407,1.0,1.0
0.21057534,0.13796479,0.9287357,0.8967813,6.632831,4.8084826,4.100627,0.69861096,0.49428332,0.3520252,-464.52458303888125,191.30618288391088,155.49510049405876,0.84196216,0.0,0.0
0.3845159,0.1187633,1.0630031,1.0243013,8.116073,4.437306,9.434622,0.0041142297,0.54140544,1.7889704,2725.43988194357,13.534186020360266,38.58066715210043,0.717684,0.0,1.0
0.7342056,0.16295083,1.074948,1.0742277,9.068626,4.449906,10.2451515,1.0637295,0.47237426,1.9711642,737.9126756693395,128.29345418552475,67.91704891518702,0.7698275,0.0,1.0
0.34809732,0.1857394,0.9947247,0.97708774,8.326782,4.822416,5.3075347,0.8330603,0.4437398,0.46535668,628.4731654796592,276.96243932478865,552.3618544147741,0.8740011,1.0,0.0
0.41665748,0.22588865,0.9609197,0.99275106,4.467478,4.7324457,9.125762,0.16749988,0.35524026,1.6188093,-1046.758290341159,416.9566660441942,139.35858989813005,0.89538515,0.0,1.0
0.37545863,0.0803091,1.0174508,1.0093805,5.417308,4.2266536,8.946799,0.4818975,0.4722623,1.6874077,-1277.9680970266081,63.26451907985643,8.218812054582486,0.71556526,0.0,1.0
0.24883154,0.14813243,1.0193064,1.1198018,6.159895,9.154557,3.5344715,0.74653965,1.641174,0.17935854,-1048.841860456209,184.72504779345581,382.8177650059981,0.82839245,1.0,1.0
0.554345,0.15143579,1.0453941,0.9959617,5.0322337,9.091769,2.973632,0.25927526,1.6690563,0.38526633,-984.0345314482715,115.96925733718717,-360.3762253885434,0.7364483,1.0,0.0
0.8861452,0.09433097,1.001534,0.9297941,4.6134424,2.9430935,2.8186262,0.32709756,0.14104119,0.053711355,-1464.0336552899782,214.99144313315333,688.1900701070447,0.5832554,0.0,0.0
0.9048275,0.054098565,1.0555807,1.0557966,5.051002,3.3074262,1.3808773,0.23353878,0.019429343,0.08896085,-880.2857514373568,1126.9648723018802,-516.274332050819,0.67483425,0.0,1.0
0.6632891,0.067481995,1.038778,0.9843019,5.921002,3.1263857,2.5608506,0.5697155,0.144545,0.038786393,-934.927060716393,347.6569505635214,609.2462424604147,0.62088495,0.0,1.0
0.4806877,0.13510053,0.89184123,0.9015549,4.7042246,7.11192,2.8415568,0.22554143,1.2470545,0.29596037,-1106.4062318931224,16.05147151079518,-295.53233264274877,0.69823545,1.0,1.0
0.73806435,0.04004214,1.0208993,1.0322211,7.203901,10.40662,9.934237,0.33216223,1.9694222,1.8505616,955.3844605863012,180.90902285145603,141.83801538689613,0.6871485,1.0,1.0
0.8822462,0.050565053,1.0811515,1.0492375,4.5016475,7.9324493,7.154163,0.11835283,1.5002092,1.3377074,-843.949708181508,-29.6279467551567,-61.24624382590264,0.5267062,1.0,1.0
0.76492804,0.054961998,1.0325834,1.0076908,4.128453,3.975018,3.3961627,0.04141591,0.5587929,0.12474346,-749.0143902865842,-159.65563102093074,568.7387314777071,0.57715285,0.0,0.0
0.7081928,0.048834864,1.009535,0.9544515,7.0462456,2.6104765,2.7414157,0.85141426,0.028245637,0.0043925764,-377.9882381882958,456.09334142293903,931.898756971178,0.5320809,0.0,1.0
0.73417276,0.08871021,0.90575475,0.9917137,5.9597497,10.143217,11.101364,0.20234942,1.9515449,2.173617,136.39609498702157,75.57800799071993,48.26649420680042,0.5653783,1.0,0.0
0.53317916,0.068825975,0.94415325,1.0103294,8.234733,9.604688,10.476204,1.0283185,1.8282447,2.0340014,298.65832804050115,49.27363266395378,35.38667675755869,0.6016667,1.0,1.0
0.9131149,0.062054977,1.0913485,1.1027706,4.8376355,2.7965481,2.6852145,0.026520208,0.04245918,0.009190201,-332.72701394362423,553.6396307217385,862.6303050102323,0.5691958,0.0,0.0
0.8388114,0.10498297,1.0462548,1.0536839,9.001384,7.8928795,6.409238,1.1034003,1.4640604,1.1674347,660.5449790225357,-3.6985456648790205,-38.30437598164917,0.6024506,1.0,1.0
0.7947616,0.08374634,1.00841,1.0402292,6.0345883,10.319728,11.601112,0.29934275,2.0116353,2.2580478,-78.9336929893202,18.294430214632484,90.00783989224874,0.47125152,1.0,0.0
0.73607886,0.07666478,1.1442412,1.0863702,6.0859804,8.197812,6.0402575,0.30052963,1.5662646,1.0558871,-38.24471512714149,-40.28420319603447,-6.958850294789045,0.49474362,1.0,1.0
0.66322505,0.090138406,1.067095,0.9684373,5.3374953,3.0967832,2.68802,0.2193248,0.029043172,0.1024361,-583.2023034937595,904.3248222682844,329.0842571645675,0.63143283,0.0,1.0
0.8669874,0.06417136,1.0627574,1.024924,4.6132054,10.695486,10.98329,0.14607692,2.0816593,2.1341827,-889.915803309093,54.300203495226924,75.28086381508183,0.50252646,1.0,0.0
0.6738793,0.25074038,1.0329303,0.96220386,7.078864,2.8196435,2.5158882,1.0892674,0.10261005,0.025903895,-652.5621147159227,258.07247516956363,631.8876532450282,0.5659494,0.0,1.0
0.52041686,0.10137805,0.91184336,1.0421458,4.4683046,9.111801,10.453965,0.48603877,1.7506164,2.0028028,-2011.5767545849435,-1.1823736089454542,107.54735597365107,0.5167391,1.0,0.0
0.8851818,0.118052326,1.0102775,1.0629704,5.0205336,9.391374,9.727326,0.3194236,1.8105425,1.8602822,-1162.558864904716,9.174098648562904,36.25604283778421,0.51015955,1.0,0.0
0.8296589,0.045114927,1.0578855,1.0318806,8.026961,10.331492,12.223046,1.1144266,1.9810869,2.401672,53.97648161612278,102.03749197251454,51.24755263663246,0.59937847,1.0,0.0
0.83050007,0.060415708,1.1048181,1.050559,4.0540233,2.9457552,2.59489,0.19629133,0.091998264,0.11022525,-1311.3865898963081,435.5389145691503,223.0039175565214,0.59392345,0.0,1.0
0.6923131,0.07047114,1.0299672,1.0318435,6.2302327,2.3027432,2.421693,0.77107966,0.005554998,0.06556754,-1010.8851482478844,281.7368691654307,314.05029226349683,0.47001126,0.0,1.0
0.67150515,0.042330533,1.0931329,1.140709,8.20202,10.499598,11.6116295,0.6917051,2.0405362,2.251989,810.4084833745828,35.66710887942281,106.77792479426171,0.506082,1.0,0.0
0.86543965,0.09427417,1.0775484,1.0286857,8.158828,10.599044,11.199946,1.0463105,2.0687075,2.1871033,223.08983063408778,25.547890747854126,70.01894361839913,0.47218275,1.0,1.0
0.6210379,0.062953584,0.99844545,0.9149492,5.325575,2.3836634,1.9950795,0.19479331,0.050748702,0.0686047,-513.0889544757943,107.85490515980183,-55.57348303070381,0.4837986,0.0,0.0
0.7610717,0.028187694,1.0474162,0.9984501,3.9655962,2.6768413,2.0669076,0.008607675,0.034131575,0.0011491409,-680.8042066077145,490.13500522699337,427.50163089283427,0.5452964,0.0,1.0
0.7831853,0.08056383,1.0321574,1.0842535,3.8452334,5.7679935,3.0698037,0.12384591,0.95592123,0.09836643,-1099.1402498635634,-60.07233776417024,572.6453283411349,0.6590749,0.0,1.0
0.59499776,0.049549107,1.0260401,0.9617193,5.3541174,10.037306,10.956191,0.088912755,1.9429526,2.0811462,-112.93006618469371,35.91250056035187,200.2501647961426,0.51522213,1.0,0.0
0.55553603,0.117917515,1.0836979,1.078518,5.6903224,11.749165,11.603836,0.018969627,2.3059065,2.2811682,477.43675430381677,66.45642558475629,50.88569753911361,0.46155232,1.0,0.0
0.6518716,0.050976496,0.9888277,1.0408341,5.728901,10.364134,10.939904,0.25532454,2.022082,2.0903816,-284.8038296142943,14.162483384677671,157.93991009010824,0.46524504,1.0,0.0
0.6296107,0.12771326,1.0167577,0.9506794,5.501032,10.275713,11.122762,0.07047662,1.9969462,2.1673217,93.3171500063446,38.021285565232574,79.89026950100197,0.49562362,1.0,0.0
0.59341085,0.3189994,1.0258527,0.9870102,5.3354545,11.472875,10.529715,0.25381035,2.2530243,2.016537,-688.5061941937804,53.98073519567879,123.23710126761625,0.44365442,1.0,0.0
0.52801883,0.09368653,1.02832,1.0323837,6.7903023,4.3287597,2.9802847,0.6914939,0.4956003,0.415296,-318.92931219785305,54.3929882009154,-418.1012416633346,0.72450185,0.0,0.0
0.8136304,0.057796467,1.0481627,1.0151373,8.301284,5.705437,4.1641765,0.7226362,0.90823555,0.46486396,805.5258361905949,0.49711335970278014,1.3200516696851992,0.70503306,0.0,1.0
0.77742493,0.10567679,1.052953,1.1132637,4.1845465,3.2220962,2.9669816,0.06281754,0.2677537,0.29171273,-802.1946728910859,6.446267268854854,-200.82495185837047,0.5982475,0.0,1.0
0.5812952,0.14443827,1.0209736,0.9896294,8.901968,11.080335,11.426276,1.2438006,2.1682997,2.2268064,490.72613778533105,59.33491188148946,88.73285616704015,0.46707007,1.0,0.0
0.77287817,0.06758704,1.056995,1.1410547,5.488255,10.745441,12.083358,0.14821848,2.089161,2.357394,-191.20005201229947,60.965710925594976,68.53690597012246,0.5143635,1.0,1.0
0.78424627,0.048125166,0.9416974,1.0046378,5.177219,9.10447,9.291987,0.16524035,1.7449354,1.6764232,-536.5275885071815,3.4993402287045683,118.88439009387184,0.53116995,1.0,0.0
0.8041968,0.07742342,1.0814565,1.0102906,4.1729217,3.3176672,1.9137071,0.023832932,0.35710832,0.08099416,-671.7671740955461,-144.84078821612843,-192.02678146241772,0.57077277,0.0,1.0
0.80991894,0.04873843,1.0921273,0.99131006,6.891573,2.8530314,2.9319406,0.64263254,0.14120026,0.04557293,-135.55848791129574,117.10718355582605,803.2077055974574,0.5642602,0.0,0.0
0.60977346,0.05490516,0.90110976,1.0174929,5.891494,11.343679,11.664127,0.17576759,2.218419,2.2696729,157.14487499793677,71.50504480660311,89.48857146076989,0.48496106,1.0,0.0
0.72232115,0.055093747,0.9924896,0.97975886,5.391198,3.786257,3.333673,0.38056388,0.25290835,0.23027249,-1020.2469666086015,371.17312261945517,134.55911069144713,0.728488,0.0,0.0
0.28997394,0.22306794,0.84654224,0.9959074,7.734078,5.966079,4.8401623,0.38703915,1.0609136,0.646064,1189.9002872817787,-152.4878623702125,89.67080304105343,0.5573621,1.0,1.0
0.9726937,0.05617935,1.0973521,1.1474807,4.787685,11.007033,10.644341,0.49803513,2.125297,2.0361686,-1854.7137493977698,111.04903853370342,143.59569048300273,0.5856833,1.0,1.0
0.57633734,0.069883555,0.9663409,0.89229083,3.467396,3.7638943,3.1175878,0.053910147,0.21354458,0.24310279,-925.030904643645,483.55623441093326,-9.521228916599057,0.73674023,0.0,0.0
0.5942532,0.17955908,0.9101835,0.8239582,5.756954,2.187989,2.5545554,0.14633773,0.12611984,0.17806134,115.75978783577875,-409.03401426361893,-123.41215009199038,0.42767006,0.0,0.0
0.70355994,0.04142814,0.99656934,1.0262377,7.3483343,7.926972,7.1171627,0.7781403,1.4982904,1.3133469,-0.14262351647630567,-27.743687177829543,-29.228608335489753,0.5289547,1.0,1.0
0.8422889,0.041472606,1.0148588,1.017056,5.678707,11.802254,10.821233,0.2171075,2.3010614,2.0816839,-223.59364593542432,76.3406851620839,125.27106616868696,0.5370091,1.0,1.0
0.68518347,0.0618626,1.0129212,0.95731336,11.868085,6.86278,5.8959475,1.9005498,1.2357587,0.83762383,762.0081350070777,-39.29574975722335,184.899412059287,0.60965383,1.0,1.0
0.90505415,0.16044615,0.9719575,1.0328186,6.644334,2.1705031,2.5980692,0.52583903,0.031514656,0.15218352,-93.28537444393623,55.75884885330706,22.351403045758047,0.441883,0.0,0.0
0.8503378,0.0568135,0.92192423,0.9745918,8.84969,9.889527,9.950879,1.0931094,1.9154512,1.9367778,596.4646587186921,17.002783586252463,-10.755060888365279,0.5032781,1.0,1.0
0.8804035,0.06506414,1.025499,0.9468143,6.3534007,2.4914527,3.2207608,0.18168053,0.10316871,0.18555681,630.2385820190875,-63.89858972476827,234.2984965745195,0.49754575,0.0,0.0
0.71159595,0.043977503,0.9673079,1.0662259,6.5359154,9.30298,8.827442,0.023068182,1.7856632,1.6811408,1357.8816436147108,12.756278470822508,-21.927497553228477,0.5334878,1.0,1.0
0.6033374,0.10387139,1.0175554,1.0164168,5.4934835,2.961838,2.8410146,0.4451745,0.38364747,0.0075789946,-1099.6909797612025,-484.5097733553923,975.3167844220661,0.46065396,0.0,1.0
0.7229092,0.047056507,1.0256032,0.97757673,5.745902,10.27316,10.942228,0.011507053,2.0247805,2.096428,575.2493402615147,-44.54816555864045,144.2952334233628,0.3561611,1.0,0.0
0.6748233,0.048929095,1.1172465,1.0255461,5.137958,2.3166547,1.9926786,0.024337817,0.0001807728,0.06768051,-91.09158295067459,316.0713617350627,-51.698891265970246,0.4728851,0.0,0.0
0.82504,0.047886062,0.9877755,1.0324552,5.0964084,2.6369927,2.0499377,0.27806583,0.2435098,0.11016075,-985.9974989361033,-460.6370603392538,-222.01698381602307,0.47746313,0.0,0.0
0.71362805,0.06641807,0.95561534,0.94680303,4.4950347,10.827338,11.02585,0.19241206,2.1174858,2.1363811,-1113.4936836347665,46.643947054349155,93.38537067780362,0.46267337,1.0,0.0
0.85508144,0.059039664,1.0616987,1.0587239,7.018046,2.313412,2.6925902,0.36914322,0.0024024628,0.16955008,653.2144370593535,303.3607127917444,23.647288143511332,0.47221687,0.0,0.0
0.8099116,0.042167366,0.9854111,0.93828374,7.099347,9.594487,11.645867,0.7314842,1.8683921,2.2905002,-118.02927449851131,-37.2958184599197,51.22011949982516,0.44637182,1.0,0.0
0.9252787,0.05025132,1.1278541,1.1198335,5.582119,7.6270223,7.294862,0.65926176,1.4433748,1.2480727,-1502.9931181446364,-52.50872862358801,105.95297225314653,0.5036618,0.0,0.0
0.62004864,0.058820643,0.9568388,0.96434206,5.4744744,2.444561,2.3385553,0.07529425,0.07061511,0.042501617,43.09983488967441,53.29818273431465,411.6642699113029,0.49376178,0.0,1.0
0.8495964,0.045049492,1.0057702,1.0334382,11.58118,5.69209,4.754344,1.7958407,0.9628307,0.7076304,766.8742678340045,-102.60937607347978,-37.510777547583075,0.61994,0.0,1.0
0.6719052,0.06403536,0.9728543,1.0412449,5.722498,10.062746,11.30841,0.31936657,1.958351,2.213541,-477.89666047715195,8.127774998415134,58.16851910834157,0.47347978,1.0,0.0
0.6253548,0.055316128,0.97458345,0.95986307,7.479843,5.5266447,5.052627,0.39924392,0.9438104,0.7647655,957.1412481933103,-128.651039877534,4.600261079402117,0.5871666,1.0,1.0
0.56904227,0.15826972,0.99205846,1.0029366,4.4939156,3.0556881,2.3569896,0.29395184,0.06456884,0.04839052,-1430.0407867277786,679.1697136132559,381.5839303032568,0.6202486,0.0,0.0
0.48127055,0.09954362,1.0212518,1.0536994,12.769599,5.6020036,5.2472434,1.9926692,0.9286218,0.7625632,789.4396376006644,-71.4322877305749,95.49575421668033,0.639791,0.0,1.0
0.6127596,0.045233995,0.99009335,0.9850069,5.551652,2.845387,2.3177366,0.5254776,0.12580068,0.18669479,-1248.6231700163726,183.90811552504476,-337.6387993078474,0.5664429,0.0,0.0
0.7470288,0.051778357,0.9829271,1.0122541,6.2292104,8.6297865,7.7709436,0.04378304,1.6626564,1.4464835,979.0257698653377,-31.23328840248996,-28.508164022585333,0.47269425,1.0,1.0
0.79968613,0.05283664,0.99176174,0.9270693,4.586454,2.3084214,2.2865145,0.3865027,0.075331554,0.017353786,-1667.7753038630929,-88.0363098353173,501.98889422561876,0.4648897,0.0,0.0
0.86644053,0.073758006,1.0672444,1.0406481,5.687173,3.5849638,2.6973374,0.5964724,0.0162707,0.0315291,-1264.187663624739,1300.5019106111895,733.5982999115381,0.73158926,0.0,1.0
0.6191863,0.06439828,0.9128765,0.9616056,4.4004416,2.6276755,2.5440862,0.23572692,0.14606594,0.009687144,-1300.9077957129991,-122.11156859113316,747.7348118729543,0.5152385,0.0,1.0
0.8542129,0.1428905,1.0404489,1.0272229,6.1571126,2.5762563,3.336982,0.22893012,0.05154089,0.24071778,259.660701693414,293.08638600514723,103.2697573579569,0.5232385,0.0,0.0
0.8803233,0.039605275,1.1003304,1.1038814,5.728495,11.600423,10.643659,0.2365242,2.270732,2.0735843,-223.55661342325607,70.53050220337536,38.79033460016581,0.48580787,1.0,1.0
0.80891716,0.061604004,0.9196532,0.8850073,4.39382,2.5607893,2.0440958,0.14037183,0.065527,0.021577895,-987.7118749097301,199.40119445860125,267.3860203039625,0.51842296,0.0,0.0
0.9328377,0.060488146,1.1240499,1.135085,6.053574,6.2434664,7.308387,0.19474506,0.89083713,1.2252152,262.57324995176987,262.7158655066619,135.36773382190313,0.89305425,0.0,1.0
0.5511289,0.10248025,0.95700043,1.0050347,5.8297935,9.431117,10.68444,0.6227375,1.8279548,2.0636017,-1149.812835540134,-10.784237547382872,107.12149067874452,0.47480237,1.0,0.0
0.5667455,0.06892444,0.9135376,0.98702335,5.7366924,3.4202166,2.0504344,0.8314197,0.055856474,0.05310151,-1643.8780168100839,993.8386987525198,101.12736598941137,0.69581735,0.0,1.0
0.7118217,0.05410042,1.0305225,0.9515921,7.06909,3.1660976,2.4935875,1.0778139,0.21175186,0.02615404,-655.277866012716,137.20901314291518,607.929455990117,0.6090704,0.0,1.0
0.7714738,0.05074921,1.0534269,1.1025625,4.628935,2.999205,2.0117538,0.41714498,0.058061134,0.004240301,-1721.875266163751,662.2727253375424,366.8360528535448,0.6093355,0.0,0.0
0.867695,0.049183503,1.0599623,1.0400015,8.114293,9.767084,8.664497,0.7629659,1.882585,1.6143569,608.034531448272,27.601169815793583,24.17047754523037,0.53200793,1.0,1.0
0.84060735,0.061746605,1.0045326,1.0924413,6.9865756,2.894252,5.4765496,1.0756506,0.062445894,0.81552017,-729.966843874895,540.9961029792468,97.2305681378657,0.5873389,0.0,1.0
0.7569674,0.055060092,1.0632486,1.0356917,4.9130206,8.75381,6.515329,0.5089699,1.6549925,1.1822877,-1773.890904362518,25.30374990681912,-32.82364441312802,0.5828876,1.0,1.0
0.8023191,0.055899598,0.9874609,1.0641328,8.577808,8.514478,8.577929,0.97460717,1.6268787,1.5662987,590.2031796520532,-11.737913897235103,49.04180342783229,0.5134836,1.0,1.0
0.99324036,0.033512484,1.0991522,1.0407034,9.043694,8.926535,9.536362,1.2094485,1.712513,1.814743,586.1741547359784,0.8211040999503894,35.54213028914319,0.5150044,1.0,1.0
0.9411961,0.04274441,0.99956214,0.99328804,5.0772743,2.5790567,2.2105656,0.40370882,0.08170636,0.0127358725,-1386.7382713509242,139.77387312339158,456.0901352062092,0.519801,0.0,0.0
0.7031004,0.058933634,0.9954299,0.91012883,6.4102597,5.9325075,5.1334677,0.33526215,1.0142245,0.6398908,218.77580302796628,-86.91841124633947,237.3990851979761,0.6284359,1.0,1.0
0.81537837,0.034331985,1.0503519,1.0613264,7.36318,10.574565,10.847977,0.36746302,2.0499134,2.0768359,962.1742769074315,57.332616309790865,158.9784469530655,0.5310294,1.0,0.0
0.93388695,0.0879763,1.0445795,1.054516,9.900157,10.233346,11.615256,1.4270784,1.9808822,2.2590299,716.3954736506957,50.95068665551025,96.07054400988272,0.52535754,1.0,0.0
0.6113022,0.11487022,0.9351689,0.9653254,9.544506,6.101412,5.0077715,1.1964091,1.0647681,0.7532223,775.4450167218779,-96.28531663053536,7.119529510880966,0.60841143,0.0,1.0
0.5835869,0.1787463,0.80929315,1.063518,5.734835,9.769939,10.152659,0.19584891,1.8637482,1.906675,-89.724385468744,73.35696027206222,152.01175813151485,0.5990547,1.0,0.0
0.67783505,0.07165644,1.0226333,0.9786775,4.5175505,10.161355,10.421322,0.11854872,1.9807702,1.9752733,-838.2741170366362,11.921751549842156,154.14696401317588,0.46399003,1.0,0.0
0.6602403,0.050591256,0.92767805,1.0276986,5.050844,2.59326,2.2848227,0.38319084,0.13266613,0.108507045,-1342.1800330220651,-91.96341535389638,-4.267800286555939,0.5117368,0.0,0.0
0.89988387,0.062293243,1.066269,1.0575198,4.3909082,2.957565,2.262049,0.10407353,0.16054843,0.09740074,-858.933193824447,144.5956026432891,29.49901873332408,0.5810478,0.0,1.0
0.44393212,0.07122804,0.91717297,0.9461016,5.2802157,3.2332296,2.0958,0.09355878,0.16047053,0.14267221,-207.1741547359784,381.566667537621,-357.42194773838503,0.63933575,0.0,1.0
0.75611556,0.09792444,1.0352471,0.99206966,5.8353977,3.2442882,2.0022485,0.24261792,0.2855862,0.014924965,-111.43613296749027,-28.020172130731908,274.591768147275,0.5946434,0.0,1.0
0.7357523,0.18971106,0.8935345,0.88410145,5.606332,6.5320134,2.4010236,0.552639,1.1060133,0.24224903,-1253.1412481933098,-6.259859233763109,-468.64663715186543,0.7096233,1.0,1.0
0.56692815,0.07809098,1.0418409,1.0662754,6.065316,9.461137,9.5573435,0.005064661,1.8283811,1.7968503,932.1154730884417,-2.6974322303781264,72.95689185789979,0.4974384,1.0,1.0
0.98134685,0.058908433,1.0987281,1.1211811,5.5385146,7.41928,6.8398857,0.4454504,1.3591679,1.2839961,-1052.0153886163307,-12.141823239392124,-75.83474813927751,0.6076688,1.0,1.0
0.7529026,0.06293814,0.93173194,1.0483266,4.499611,3.6466625,1.9774728,0.36851346,0.41775173,0.07103211,-1658.1367452303896,-81.48431595862007,-79.34356793271536,0.61016506,0.0,0.0
0.8649254,0.07124913,0.9995999,1.0188581,6.490163,3.1016552,1.6317093,0.5243167,0.11279555,0.04931878,-240.63655673367975,475.2588145019588,-159.3324642065656,0.6225684,0.0,1.0
0.68001354,0.089692414,1.0016495,0.9951447,5.952495,9.35524,10.768382,0.12474813,1.8105037,2.1199057,402.5621147159227,-15.854836457105193,-22.304374616161567,0.48185512,1.0,0.0
0.62600327,0.1652897,1.0125166,0.9922287,7.0859923,9.141614,10.073145,0.70122105,1.6872035,1.98029,-62.8356051767023,112.75050519022807,-41.70672637901362,0.7188742,1.0,1.0
0.47831652,0.06929909,1.0090512,1.0774484,5.2148952,2.126632,1.640602,0.30057734,0.09858201,0.06290156,-949.9069195547058,-325.5640971551363,-251.2841296972137,0.42227575,0.0,0.0
0.5299407,0.10442489,1.1308709,1.0533482,8.269485,7.5280337,6.0871305,0.7763028,1.3230193,1.1137234,688.8306030489089,38.04799380189888,-54.662965197035646,0.7334791,1.0,1.0
0.75315845,0.11880285,1.044997,1.0862349,6.2658925,9.656886,11.088387,0.027754806,1.8705941,2.2043364,1072.9887373531692,-7.151142931578761,-28.270409715090864,0.49063703,1.0,0.0
0.5729751,0.0696697,1.0900178,1.069433,7.160239,7.6620927,5.542982,0.026567914,1.4252235,1.0021758,1922.6107816288115,-24.942755208610834,-91.31743951017552,0.57467806,1.0,1.0
0.86789155,0.122278936,1.0408213,1.0474824,5.6910577,2.794059,1.3818638,0.10777275,0.17008436,0.15614747,170.18728663131856,-51.44953886966107,-839.3350763660758,0.5432751,0.0,1.0
0.5957332,0.10484631,1.0545228,1.0864943,5.502328,10.065482,10.567252,0.47317448,1.9406182,2.0804715,-1176.1153509169885,55.76782503201093,-35.833440694034834,0.5463501,1.0,0.0
0.5852381,0.3051805,1.0045546,0.9712981,6.600075,3.0919683,1.5201627,0.7621699,0.24365124,0.07961525,-622.654446413907,-41.6081252335855,-416.2148938153173,0.5800905,0.0,1.0
0.5898159,0.08258087,0.94512373,0.9700141,4.919659,8.519883,9.921892,0.15894122,1.6095753,1.9490914,-716.648068962947,14.509773355392554,-50.23252657475496,0.5708214,1.0,0.0
0.7600351,0.11807967,1.0701976,1.0846113,5.365514,8.781025,9.39918,0.007673971,1.6695013,1.8065708,176.84461110254244,6.99819244285527,-7.708686181390021,0.55623496,1.0,0.0
0.586658,0.05094023,1.0238897,0.99410385,6.7639823,9.623534,11.829654,0.7873291,1.8400457,2.3479607,-524.0221430607107,35.968075199989926,35.265188127044894,0.57620186,1.0,0.0
0.41476303,0.07607957,1.0775133,1.1102794,5.1608214,3.0582125,1.8016645,0.13080622,0.23303945,0.16393661,-440.6016535315182,-31.620853931971624,-650.7707393073769,0.57716906,0.0,1.0
0.5948295,0.08593797,0.95909727,0.9457927,6.79592,2.8807218,1.5590645,0.4439821,0.14659618,0.1192789,251.62004237661904,117.03310693720766,-594.9928165613471,0.5686716,0.0,1.0
0.7666023,0.060520377,1.0383097,1.0409385,8.25686,9.752954,11.076286,0.36460754,1.8994949,2.1982775,1628.1341167555097,-27.95207490079747,-23.521226185623163,0.45268103,1.0,0.0
0.55445623,0.09471393,1.1196101,1.1285703,7.328362,9.996958,10.803658,0.71921295,1.9276663,2.1333919,87.14788046623698,30.928706967633843,-22.7818403025517,0.54166883,1.0,1.0
0.52111953,0.109640636,1.0610943,1.0481087,5.095791,2.5104382,1.9518064,0.13230425,0.09029248,0.0148933465,-508.8859022347249,13.394239040809452,228.57086677473058,0.5040867,0.0,0.0
0.5823626,0.079984486,0.99846035,0.9202216,4.987891,2.5219195,1.767701,0.31848988,0.17517276,0.0548605,-1185.2344560495876,-341.6972261222885,-122.60091616751134,0.48274133,0.0,1.0
0.5934291,0.0610239,0.9887412,0.9308088,4.1165104,5.410883,1.2775432,0.20325164,0.81488,0.04465508,-1313.9149271507995,9.706614517172056,-270.022209500531,0.7267771,0.0,1.0
0.47695944,0.07818024,1.0436186,0.9954385,6.087914,9.510496,10.480671,0.2381848,1.8019115,2.027435,154.49693344597313,74.5953965351996,61.88504381649318,0.6217386,1.0,0.0
0.856441,0.17287707,1.0919994,1.0513066,6.0079947,11.119766,11.330751,0.3460672,2.1648655,2.227457,-256.9296891912734,84.07449593047568,44.77465891212887,0.51974154,1.0,0.0
0.8113843,0.060975026,1.0388235,1.0663873,5.8430066,9.672152,10.441905,0.071773015,1.8810408,2.0366704,466.0462880204452,-19.514570606878806,0.61659185554754,0.46064502,1.0,0.0
0.6127763,0.15217094,0.9926318,1.0045981,5.3833513,9.802812,10.769214,0.3975742,1.855905,2.1136103,-1080.5611163861759,106.00973900404415,0.256696560405544,0.6450299,1.0,0.0
0.86173457,0.4304441,1.0234218,1.0075258,6.247571,10.804966,10.300481,0.58090794,2.111983,1.9628255,-614.117602398449,48.20992046932588,126.33181048394363,0.4670598,1.0,0.0
0.6508571,0.09822942,0.94143385,0.9642623,6.716005,4.679174,2.5682678,0.3643964,0.35455912,0.36158463,388.7963211830738,403.8409256215216,-587.0868720550532,0.8839274,0.0,0.0
0.56683224,0.058365732,0.88539606,0.93821126,6.8649282,5.0398498,3.4085138,0.3955387,0.76719433,0.4111526,443.4254968965165,-67.94268650591403,-221.26845264368967,0.667252,0.0,1.0
0.47860518,0.07019375,1.0241529,0.96798235,4.750506,3.7411923,2.1333966,0.38991508,0.12671252,0.23800136,-1583.3839614214276,821.110661264722,-683.9183549949428,0.75263757,0.0,1.0
0.7238311,0.15759958,0.9876648,0.9273686,7.8375163,10.383848,10.994313,0.9167031,2.0272586,2.173095,137.4236224084766,5.654380181036686,-12.754407165744851,0.46006662,1.0,0.0
0.46085468,0.049517337,1.0111948,0.9845153,6.245798,9.998106,11.670695,0.47531605,1.9481196,2.3036828,-376.4129863375024,-13.711343065961955,39.57544283308016,0.46020192,1.0,1.0
0.7522947,0.06601963,1.0027001,0.9660739,5.5469875,8.591023,8.875772,0.4923379,1.6038941,1.6227118,-1176.1452519913564,42.27829251004687,66.46309676085184,0.6289468,1.0,0.0
0.9884438,0.089653365,1.0720115,1.0676658,4.751894,3.746015,1.769515,0.30326462,0.4981495,0.13470551,-1309.5557372649628,-162.491271376412,-565.090791659806,0.5711394,0.0,1.0
0.8250916,0.07489152,1.0621544,1.0885537,6.5446696,3.0368886,1.5081364,0.31553498,0.28224146,0.008138426,397.06317937092626,-189.28058808174546,12.442192657332583,0.54890746,0.0,0.0
0.6003176,0.10322114,1.0096781,0.9804785,6.390114,10.6475315,11.4630575,0.15132998,2.0773778,2.2159615,771.2046771466726,31.097657755549335,129.27302597106427,0.47794983,1.0,0.0
0.56065726,0.08165493,1.0005648,1.019506,5.2463903,3.1642716,2.1529655,0.053466316,0.11186716,0.17656112,-104.70649578851658,543.0562687622815,-444.6211638174344,0.6357331,0.0,0.0
0.81123483,0.20673163,0.9967129,0.9909105,6.88969,5.851432,4.33765,0.059941605,0.9198724,0.5923526,1550.7383935223775,36.07581547306654,-88.02220813504346,0.7383857,1.0,1.0
0.37487525,0.02817193,0.9867134,1.0352292,6.079171,10.136598,10.399779,0.82513267,1.9842558,1.9824573,-1276.6071548241848,-15.817832499144515,126.4604846013417,0.4242071,1.0,1.0
0.5870605,0.08009909,1.0476131,1.0054729,4.4686275,3.0250413,2.672884,0.2731874,0.07250339,0.18939142,-1390.0912059572543,612.5585986853282,-82.32527871968114,0.613034,0.0,0.0
0.7667542,0.21117836,0.9917586,0.9603633,5.770733,2.5312421,2.1453419,0.18075983,0.014921348,0.12434998,12.549604156909027,448.18362444883945,-233.32397263992607,0.51646316,0.0,0.0
0.6752142,0.09106256,0.9921835,1.0071377,7.0477386,7.1794825,6.8555846,0.4510427,1.3572491,1.2596354,445.48304756379275,-66.22862855639642,-30.71260578614283,0.47835812,1.0,1.0
0.405919,0.053920146,1.0586431,1.0501459,6.144353,11.129185,10.362891,0.54420507,2.1600204,2.0279725,-654.9908666631763,91.95875550780329,-8.031350693329387,0.54835165,1.0,1.0
0.6981899,0.071605034,1.0549831,0.9973473,10.3303385,6.4593854,5.048886,1.5734522,1.0947174,0.7839125,720.7703017352997,-10.78069113579022,-29.709993626632695,0.7001043,1.0,1.0
0.21547268,0.1543374,0.80828977,0.8639985,6.691462,2.5695038,1.8169554,0.1987415,0.10952653,0.09847216,883.004752545357,-10.11734187172749,-336.3337702863207,0.51244706,0.0,0.0
1.0064727,0.07065706,1.0859627,1.0954363,7.8540287,9.23616,9.722547,0.7660119,1.7744099,1.8830665,405.06130488288636,11.119706146122553,-2.0333104957057913,0.5241416,1.0,1.0
0.5235025,0.08660891,0.9275061,0.91875273,6.5920296,2.1573722,2.480308,0.14541702,0.03787247,0.13184546,990.3952188287283,10.82944776302952,13.365772654039347,0.4386721,0.0,0.0
0.5530208,0.06182019,1.0680575,1.0494065,6.823991,8.8987465,8.646447,0.35016572,1.644622,1.6274295,549.7994488228273,82.89865842746485,-0.3905936313371967,0.6942666,1.0,1.0
0.6085027,0.122271,1.0044473,1.0082692,6.3046556,3.7832556,1.8384585,0.11807691,0.52468866,0.046132363,808.0369051011849,-196.01558098733494,-21.70868891236495,0.55642337,0.0,1.0
0.8194595,0.06442956,1.0518881,1.0081424,5.7479243,9.731969,10.494935,0.3155905,1.8837392,2.0427165,-433.59902505663786,2.7458453441345227,15.09732342406869,0.4999739,1.0,0.0
0.6539418,0.04510934,1.0975215,1.1072997,4.9311028,2.1800647,1.8873937,0.35143536,0.14122196,0.013969153,-1326.173777742558,-485.86388133850573,194.3618530492865,0.4210152,0.0,0.0
0.4472811,0.061360512,1.0423584,1.0185767,6.2801456,2.3485122,2.1287723,0.6051634,0.10246861,0.0564494,-630.7160008792298,-194.9853950417728,125.7544071657436,0.4678414,0.0,0.0
0.6852032,0.07503379,0.92956656,0.93067515,4.8716307,10.104048,10.616478,0.1346855,1.9764446,2.0826697,-682.1835376552388,-11.396534612507821,-1.645328341135155,0.42979914,1.0,0.0
0.86000514,0.056165546,1.0307821,1.0688666,6.9662714,2.4132464,1.7143838,0.04204566,0.13863872,0.11583872,1687.6612008582872,-293.26897281786023,-485.45264675732403,0.47184217,0.0,0.0
0.60358244,0.060776934,1.0606977,1.0050774,6.128949,8.986902,11.257572,0.40438664,1.727351,2.2367887,-316.72488463361697,-3.3687129413406183,-9.828215009527412,0.5070699,1.0,0.0
0.54523623,0.052016802,1.0925364,1.0667229,5.2283325,7.2741547,6.5170445,0.33216423,1.3023336,1.1943614,-1030.277743841263,-5.530708311464423,-44.51012382496174,0.66180027,0.0,0.0
0.6251845,0.07289482,1.0349731,1.0234691,5.555356,2.855429,1.4495947,0.2518033,0.2116563,0.0112097375,-457.5865144976242,-152.81992196275314,-32.05617440160164,0.541353,0.0,1.0
0.56399864,0.05316469,1.0004318,1.0398686,9.794464,5.1841283,4.4602475,1.4687432,0.82178956,0.65391904,671.5159541064613,-84.97509932047797,-120.07838048841359,0.64523035,0.0,1.0
0.7206001,0.06822192,1.008274,1.0102307,6.212962,9.385715,10.914943,0.0077309934,1.8173099,2.1598296,1078.1824066749782,-12.305069449409984,-19.548659322431376,0.47985524,1.0,0.0
0.57424736,0.098110795,1.040662,1.0062153,7.019561,5.383883,4.5279083,0.07214638,0.8027692,0.71105415,1619.7218791653168,17.0989772981402,-163.3853693123167,0.7324399,1.0,1.0
0.89101344,0.06957601,0.9818818,0.9342144,5.3093677,2.200116,1.571557,0.6210494,0.07647235,0.005320838,-1713.839608974749,-174.8048289899719,66.02416520644445,0.44226262,0.0,0.0
0.71405005,0.12020309,0.9780404,1.0166152,11.042598,4.9644785,4.7083135,1.6655716,0.78758067,0.7088519,750.6734670743954,-106.42185460388691,-71.44807342994977,0.61708194,0.0,1.0
0.7621136,0.049983058,0.9967829,1.0152063,4.3936963,2.2838898,1.8356947,0.19838004,0.015240505,0.13298343,-1193.333043027079,218.24149466017582,-505.446114993061,0.46593747,0.0,0.0
0.42118016,0.06289557,0.97646624,0.98211783,6.26853,7.922857,7.2508063,0.28331453,1.5216153,1.3927722,218.4206169401764,-61.78882869077961,-90.03396421832713,0.451333,1.0,1.0
0.61423695,0.065187566,0.9864297,0.9616779,4.9605227,2.757485,1.7161263,0.05940516,0.06570963,0.03635757,-352.93719762249395,375.5748050926103,-36.98367263757376,0.55885965,0.0,0.0
0.50831896,0.074532434,1.0006077,1.0073296,5.1150665,4.29735,1.9568824,0.26937485,0.15731189,0.022182258,-943.8471174059696,889.248381375271,187.53232991177333,0.8623742,0.0,1.0
0.87578744,0.12968157,1.0696352,1.0613136,5.1128736,2.7870991,1.957892,0.09137064,0.28710714,0.0633985,-348.55211046033605,-455.78869128538645,-58.20052420703604,0.48764566,0.0,1.0
0.8011121,0.07530597,0.8690119,0.93201995,6.556896,2.49939,1.9706547,0.09816744,0.0895003,0.18700643,1123.5951434300441,9.220628406800415,-638.5969965627585,0.50194174,0.0,0.0
0.45340943,0.057317987,1.0748,1.0913594,6.692498,10.857966,10.337688,0.56362176,2.129691,2.019873,-148.69635888241555,30.512000224394797,3.446114993060746,0.43329448,1.0,1.0
0.28551424,0.07558653,0.83462894,0.82486373,4.834849,1.7878883,1.6651541,0.18672572,0.07551419,0.032133464,-893.303141952711,-391.8916343069764,-52.35989734337309,0.35672027,0.0,0.0
0.47588035,0.063463725,1.0526497,1.1080985,5.5940537,5.9721556,6.4593782,0.13235249,0.7497959,1.1715039,-18.548106662289,320.53648159205864,-29.19986911892738,0.9489423,0.0,1.0
0.7265557,0.09922295,1.0076048,1.0120099,6.2183614,8.8778105,10.1792965,0.29563996,1.6869136,2.0098903,126.32378227927165,17.72157008455997,-59.13912343818265,0.56544906,1.0,0.0
0.6748869,0.079499975,1.0460347,1.0126051,5.5762973,3.9081254,2.012244,0.5043221,0.19689766,0.0006098472,-1165.3090202387975,611.6175823311655,387.41802540265667,0.77201647,0.0,1.0
0.7005459,0.06816759,0.90221596,0.9691573,7.2527313,3.2717955,1.6911243,0.7507164,0.35279304,0.079865396,-22.78831358697971,-165.30374990681935,-330.11038695259526,0.5624749,0.0,1.0
0.61078286,0.068311155,1.0584047,0.9921646,6.0810347,2.6185775,1.6042227,0.74424255,0.19910233,0.05795166,-1135.882020608131,-333.15093682348913,-244.97387499117912,0.4943811,0.0,0.0
0.5758273,0.06683404,1.0135893,1.076445,7.677773,8.967692,8.174504,0.43586832,1.7415438,1.5606456,1014.4861752035458,-31.790010827977312,-40.14630892506739,0.43756562,1.0,1.0
0.52807415,0.063013405,0.91816163,0.9453706,6.5038643,3.5221488,4.4218564,0.748553,0.20348708,0.7618088,-698.8150870215945,393.3409599728699,-305.5669499009532,0.6883058,0.0,1.0
0.55518734,0.041669216,1.0603852,1.0346795,5.8902555,8.107484,6.2056947,0.83606744,1.5139513,1.1285764,-1482.8244699408547,1.8639500412023153,-37.307641863780646,0.59266627,1.0,1.0
0.65811497,0.0680163,1.0332129,1.0459265,7.686512,7.886045,8.119662,0.64750963,1.4858375,1.5125874,523.8462412476765,-31.00410312884287,-3.1913775522875767,0.5399413,1.0,1.0
0.4146432,0.067745455,0.93083924,0.9623287,7.959955,8.213419,9.278361,0.88235086,1.5714717,1.7610316,289.37320317900094,-41.02378724502114,28.723710877779467,0.4882861,1.0,1.0
0.52820295,0.07743763,0.9592847,0.9260852,6.227431,2.4406528,1.6272498,0.73080635,0.05933483,0.06644723,-945.3670700709467,112.38846576021513,-281.82429950123674,0.4945019,0.0,0.0
0.53708106,0.06447883,1.0593251,1.0102311,6.755874,5.5826826,4.493958,0.6623597,0.87318337,0.58617944,-294.2907535651502,11.876747442284795,2.7687781395125057,0.710197,1.0,1.0
0.7133402,0.05785351,1.0290258,1.0393623,7.366771,9.84202,10.30692,0.040365465,1.9088721,2.0231245,2035.6210407063654,10.568757001229642,-20.386674026584387,0.49034584,1.0,0.0
0.7137365,0.09494948,1.0939027,1.0723702,8.3604355,9.649621,11.127542,1.0999808,1.839841,2.2053185,292.8560011603572,52.93914009432183,-7.1868042249134305,0.5947622,1.0,0.0
0.6466493,0.1265565,1.0631366,1.0509633,7.7281756,5.93464,5.267469,0.8693116,0.9237269,0.69951093,152.8479935642631,75.30729631841177,209.25930735442853,0.76070595,0.0,1.0
0.6710644,0.17365561,1.0551684,1.0299066,6.3099446,9.01744,9.87713,0.13124865,1.7227069,1.8529636,756.0739376133533,11.39980621331415,101.9843249947071,0.54471844,1.0,0.0
0.70008105,0.0787572,1.0659481,1.0804929,5.839064,9.625244,9.915943,0.4456463,1.839729,1.921562,-715.6775930438948,40.88126988298518,2.5760951902134366,0.57844067,1.0,0.0
0.54821163,0.068496935,0.9320124,0.9510208,5.8279495,3.1633363,2.7358065,0.7102884,0.2737073,0.05479569,-1323.0127601414506,-63.888225300777094,626.3572810873998,0.5821585,0.0,0.0
0.6270185,0.07174757,1.0069884,1.0378693,5.1263413,3.0853534,1.4757245,0.22302403,0.3015896,0.1511121,-792.1353699072231,-211.6602221643277,-789.6694983267863,0.5494504,0.0,1.0
0.66824514,0.05337133,0.96196187,1.0144179,6.9348974,2.9952466,2.1878855,0.3361767,0.12511566,0.12774724,695.7891897452735,336.85024531370846,-215.98955067921554,0.5979184,0.0,0.0
0.69521093,0.099796735,0.97837347,0.92897373,4.2224674,7.2095027,2.7647755,0.45908022,1.2664838,0.38492122,-2044.3964719804417,11.688043835494682,-491.4180281336321,0.70348537,1.0,0.0
0.25406867,0.03957199,1.0062916,0.98773044,7.7778926,10.279098,10.298793,0.09862344,1.9888515,1.9395225,2156.284121292223,54.6451291915464,167.41215009199004,0.53117746,1.0,0.0
0.93463486,0.034624927,1.0490487,1.0570568,4.734387,8.124133,7.433422,0.3518916,1.5196385,1.4266683,-1475.822595452815,-1.8466989021158042,-74.2397120616397,0.58697677,1.0,0.0
0.9297461,0.020626387,0.971364,1.0501132,4.255172,5.1426225,3.0535457,0.27495468,0.5782223,0.21370432,-1492.4022280950753,172.09668172644183,61.45133794659341,0.8681407,0.0,1.0
0.78601,0.027730534,1.0524706,1.0785488,6.3223267,2.8830185,2.1974928,0.6178755,0.04767498,0.09335343,-622.2041779817991,610.391943469111,-30.856304599930922,0.58647865,0.0,0.0
0.5849674,0.07801693,1.0435609,1.0106479,5.4073296,10.466011,11.428257,0.031189356,1.9709742,2.2625778,137.71787536726993,207.02476327412842,19.23775499023759,0.71934295,1.0,1.0
0.65145826,0.1283242,1.0785223,1.0588516,7.6583686,9.828124,10.816841,0.79477984,1.847674,2.1229622,222.05817724313283,143.4310368906804,1.8210336191045826,0.68448716,1.0,0.0
0.42746708,0.025509056,1.015224,1.0221198,3.8632314,3.380428,2.312493,0.20701857,0.06188852,0.07977065,-1389.145628984777,938.8514274509059,151.8478103023158,0.6871299,0.0,1.0
0.5312243,0.061471034,1.0392035,1.0191818,7.422827,8.101583,6.7089787,0.8698616,1.4834898,1.2563956,-77.81421086330101,32.85122134281619,-70.81711264886462,0.66511565,1.0,0.0
0.6682438,0.0792137,1.0546436,1.1131746,5.001221,10.548181,11.899911,0.065803975,2.0310647,2.3470087,-346.12773930454955,84.94373123771857,54.244286754501445,0.5821484,1.0,1.0
0.70142895,0.04445583,0.99765754,0.98415166,5.6166153,8.423049,6.237457,0.06699087,1.585694,1.144848,236.22344298519351,10.497044657006427,-47.91051578543693,0.5804852,1.0,0.0
0.8331045,0.028000519,0.9998281,0.9259382,4.1301365,1.8871249,1.7153196,0.014213971,0.009613829,0.013475254,-647.6837261519488,16.257701067457845,91.25734618656446,0.38508278,0.0,0.0
0.5317937,0.06539565,1.022222,1.0133603,5.4617996,10.788131,11.283971,0.3796157,2.1010888,2.2231436,-953.922557753473,61.660153461631126,26.586546559228736,0.50080866,1.0,1.0
0.42015427,0.17425264,0.9489105,0.93125975,5.645435,1.5441424,1.7568821,0.8557286,0.08318071,0.06305695,-1785.2858736088097,-470.8789056085903,-191.24232695212487,0.30354846,0.0,0.0
0.5875821,0.09928251,1.0273969,1.0030521,5.8293004,9.37823,10.691066,0.2525,1.7700458,2.0917637,-153.54635434570218,76.91716040644542,17.107121070463563,0.63326705,1.0,1.0
0.7933046,0.16301422,1.0880895,1.0534638,5.3648863,9.814806,10.004447,0.08588481,1.8299718,1.9492431,-92.34818206097316,170.38937308662616,-7.211625202210598,0.7248705,1.0,1.0
0.48566586,0.01637078,1.0468743,1.0347819,6.951772,10.536918,12.594572,0.88088787,2.0005162,2.4906328,-505.9913658280493,161.5131823615916,48.581974597342196,0.67623395,1.0,1.0
0.4976474,0.037772555,0.996322,0.9727646,4.870832,2.22092,2.0081913,0.037247445,0.072568916,0.021264408,-346.1214840250426,-144.41246620900358,248.30241481378485,0.44725224,0.0,0.0
0.53032684,0.014532413,0.97371835,0.87891704,5.7727127,2.7128913,1.3701619,0.53754085,0.013874345,0.023393309,-1031.7200046772768,634.8942733921577,-139.34226185296023,0.5535855,0.0,0.0
0.67029315,0.018888406,1.0137534,1.0070304,8.535388,10.555722,11.923013,0.45816633,2.0599654,2.3409495,1547.9145501573794,20.11386416283176,59.20248400941273,0.47155896,1.0,1.0
0.59906226,0.073877834,1.0559912,1.0191015,7.5712223,10.661363,11.536173,0.81277174,2.088137,2.276064,117.61016029248549,13.87890560859023,35.69758518621529,0.44049037,1.0,0.0
0.43121693,0.06725903,1.0359492,1.0196422,5.692553,2.7204041,1.9479187,0.038745467,0.07017805,0.15756555,415.22969826470046,335.09563699463746,-536.1678653857206,0.5506615,0.0,1.0
0.44959718,0.035064504,0.96682936,0.9797721,3.1218374,3.012327,1.818762,0.2249311,0.014702231,0.08781171,-1528.0952097553013,916.0678840261668,-282.4415430311743,0.61470556,0.0,0.0
0.43493766,0.07163683,0.94786566,0.9543849,4.722735,6.038059,2.263921,0.109692864,0.97535056,0.18732728,-694.448144361631,32.99826114555208,-386.55519381766953,0.72673476,0.0,0.0
0.45466438,0.04481476,1.0075946,1.03194,5.781319,10.352775,11.30347,0.14462602,1.962382,2.1701071,152.0306498216778,165.4749962664332,157.99477636372285,0.6741156,1.0,1.0
0.67859733,0.13548164,1.0449697,1.0186764,5.9349933,11.824395,11.98327,0.2525084,2.325336,2.370129,-40.208558773266304,56.977257486783856,42.850426558288746,0.43953797,1.0,1.0
0.7130696,0.017281437,1.0226129,1.0717256,5.1672597,10.446894,11.159667,0.021785766,2.0415113,2.1793425,-61.46953867503214,1.7828493020956557,68.60091616751015,0.45384338,1.0,1.0
0.5138711,0.11421336,0.9781501,1.0096271,5.612578,10.518756,11.460496,0.3040154,2.0163755,2.2562823,-543.5423505476554,109.7863270109915,45.98693851970529,0.61237144,1.0,1.0
0.8226199,0.4037129,1.014151,1.0190248,5.919907,11.553628,10.909877,0.48734912,2.2724535,2.1054976,-746.5499811503287,57.64624262604775,97.901373227151,0.42745346,1.0,1.0
0.7366351,0.06642781,0.9701478,1.0032887,5.376503,4.6410584,3.1365802,0.45795518,0.51502967,0.50425684,-1259.423245415056,100.49252221630604,-468.5721755854611,0.78814226,0.0,1.0
0.5309391,0.03044862,0.7987649,0.9090343,7.9010906,5.48735,4.006981,0.48909745,0.9276649,0.5538248,1028.8145878567216,-122.4901579419111,-179.12998087989718,0.5985035,0.0,0.0
0.38554472,0.06272177,0.99093217,0.98318106,4.8385215,4.2756844,2.79584,0.29635632,0.28718305,0.38067356,-1230.662831003421,447.24024382028165,-461.5434363688985,0.82208127,0.0,0.0
0.42327157,0.13956389,1.0202422,1.0492396,7.5765676,11.186037,11.775533,1.0102619,2.1877291,2.315767,-154.19129042936538,58.40551079121178,53.763555185980294,0.47755677,1.0,1.0
0.3332384,0.06101614,1.0664682,1.0658482,5.3322835,10.843031,12.375556,0.38175726,2.1085901,2.4463549,-1078.8957843188584,68.09418004665349,48.456566362076046,0.51710296,1.0,0.0
0.5526145,0.05026749,0.9839052,0.94836855,4.8638353,9.268094,9.551042,0.39877912,1.7643647,1.765384,-1526.5343429515615,39.569939138427344,120.87002048559043,0.57997864,1.0,1.0
0.9190261,0.03453713,1.0507668,1.0671813,3.846706,3.3850555,1.1125658,0.20970584,0.33767897,0.007966693,-1402.4164909706763,-66.11393286552811,-81.64141283284503,0.59888524,0.0,0.0
0.70517117,0.03189222,1.0624402,1.0294781,5.481948,3.0990808,2.4812696,0.40909377,0.12177092,0.13453378,-1019.9957466195165,435.32941341168123,-8.153495777439275,0.6202687,0.0,1.0
0.59843385,0.11172472,1.0635211,1.0959477,4.371394,11.442009,12.151208,0.057771195,2.2378485,2.3586338,-715.6261754846728,69.45990329365304,77.57870871521118,0.48821276,1.0,1.0
0.366239,0.039385412,1.0520464,1.0333241,4.662102,3.1766882,3.17023,0.1470251,0.27233768,0.31923333,-867.5512343020425,-45.032900829118034,-163.71717911351698,0.5858453,0.0,1.0
0.8406565,0.1916744,1.059208,1.0487237,5.9414477,6.074309,4.997724,0.15350038,1.0803429,0.7350248,293.2448372985946,-139.38832835482208,31.513389707092983,0.56710917,1.0,0.0
0.4278717,0.025841074,0.95899683,0.9611793,5.7472577,11.072621,10.996782,0.73157394,2.1447263,2.1251295,-1459.6914789260754,89.32218318310333,104.86283636419375,0.5629779,1.0,0.0
0.46918708,0.036810856,1.0262673,0.9975471,4.105647,3.6686342,3.2296064,0.17962863,0.23297392,0.33206365,-1237.801578132834,372.35021096236005,-156.21554617245124,0.71010435,0.0,1.0
0.5066538,0.11591324,1.0209998,1.0058508,4.957304,3.263566,2.5574024,0.08720105,0.14554918,0.2670222,-450.63243076417984,457.8016260918623,-417.0372314659462,0.64939874,0.0,1.0
0.6952455,0.071839884,1.0209848,1.0015411,6.794539,8.314189,7.4861155,0.5446015,1.5177197,1.4023077,-6.315275518304588,57.09543088654755,-33.783147747794374,0.6933886,1.0,0.0
0.4192514,0.016451979,1.034713,1.0054638,5.8013787,11.863319,11.183717,0.45064628,2.3204908,2.1706448,-781.8681347259503,69.86151706411147,109.01567773626812,0.5050327,1.0,0.0
0.6527025,0.02867672,0.9984818,1.0490161,10.322108,7.0888205,5.9170732,1.667011,1.255188,0.92658466,683.0112626468308,3.3697576731447043,84.26126715680493,0.6728036,1.0,0.0
0.49665177,0.12848333,0.9879965,1.0042682,4.9752464,2.9373052,2.4798572,0.29230028,0.050944,0.24114437,-1116.0809468797006,647.9706455824745,-405.70934126949874,0.5973162,0.0,1.0
0.9682205,0.052600347,1.0959862,1.0364968,8.643977,10.014473,10.334515,0.8595706,1.9348805,2.0257387,796.7676732604195,26.449538869660955,-13.240364418773424,0.52818877,1.0,0.0
0.39892116,0.014036094,0.8921545,0.8663401,4.618459,3.0239816,3.2725604,0.05185824,0.12259806,0.27451766,-560.0844515128742,381.38728362301765,-14.786414995413224,0.6044525,0.0,1.0
0.41705245,0.025548076,1.022561,0.9804277,6.4587917,9.626882,9.225803,0.25660697,1.8050926,1.7701017,493.88514824788444,111.79794227487673,3.9745273483126766,0.68367475,1.0,0.0
0.4291717,0.050548468,0.9451828,0.87426955,5.483181,3.2312772,2.1974177,0.2116357,0.36421815,0.09653985,-417.0385352463186,-225.43569673677393,-43.605488129398054,0.54485404,0.0,0.0
0.7304445,0.021833431,1.0265336,1.0044111,6.0810876,10.630349,11.197718,0.22203173,2.0442097,2.1853888,192.1756522305982,88.07220035877708,70.95623950076515,0.5963247,1.0,1.0
0.50157434,0.021790525,1.0355419,1.123853,5.0164375,2.7392578,1.8754419,0.2578766,0.019248571,0.15664136,-992.7368960277577,624.9070020905439,-581.2305695033538,0.55880344,0.0,1.0
0.6583409,0.01572516,1.0938237,1.0828807,5.195136,3.4026952,2.1520836,0.5116046,0.26293916,0.19912161,-1564.5129486381602,139.09904600083678,-550.3847169551827,0.6406348,0.0,1.0
0.5959575,0.03941857,0.98436433,0.9758942,5.1437645,10.938256,11.344065,0.041126717,2.1369152,2.2253418,-148.02777700389152,52.77241617540767,57.67015204940799,0.4780732,1.0,1.0
0.8306262,0.026807614,0.99691385,1.0648572,5.608902,2.0997248,2.523817,0.13560444,0.021831807,0.25851092,-13.156764220624154,62.19635314722558,-422.53886440701194,0.42802495,0.0,1.0
0.39353186,0.018520653,1.0835769,1.0861372,5.7757807,10.103615,12.004646,0.4979454,1.8878216,2.379461,-929.0515449702057,203.17987192915734,40.975834793554895,0.7355918,1.0,1.0
0.47216174,0.019489167,0.9658478,0.9610474,5.9141464,7.886659,7.4310427,0.425723,1.4628041,1.3370336,-579.039034411192,-3.7853509818837665,19.711953429008645,0.6022353,0.0,1.0
0.5069502,0.038379684,1.0885574,1.0282784,5.5434146,2.5300756,1.9269373,0.15824454,0.05118577,0.13146247,-161.66145568025422,246.99958068814271,-433.6760300910495,0.5138005,0.0,0.0
0.80216235,0.019167593,1.0860592,1.0747405,10.162368,5.9555893,4.9551826,1.562302,0.98226005,0.7965912,704.4191194455566,-15.712387797766041,-87.29196617574416,0.68763405,0.0,0.0
0.6642845,0.032072775,1.0412909,0.9986967,5.6894555,10.171769,11.640246,0.08582779,1.9777803,2.302502,247.3140223665912,24.661335598828373,34.512738715446176,0.4862485,1.0,1.0
0.4763328,0.021639464,1.0413356,1.0397131,4.762705,5.90252,5.2581954,0.16570516,0.9632397,0.8537264,-866.8386106450025,-15.55150586214313,-41.515349509469615,0.6965384,1.0,0.0
0.90139335,0.18477413,1.0300573,1.0533913,4.3108516,2.6082559,2.1096442,0.5274906,0.08399818,0.13735136,-2187.58300986445,145.2657699197506,-327.8399751892731,0.52546036,0.0,1.0
0.79998285,0.08858298,1.0307719,1.0214672,11.6416,5.730795,5.424139,1.7591304,0.94805115,0.85152406,779.1585165372112,-60.44849413785687,25.401045000352497,0.6573933,0.0,0.0
0.5490886,0.02573192,1.0130788,1.037492,4.776564,3.258202,2.3938713,0.2919388,0.14523003,0.27565563,-1263.4321291694437,458.7148207748578,-564.7237108777799,0.64835006,0.0,1.0
0.52917486,0.06469293,0.9900809,0.96238065,6.7407856,8.802748,8.001097,0.18975574,1.6820858,1.5354444,967.7504049165182,3.4032839222099938,-60.62704049358854,0.53045005,1.0,0.0
0.66725147,0.011886416,0.97221744,0.99877715,4.290236,2.212272,1.9709668,0.15296394,0.0947609,0.10631464,-1077.430753846277,-256.14279926849986,-265.49771538454445,0.44109976,0.0,1.0
0.466352,0.034103323,0.9243018,0.9164199,4.494686,4.2662144,2.2139728,0.36293364,0.0031586427,0.12048995,-1646.9060433964123,1644.447518108749,-154.78380283590297,0.87083143,0.0,0.0
0.6500993,0.08818796,1.0504285,1.0223366,4.818054,2.8284464,2.0341105,0.00218814,0.1266366,0.07927371,-264.6002782083516,166.0527910533856,-85.25669656040623,0.5627014,0.0,0.0
0.57226425,0.116809726,0.9090149,0.9363964,5.6486626,3.002305,3.156673,0.004608658,0.07097023,0.32967862,483.77767751600595,596.3271178399829,-192.25734891753996,0.60854733,0.0,1.0
0.5186505,0.026504127,1.0092353,1.0161213,6.9408965,11.698984,11.03527,0.47006297,2.2901614,2.1625452,302.12873763429616,70.1092043167373,37.70215714810183,0.48927066,1.0,0.0
0.3706324,0.033404596,0.96596646,0.9870736,5.4922323,3.3809297,1.80497,0.09316695,0.08495634,0.11053874,7.488049691585957,819.4393805537596,-407.91247695330105,0.6846607,0.0,1.0
0.42963213,0.0199602,0.96970445,0.8784678,5.561704,5.8624864,7.3106856,0.038793705,0.91026646,1.3141761,265.905289409572,63.583918676707526,21.813194409598964,0.75426894,0.0,0.0
0.65758127,0.09002713,0.99558866,1.0318071,4.9518833,9.713254,10.95431,0.38919875,1.8473841,2.1525626,-1428.3973481387352,70.3731666793442,16.158721461946698,0.61327666,1.0,1.0
0.46992794,0.03914881,1.0336801,1.0179552,5.5282636,2.9190164,1.541948,0.5978809,0.03642713,0.14206235,-1438.8364813349954,711.5979669176842,-718.5055532285626,0.59468067,0.0,0.0
0.46015573,0.014931204,0.98370105,0.9942473,6.20232,2.9546716,1.9318128,0.8442751,0.19232252,0.06280681,-1171.0685584921393,27.95207490079747,-72.30503106975806,0.5702845,0.0,0.0
0.48843682,0.024615455,1.0292217,0.9876372,4.482903,3.5898886,1.6112323,0.65068376,0.038631793,0.08472055,-2368.43800745553,1185.060928608375,-389.71326087425155,0.73172146,0.0,1.0
0.47717097,0.024176525,0.986081,0.92509866,7.9461284,9.914798,8.949078,0.5294271,1.9020144,1.7033178,962.119354715036,57.19260062754347,-4.467667357251685,0.57234,1.0,0.0
0.4273034,0.034758583,0.9562178,0.99548703,5.7418337,2.8843343,5.3450837,0.84211177,0.04301655,0.904481,-1658.081945209447,632.7843062500793,-54.40757676461635,0.5871231,0.0,0.0
0.46091515,0.034599315,1.0382276,1.0706234,5.87275,8.742467,6.841814,0.74250865,1.6744218,1.2712486,-1344.5709984703099,-9.828196923135692,-58.19007147253251,0.5139118,1.0,0.0
0.5070008,0.024336845,1.0441976,1.0496392,7.7337384,8.465255,8.89316,0.7410684,1.6463081,1.6552596,371.74002366751165,-57.01453625553086,30.36185578026152,0.40323097,1.0,0.0
0.24616712,0.024986217,0.87293875,0.9034017,8.202779,9.037073,9.895861,0.97590965,1.7319423,1.9037038,348.5409752244891,2.891703009673165,29.823645778615173,0.52749777,1.0,0.0
0.39372006,0.032619637,0.9306426,0.9575584,5.082367,2.6524122,1.9162295,0.63724756,0.1011357,0.076224975,-1940.314399360011,102.84099432421817,-152.84193499164957,0.5314908,0.0,1.0
0.52876306,0.020630712,1.0229485,1.0213453,6.612952,6.659058,5.074529,0.5688009,1.033654,0.7288517,-222.60265186126435,152.2679280860557,71.36708009928202,0.85712814,1.0,0.0
0.588495,0.027718898,1.047654,0.99988604,8.679221,10.681548,11.155084,0.13392425,2.0693426,2.1657968,2642.1408711998897,68.60576095919032,99.82756538336798,0.54164094,1.0,1.0
0.8507478,0.06121532,1.047657,1.0205063,9.614874,10.392709,11.93391,1.1935396,2.0003116,2.3479905,796.7426521423918,85.48424725592349,59.28608949959016,0.5765288,1.0,1.0
0.63457674,0.08797761,1.0698051,1.0297508,8.4124975,6.3254604,5.354147,0.96287036,1.0841974,0.8421831,496.7716770584666,-39.272587932149236,24.045721667097496,0.6653429,0.0,0.0
0.73142326,0.13716799,1.0431402,1.0547979,6.2734694,9.987733,10.421582,0.03768987,1.8831775,1.9956357,1055.554107119829,133.68797513279833,105.21293401294042,0.67994714,1.0,1.0
0.63875693,0.049394175,1.0627366,1.0378996,5.346172,10.405262,10.708981,0.3520875,2.0001996,2.064234,-981.1470043079435,93.4553121502554,119.1632934238337,0.5862848,1.0,1.0
0.53951824,0.011310441,1.0103045,1.0122464,4.195308,2.3392541,2.5882356,0.6167296,0.11323678,0.1974679,-2428.5553602715427,-248.6254450753686,-178.57282930808242,0.4633009,0.0,1.0
0.6328179,0.017378828,0.96293825,0.9640557,4.664253,2.2989948,1.4705063,0.12946524,0.1411191,0.008439891,-802.3040181110043,-405.97962176117846,-3.5369059701230015,0.44663146,0.0,0.0
0.7075459,0.1759459,1.0170659,1.0206847,7.966251,8.1018915,2.870101,0.7952569,1.3915994,0.257174,438.07156396044047,133.870905458994,-178.58066715210066,0.8472237,1.0,0.0
0.69489944,0.06502534,1.00937,1.0732776,7.1669745,10.930751,9.703752,0.23755325,2.1139672,1.8117753,1202.4835467286657,96.38353110333537,104.4585247989653,0.5686194,1.0,0.0
0.7893505,0.06151608,0.9652814,1.0563053,6.391185,8.585162,6.803201,0.68806833,1.6447542,1.298921,-681.658450211954,-16.07240646686705,-105.47942480602251,0.5030987,1.0,0.0
0.943447,0.058379162,1.0050015,0.9642494,6.4828353,5.4013715,2.8674498,0.61113137,0.7033379,0.08595707,-443.66245401000106,127.08972630864992,524.370344615926,0.83685195,0.0,1.0
0.8810799,0.04960562,1.0250926,1.0036355,7.4356027,1.989426,1.544909,0.2816988,0.17279065,0.034393813,1286.056047933126,-730.0444473903066,-124.12998224538461,0.36579826,0.0,0.0
0.86639404,0.1016604,1.0396069,1.0644711,7.603822,10.653969,10.874862,0.36736605,2.0960898,2.1348305,1149.49868576256,-7.629197595050755,13.322666560170546,0.39089805,1.0,1.0
0.5370056,0.14808345,0.9972314,1.1758004,7.4346805,10.152983,10.310954,0.4586031,1.9727896,1.995215,760.5901413022511,28.227309013806007,50.15022989530735,0.49098483,1.0,0.0
0.6493789,0.028875472,0.99445045,0.9665911,6.923616,3.022653,1.9557198,0.54319525,0.1870042,0.04797659,111.99574661951647,107.48911321010667,44.54212755816798,0.5867342,0.0,1.0
0.6003168,0.08554282,0.9886629,1.0371568,9.138657,8.528079,6.433142,0.5336849,1.6086054,1.1286483,1658.1996750188791,20.422968038387808,13.713259508763713,0.5787143,1.0,0.0
0.78809094,0.07708657,1.0570474,1.0186028,7.685005,11.058893,11.287582,0.27037272,2.1561804,2.2192614,1511.179656028645,69.7851448737947,37.41933557887387,0.50296086,1.0,1.0
0.8152715,0.07089987,1.0694313,1.074282,7.6829042,8.925619,5.844165,0.26918584,1.7108096,1.0171008,1514.8017003042874,3.676428571609449,-18.962116176920517,0.5202141,1.0,0.0
0.6921791,0.10490969,0.9964654,0.9453279,7.0493517,2.6412184,1.6315689,0.35039067,0.115501836,0.14122249,749.137244395263,39.57710066430866,-665.5473559736514,0.5260908,0.0,0.0
0.43279073,0.055302616,0.9299346,0.9778452,6.9164305,11.263875,10.722863,0.7157924,2.2262044,2.0953963,-262.9190531202994,29.99694160296167,28.25343067827407,0.3520907,1.0,1.0
0.60619116,0.28884843,1.0289327,0.98173356,7.633347,2.0115335,1.5122674,0.51955193,0.041934956,0.064690284,752.9721008246552,-96.44717459526606,-334.0751159717696,0.40836582,0.0,0.0
0.58318037,0.12503912,1.0361215,1.069915,4.3746414,9.700212,10.091163,0.083676696,1.8951615,1.9640164,-801.0371599231519,-46.35716638015174,5.436317346665874,0.4234376,1.0,1.0
0.7683905,0.18766269,1.0213195,1.0540911,5.8030457,10.025548,9.4499445,0.25029188,1.9550874,1.8214958,-174.2754923598029,-4.161576058266746,-9.269757357957133,0.45425975,1.0,1.0
0.6355289,0.04147964,1.0272921,1.0772815,8.571118,10.858494,11.956133,0.5447111,2.1256318,2.3628855,1357.0225200541313,43.16477895637581,45.725018323022596,0.45410675,1.0,1.0
0.577129,0.063806705,1.0171804,0.9787269,5.1377735,2.4953861,1.5838054,0.37342414,0.052546747,0.14901164,-1237.7186293541101,204.28893174482442,-723.8994134247748,0.5065374,0.0,0.0
0.63700694,0.06616709,1.009695,0.9762669,7.067504,2.2060897,2.1510522,0.20136417,0.13899001,0.104353935,1224.0449126972785,-461.2111026065238,-115.72763048253285,0.4273892,0.0,0.0
0.7360067,0.045016155,0.97098416,0.9795969,8.649178,11.064923,11.299522,0.12198963,2.185081,2.2132025,2672.4684076947715,22.2319001572032,59.08491361816414,0.35753992,1.0,1.0
0.7214064,0.098708406,1.0012056,1.0031837,8.803097,11.1633625,10.958783,0.476595,2.2132525,2.1483169,1635.275991524676,20.360369278261714,25.01241185413528,0.29989475,1.0,0.0
0.53854746,0.05984561,0.9861033,0.9605223,7.3301635,2.910389,1.5686536,0.37492216,0.19529371,0.029818311,905.9703485080686,-21.729638936852552,-88.71522067662801,0.5596455,0.0,1.0
0.4754411,0.06374065,0.94883937,0.96334493,6.1818438,2.1071076,1.3273246,0.5611078,0.11041343,0.039935533,-649.3853367445945,-396.00160144905476,-233.58654655923,0.41508657,0.0,0.0
0.53031135,0.09632891,0.99737966,1.0713811,6.397435,6.359566,2.3482237,0.44586957,1.1004663,0.059580043,-131.33979747145895,-48.54921029044499,300.17243461663173,0.6509107,0.0,0.0
0.48763973,0.054360215,0.9694342,1.0553132,6.9550643,10.694749,10.5609865,0.4808027,2.0874977,2.0423598,288.6673339663412,35.821035397254036,59.01371793389126,0.47594187,1.0,1.0
0.6476812,0.108925454,0.9343327,1.0245342,7.0718403,12.381439,11.465146,0.5886851,2.4504516,2.242382,144.3540603470601,61.2052606232337,75.44350283355016,0.3641316,1.0,1.0
0.81524146,0.03788581,1.051669,0.9471834,6.8335466,11.026737,10.800639,0.31439093,2.1666272,2.0515952,675.6852236465686,48.16130124748088,188.59895636513465,0.41992614,1.0,1.0
0.46265304,0.12065442,0.9799832,1.0179129,7.7170596,11.00298,10.887553,0.6401921,2.1414912,2.1285353,560.4013519367822,76.00389702075336,35.03004734454862,0.51704097,1.0,1.0
0.5692841,0.3193692,0.99680024,0.9389762,7.375989,12.130212,10.547926,0.82352585,2.3975692,1.9777504,-46.95833711392788,59.42401277019235,232.1887667582646,0.37824017,1.0,1.0
0.83491784,0.08409682,0.9897937,0.9853618,6.6215315,4.7471004,2.7984436,0.121778466,0.6401453,0.3765096,1108.7928165499002,-23.733185348444977,-457.6061404865318,0.715609,0.0,1.0
0.82003343,0.055291053,0.97754616,1.0407258,8.917514,6.156372,3.8969004,0.15292075,1.0527805,0.42607757,2699.2314505812874,-51.89295384956722,-74.66231283990192,0.6516723,0.0,0.0
0.455853,0.09990368,1.0010259,1.0327225,6.0569043,3.632434,2.6167886,0.632533,0.4122987,0.25292632,-927.3947196638546,-70.94727764931099,-329.8941877402667,0.6104923,0.0,0.0
0.66946334,0.17656252,1.0184011,1.0104163,8.266558,11.739725,11.225765,0.6740852,2.3128448,2.18802,882.5187047527943,54.71684153577007,79.08164773603312,0.41280937,1.0,1.0
0.5464558,0.089787416,1.0250932,1.0529311,7.45145,11.407812,11.730981,0.71793395,2.233706,2.3186076,194.4589026040585,62.25735755397545,39.86806204870118,0.47443482,1.0,0.0
0.9353018,0.07600912,1.0005798,1.045604,6.898789,9.7631645,8.902372,0.73495585,1.8894804,1.6376368,-312.9891143465893,3.2666772461616347,53.943828329373446,0.5027418,1.0,1.0
0.74881035,0.07180376,1.0296944,1.0011358,5.3315988,2.539562,1.7819752,0.5458825,0.2125633,0.11978055,-1518.2751153663826,-456.5884411174077,-467.9301124437138,0.47080588,0.0,0.0
0.5459117,0.057358563,0.99817127,0.9922338,7.0124807,2.403153,2.2039263,0.072917074,0.0033447463,0.0067865397,1609.0730614550598,372.50538832008533,490.19137618679974,0.49052966,0.0,1.0
0.7133453,0.097118676,1.0227637,1.0521718,7.716169,11.967004,11.4739,0.3939479,2.3629642,2.2308865,1153.7231323170304,54.8163755511614,103.87916577485157,0.38833004,1.0,1.0
0.62313575,0.035781775,0.9534181,0.96813697,5.9071555,3.4968386,2.6020877,0.1891516,0.39745337,0.19148609,135.07481377164686,-123.61278507967904,-142.05356087660402,0.58731914,0.0,1.0
0.689905,0.21477838,1.032198,1.0336425,8.3953705,6.632244,4.12754,0.18267632,1.2054586,0.6072776,2286.2519687363947,-81.10593271593189,-209.49967382143336,0.56488943,1.0,0.0
0.72343206,0.054626808,1.008054,1.0607089,7.5168953,11.505691,10.499453,1.0677506,2.269842,1.9973823,-272.70936860630263,47.501567097706356,150.2756381305735,0.3860241,1.0,0.0
0.75954366,0.020094132,1.02334,1.0295957,7.0832314,3.204355,2.9200635,0.5158053,0.35808957,0.20431639,320.89178052081206,-234.782918004792,14.90790226043896,0.5424554,0.0,1.0
0.61733466,0.19383556,1.0800592,1.0129234,8.318268,3.2739027,2.6850154,0.42337775,0.27066484,0.13927495,1495.5963965817582,36.70668321986841,128.28543304599327,0.6085143,0.0,1.0
0.6599302,0.0958222,1.0110936,1.0224134,7.4041715,8.667814,6.7896566,0.2084248,1.6428354,1.2745605,1488.8811444498378,14.811853110460106,-80.0646632372659,0.56488585,1.0,0.0
0.71600497,0.044571783,1.0194098,1.0828352,7.356006,12.4381485,10.529536,0.786823,2.4456065,2.0428975,-6.697734205582492,70.08952020055949,33.11822479661305,0.4647025,1.0,0.0
0.82388777,0.048367165,1.0730618,1.049415,10.362357,7.7907414,5.3058295,1.3308343,1.3803036,0.7988374,829.4119880077565,62.552619296644025,60.79163931443327,0.7378093,1.0,0.0
0.81894296,0.16598181,1.0338463,1.0456853,6.399631,2.1720862,2.3396187,0.04387643,0.17605966,0.11339713,1152.7013610102092,-634.6393559109522,8.2965367721431,0.4053308,0.0,1.0
0.7932957,0.07630447,1.0115591,1.0052519,8.655355,10.585066,9.859633,0.5233939,2.0599961,1.8979914,1458.687852121449,32.14279926849986,15.656434798259852,0.49808073,1.0,0.0
0.7970211,0.07190456,1.0220809,1.0380085,7.3792515,2.7163687,2.6970658,0.38803494,0.24771373,0.14677042,914.5892651439576,-396.31877417690384,106.95427696741433,0.4934828,0.0,1.0
0.7321163,0.048229095,1.0110005,1.0965961,7.057999,10.063714,8.590567,0.59278363,1.9302082,1.6423544,121.732016071418,75.16018781297907,-43.90986206281559,0.58222795,1.0,0.0
0.6831719,0.10779924,1.0738647,0.98555255,5.107071,2.8463032,2.1393003,0.12454101,0.23910247,0.031207396,-466.126863146256,-250.12895713561284,285.4937930488161,0.52726465,0.0,0.0
0.8691101,0.037050206,0.98928756,1.0744569,8.0933485,11.042046,10.819861,0.5582084,2.1693254,2.0576415,998.9256853932266,43.42171719849466,191.78706871803433,0.4221692,1.0,1.0
0.6555943,0.04889786,1.0227145,1.0112123,6.8992634,2.613479,1.8388933,0.59405327,0.14436424,0.028894119,-27.24121049396763,-125.42985475348314,78.18027246064995,0.5127234,0.0,1.0
0.79655784,0.04780273,1.0451987,1.0715492,7.3220778,3.1182377,2.334863,0.8477813,0.38805482,0.071374364,-133.37958062996086,-375.07574677036973,216.76093893000666,0.498278,0.0,1.0
0.5576082,0.05839463,1.001544,0.9894139,7.03034,11.523308,11.019794,0.37730342,2.2620308,2.0975947,646.0238953772978,61.27008625236158,185.35793754099632,0.45032576,1.0,1.0
0.8898743,0.05454162,0.9280948,0.96552384,7.3209095,2.3789551,2.2563384,0.20057227,0.14694747,0.13076368,1436.0315259799713,-373.9379579571241,-149.75963558122703,0.46186167,0.0,1.0
0.62486076,0.04073915,0.9623068,1.0072788,7.472136,10.411706,11.398732,0.1617687,2.012937,2.2517138,1701.743273478718,64.41017063730533,23.75702342171644,0.5441246,1.0,1.0
0.7598766,0.04505309,1.0603344,1.0461749,6.7214823,8.322785,7.1666555,0.0895463,1.5879197,1.2092865,1291.4211161050494,-22.358279814653088,117.97060774355941,0.5095555,0.0,1.0
0.60647905,0.050906178,1.0242814,1.0948998,6.488172,2.492514,1.6055135,0.49442124,0.07392989,0.0037152276,-174.11847855674205,84.76114442500545,95.77334873591155,0.50315607,0.0,0.0
0.7429395,0.030570654,0.9084146,0.90695035,10.023561,6.3604326,4.461003,1.2261252,1.1073757,0.668844,856.2678617571296,-61.144118811090266,-145.51404342971455,0.638947,0.0,0.0
0.77831924,0.055466417,0.98707175,0.9846735,7.015357,10.733836,11.01662,0.25034893,2.102896,2.1747546,1019.4000987850686,24.804828989972066,-2.64990030302215,0.44068843,1.0,1.0
0.58763605,0.03635705,0.963977,0.9566123,8.811957,6.5593147,4.8612714,0.17047155,1.0883554,0.72597915,2573.6464388178133,32.872087596191705,-21.758328135984357,0.7475425,1.0,0.0
0.5837012,0.21000916,1.032926,1.0337613,7.031274,3.6040292,2.4128833,0.8636673,0.20911385,0.009604127,-408.5299621600943,429.7749865578926,647.7139105004098,0.7040304,0.0,1.0
0.8429646,0.08907813,0.99908805,1.0322157,11.100598,6.311656,4.597969,1.4229537,1.0731668,0.7237768,850.0442913609527,-35.64874430583541,-153.86283499870638,0.67838115,0.0,0.0
0.76477176,0.046304774,1.067321,1.0235347,4.9330587,3.125047,1.9774239,0.044237882,0.2703457,0.14790839,-317.94745670004784,-91.32225188579969,-471.9830189149525,0.5751358,0.0,1.0
0.6593997,0.09383923,0.987003,1.0164486,7.1867433,9.267403,7.269285,0.52593243,1.8072014,1.4076971,392.0524211284992,-40.08631730245088,-104.67864088507213,0.42008552,1.0,0.0
0.682704,0.054384377,0.94068086,0.9500203,6.6302686,2.599161,2.1096256,0.18321276,0.21987657,0.021432605,897.5897643088306,-428.807193264367,319.32331618632924,0.4807544,0.0,1.0
0.51886964,0.060455848,1.0455215,1.0177623,6.183549,3.282581,1.7582294,0.026756927,0.1282743,0.0072572934,987.6241683461188,557.3421421100674,163.23317893188852,0.65713966,0.0,0.0
0.5859008,0.114396915,1.0249913,0.92736876,4.9227858,1.9040804,1.4871398,0.33398855,0.0015209297,0.048473537,-1271.5619925444696,56.2739074747399,-236.39516832419883,0.38866568,0.0,0.0
0.62285405,0.15142539,1.0119457,0.97653836,7.2460976,2.6105695,2.627249,0.34078535,0.1960859,0.20193139,962.8828967664244,-323.64283361984803,-171.1757032297387,0.49387208,0.0,1.0
0.58558106,0.052249655,0.97397614,1.0639697,6.8862953,12.244039,10.444956,0.80623966,2.415277,2.034798,-449.80795558379396,63.77123403820951,11.449380875192219,0.41217965,1.0,0.0
0.6828441,0.058879316,1.0005628,0.9862075,6.336144,2.949158,1.769294,0.42934364,0.21007201,0.017208498,-145.97210082465517,-42.13820812510312,87.94709148052993,0.5625195,0.0,1.0
0.6346028,0.04780308,1.0385022,1.1028423,7.296219,6.6387134,6.9968724,0.3749704,1.0353822,1.1864288,887.3081440805045,140.38366850872853,107.28086244959422,0.8483345,0.0,0.0
0.7136367,0.11462982,1.0807067,1.0309987,6.711329,10.011784,10.383058,0.05302204,1.9724998,2.0248153,1403.280117494176,-68.80162609186254,16.676030091049142,0.35159877,1.0,1.0
0.57209635,0.057088252,0.9995557,0.9896699,5.554513,2.834338,2.2836175,0.2617042,0.08868854,0.014315118,-498.99437129634975,339.1338230897959,521.4663599120086,0.57143205,0.0,0.0
0.5656114,0.051827736,0.98596376,0.97853994,7.0938754,1.9124407,1.8285705,0.5080984,0.06720686,0.06494043,351.77130006504603,-290.2805193790488,-155.03331322668078,0.38430187,0.0,0.0
0.6483016,0.050931063,1.0592545,1.0596447,7.537697,3.0435333,1.9718926,0.98686045,0.08648387,0.043026693,-155.37870447166733,552.670861399105,98.74787540148048,0.61495626,0.0,1.0
0.6956995,0.04311416,1.0059965,1.0183873,7.6566005,10.57334,8.497222,0.19325042,2.0271301,1.5755705,1733.5197030825407,113.59650996970049,7.418028133631651,0.61455005,1.0,0.0
0.8610688,0.057785567,1.0302162,1.0734599,6.8246903,2.4217978,4.9681826,0.5059351,0.08209912,0.77673376,117.3933443406886,-23.11038645393569,-52.898105979532374,0.48719427,0.0,0.0
0.5324295,0.06176776,1.0393845,1.0388851,7.504487,9.419771,6.284392,1.0786854,1.7995374,1.1435014,-297.9400704402801,44.36391568985391,-32.97321990307046,0.5691261,1.0,0.0
0.8300446,0.050364465,0.9783144,1.0024781,6.9412937,9.156268,8.122668,0.4048917,1.7714237,1.5275124,477.95070651125434,-23.024969382218387,-20.7733501013995,0.47384492,1.0,0.0
0.8213261,0.04962876,1.0340233,0.98426586,8.318531,9.707718,9.349534,0.63973296,1.8570579,1.7759566,982.0635563643464,44.09654432104844,26.162639701212356,0.5781864,1.0,0.0
0.89551646,0.060265053,1.0854529,1.0332506,8.099613,3.7761512,1.6785934,0.9734243,0.22625136,0.051522262,275.5142017898743,445.82937906033294,-150.1234504811215,0.7354017,0.0,1.0
0.73823804,0.048258305,1.0425458,1.0434715,9.46178,6.886938,4.803951,0.9049776,1.1587696,0.60110444,1070.9787330975828,46.44731200065917,134.37491794330026,0.7599682,1.0,0.0
0.87882245,0.053880043,1.0362769,1.0780649,7.924756,11.220098,10.378857,0.20225246,2.1944582,2.0380495,1898.058299414586,57.75273205922895,-35.29980265427503,0.47868708,1.0,1.0
0.7099395,0.08547973,0.98755383,1.0221125,8.408807,10.87473,11.269599,0.85736287,2.1254272,2.2202435,643.0786953982406,52.10690874503962,27.440236951419138,0.47098055,1.0,1.0
0.58688796,0.10385353,1.0363264,0.9663518,9.26455,6.9257984,5.500924,0.62669367,1.2093132,0.7144359,1511.8895290393516,5.096613023745249,268.76094029549427,0.6893756,0.0,0.0
0.7021426,0.16463476,1.0285997,1.0940241,6.7246275,10.2325735,9.894831,0.37386656,2.0082932,1.8678886,376.29475736319705,-18.023855947717493,88.52776068086177,0.40179443,1.0,1.0
0.69155943,0.07095075,1.0424113,0.9908469,5.6943803,10.78706,10.082359,0.6882642,2.1253152,1.9364868,-1430.3206546395181,12.077973639371521,57.22403773909036,0.37840387,1.0,1.0
0.714002,0.05020539,1.0185436,1.0233879,7.934339,2.8968744,1.9061565,0.9529063,0.011878891,0.069720656,174.7181301892374,823.6338574411441,-127.48987754052621,0.5911977,0.0,1.0
0.69618595,0.054831248,0.9685709,0.95171416,5.034486,1.9692084,1.666956,0.46564195,0.016003422,0.13618714,-1590.9381959522407,17.35723508284852,-630.9653834245396,0.401631,0.0,0.0
0.612136,0.17321445,1.0286026,1.0356338,8.015725,5.42801,8.550248,0.5577037,0.72236776,1.5546013,944.5878898207911,114.72629863334987,54.72828283966646,0.82709116,0.0,0.0
1.0010843,0.1483622,1.053995,1.1024255,5.130083,4.162636,5.572751,0.107188605,0.25315472,1.041747,-386.82610008598886,516.2309928307916,-122.29327225549969,0.8094585,0.0,0.0
0.72620195,0.10296828,0.9328575,0.99977446,3.602713,5.5429006,3.0115387,0.18412553,0.68826157,0.17121692,-1351.3834622565546,200.65569972362732,205.8981046140442,0.88696927,1.0,1.0
0.83890015,0.16308299,0.99892473,0.99146324,7.9256372,7.4043465,2.7336066,1.0769557,1.2188088,0.2915678,21.04654284241269,99.32809386909048,-348.8458532309148,0.85846204,1.0,0.0
0.49869642,0.18882811,0.9558146,0.98127973,5.478548,5.6295605,9.6341915,0.42789087,0.7044904,1.8776566,-1075.3366698317059,217.17653162565443,-32.179620103516754,0.8963881,0.0,1.0
0.4497791,0.23297773,1.022673,1.024924,9.21735,5.2090464,9.066195,1.25386,0.58119017,1.738041,613.7662979372531,189.24135725478254,-3.819724808375213,0.88245904,0.0,0.0
0.7011612,0.16234341,1.0481272,1.0668983,4.900482,7.392176,2.784774,0.25206164,1.2045953,0.30515057,-1040.8975366354452,112.86513217839956,-346.19791068203835,0.8748338,1.0,1.0
0.71346784,0.18442477,1.0873545,1.0780655,8.912726,4.1531405,5.1381736,1.3289418,0.21700595,0.8714743,447.0608057180134,623.9323907846197,-115.0137165684041,0.8183135,0.0,0.0
0.6435227,0.19854373,1.0553806,1.0301201,5.4391575,5.372922,10.053826,0.52488416,0.7645809,1.9620874,-1366.960965588808,52.94157307141313,-5.730893633689448,0.7706516,0.0,1.0
0.7539113,0.17657214,1.1080137,1.095287,5.638572,4.1335363,4.4571323,0.5260711,0.31921014,0.7599268,-1154.609783299065,326.5839873794039,-285.6505553911311,0.7783194,0.0,0.0
0.82665265,0.051249146,1.0606618,0.971009,5.9102464,7.3660994,2.8501432,0.44486624,1.2760977,0.3983965,-635.3665709060738,36.89058957517227,-458.9372965651107,0.75135404,1.0,0.0
0.70497096,0.18370333,1.0726011,1.0458367,4.6986146,5.7407465,9.494736,0.07946451,0.8346049,1.8382224,-606.4820492340459,116.4010570532082,-17.768124416891624,0.8047266,0.0,1.0
0.5978345,0.08098045,0.9803417,0.9638884,7.5843296,7.6604395,2.710178,1.3148088,1.3496646,0.32186428,-426.3171500063445,53.65563102093074,-425.50816538807294,0.74000216,1.0,0.0
0.36510393,0.18932545,0.93667287,0.9933257,6.3142023,5.0405173,8.96767,0.7115802,0.503562,1.7068424,-816.3103955619645,241.8559498916061,-5.384061867073797,0.89133435,0.0,1.0
0.85653013,0.22163787,1.0525401,1.0276634,6.209869,5.1126165,8.324123,0.544965,0.563488,1.5643218,-586.9640932285615,179.57584982441472,-15.020900689800783,0.8708444,0.0,1.0
0.68249774,0.1501126,1.0430537,1.0650668,8.335327,5.7475843,10.674165,1.3399681,0.7340324,2.1057117,94.43876144237083,232.01564969003152,-36.056824027760285,0.90288055,0.0,1.0
0.80662817,0.17153026,1.0710474,1.0996498,5.3266635,7.779465,2.9526348,0.42183277,1.3390527,0.40618563,-1202.105967997728,94.42415017558551,-412.51926911422265,0.8086388,1.0,0.0
0.5325622,0.11636268,0.9679681,0.96078384,7.929904,7.5037336,2.8806882,0.9966211,1.2526095,0.36152792,126.35043354243317,90.28295235614041,-380.1077734275975,0.84360975,1.0,0.0
0.7650401,0.15241145,1.0693812,1.0833306,8.396792,5.4624066,10.064635,0.9172465,0.79348165,1.9560285,529.7748046982197,55.80962624145832,14.018289895777798,0.76641905,0.0,1.0
0.6982538,0.17195778,1.1009526,1.0920303,8.828567,5.5526643,9.714774,1.2718519,0.82165307,1.8911428,427.53559610327557,62.93809536251729,-18.740691280083865,0.7625133,0.0,0.0
0.62639946,0.18839934,1.0306383,1.0207962,5.9121027,7.045863,2.4760678,0.42033476,1.1963058,0.22735567,-566.8083325772141,50.604716227386234,-363.6708044065415,0.76008505,1.0,1.0
0.6061885,0.16259778,1.0110233,0.9741873,4.1382017,7.697814,2.7482958,0.23414911,1.281186,0.2971095,-1397.6101602924853,121.97739489217656,-360.4696285251157,0.8713112,1.0,0.0
0.6620858,0.18954219,0.9883783,0.9983517,4.8784113,3.7367594,2.271477,0.34938735,0.29113325,0.19759394,-1358.5517334669157,229.61640019396805,-427.5310265629937,0.7025076,1.0,0.0
0.63354254,0.15720817,1.0089602,0.98469967,5.611634,5.4737754,9.386653,0.3144542,0.6958982,1.7851859,-580.6391852085599,159.85824546330446,28.43435754428947,0.8625388,0.0,1.0
0.56228036,0.24106346,1.0682795,1.0775172,5.804585,6.5270643,10.222073,0.2065718,1.0588522,1.9852079,-40.82122012964828,69.39639720711466,14.669498326785742,0.77924556,0.0,1.0
0.8374167,0.15378505,1.0338076,1.0551682,5.8498964,5.0923963,9.404266,0.480866,0.7750276,1.7944213,-804.6570748887871,-58.68227055490047,12.894187740266261,0.67440736,0.0,1.0
0.5803179,0.23497112,0.9974265,1.0058465,4.843877,5.4813194,9.646042,0.1550648,0.74989176,1.8713613,-769.3905936943552,103.56541669772696,-17.367732456416434,0.81615007,0.0,1.0
0.49597636,0.4443938,1.038249,0.9874127,5.3640504,6.1831164,9.073168,0.028268926,1.0059698,1.7205765,103.32653292560497,48.53182174596532,10.908557348547674,0.7340399,0.0,1.0
0.57259625,0.19526371,0.91775316,0.93135285,6.5189176,5.6239185,2.2032673,0.9170354,0.7514542,0.11933561,-965.9007864466516,168.59435180339506,-159.97191518880265,0.85419005,1.0,1.0
0.653584,0.1573283,0.9749195,0.9490967,8.528839,4.3632917,3.417879,0.94817764,0.33881894,0.16890359,582.0157656097513,345.0018075571445,400.5427812807893,0.8207811,1.0,0.0
0.65619963,0.1605046,1.0659729,1.0796082,4.4709954,6.715521,2.6224937,0.1627239,0.97930074,0.0042476584,-1020.5677486591035,274.2008068852292,855.8569542260892,0.93813807,1.0,0.0
0.61994874,0.16672264,1.0116506,0.989315,8.856997,5.677587,9.834664,1.4693421,0.92124534,1.9308459,344.85374967889675,-38.721638787256325,-59.00587735889803,0.6775468,0.0,1.0
0.66308105,0.16387463,1.0671166,1.0925066,4.595511,5.591766,10.530703,0.07732295,0.8421064,2.0614338,-660.1978005308395,54.690408109890086,-3.98301618397727,0.75108993,0.0,0.0
0.766172,0.1702049,0.96908927,1.0041885,4.219607,4.579719,7.8526826,0.06030108,0.49788088,1.3804628,-782.2482197603151,114.47979351791992,74.63161382096223,0.7846627,0.0,1.0
0.92987746,0.12366926,1.0436617,0.98230875,4.1989856,9.128739,2.6192586,0.24937436,1.6041628,0.37695453,-1428.2888790771103,220.33616272138352,-578.5643377414431,0.8897664,1.0,0.0
0.76675004,0.16525654,1.0934724,1.0964985,7.0630207,8.291571,2.7173424,0.86817396,1.3882548,0.25038746,-381.1653931530441,187.8130352476578,-253.06139872062204,0.9257623,1.0,1.0
0.66696656,0.20223056,0.99624085,1.0170429,4.909284,6.2160482,10.369173,0.401309,0.9713646,1.9737124,-1492.1563872272036,116.79571540587494,129.08425989554235,0.79189974,0.0,1.0
0.60278636,0.16887613,1.0206084,0.97880614,5.739012,6.3688707,2.601706,0.6061053,0.9941461,0.065687895,-1223.0270230170509,140.9820547382701,460.07119363604124,0.81277186,1.0,1.0
0.40160686,0.3026978,0.9008446,0.9247904,6.353622,4.023055,4.1564713,0.6125806,0.18614088,0.3501036,-575.9600894305149,689.4023078931021,183.39059363133674,0.7989254,0.0,0.0
0.74977964,0.14686112,1.0726644,1.0713414,4.2271705,5.904801,9.183439,0.27249372,0.87824255,1.7402083,-1491.4423882469973,133.07929318196238,28.2011765641696,0.80581033,0.0,0.0
0.6532987,0.17165694,1.0109328,0.96388376,3.42527,6.9053535,2.9256783,0.27945158,1.0335099,0.052857596,-1677.9707255014887,229.2389929803876,762.0437604992337,0.93497634,1.0,1.0
0.6986277,0.056847945,0.9768202,0.9591354,4.9016256,6.9039745,2.918934,0.37187916,1.1209346,0.11789904,-1406.4209939335963,89.37671309093685,391.8190710857532,0.8229142,1.0,1.0
0.6103045,0.19095364,1.0508986,1.0262908,7.6562557,4.8538833,5.84143,1.0036817,0.2512359,1.0173864,-85.23145058128694,720.9995119854461,-20.94121480437616,0.9570396,0.0,0.0
0.6821012,0.13280794,1.0349053,1.0603774,5.0200615,6.6669173,9.281636,0.008433936,1.054007,1.7857236,-138.14200218015026,124.16491636176943,-4.5238397106218144,0.8335295,0.0,0.0
0.7573094,0.162743,0.987595,0.9866864,12.281968,3.242695,4.73304,2.1260912,0.011295835,0.5416634,755.5333446218156,1127.5181170184715,176.57739990448113,0.66181195,0.0,0.0
0.63821495,0.20335674,0.82225335,0.9309886,6.8627005,7.381948,2.6420825,0.7513805,1.2155398,0.14377686,-370.43713129723665,98.24128855208619,85.66165775179263,0.8552468,1.0,1.0
0.8483744,0.157953,1.0571535,1.0537405,10.127346,4.7269497,8.754023,1.3186508,0.66839665,1.6408175,804.3584411385273,-58.92300238973621,5.048335192095692,0.6823733,0.0,0.0
0.6756037,0.06388094,0.936666,0.9093507,5.0802884,7.0347433,3.0627604,0.40722197,1.1438857,0.11040357,-1393.3469289092595,101.0132854156368,504.0666216741546,0.8360559,1.0,1.0
0.6567837,0.14577144,1.0382041,1.0364004,6.514348,4.809594,7.57956,0.20247325,0.53860873,1.3851805,714.0716861318933,120.44738070335575,10.777923428773192,0.81342155,0.0,0.0
0.6301609,0.08334543,0.9893384,1.0265901,6.745263,8.981269,2.9382184,0.6707159,1.6307019,0.28838137,-321.197046543999,133.40676163110584,-214.97126146618143,0.7687508,1.0,0.0
0.8994543,0.15310434,1.0520109,1.0656985,5.8767314,5.499491,9.543364,0.23704849,0.777726,1.8004675,-56.543226705948655,89.40453476210405,60.1032014657103,0.79380304,0.0,1.0
0.63002306,0.15739754,1.0280274,1.0372752,4.131817,7.1424284,2.600502,0.20120361,1.2472352,0.22827987,-1298.2928828751571,20.08040661646328,-258.6081002889082,0.71076214,1.0,1.0
0.60243,0.14731048,1.0382054,1.0460831,4.7988677,6.314262,2.626688,0.052524384,1.0035447,0.18579963,-458.7332692231312,97.44501642896057,-102.65970068039178,0.78242034,1.0,1.0
0.6663121,0.17013143,0.97802067,0.97881633,4.402572,5.315306,9.510757,0.4179535,0.8704313,1.8404206,-1850.5240838740078,-97.2100578747195,-15.642716181625019,0.62287015,0.0,1.0
0.779953,0.151827,1.0696719,1.0714881,6.2031503,7.0699525,2.5603716,0.59468466,1.244652,0.1264103,-700.5656193490963,10.964666193790435,108.86413971297361,0.6848133,1.0,1.0
0.70376086,0.15340538,1.007964,1.0186388,7.0609155,5.5416203,10.14907,0.9570256,0.6213377,1.9945397,-518.2550963761482,266.65917743252317,-43.91247422232573,0.9367062,0.0,1.0
0.7757612,0.15045156,1.071436,1.1016164,6.6256337,3.4336252,5.460285,0.88480324,0.19632028,0.95211244,-808.6000233863842,377.38610148582006,-79.17439578449603,0.67163485,1.0,1.0
0.6394858,0.15733795,1.0297397,0.99033517,5.3946853,7.6171193,2.5270576,0.30083567,1.3176696,0.25345877,-771.56912398227,63.96118848489459,-406.8105822500893,0.78033584,1.0,0.0
0.87096655,0.14915998,1.0439123,1.0266826,11.8547,4.6114454,3.9434898,2.021382,0.28422374,0.41167003,740.8042066077146,543.8930225522636,-16.247551271145312,0.89549446,1.0,0.0
0.68941426,0.15476175,0.9473418,0.97159696,6.1085987,5.094787,9.779579,0.544908,0.71129656,1.9175806,-692.3018888009974,6.408012470999893,-48.57021441759707,0.7446555,0.0,1.0
0.6150775,0.08954262,1.0071983,0.96546006,6.6370955,3.8090088,3.6262846,0.62478536,0.30324408,0.46880513,-323.7860621055197,235.48445336401323,-229.4500332323264,0.7132562,0.0,0.0
0.63298553,0.2753845,1.0018437,0.9975946,2.9290552,6.818885,2.4698925,0.0684104,1.1824856,0.24756986,-998.3986012904488,-1.7714401462999376,-431.2495110735217,0.69343305,1.0,1.0
0.53855306,0.20966434,0.9584096,0.970022,13.108498,4.7038684,4.5853477,2.2182107,0.31843263,0.46660286,774.9246870634802,489.5261171680677,203.42455853240722,0.9034977,1.0,0.0
0.7283266,0.15329513,1.0119162,0.9967241,6.3413076,6.8804393,2.4970615,0.751019,1.1212537,0.109265596,-860.4505180145443,77.40564819660494,149.79490383107725,0.8142019,1.0,1.0
0.53277385,0.16986646,0.97804314,1.002333,6.4174047,4.3458853,6.3037896,0.26932448,0.41560197,1.1505232,418.81508702159454,189.4288787243754,-39.80600892271514,0.77911794,0.0,0.0
0.7071146,0.09664874,0.9600494,1.0030835,4.6764984,6.832483,2.4319506,0.61204416,1.1717229,0.2786066,-2178.973476147822,12.939208797018182,-542.5355985248802,0.7176193,1.0,1.0
0.6986773,0.16857177,1.0405782,1.036682,6.8414297,8.343345,2.7803886,0.82201385,1.2633252,0.26443127,-503.98511054854225,324.5723034128223,-250.30894930902332,1.1126477,1.0,0.0
0.4779334,0.21163173,1.0371933,1.0442393,5.7135973,7.979444,2.4442267,0.46126837,1.3931204,0.30564752,-911.0319029733914,96.01558098733494,-596.1561079369494,0.7945627,1.0,0.0
0.65680486,0.18877019,0.97085345,0.96883017,5.128277,7.0262923,2.2269602,0.45447156,1.1955136,0.05524259,-1479.8145878567211,44.57578112171814,224.5244920677551,0.75380874,1.0,1.0
0.7298417,0.15237041,1.0461346,1.0750806,5.6695585,6.219902,9.215783,0.010982765,1.0236775,1.7776239,487.89815797177164,22.689225972692384,-7.8164589262432855,0.7213786,0.0,0.0
0.65734667,0.16927949,0.998885,0.97425693,5.3462133,6.8824816,2.5476918,0.36591327,1.1815275,0.27438247,-1024.5147009547472,19.199624748031965,-441.8073163679576,0.7207743,1.0,1.0
0.73722595,0.147327,1.0653821,1.136516,5.458655,4.9709144,5.52591,0.4202865,0.35621735,0.92925483,-1074.1461281496504,484.07240646686705,-34.65512735301763,0.94731456,1.0,0.0
0.5973808,0.1795657,0.98550063,1.0336497,6.7467318,5.090445,9.18327,0.84827894,0.5809004,1.7676413,-638.7039894850891,145.21242214911445,-7.067275396776495,0.8533391,0.0,1.0
0.577789,0.17022254,0.9806589,1.0141087,7.1570644,7.84287,2.2520368,1.056961,1.3029109,0.24285887,-542.8030756274538,146.49822679420367,-586.5630316616878,0.89142185,1.0,0.0
0.545191,0.14084145,1.0070789,1.0254945,8.66055,8.525901,2.9008796,1.3033553,1.4588063,0.3221144,334.6293031244263,198.0699734897753,-307.48726401552835,0.9011123,1.0,0.0
0.7171269,0.16070123,1.0526645,1.0559642,3.4828598,7.961216,2.4579203,0.19160356,1.3051156,0.30020067,-1391.2094349315598,168.55609700553987,-576.3651216623934,0.9308999,1.0,1.0
0.7050157,0.15749897,1.0870515,1.0483354,9.153086,4.9966226,7.44687,0.98850733,0.63553053,1.3183966,858.6346822456399,56.06426891187766,59.95950401740993,0.78710335,0.0,0.0
0.68456846,0.16252981,0.9477141,0.99170774,7.608985,7.6886,4.1090784,1.3011919,1.3095003,0.51955974,-398.046288020445,96.67183742821271,-92.17504950711736,0.8227188,1.0,0.0
0.6511623,0.1447033,1.0770181,1.067312,4.357959,4.058297,5.118559,0.28342843,0.40793797,0.8863274,-1474.9037919149523,107.9369819280164,-137.74199872532654,0.7161658,0.0,0.0
0.71956056,0.16161233,1.0040834,1.0427927,9.710492,3.804781,7.1883016,1.2001486,0.37982422,1.2703384,809.1339945840568,68.31661601059864,41.768125782378775,0.67298144,0.0,0.0
0.70164275,0.15879172,1.0036527,0.99010545,9.833287,4.4375377,8.2946205,1.4349898,0.46545848,1.5187826,692.760042657746,133.00410312884287,26.954932055523386,0.7712395,0.0,0.0
0.717735,0.16426536,1.0041865,1.0141909,3.969863,6.678185,2.670153,0.17816737,1.165348,0.30869624,-1270.490555995013,-26.263336942658952,-429.0097983291387,0.66605955,1.0,1.0
0.66438043,0.1520558,0.9763777,0.9356072,5.2499604,4.4969997,3.8608007,0.10972071,0.23282988,0.34393042,-289.1103487891953,677.321275856692,64.16067853334812,0.8866548,0.0,0.0
0.7313357,0.15823182,1.0622325,1.0405165,8.278905,5.274771,9.2849455,0.59300447,0.8028589,1.7808756,1055.4076072162893,-24.785282279187413,7.246245191389789,0.6984701,0.0,1.0
0.8738932,0.19103242,1.080922,1.0825099,10.735435,5.2591057,10.1384535,1.6526198,0.7338277,1.9630694,731.6466936397806,46.986714584363426,29.3736132290328,0.7690799,0.0,1.0
0.54722446,0.21356171,1.0259824,0.99939847,9.73085,3.9554107,4.3137746,1.4219506,0.18228637,0.4572619,678.7064957885168,690.8236057797386,89.98562970897478,0.7856676,1.0,0.0
0.6279774,0.24160928,0.93737185,1.0155044,5.49766,5.028271,8.785528,0.42139035,0.6166937,1.6107146,-1032.1193547150356,84.42769658717793,61.024167937419406,0.8107542,0.0,1.0
0.69413096,0.1615843,1.0873913,1.0344126,4.8416376,5.5891848,8.852626,0.106992714,0.7337157,1.679313,-608.5016912308602,178.9577794786951,-11.032004415950723,0.8607292,0.0,1.0
0.5938658,0.14365038,0.9493462,0.9684915,2.7195158,7.7501736,2.7910113,0.1576494,1.3797206,0.18745333,-1308.0126379699973,48.49474908530783,1.4657075548748253,0.72095037,1.0,1.0
0.75129396,0.14333877,1.00481,0.96125793,5.292819,8.138668,2.5955572,0.32961497,1.4076029,0.39336112,-964.3312907104921,126.39173736102111,-611.1672116630991,0.83427286,1.0,0.0
0.66365916,0.033453017,1.03979,0.9869602,7.146731,3.572484,4.4816318,0.45051503,0.46921304,0.5128543,549.4562741291784,-206.8512213428162,91.65773951252731,0.54994774,0.0,0.0
0.7487591,0.04063756,1.0855304,1.056349,7.3690376,8.002647,9.292974,0.37357813,1.4106293,1.7258182,951.6191662183255,85.47854267802586,66.03396558381428,0.77178085,1.0,1.0
0.5470047,0.03369528,0.97377765,1.00122,8.915204,10.109861,9.745657,0.51925206,1.9411765,1.8461691,1599.6343052522197,86.82569524334713,75.60810028890774,0.57753545,1.0,0.0
0.38317832,0.07264555,1.0707304,1.0370872,6.2513113,2.7881086,4.176469,0.12981279,0.01787732,0.3230553,706.3715730338672,673.7044563508666,231.57544010210472,0.56882775,0.0,1.0
0.45500562,0.12346518,0.87922996,1.0134106,6.1005545,3.67374,3.0062375,0.6961564,0.14117755,0.18343976,-1011.2001741837521,719.0782484501578,147.08948284907547,0.7359259,0.0,0.0
0.32398826,0.034230724,1.0588503,1.0265543,7.5756135,9.92592,9.679972,0.305642,1.926963,1.8597518,1320.8489918940095,3.899771861965746,14.193338720151132,0.48709247,1.0,1.0
0.4012473,0.0791646,1.003903,0.99865264,9.412583,4.1762805,4.4877205,0.77123815,0.5053618,0.683127,1279.7904428969873,-7.086179897057491,-141.2632269591818,0.67874134,0.0,0.0
0.46523243,0.08575356,1.0026203,1.0021541,6.444883,2.9825091,3.8347044,0.03281947,0.042213142,0.40748608,1238.4336266640635,738.5817605104021,-58.498367741678294,0.6072758,0.0,1.0
0.49633867,0.05280981,1.029574,1.009626,8.044597,3.4688709,5.0012474,0.031632576,0.4031576,0.7946745,2573.069057657013,-148.3523691286655,-65.3546702933777,0.57625455,0.0,0.0
0.69247043,0.096621886,1.0417093,1.042556,7.8285346,10.259794,10.314032,0.11283741,1.9984654,1.9529978,2135.9298113627265,18.25276641057826,157.91378303305555,0.47507793,1.0,0.0
0.49137372,0.07211816,1.0012004,1.0189258,6.138704,2.4911697,3.4636626,0.47823915,0.112237155,0.2836211,-508.03503061314495,-99.85692592071393,36.73611931819687,0.49543738,0.0,1.0
0.33418635,0.2888945,1.0641084,1.0591176,8.967521,10.6286125,9.910178,0.75710523,2.0720322,1.8764656,1130.6298022892997,30.721501381863163,85.73677440630581,0.48452967,1.0,0.0
0.419963,0.09864545,1.0266452,1.0143245,6.7212853,3.0403624,3.736337,0.15387656,0.21880575,0.15224114,1067.920428443466,2.048131207292272,560.3932057908469,0.5790403,0.0,1.0
0.7581011,0.15167885,1.0188816,1.0143787,5.984678,3.189556,3.9308681,0.012738632,0.15887974,0.0097204875,828.262726978822,351.393056903612,1426.7557132454988,0.6305486,0.0,1.0
0.28430143,0.017441468,0.9497443,1.0336561,7.847943,2.4307592,4.037066,0.7822644,0.011664635,0.55111027,370.24871892518877,363.604922335476,-160.1717836249859,0.4960338,0.0,1.0
0.47210136,0.022702945,1.0268404,0.9508516,7.1914716,10.636051,10.270992,0.13587089,2.0614204,1.9607869,1566.1810313518117,52.258539691172246,117.2482049937662,0.5357717,1.0,0.0
0.3263794,0.05688728,0.9691615,0.9976893,8.81364,10.217604,10.222893,0.43891743,1.9749773,1.9161292,1748.890904362518,53.51666007048743,170.3670814647694,0.5356483,1.0,0.0
0.42967594,0.0136426,1.0398391,0.9669893,9.2842,2.52686,3.839179,0.35954288,0.071113914,0.40142712,2199.324658437565,131.38498805131917,-46.72828283966669,0.510661,0.0,1.0
0.4897775,0.077916965,1.0075334,0.98691845,7.752329,2.5083654,3.6449082,0.7141483,0.09928533,0.3365415,443.3785823002145,-26.477291838131805,-4.13194068227358,0.5018905,0.0,0.0
0.32424417,0.06888948,1.0086303,1.0432833,7.475377,10.035986,9.417354,0.1373689,1.9186735,1.781957,1784.194418069119,88.29213464293389,47.308949309022864,0.6016755,1.0,1.0
0.3685081,0.024388647,0.98057926,1.053238,7.477871,10.323546,9.73093,0.32355455,2.0035539,1.8517108,1193.2104332613064,41.68679299560063,52.94252224961838,0.5090808,1.0,0.0
0.31806615,0.071893886,1.0012336,1.014001,7.6196165,6.2174835,9.518337,0.20831631,1.0135009,1.7521952,1649.543348877402,43.994783436656235,119.57740126996896,0.7353428,1.0,0.0
0.37418485,0.034657598,0.9524401,0.918498,6.620536,3.336553,4.245652,0.24324946,0.026469542,0.23058464,693.5772537498169,1125.7461201549208,499.60091343653585,0.680535,0.0,1.0
0.55119735,0.1396514,0.9800312,1.0210462,5.9088864,2.9678493,4.257838,0.35113186,0.33648443,0.43060666,-368.8493688874296,-388.25860839386905,90.46309539536446,0.49906516,0.0,1.0
0.44078785,0.025094535,1.0487953,1.0233498,6.800047,2.707935,4.254198,0.076837674,0.052659843,0.23982002,1418.1132216069818,411.31786685049263,474.2070532403236,0.5501358,0.0,1.0
0.284332,0.12167969,1.0060313,1.0511688,6.272675,3.266246,3.69317,0.40263885,0.027523996,0.3167599,-135.44063593041028,1062.8907956832618,39.178314023761004,0.6661276,0.0,1.0
0.7757176,0.40857357,1.0179849,1.0439636,6.161736,2.7728436,4.3072,0.5859726,0.28360206,0.16597518,-719.3750776670404,-454.22271787040904,770.375570300434,0.4863944,0.0,1.0
0.6105501,0.07353805,1.0879279,1.0925372,8.616195,8.508826,7.9177284,0.35933173,1.4738219,1.4352657,1884.9868628651293,175.61974049747096,28.032005781437874,0.86833996,1.0,1.0
0.4741433,0.030544959,1.0077873,0.99496794,7.660488,6.053025,7.8436766,0.39047402,1.0611867,1.3856977,1128.2916297234437,-112.4299921588763,65.79882480131755,0.594635,1.0,0.0
0.2680965,0.08443058,0.99165684,1.0021491,7.0292945,9.285795,8.708243,0.39497975,1.7016685,1.558849,586.7499057516452,155.213466880919,95.8118883298439,0.7592237,1.0,0.0
0.32949597,0.15427315,1.0530324,1.0617676,7.4892683,2.7941096,3.9716089,0.91163844,0.19887759,0.3762446,-110.94094659857365,-159.20880703482544,58.372958140923856,0.5330041,0.0,1.0
0.23005943,0.05994859,0.96923023,0.95687306,6.346439,2.7774312,3.9146383,0.48038068,0.11973868,0.5068324,-277.346052750966,143.09793256633588,-166.53037284037237,0.55361277,0.0,0.0
0.5203638,0.026384667,0.9773485,0.9589548,6.742786,3.269804,4.6534777,0.49740258,0.22448686,0.17413852,49.61065945735845,171.59789821498748,903.1071183394882,0.6268891,0.0,1.0
0.7216178,0.06071955,1.0678455,1.0604385,7.2876215,11.958546,10.280471,0.30832928,2.3265305,1.9315559,1088.564743190803,80.00619259245104,179.01502401364633,0.5659875,1.0,0.0
0.42794293,0.033092562,1.0052923,1.0338559,8.396422,10.95699,9.521539,0.31047034,2.1106224,1.8049887,1892.915925480546,117.12311515232159,43.228609700976904,0.60164547,1.0,1.0
0.42658654,0.10450609,1.0278319,0.96819353,7.550804,2.662307,3.6190329,0.15639463,0.24899687,0.4191112,1785.960588595388,-455.2319688598993,-161.9549320555236,0.48035976,0.0,1.0
0.21634799,0.036099073,0.97836035,0.9942603,7.2079053,8.940347,8.511913,0.048401654,1.7165139,1.6202892,1883.1596370384104,-3.9474150547039244,-37.578705984236876,0.5110976,1.0,1.0
0.71839446,0.20588112,1.0495119,0.9961188,9.013661,5.559037,7.223389,0.054876942,0.9085086,1.2044977,3072.658073218534,-56.445016428961026,142.8242981357489,0.65409595,0.0,0.0
0.49542132,0.035500124,0.9904382,0.90550506,6.7904778,2.5162637,3.74177,0.83019733,0.15587479,0.18560699,-571.5536079549556,-267.0120345757425,427.31939794706386,0.4883714,0.0,0.0
0.3404419,0.045361046,0.93375826,1.0230267,7.3808513,9.298263,8.704187,0.27825207,1.7558776,1.607459,1250.3402966363324,66.04910723639978,42.89875970215326,0.6251676,1.0,1.0
0.31896445,0.19037817,0.9886693,1.060909,8.608245,9.6496105,8.906179,0.18582448,1.8433024,1.6725004,2422.6700846126746,45.14168583399896,16.75898185860524,0.583484,1.0,1.0
0.46614498,0.03171026,1.0495156,1.0031335,5.599599,3.4516685,3.9527109,0.44597808,0.47113183,0.5372148,-985.0020018990235,-275.79335113147977,-185.54800833078525,0.5149792,0.0,0.0
0.25914878,0.029104443,0.94374967,0.9979926,5.9727917,2.8689203,3.4643044,0.54926974,0.3316393,0.23112224,-840.5727507868969,-485.4322190278781,182.64271618162456,0.47788984,0.0,0.0
0.42051122,0.036158346,0.95634705,0.9523225,10.619976,5.360171,6.101156,1.5683875,0.73366356,1.0129379,752.0947105904283,80.928844373027,59.97517970544641,0.79778016,0.0,0.0
0.52783287,0.15263148,1.0404141,1.0559847,8.818361,10.040593,9.12944,0.19367683,1.9379076,1.6983782,2497.8708853722837,51.5363441866657,43.44872715257088,0.5372135,1.0,1.0
0.79043716,0.05292593,1.012741,1.0135795,6.975621,2.137742,3.4644487,0.7609472,0.053971067,0.086216174,-286.6812198485213,-88.47958740983017,803.4121473610148,0.43287408,0.0,0.0
0.34605297,0.058601715,0.9751271,1.020235,8.05955,9.650337,8.925462,0.15048169,1.8662535,1.6650048,2176.502312567187,0.5595060117393587,30.57086950570556,0.5023468,1.0,1.0
0.28559366,0.029005902,0.9188679,0.87639046,5.2744904,3.503419,3.8099701,0.3552304,0.183759,0.16942088,-1064.7556618662786,460.1129568364204,535.6054853984225,0.69010144,0.0,0.0
0.25750488,0.09715302,1.0352834,1.0130906,8.466996,12.037295,9.866968,0.113012254,2.3530698,1.8429826,2584.2676069351623,74.5848947058148,118.5244947987303,0.51933664,1.0,0.0
0.45908153,0.02962305,0.9519688,1.0357213,6.3933754,2.7838688,4.179857,0.32065517,0.05535825,0.24586616,241.13011295746264,460.78082854118344,416.64598206375626,0.56543905,0.0,1.0
0.23808673,0.022691427,1.0338737,0.9893654,6.7363763,10.115191,9.387945,0.35650003,1.969603,1.7828811,438.59552042346445,16.966893062792224,34.32985068156722,0.4714206,1.0,1.0
0.573641,0.023432152,1.0078182,0.98651385,7.5907145,8.964345,9.278341,0.61022806,1.7259125,1.7404009,522.6619548451276,-13.426583152676812,51.22207793671396,0.49540168,1.0,1.0
0.4058152,0.045319147,1.0130693,1.0325588,7.1252546,2.621781,3.8533263,0.13975015,0.1480636,0.28581935,1502.2613516556553,-140.7932824287833,166.86152755346347,0.51339006,0.0,1.0
0.6102674,0.031699426,0.9935381,0.94947135,8.642768,10.076151,8.993695,0.036980998,1.9670198,1.6810116,2955.5407204025214,2.735412217446992,27.030699701682806,0.44719732,1.0,1.0
0.28063798,0.023953013,1.0378505,1.0450639,6.213176,3.0652227,4.017776,0.39932197,0.10103004,0.4399385,-201.5209562342543,496.81205921854996,-18.390594996824575,0.61713094,0.0,1.0
0.26537955,0.025558738,0.98136044,0.976098,8.095449,4.3241196,5.1005697,0.32709956,0.52604747,0.6024889,1636.3041402824574,-1.9577107759987484,262.416720688389,0.7005909,1.0,1.0
0.2232963,0.042601634,0.9653722,1.0373195,7.3986096,10.548187,9.501809,0.25686797,2.0400374,1.80806,1331.8985349651919,63.60923866808662,26.35401793624351,0.5484995,1.0,0.0
0.65909034,0.027608888,1.0189264,1.0316355,9.316068,5.995609,6.7762804,1.4636786,1.0065914,1.1429312,556.1647718167183,-38.41030804269849,95.00587872438518,0.66510236,1.0,0.0
0.42583776,0.03944828,1.0139478,1.0018816,6.495817,2.5385165,4.081865,0.012795654,0.011071164,0.36297932,1359.9383181236935,478.48918191280325,126.95493069003555,0.5180493,0.0,1.0
0.26186216,0.068312466,1.0097347,1.0558751,9.588048,6.1819057,6.78865,0.06708172,1.0256119,1.0857961,3241.899034130065,0.8917717123695184,159.77269774426532,0.70471525,0.0,0.0
0.69621134,0.14993927,1.0613893,1.0398543,7.2229967,9.778781,9.418331,0.6261141,1.9048533,1.8021711,204.55173346691572,-23.66272384411559,10.124102838254657,0.45244214,1.0,1.0
0.6953457,0.09008906,1.0360006,0.9661233,10.345253,5.931778,6.4017696,1.660507,1.0408003,1.0879984,689.3222847846523,-140.38485064592624,46.81450048935403,0.58110374,1.0,0.0
0.41147417,0.025574474,0.97792447,0.9859685,7.3531337,9.698143,8.836531,0.19331537,1.8436215,1.6638669,1489.8574986549766,69.17062093966706,5.549968133161201,0.61510396,1.0,1.0
0.45476952,0.041427854,1.0024598,0.99057776,7.681474,3.0078907,4.355964,0.2883792,0.30676576,0.40407816,1463.4741638094056,-286.2551306849732,181.37622402305533,0.5281562,0.0,0.0
0.46716988,0.037243925,1.0223017,1.0185328,7.67148,9.792822,9.633252,0.054340497,1.8940907,1.8332078,2221.6446865012267,12.61389851417971,49.064664602753055,0.5086694,1.0,1.0
0.39851484,0.044304963,1.0239184,1.0956984,7.3312907,10.805203,9.681318,0.26431018,1.9856929,1.8190325,1243.383584428008,346.3557781348645,85.6884398969537,0.8702971,1.0,0.0
0.4741696,0.020715287,0.9499842,1.0018498,7.607173,10.824913,9.965134,0.0964353,2.115488,1.8602488,2032.2305744229939,48.52820663167586,137.23514146523985,0.4697736,1.0,0.0
0.6533314,0.13605261,1.0634173,1.0198191,6.909056,9.962007,8.472208,0.1032321,1.9178814,1.6098439,1420.377828313374,39.234264431597694,-22.01763480766931,0.55094045,1.0,1.0
0.46222955,0.019330844,1.0437334,0.9227406,7.1538105,2.4289718,3.6981893,0.5686864,0.30130976,0.22302265,266.7217569938639,-832.7759625870003,283.9947736327481,0.38892025,0.0,0.0
0.4966038,0.031984247,1.0304118,0.980792,7.043379,9.893604,9.656304,0.19179039,1.9038953,1.8289838,1232.479542930619,45.27940594454776,61.96015774003126,0.55011326,1.0,1.0
0.32430315,0.033745024,1.0761232,1.0586566,5.925054,7.0284257,5.417486,0.13741715,1.078585,0.6253464,336.5322136415548,179.58273653950982,372.96015637454366,0.92003447,1.0,0.0
0.42461875,0.092008695,1.0540531,1.0330397,6.3307567,2.4959803,3.4687893,0.2905753,0.14146739,0.21304002,271.52771067863455,-225.83494623283752,244.38863382896034,0.4886031,0.0,1.0
0.26425093,0.045884702,0.9584507,0.9459369,7.8626122,10.596658,9.710988,0.49925748,2.0252786,1.7974602,967.3130240368446,123.50970465269575,131.01959597553287,0.63722396,1.0,0.0
0.480584,0.032915406,1.0241692,1.0526052,9.1239,11.184758,9.854074,0.7456517,2.181174,1.8767157,1216.806957254048,71.0004193118566,54.75767577885017,0.5066564,1.0,0.0
0.27113348,0.026350342,0.9837167,1.0097331,7.5350184,10.54784,9.751114,0.7493072,2.0274832,1.854802,200.86050412327722,92.68331528670478,58.06793048488498,0.59475917,1.0,1.0
0.29216173,0.03021957,0.9611366,0.8187575,5.072998,2.8079875,3.219398,0.4308037,0.086837195,0.23620477,-1459.607531817605,322.7287316104414,58.998039514879565,0.56628454,0.0,0.0
0.3468182,0.034597967,1.0352435,0.97618,9.265278,10.660735,6.5249166,0.7434883,2.031868,1.0350416,1281.7801838194332,143.00160144905476,143.53951676414545,0.6595163,1.0,0.0
0.31058165,0.040479053,1.0005459,0.93234915,6.818702,3.1513224,4.912843,0.8411321,0.31442976,0.6682739,-558.7709230716255,-178.82110409995062,87.46505519774087,0.5574937,0.0,0.0
0.28033826,0.023610944,0.9803208,0.9621629,6.488335,2.8761182,3.416029,0.64244497,0.3425435,0.2842629,-501.2340790561675,-499.79564670317836,9.840626180918889,0.4716396,0.0,0.0
0.30188635,0.012898535,0.9857591,0.9555797,7.3939033,2.5403402,2.9482725,0.8772862,0.25690925,0.03581867,-117.0449126972785,-593.4507210068587,872.9745246173375,0.44736585,0.0,0.0
0.2995767,0.03147196,0.9474394,0.9238562,7.3131585,9.883991,9.798813,0.735871,1.8877158,1.8632976,49.02427237071788,74.15093682348925,55.31874695541774,0.5988355,1.0,1.0
0.32001874,0.030792136,0.99393183,1.0037924,8.209059,6.3221855,7.205118,0.6674244,0.95519763,1.2106708,862.4383844489507,189.8697920244931,129.01241048864858,0.84557587,0.0,0.0
0.3888646,0.014868736,0.97249556,1.0231769,7.5046577,2.969093,3.9209487,0.035300802,0.08049115,0.22627425,2162.4871735332927,522.6291975950508,362.26649147582543,0.60047007,0.0,1.0
0.6770627,0.05331023,1.0239706,1.0375761,8.732888,3.137199,3.7884161,1.0949161,0.011459969,0.4084681,535.1536365808711,1034.5759872298079,-80.45656499658935,0.64027125,0.0,1.0
0.46012452,0.08564089,1.0127894,1.0437355,8.014177,5.728236,6.827809,0.8642469,0.9046541,1.0973394,364.145628984777,14.294567620025646,161.0026128422537,0.71742344,1.0,0.0
0.5594888,0.16083568,1.0218264,1.0467677,7.3659854,3.093202,4.1861973,0.1363133,0.10567406,0.05611328,1703.5188269242474,496.3907613319135,1265.628998930477,0.62211746,0.0,1.0
0.2939166,0.04995338,1.0189788,1.0384753,6.380322,2.8788347,3.914847,0.45071095,0.01134798,0.1247116,-171.53033915351443,800.5470521241396,759.7178301051628,0.58752555,0.0,1.0
0.30990797,0.023465361,0.99174803,0.9837767,7.7522883,10.879125,9.1678,0.7153531,2.1020882,1.7420546,437.7431513072652,100.71802367296732,17.263880681802675,0.57322043,1.0,1.0
0.6432946,0.0397398,1.0933893,1.0387471,8.169798,10.920699,10.154385,0.22808868,2.1299706,1.9479624,1983.9717238312353,52.540935330061984,74.68386793506716,0.49338514,1.0,0.0
0.6106568,0.016602084,0.90493107,0.99072665,4.482916,5.4892073,6.739253,0.076936916,0.94141626,1.2129639,-719.2111872481469,-145.7378451945383,-10.924885393718341,0.57643956,1.0,1.0
0.44707882,0.031928435,1.0174869,1.0424974,8.228022,7.629373,6.9149957,0.9697671,1.4719635,1.3333148,369.82522392769533,-84.43812971386569,-117.43435617880232,0.41030568,1.0,0.0
0.6816642,0.039963633,1.0294805,0.93165725,4.6056476,3.5844543,4.5930963,0.32070225,0.4513357,0.83590955,-1447.5320914701015,-169.71927451286138,-330.12148931325737,0.5684671,0.0,1.0
0.7554273,0.1214224,1.0538675,1.080184,7.650846,3.322476,4.487009,1.1466714,0.32803547,0.696294,-253.82271762426808,-79.66369987322355,-162.82429813574913,0.58979744,0.0,0.0
0.46664155,0.02984088,0.9969471,1.0304769,4.3928943,7.752995,7.0679417,0.14487304,1.45775,1.3468976,-1002.9559634610148,-34.9878967215609,-95.05813147300296,0.5394077,1.0,1.0
0.37569377,0.07878485,0.96373725,0.95651436,9.478336,2.5661144,3.2167811,1.2217532,0.03614876,0.17027271,741.2410883225152,367.54009670634775,305.7099922611445,0.522505,0.0,0.0
0.6229718,0.083284065,1.0159916,1.0042729,6.000791,3.6492312,5.0247884,0.41769558,0.51142615,0.92034036,-473.537470591315,-237.73895862903942,-214.92684519609475,0.53142774,0.0,1.0
0.33111992,0.04615494,0.8636895,0.8419321,6.346173,2.1586175,3.1746662,0.41888246,0.06605543,0.28182024,-109.15951486695758,-147.39625980172156,-84.34748617198079,0.43543783,0.0,0.0
0.7619806,0.09122009,1.050984,1.0778338,5.137925,8.08693,7.465452,0.33767763,1.5292523,1.4401435,-1117.184036820112,-27.41267231709344,-86.8007832382068,0.5374755,1.0,0.0
0.489618,0.06711979,1.0015806,0.9369397,4.554708,3.8055563,4.5770836,0.027724098,0.58145016,0.79647535,-506.68685379170233,-265.70077253388104,-282.312867548289,0.50125474,0.0,1.0
0.6142831,0.28153172,1.0779072,1.0997764,7.7220473,8.320792,7.1487265,1.2076203,1.6028192,1.3636113,-240.5148231262001,-42.77957770128933,-85.78641362992585,0.45688492,1.0,0.0
0.57643527,0.03501218,1.0535432,1.0504495,5.304354,2.8986213,4.010761,0.60439163,0.25040728,0.6650954,-1686.3915920241016,-223.1162284372267,-336.7021557826142,0.53363574,0.0,1.0
0.65505517,0.091689415,0.8927748,0.8245503,4.639605,3.0331728,3.4758174,0.43777642,0.31033328,0.5225748,-1779.4736646445317,-267.02364983962775,-344.9660357816733,0.5319958,0.0,1.0
0.39626655,0.01662259,0.98152655,1.0575602,8.3179655,3.6222878,5.7474604,1.2327794,0.48087767,1.0639646,150.3214086263588,-199.27251922945266,-90.72893519680065,0.55301774,0.0,1.0
0.51105815,0.036266994,0.7928185,0.90840393,5.268491,8.443262,7.4882812,0.31464416,1.5922074,1.4479327,-940.301389636124,9.786395713687853,-94.46636127749662,0.57411367,1.0,0.0
0.5437472,0.052334707,1.0325837,1.0421435,6.2403617,7.8267593,7.3771477,0.8894325,1.5057641,1.4032749,-1200.5598632344627,-66.33859569847482,-69.7413450027052,0.43660712,1.0,0.0
0.28951463,0.014986539,0.94262713,0.9388622,7.8715696,3.5222259,5.2833166,0.81005794,0.54032695,0.91428137,344.58338685787066,-348.5236841909759,-94.09405617645007,0.46130455,0.0,1.0
0.73398805,0.018325254,0.865304,0.88768053,8.177134,3.4877646,4.8794703,1.1646633,0.5684984,0.84939575,122.25760267957594,-412.22160443590815,-199.7034618623693,0.4125501,0.0,0.0
0.67487615,0.07345255,1.0374694,1.0590683,5.683235,7.5652347,6.6543145,0.31314614,1.4494605,1.2691027,-502.0037542156101,-84.13257224990184,-117.31547970779911,0.4429721,1.0,1.0
0.6069273,0.035988063,1.0048862,1.0435534,3.1349332,8.074653,6.9509983,0.1269605,1.5343407,1.3388566,-1188.0465428424122,-38.2679967887525,-118.20444108081392,0.51417303,1.0,0.0
0.6663027,0.035664055,1.065735,0.96502614,4.5825477,4.148921,6.6311216,0.24219874,0.544288,1.239341,-1224.4495196847977,-74.35007355696689,-76.2351400997527,0.639248,1.0,0.0
0.5426884,0.020462193,0.9838609,1.0257486,4.552413,3.5799317,4.503983,0.20726559,0.44274348,0.7434389,-1132.807833412341,-158.12436599221587,-225.2148924498299,0.5742882,0.0,1.0
0.54347324,0.13924716,0.9642829,0.9537829,3.7128425,4.537479,5.2218018,0.0993832,0.80569744,0.94346094,-1042.026900845598,-258.640606750846,-159.38340950994007,0.4262239,0.0,1.0
0.6622755,0.021544077,1.0581566,1.0545434,4.8557515,3.7676837,4.9625564,0.37367737,0.5218729,0.7526743,-1458.0430382092386,-196.16025651567588,-8.901371861663392,0.55477697,0.0,1.0
0.51485366,0.1179049,1.0950615,1.0651172,4.398466,3.8983235,4.5999207,0.0478762,0.49673703,0.82961416,-664.867136396204,-91.54914158774841,-314.3723057837906,0.6133322,0.0,1.0
0.7770093,0.40688813,1.0312582,1.0935508,4.152013,4.274855,4.479207,0.13545753,0.75281507,0.67882943,-1063.8323553654957,-271.37671309093685,-145.34683244935945,0.41362846,0.0,1.0
0.8783837,0.06870486,1.013993,1.0741119,7.093079,6.2476892,5.285465,0.80984676,1.0046089,0.92241144,-262.4299998594365,72.50288664029722,-102.88504245100603,0.7583602,1.0,1.0
0.77010435,0.011243372,1.0336723,1.0334371,8.651499,4.2711186,5.553109,0.84098905,0.59197366,0.87284344,830.8912813559386,-105.35355126586296,37.028086176685065,0.6285445,1.0,0.0
0.52064276,0.076220445,1.049079,1.0638425,3.5650375,7.0036077,5.9353065,0.05553529,1.2324555,1.0459946,-918.3285400641589,3.617444925772361,-29.146962647688724,0.6793643,1.0,0.0
0.611622,0.12459062,1.0460014,1.0362599,8.552666,4.1052227,5.1023803,1.3621535,0.66809064,0.8890989,233.19467289108616,-239.9519374954043,-152.67929460769346,0.4870929,0.0,1.0
0.6182451,0.031009227,0.9851577,0.89063,3.7134178,3.9701374,5.545856,0.029865652,0.5889517,1.0196867,-800.6466936397804,-198.527161899872,-110.85760931419827,0.5435373,0.0,0.0
1.0156598,0.011411875,1.0704442,0.9962914,2.9195428,2.8670967,3.7557964,0.04688753,0.24472617,0.33871576,-925.8939098308186,-249.49238481091288,28.95166480790408,0.52926725,0.0,1.0
0.35715237,0.056153394,0.9234971,0.9702994,3.7042012,9.692502,7.311192,0.14218576,1.8573174,1.4187015,-1193.3473059026796,31.15441453238509,-105.44872578708373,0.5665643,1.0,0.0
0.32686982,0.034643523,0.8734418,0.9872645,6.2829723,8.585729,6.935804,0.7609854,1.6414094,1.2921345,-931.3434242760859,-9.246017100876088,-53.688438531467,0.51474535,1.0,1.0
0.61156434,0.08612046,1.0718507,0.9601277,4.3598485,4.227507,5.6271853,0.2941204,0.7182099,0.9319655,-1501.7029911553427,-246.4762471063275,2.3866753920715382,0.45534697,0.0,1.0
0.5715185,0.04146796,1.0744694,1.0581617,5.7930937,6.8427444,6.1685724,0.4989167,1.2473009,1.107435,-914.038158252898,-57.890658277868624,-28.767472059757893,0.5747885,1.0,1.0
1.0019009,0.20083854,1.0467304,1.044734,7.0264378,3.633303,4.699654,0.505392,0.4392956,0.6916434,289.71775319581684,-126.26904152055681,-49.99150911610445,0.59077543,0.0,0.0
0.5893703,0.023547536,0.9432313,1.0012336,3.7952387,4.0579634,4.4976006,0.3796823,0.6250878,0.69846123,-1932.5847621810371,-223.225082144804,-155.76159401811606,0.5283109,0.0,0.0
0.57435596,0.041146424,1.084387,1.1059558,4.5948176,7.241846,6.142663,0.17226297,1.2866646,1.0946046,-991.975605457829,4.064200209181308,-18.080992647923722,0.6787454,1.0,1.0
0.51469964,0.18194002,1.0244892,1.0925125,5.7043085,7.3223295,6.449395,0.26469055,1.3740894,1.159646,-339.9408244271208,-52.67886154870121,-18.492488334548852,0.5169411,1.0,1.0
0.55212796,0.039736584,0.99092114,0.94355285,7.7130322,2.501195,2.7113829,0.89649314,0.0019188134,0.024360558,89.8716393591244,477.3028425804081,783.720442264673,0.5105505,0.0,0.0
0.39132172,0.0064209853,1.0271109,0.9943715,4.3500032,4.692523,4.8695946,0.098754674,0.8008523,0.7439765,-867.7024919904698,-200.98782801886432,-47.17308970474096,0.4994022,0.0,0.0
0.6163617,0.03435037,1.0020543,1.0171448,11.518002,4.049927,4.7415895,2.0189025,0.26445055,0.50008357,724.1286154628433,431.2147864235094,241.38602166944997,0.78138655,0.0,0.0
0.8639058,0.1320105,1.0956497,1.0650184,6.1629763,7.599063,6.476946,0.64419186,1.4686946,1.1855239,-840.2073056215531,-93.55387013653808,-44.740038922950134,0.3989135,1.0,1.0
0.3724403,0.01099003,0.88263124,0.84346485,8.4278555,3.402815,4.07556,1.2114623,0.41524196,0.5990704,247.84974588085015,-205.60005638129292,-216.7713916645107,0.550322,0.0,0.0
0.64237183,0.043232713,1.091568,1.1355617,5.9177346,7.237376,6.45507,0.30003336,1.3970405,1.1521506,-198.92030627201302,-100.86867858999221,-6.722403432537249,0.3865748,1.0,1.0
0.5303747,0.005084266,0.9996161,0.9463148,5.743457,2.891107,3.4262102,0.09528465,0.285454,0.34343338,280.20380098837927,-334.0491072364,-92.86022283919624,0.513217,0.0,0.0
0.6564865,0.09091344,1.0920721,1.0589124,4.7892137,9.803695,7.081936,0.5635273,1.8838567,1.3301284,-2003.0341544548514,46.80371555547117,-73.47615892389103,0.55488473,1.0,0.0
0.27107304,0.024433082,0.96494955,1.0161515,5.704092,3.56136,4.9826565,0.12985988,0.5245713,0.75872046,106.04716417873874,-311.07345119867136,-9.69235813621981,0.49176165,0.0,1.0
0.41955212,0.01659104,0.8469293,0.93774754,5.7754583,7.8696322,6.6721864,0.09401501,1.5003899,1.2700269,324.1636408364575,-45.5990116494886,-115.25277559016558,0.48527738,1.0,1.0
0.65564114,0.014163002,0.94295925,0.9225894,4.899301,6.687417,6.6290174,0.15971299,1.2566993,1.2275467,-736.6212955283324,-115.51450190418245,-63.527759315374624,0.46722648,1.0,1.0
0.4653269,0.03583594,1.0702242,1.0178572,4.318491,4.0873218,4.988207,0.31076488,0.6172766,0.7986736,-1569.4084833745824,-199.48549809581755,-75.25016343065545,0.54697794,0.0,1.0
0.64959997,0.026149606,0.946926,0.9582269,6.479593,7.8512154,6.406787,0.48749605,1.4978067,1.1681573,-167.21218557789325,-42.80155738916574,-40.283474609104815,0.48114276,1.0,1.0
0.3799853,0.021796169,0.9766637,1.0135231,6.943389,3.2154868,5.1986523,0.849837,0.368183,0.95279276,-463.35280719534603,-243.2620861027649,-178.15349441195167,0.53814447,0.0,1.0
0.36667895,0.008334044,0.8914531,0.9377379,5.7753253,2.4906487,3.3143358,0.7776146,0.056834426,0.08963461,-1509.818214661348,174.92550406952432,730.7465693217254,0.5050816,1.0,1.0
0.49984542,0.025384037,1.0684496,1.0530572,6.006147,8.302848,6.768793,0.19364707,1.5708243,1.2952058,214.53308979984809,-12.081657456357334,-111.60483304128911,0.5496234,1.0,0.0
0.44727248,0.019478157,0.9697137,0.9923428,11.748965,4.2422104,4.6437078,1.9141936,0.53737843,0.630077,754.683726151949,-33.66835971931687,10.085564609810035,0.6701045,1.0,0.0
0.60427564,0.027952243,1.0416106,0.994535,4.778512,3.1312826,4.6697645,0.43771937,0.45814186,0.8758336,-1698.811460216968,-483.4009883505116,-348.8883083331375,0.43577427,0.0,1.0
0.58022875,0.061639596,1.0858383,1.09808,7.190594,3.9089267,4.0878034,0.5175968,0.5563988,0.5729419,414.5941451002982,-178.77137144360358,-167.71195342900887,0.56051385,0.0,0.0
0.6531643,0.15881936,1.021926,0.99137497,4.3586016,7.8269367,6.890974,0.17559901,1.4356403,1.2893169,-1133.530716146935,15.259790531066301,-60.77204402164443,0.636866,1.0,1.0
0.8694354,0.09028278,1.0157853,1.00561,13.022519,4.0922475,4.6786194,2.111022,0.5715873,0.5751442,783.5199579045079,-142.0769289075672,112.3507506886242,0.5978673,1.0,0.0
0.54910225,0.011233037,1.0206401,0.9720244,5.744551,7.3515716,6.319497,0.6438304,1.3744085,1.1510127,-1287.2206923388603,-50.64992644303311,-37.74330480508161,0.5330976,1.0,1.0
0.5862894,0.04059242,1.0488948,1.0250313,5.1562743,2.2446933,2.051872,0.16213587,0.16244724,0.10877612,-550.5811353764107,-537.2307867227019,-207.24689891401158,0.42714754,0.0,0.0
0.43671876,0.018159263,0.97922575,1.0075625,5.584395,7.45118,6.872482,0.5048555,1.4248776,1.3203536,-1155.6334290939258,-74.97169031427893,-105.95689049241264,0.445495,1.0,1.0
0.47537386,0.040181432,1.0433377,1.097689,5.734657,8.3191185,6.9008274,0.7148252,1.5164798,1.3061783,-1444.2702354100425,60.06649578087945,-75.39581931584507,0.69865805,1.0,0.0
0.745089,0.08014457,1.0197902,1.0523398,3.4061368,8.595212,6.9723134,0.35407975,1.6462752,1.3473946,-1905.4580264457647,-11.043471361198954,-121.0372301004586,0.5050631,1.0,0.0
1.002655,0.12990305,1.0411569,1.0385082,6.365233,7.7315326,6.0800476,0.34728295,1.4486682,1.0969896,118.75928867090533,-32.21937756690613,-42.01828853029065,0.5519135,1.0,1.0
0.6226009,0.004895313,0.8827775,0.86004335,4.9116654,4.396019,4.3876743,0.11817137,0.7705228,0.7358769,-579.2875037539436,-249.8558811889095,-278.4448075478183,0.4321626,0.0,0.0
1.0872132,0.036839727,1.0854967,1.117416,5.0682907,7.6609592,6.8776417,0.25872466,1.4346821,1.3161296,-952.0613048828864,-31.769144574601796,-97.12410147276796,0.5489564,1.0,1.0
0.40421107,0.02627404,0.83700913,1.0091512,4.669531,5.223509,3.2875335,0.3130979,0.6093721,0.112492174,-1388.341549788046,160.25408595316867,600.2129312819654,0.8660659,1.0,0.0
0.56577563,0.023452168,1.0348748,0.97732025,5.235049,2.9692678,4.264527,0.74109036,0.32774562,0.7258943,-2014.922180760053,-368.77944029589617,-314.7792295085287,0.50543386,0.0,1.0
0.7499223,0.04362961,1.0704656,1.02927,6.2909575,8.250768,6.822961,0.94977254,1.5560657,1.2846059,-1228.9708476729415,-6.689294675388737,-83.81384676673315,0.5605677,1.0,0.0
0.9000058,0.03250936,1.039887,1.0747813,8.100467,8.904369,7.168563,1.1961668,1.711961,1.3638614,40.76942557700613,-9.236766111385805,-80.76551225738149,0.5007296,1.0,0.0
0.42987466,0.02788123,1.0022167,1.0048258,4.0688844,8.323909,7.022094,0.29879215,1.5582703,1.3419477,-1617.6092841341917,20.397510641615554,-99.14173696318085,0.5979933,1.0,1.0
0.36869907,0.026019461,0.98960763,1.0591837,7.8382854,3.0878036,3.7759912,0.8813187,0.38237584,0.2766495,198.68422531682245,-378.62551377806517,159.3598946123975,0.4949431,0.0,0.0
0.71513987,0.01902221,1.0983646,1.0617748,7.3741093,8.299777,3.9928946,1.1940033,1.5626551,0.5221873,-499.58175671273693,-4.3710085130392144,-147.98693715421769,0.57151216,1.0,0.0
0.5431109,0.011839953,0.9607111,0.89592665,3.6428463,2.6219902,2.5624459,0.39061704,0.15478326,0.15541966,-1993.694983559249,-161.15671010408346,-14.418681856253443,0.51136607,0.0,0.0
0.36266762,0.02833032,0.94999844,0.96997434,8.024286,2.5058002,3.790929,1.09296,0.12666951,0.22859137,80.12686314625626,-148.9182738409462,302.41280108363617,0.4948866,0.0,0.0
0.79118,0.024107352,1.0615028,1.0748283,8.637616,2.8753943,4.199624,1.3278012,0.21230376,0.47703558,303.38521457314164,-137.6463113287441,-7.115611271615762,0.5454765,0.0,0.0
0.7186051,0.035774823,1.0721941,1.0546733,4.7542157,7.68147,7.025054,0.285356,1.4185028,1.3504432,-1259.5526096252092,-9.23210626529226,-105.95362461028117,0.602122,1.0,1.0
0.42796236,0.030297792,1.0576162,1.083341,6.3124223,4.4744115,5.022702,0.21690932,0.4859846,0.6978166,462.7307629197039,111.016831827229,104.21750460933958,0.76691574,0.0,0.0
0.34926966,0.012854018,0.97343796,0.8899591,8.183548,4.014846,4.316308,0.48581585,0.5497042,0.73912853,1242.4098586977493,-130.26326823996237,-312.382103430185,0.5973769,0.0,1.0
0.5111427,0.059782185,0.8383521,0.913163,9.449499,3.6908336,5.1147823,1.5454311,0.480673,0.92132235,557.7301415833781,-163.30145433512098,-179.9059438235504,0.57176954,0.0,1.0
0.67764443,0.08960047,1.0146016,1.0433265,9.076868,3.9294646,5.01199,1.314762,0.43544108,0.5844851,528.3450544212201,21.55734784543415,262.68517264933485,0.6677221,1.0,0.0
0.41024643,0.15641756,1.0696516,0.97215176,5.5049562,3.7014372,4.128303,0.31420174,0.36353898,0.5689675,-692.652571925867,49.47749794622155,-142.8791644093642,0.6581737,0.0,1.0
0.38213405,0.025443038,1.0112193,0.8867279,3.8290877,3.411114,4.184433,0.00019589497,0.48056102,0.63756585,-678.3294162224523,-311.3303894407891,-220.70542166474593,0.4942261,0.0,1.0
0.45406237,0.02878799,1.10333,1.012975,4.9368215,8.666925,6.578956,0.264838,1.6328753,1.2292004,-1061.265233282249,22.551437159446778,-82.48595657028591,0.59366643,1.0,1.0
0.57759154,0.03530544,0.8666889,0.9930982,4.434217,8.689175,7.3700666,0.22242635,1.6607577,1.4351082,-1256.4865521969662,-8.377963930830902,-109.98889559110648,0.522369,1.0,0.0
0.6216679,0.03056703,1.0065836,0.9859401,7.4666314,4.4838276,2.5485044,0.8928302,0.53054726,0.12035088,-95.85749865497655,44.158029646674095,121.19529579155255,0.737894,0.0,1.0
0.76906186,0.058978505,0.97715104,0.99709177,5.697838,7.7917433,10.583392,0.24376532,1.3927519,2.0488734,-277.73376838800436,49.95771077599875,55.45264675732369,0.71348065,1.0,0.0
0.56237507,0.13045608,1.0225993,1.1294911,7.8675447,7.432661,9.858463,1.0697345,1.2694517,1.909258,-17.669208454380623,63.74591404683133,-6.883735005763356,0.7894291,1.0,1.0
0.6434871,0.028554723,0.9762073,0.996725,4.389741,4.205842,2.1245632,0.06793612,0.51633376,0.13393366,-739.7497835801919,-20.39173736102134,-296.27890401270565,0.67774427,0.0,0.0
0.48964775,0.07005774,1.0364206,0.9929112,8.339833,6.0643206,5.7014947,1.1448163,0.9052675,1.0426912,236.82610008598886,166.35243783136184,-80.25146951041052,0.8238187,1.0,1.0
0.533823,0.08055247,1.0326872,0.9549784,5.129677,7.970178,10.862812,0.34075865,1.4528425,2.1333044,-1135.4548988060112,26.896362855766256,13.197258324903942,0.6694201,1.0,0.0
0.50023407,0.043973714,1.0024862,0.9893512,5.232623,6.087693,5.4891224,0.34194556,1.0074717,0.9311437,-1055.401351936782,0.6475621686381601,-47.634225980473275,0.69776505,1.0,1.0
0.7683755,0.05836424,1.0360131,1.0200756,5.373507,4.863267,2.7885196,0.26074073,0.5878361,0.22717957,-679.3455535860928,72.41496788879181,-133.69170577908585,0.79090095,0.0,1.0
0.71691656,0.06583871,1.0068364,1.02003,4.127374,8.452717,10.271634,0.10466102,1.5228665,2.0094392,-962.582011534704,100.26904152055658,-3.1600248107274638,0.7491764,1.0,0.0
0.5867271,0.22528206,1.0177426,1.0707928,6.8170714,5.024353,2.76343,1.1306833,0.66140294,0.15064736,-933.2542202178547,30.961257187591173,131.22599481049167,0.7721123,0.0,1.0
0.46665177,0.06165265,1.0069829,1.0047652,5.396851,7.051067,9.6262665,0.5274547,1.1918236,1.8780594,-1409.9208054368864,57.460040699045294,-41.13781735842758,0.76937366,1.0,0.0
0.495088,0.12621737,0.95963544,0.9633554,5.3041387,7.056423,9.236827,0.3608395,1.2517495,1.7355387,-1059.6217946932056,0.22508214480421884,48.13847244653607,0.6652438,1.0,0.0
0.54701877,0.01854789,1.0310585,1.0742642,8.207592,8.0889225,11.712181,1.1558425,1.4222939,2.2769284,150.89303367252523,94.97043947438488,87.73938793130401,0.7868097,1.0,0.0
0.62861955,0.036994528,0.9569913,0.9495394,4.2017455,5.1896133,2.5253406,0.23770724,0.65079117,0.23496872,-1393.1786576988984,100.6140359195731,-347.1273687203868,0.8252237,0.0,1.0
0.5992903,0.040153116,1.0499529,1.0885937,6.5461717,4.1862264,2.8258836,0.8124956,0.5643479,0.190311,-768.7276352799504,-95.39521506991719,6.821030888129826,0.63121164,0.0,1.0
0.68860906,0.019141328,0.9525951,0.98794985,8.681076,8.2426195,10.878854,0.73312104,1.4817432,2.1272454,1033.9841122187963,71.79335113148,34.967343226915546,0.737442,1.0,0.0
0.5524823,0.034775548,1.0648351,1.0406233,7.8747377,8.280676,10.627392,1.0877265,1.5099146,2.0623598,-24.575501433229874,50.83501493553422,63.079687933655805,0.6944282,1.0,1.0
0.5644212,0.07082071,1.0295087,0.99127746,5.952439,3.8910236,2.4510462,0.23620923,0.50804424,0.056138758,24.7677954318724,-113.94150436871655,401.67080167556594,0.6016416,0.0,0.0
0.5889291,0.041977435,1.0068346,1.0021479,3.9034865,4.631124,2.8072648,0.050023586,0.5929245,0.12589261,-846.1112249474888,-16.266745948858443,274.8223369678848,0.72624385,0.0,1.0
0.7008182,0.05855478,1.0445982,1.0085716,3.7203193,4.324116,2.8524475,0.16526182,0.39712828,0.026377026,-1262.1897929347456,221.35827981465286,862.9503573626614,0.784092,0.0,1.0
0.6600083,0.03391629,1.0261055,1.0670078,4.7785087,8.046341,10.169508,0.13032867,1.3841598,1.9564029,-740.2772446763897,123.72622993065306,67.06009264086651,0.8378085,1.0,0.0
0.79296196,0.136323,1.0488331,1.0376828,4.8690634,9.447679,11.084884,0.022446284,1.7471137,2.1564248,-297.1317431025964,146.73082107405025,83.28412969721285,0.73451996,1.0,0.0
0.88093483,0.0200708,1.0575042,1.0305882,4.4878335,8.171322,10.150104,0.29674044,1.4632891,1.9656383,-1440.9872398585494,70.27251922945243,30.56172558193248,0.74274594,1.0,0.0
0.618779,0.11569421,1.016604,1.0500972,4.2331614,8.222771,10.4861145,0.029060714,1.4381533,2.0425782,-664.9978759295235,118.31766074240295,13.055520678979974,0.8141158,1.0,0.0
0.7270304,0.40407133,1.0159308,1.0225643,4.5201955,9.109051,10.018356,0.21239445,1.6942314,1.8917934,-1171.6873529565755,91.9819860355733,118.32201283754921,0.6835664,1.0,0.0
0.5208815,0.067525394,0.96015996,0.9798919,6.244287,5.0173635,2.8137293,0.73290986,0.06319261,0.29055253,-932.3536833536396,1536.0829082962514,-295.88765597600377,1.0221323,0.0,0.0
0.78573763,0.017841166,0.99542713,1.0775828,7.5860324,4.5078497,3.6876333,0.76405215,0.34944263,0.3401205,215.7101225931433,370.55157456483994,-1.0065324470069754,0.8482324,0.0,1.0
0.5673265,0.049267747,1.018015,0.9972678,4.129779,4.417163,2.5140839,0.021401625,0.29103923,0.16696925,-679.8073342474679,479.5874650882997,-98.5617255819327,0.851316,0.0,1.0
0.7104854,0.11843736,1.0243585,1.0185647,8.705087,8.794667,10.823048,1.2852166,1.6095068,2.102063,362.2513474000689,98.480838249724,63.62965538407343,0.7240902,1.0,0.0
0.61507875,0.040537678,0.9901614,1.007135,5.0918283,8.451283,11.513769,0.10680257,1.530368,2.2326505,-417.5150779481676,86.61626278857466,109.962771265029,0.7323915,1.0,1.0
0.97501534,0.028896881,1.0471444,1.0809149,4.2689686,6.9687963,8.758876,0.12382444,1.1861424,1.5516797,-981.4780454359991,37.315365170704354,116.70738146712165,0.7469598,1.0,0.0
0.53392345,0.036449675,1.0109147,0.9741663,2.898403,5.8525124,2.6616955,0.06524884,0.91590124,0.20573762,-990.4655348769853,45.844334627720855,-150.05029499447232,0.74386454,0.0,1.0
0.508905,0.034878924,0.99891514,0.9946371,6.8714943,4.834682,2.2309945,0.6840485,0.6999932,0.07917053,-225.68522364656837,-56.9970790083546,80.70150069450506,0.68082017,0.0,0.0
0.64483154,0.09760564,1.0174377,0.9453985,4.5297723,8.984556,11.10994,0.21718349,1.6596261,2.1449294,-1180.2558503629887,100.00629564649626,125.78249675614734,0.7030671,1.0,0.0
0.6650329,0.04037984,1.0265878,1.0317662,4.8909626,4.552411,2.7778964,0.42197978,0.30588457,0.10552902,-1563.7681724252925,472.6869991036906,371.3768763801892,0.87524545,0.0,0.0
0.61251277,0.17926674,0.9947689,0.9929926,5.1291656,4.902814,4.576443,0.42845508,0.5021207,0.5213205,-1403.9854875419624,203.74020946893347,128.8876546105157,0.85961366,1.0,1.0
0.59304416,0.019498976,0.93342596,0.9220452,4.283381,8.604604,10.2462435,0.45661923,1.5665041,1.9114252,-2017.112223277235,97.77366701530173,195.2207718569589,0.7271757,1.0,1.0
0.5801036,0.039825644,1.0745587,1.0805041,3.8226488,4.5027723,2.4562044,0.09532606,0.34524834,0.11835932,-1006.4584034391848,376.3490288251626,64.90267657593085,0.84889746,0.0,0.0
0.8663327,0.13704778,0.99132544,1.0561719,5.6377068,3.960438,2.315724,0.18775363,0.43267307,0.05331788,-166.2763685180962,39.296931894420595,326.1691687345002,0.6771546,0.0,0.0
0.47538644,0.056642544,0.9941841,1.0190362,7.101401,5.487363,6.654959,0.8195562,0.9394975,1.1886034,-265.0118839831571,-143.82465051154304,-6.656433432772701,0.5789633,1.0,1.0
0.57110316,0.009748844,1.0696143,1.1255258,4.967075,9.425415,10.236134,0.17569159,1.7422686,1.9569404,-755.1929205744991,150.26785938335934,98.10189538595523,0.7345904,1.0,1.0
0.7739052,0.032174412,1.0158814,1.030852,11.121741,5.594072,4.782118,1.9419657,0.6769657,0.7128804,702.0616818763069,236.30847845560925,-40.28086244959468,0.9091337,1.0,1.0
0.5352193,0.09702862,0.93849254,0.9543996,5.7650948,3.9484367,1.5745513,0.56725496,0.52727824,0.027440056,-1101.9806075856222,-124.89984056466233,-74.88243165698327,0.5999859,0.0,0.0
0.69710255,0.033179868,0.959883,0.9800734,9.1822605,7.821711,9.47757,1.1345253,1.3566582,1.8120344,705.0969620718884,95.74243633793549,10.500327544054016,0.79493505,1.0,1.0
0.7516263,0.020899912,1.0185946,1.0361841,4.616877,3.64046,2.4766932,0.22309645,0.4556242,0.060813352,-1149.7975743347874,-151.48779366751614,387.339645596987,0.5796232,0.0,0.0
0.51778084,0.014813119,1.0596985,1.0453513,6.094969,7.0056505,8.353153,0.018347729,1.2268703,1.5563973,917.0855720140737,7.530639608767615,4.749184212210821,0.6906783,1.0,1.0
0.6855414,0.066808894,1.0526658,1.0701048,5.8932676,5.98321,3.0913117,0.4865904,0.9424404,0.11716447,-771.9011634400722,66.3200250167979,486.6936628504868,0.7526053,0.0,1.0
0.5238775,0.023612894,1.0448195,1.0176018,5.150163,8.086496,10.175682,0.052922964,1.4659876,1.9716843,-186.3954736506953,46.359324546457174,26.979753032820554,0.6971203,1.0,0.0
0.6205274,0.022583198,1.0266033,0.9199689,3.9353197,4.483424,2.4490595,0.017078094,0.55897367,0.05706295,-715.9545881378482,2.373304084737356,392.8171112833768,0.7155942,0.0,0.0
0.5566982,0.015845317,1.0118704,0.98277545,4.722423,3.5378597,2.2559307,0.2366499,0.31528312,0.014582708,-1125.8810222783845,72.2657012170539,492.5081626570974,0.6465087,0.0,0.0
0.7357263,0.0378177,1.0490638,0.9962046,4.2119884,8.560055,10.36447,0.23382796,1.5586929,2.0116377,-1373.947955864921,96.42644574728365,41.923580679450424,0.72273916,1.0,0.0
0.8427735,0.02590759,1.0388201,1.057229,6.2237124,4.440947,2.0132592,0.41055912,0.55639046,0.04480662,-219.9689731849021,-6.800306549271681,124.0613959896466,0.7065984,0.0,0.0
0.63587755,0.021543924,0.9408574,0.9548232,6.3862753,7.191862,11.120259,0.7729001,1.3095993,2.1657567,-859.1961703857055,-27.29922746611919,81.80666401082271,0.607132,1.0,0.0
0.63369954,0.014132312,1.0147169,1.0336215,5.876291,5.6550126,6.115045,0.7006777,0.8845818,1.1233293,-1250.1734007491377,14.42651444998046,-58.41214872650289,0.71928906,0.0,0.0
0.68284136,0.033152923,1.0682976,1.0617516,4.1510787,4.7464876,2.1393833,0.116710156,0.629408,0.08224184,-989.3410506231728,-15.99360129945876,-19.964077344784528,0.7252954,0.0,1.0
0.46137094,0.018973147,0.9799363,0.9979933,10.944984,4.579918,4.4924703,1.8372567,0.4040378,0.58288693,706.2789969929768,276.67656597700284,6.643369904245901,0.8390094,0.0,1.0
0.7826221,0.029521558,1.0607828,1.0459949,5.4636455,7.683707,10.714948,0.36078247,1.3995581,2.0887976,-896.9595902656415,8.275996938348726,46.79360048229728,0.64776176,1.0,0.0
0.5522822,0.04721421,1.0071801,1.0027798,6.421111,3.9140112,4.367249,0.44065985,0.38501745,0.64002204,-87.08232220286709,109.69277238428481,-144.55911205693496,0.6956269,1.0,1.0
0.7286942,0.16462725,0.99518985,0.9836538,2.9913316,4.6683836,1.8880274,0.2525359,0.49422407,0.07635295,-1619.8707632008307,148.27724777824255,-172.77923087401638,0.80848026,0.0,0.0
0.7914391,0.08912424,0.9963823,0.9490147,11.916704,4.0616856,4.4939456,2.034085,0.3698289,0.63781977,745.4797977525864,178.88258942557582,-71.66361891965698,0.73818344,0.0,1.0
0.8804708,0.018622588,1.0785191,1.0117394,5.076385,3.900127,2.292335,0.5668935,0.43299222,0.06195132,-1796.656198730494,13.354802105757017,248.52775794988668,0.6621912,0.0,0.0
0.5245028,0.046882953,1.0361788,1.0046693,5.424657,6.363113,7.182281,0.08519895,1.1038635,1.32174,-25.361568778280343,-51.37559965643595,-22.89418637477911,0.64634675,1.0,1.0
0.5530427,0.0072626597,0.9003469,0.9545512,4.0479784,4.2178802,1.8644998,0.4279186,0.48346135,0.10738967,-2012.9988742592695,38.90109140455638,-345.39320852182243,0.70554775,0.0,0.0
0.5487952,0.03822765,1.0317472,1.0476412,5.6732645,5.254717,2.9585528,0.6378883,0.5750636,0.09321436,-1358.963217070268,211.0388115151054,546.1018926549802,0.8977889,0.0,1.0
0.7287487,0.091370024,1.0137786,1.0012009,4.5313473,5.043336,3.159378,0.27714282,0.70485884,0.1344306,-1364.0108856534107,-3.7945332686772417,415.82560285001637,0.7363929,0.0,1.0
0.939209,0.096027546,0.9785885,0.9966933,5.8025603,4.359838,1.7831814,0.27034602,0.50725204,0.11597432,-242.15813954379064,41.029560525615125,-442.4317453847797,0.7238661,0.0,0.0
0.4775278,0.0142717045,0.8941218,0.88863516,4.9527664,9.167021,10.101621,0.1951083,1.7119391,1.9488409,-831.4133633309227,91.7342987829461,42.72567068015587,0.6697603,1.0,1.0
0.7883709,0.036271416,1.0212193,1.0694426,4.833966,4.1246276,2.129144,0.18178774,0.49326593,0.10316557,-877.4236224084766,-1.7516873274255431,-126.83213734525498,0.67483866,0.0,0.0
0.5565193,0.02191156,1.0344585,0.96140355,4.3398786,5.7379785,6.5009665,0.23616098,0.33204418,1.1004717,-1335.5700001405635,812.6256511834583,59.128021077520316,1.1211613,0.0,1.0
0.89124507,0.053882338,1.0458531,1.0757531,5.997732,7.281494,9.875657,0.66415346,1.2691619,1.9388583,-1059.277366847843,23.716978941163234,-57.629652653098674,0.7288936,1.0,0.0
0.81885535,0.041644767,1.0602372,1.0449494,6.2220535,5.4026036,3.3012176,0.8728356,0.6146494,0.07164195,-1191.1118462838149,219.3698263758415,810.82364304764,0.9069932,0.0,1.0
0.7837284,0.02752604,0.9878095,1.0339446,8.174964,5.3962317,2.7709875,1.1192298,0.77054477,0.1508975,157.00325505073715,53.17305391675859,133.28869892812486,0.77124995,0.0,1.0
0.62555104,0.027567003,1.0711378,1.0440134,4.001595,4.529207,2.1492116,0.37572908,0.6168541,0.12898377,-1880.0028780573168,-62.51443320148587,-247.9477479341267,0.6770338,0.0,0.0
0.54855794,0.025664743,1.038237,1.0886966,8.449925,7.2204294,7.7738657,0.8043818,1.3237921,1.4896134,755.1786576988984,-33.923071092432565,-59.79751735607533,0.58892435,1.0,1.0
0.84116286,0.025159296,1.0136595,1.0136261,6.6847367,5.298182,4.657615,1.1170664,0.6212388,0.6907767,-1049.6723360941342,171.63024232685507,-72.01241048864881,0.8761253,0.0,1.0
0.5895023,0.01972123,1.0439471,0.9690376,3.9956064,6.7080073,5.9955935,0.46755397,1.0961995,1.0575442,-2142.57362694519,67.33504928688262,-24.875244804611157,0.7894099,1.0,1.0
0.6929907,0.027253134,1.0472089,1.0495555,8.593342,6.579453,7.938923,1.016023,1.0680858,1.4415553,553.8622564398638,71.97509932047797,21.26192087942627,0.78445905,1.0,1.0
0.7516089,0.027398199,1.0534053,1.0520256,8.971873,6.7643948,9.210645,1.2508644,1.15372,1.6899996,521.41511564751,18.215831155313936,80.2606147996712,0.72111857,1.0,1.0
0.8139803,0.037929945,1.0343711,1.0770828,4.536881,4.0004005,2.1664195,0.3622929,0.47708654,0.13747934,-1621.2572256861554,-25.504000074798114,-286.7981724441843,0.6555188,0.0,0.0
0.5319618,0.024866594,1.0490812,1.0743713,4.914408,4.6331453,4.4705977,0.29384622,0.45543167,0.5151473,-1154.7163778726501,196.48327122681576,82.72044363016062,0.82362473,1.0,1.0
0.5637379,0.022499213,1.0440053,1.0431879,7.5400157,8.293365,10.110777,0.40887892,1.4911205,1.9520924,979.3286622356118,80.05376708249332,39.89288166051119,0.7414482,1.0,0.0
0.5284087,0.06031041,0.9553391,0.9760478,9.781098,8.077037,10.871014,1.4684943,1.4220892,2.1342864,668.1781585340254,89.94150436871678,13.301765187626188,0.7820933,1.0,0.0
0.57980305,0.08879682,1.0182002,1.0179437,8.779566,4.9755173,5.146179,1.237825,0.5059752,0.6284788,418.3615687782808,223.00062541994703,265.0019591196324,0.87453556,0.0,1.0
0.55510384,0.13843411,0.9907715,0.94476277,5.297519,7.7011447,9.6968775,0.23726481,1.3049552,1.7819315,-684.1920444162056,104.52716189987177,155.2880479364785,0.83503807,1.0,0.0
0.5249667,0.036041122,1.0747691,1.0229458,4.3444986,7.9637117,9.682137,0.07713281,1.4219773,1.8505298,-794.5355961032751,57.912569263048226,33.81711401435177,0.73229724,1.0,0.0
0.6678452,0.027320636,0.9937763,0.9710237,4.0549154,5.140654,3.191428,0.34177494,0.69145906,0.016236415,-1752.0769430816536,48.74250504063184,1090.7171763825413,0.7765692,0.0,0.0
0.41932875,0.027612878,0.7867629,0.9193628,4.6638265,5.2019954,2.6689389,0.14548944,0.71934134,0.2221442,-858.2669855988361,37.63949331634535,-193.0679304848852,0.7671499,0.0,1.0
0.7244274,0.0728511,1.0943025,1.0894771,8.106814,9.902788,10.9953785,0.64906484,1.9232992,2.1692245,823.2108102547268,7.581485699615769,1.9529736186341324,0.48253754,1.0,1.0
0.6876967,0.12286522,1.0033724,0.96641505,9.245602,9.361104,10.407939,0.17690432,1.799999,2.029609,2744.8338528601153,17.42178590119056,0.24036714974818096,0.5256087,1.0,0.0
0.60723543,0.021535633,1.0388855,1.0219122,6.8535233,2.3419497,1.1901695,0.8248941,0.0142135415,0.013582777,-500.2827459690561,269.98107870916226,-116.67994969580229,0.47782832,0.0,1.0
0.55969334,0.07110631,1.01497,1.0349092,7.6137214,7.6284013,6.4217167,0.25198612,1.4358147,1.1630421,1513.4268722196832,-43.71127436326515,-30.38798147182706,0.5265217,1.0,0.0
0.7147787,0.06314225,0.9979332,1.0197394,7.5748105,10.135208,11.344705,0.5520715,1.9833897,2.2536552,629.1697739445117,-14.87570271048071,0.9033330295278574,0.42703268,1.0,1.0
0.554335,0.04171446,0.99816984,1.0561498,8.059586,8.038171,5.9011827,0.5508846,1.538019,1.0514946,995.4674093650256,-56.03651594340727,-50.02155441242212,0.47760808,1.0,0.0
0.5787965,0.086186476,1.0218815,1.0604026,6.750801,2.6918702,1.4896479,0.63208944,0.057288807,0.10682868,-235.0703108087264,373.07017959786515,-561.4350112669111,0.5463559,0.0,0.0
0.67819846,0.04938236,1.0092971,1.0224847,8.028452,10.454693,10.786438,0.9974912,2.0534136,2.1297903,197.02602468730493,-22.291227316522964,-31.88634716527349,0.4024876,1.0,1.0
0.50439334,0.28063637,1.0370913,1.0507748,5.942721,1.8492892,1.4863248,0.23785315,0.1308557,0.030296473,11.159137873537475,-622.2817015162464,-131.6525165589948,0.35306928,0.0,0.0
0.58746624,0.0974148,0.95864546,0.9317267,6.5689664,8.826145,10.154523,0.3653755,1.7223709,1.9984102,264.8097079003812,-55.6291288923544,-48.66165775179297,0.39458838,1.0,1.0
0.7993962,0.1636593,1.0287554,1.0085553,7.7088895,9.1119585,9.469979,0.5319907,1.7822968,1.8558896,785.4973104393935,-59.41733216318653,-67.8902667700263,0.3880095,1.0,1.0
0.49659345,0.013996155,0.9176007,0.9147452,6.7443185,10.014827,12.092023,0.26301235,1.9528412,2.3972795,732.694606565829,-14.277316480939135,40.205749891543746,0.45447046,1.0,1.0
0.53250563,0.034290604,0.9956021,1.0443169,6.387298,2.7757304,1.5395911,0.65512294,0.1202439,0.11461783,-628.0734384484799,139.1558027776722,-577.5780549925905,0.5531431,0.0,0.0
0.5871859,0.045676075,1.0410829,1.026223,7.1126027,2.0096805,1.9096092,0.08033462,0.033800635,0.06996012,1690.571497635183,-46.98073519567936,-127.44807479543738,0.40877122,0.0,0.0
0.40234888,0.014752241,1.0594134,1.0281711,9.343881,10.260027,11.417255,0.15970916,2.0122905,2.2475963,2858.040908899232,-18.618764468363224,44.568911068816305,0.41004726,1.0,1.0
0.80872107,0.072319314,0.9684704,1.0248499,9.235894,10.282894,11.10353,0.19489624,2.0404618,2.1827106,2677.2488410966416,-77.36182622624528,26.747225775321567,0.26226473,1.0,0.0
0.45703763,0.025076555,1.0180144,0.9999696,7.7507553,2.0812938,1.8013852,0.656621,0.022503063,0.06421213,552.6289261310062,46.28315846423013,-165.1587214619472,0.42422107,0.0,1.0
0.5621886,0.03460366,1.0333618,1.030758,6.841769,2.478675,1.2156514,0.8428066,0.06237721,0.005541717,-538.7441496370111,128.9671678735786,-53.93403204846675,0.5019361,0.0,0.0
0.63641226,0.06803305,1.068571,1.0607368,7.5049167,5.6306386,1.8815662,0.7275683,0.9276756,0.09397386,217.26836092200256,-62.461222836242996,-271.7517977372089,0.65158594,0.0,0.0
0.39886716,0.034873027,0.99114734,0.96028334,8.124584,9.891416,10.647256,0.76250154,1.9147071,2.0767539,616.6967358758361,23.829172952243425,35.95754558052113,0.50775373,1.0,1.0
0.53003204,0.1139419,1.0184621,1.0171909,8.484528,11.489249,11.55094,0.8703839,2.277661,2.2767758,680.8613802815703,32.84878836572534,42.71848655875874,0.3101992,1.0,1.0
0.46112645,0.0113454135,1.0193636,1.0237498,7.7464485,10.18157,10.802133,0.5960897,1.9938364,2.085989,673.1233585130826,-11.094454857439814,95.62638950194196,0.4222846,1.0,1.0
0.56317395,0.09939979,1.0420793,0.99314827,8.783085,10.156505,10.931131,0.9218909,1.9687005,2.162929,754.1527604225776,45.82221753445128,-23.25604010680945,0.5107197,1.0,1.0
0.89261,0.37546897,1.0437418,1.0568225,8.9452715,11.243479,10.493172,1.1052246,2.2247787,2.0121443,634.8961613122788,28.91013628595647,113.96538342453914,0.33384278,1.0,1.0
0.76793605,0.058489952,0.9999688,0.95780987,6.356371,4.103278,3.059149,0.15992032,0.46735466,0.4109034,712.0542956165391,27.061973340179293,-371.28935401623403,0.68848807,0.0,1.0
0.71676475,0.025499566,1.0738815,1.0859692,8.533892,5.4319005,3.5718853,0.12877804,0.8799899,0.4604714,2570.669208454381,-66.80496639536523,-231.82625793812554,0.6501919,0.0,0.0
0.57344395,0.073724255,1.0704558,1.0350775,7.7870955,3.5011353,2.728411,0.9142318,0.23950806,0.28732014,112.41023569116942,261.9578481813919,-340.0966697014478,0.6715606,0.0,0.0
0.4503339,0.16893603,1.0768749,1.0551105,7.506463,10.857221,11.307054,0.3923864,2.1400542,2.2224138,995.6963588824156,14.917091703748156,40.52384244159657,0.37546924,1.0,1.0
0.58590806,0.063346,0.9891864,0.9989849,8.095712,10.598873,11.891709,0.9996327,2.0609152,2.3530016,240.71500254948387,35.20066947983605,45.390596362311044,0.50628644,1.0,0.0
0.63658506,0.046929892,1.0791049,1.0882081,8.3335495,9.058127,8.930903,1.0166546,1.7166897,1.6720306,374.5378475847356,37.08152005096417,24.73808048606088,0.5906945,1.0,1.0
0.52795935,0.049518786,0.9194191,0.9365625,6.7648945,3.084864,1.6667112,0.82758135,0.38535395,0.08538673,-587.9181769620059,-394.24935740437877,-363.6923595017072,0.49176311,0.0,0.0
0.4690172,0.01287629,0.9540864,0.9746175,5.5796113,2.5634513,1.6856052,0.20878172,0.1694459,0.041180354,-301.44326440529085,-270.5363441866656,-83.46113832396361,0.49385747,0.0,1.0
0.56362,0.08148882,1.0276817,0.966163,7.7405205,11.140467,11.603097,0.67564666,2.1901734,2.2652802,505.5320914701015,39.55018631955318,75.34226185296029,0.4177569,1.0,1.0
0.4977265,0.03184983,0.991301,1.029249,6.584033,2.7852623,2.2969363,0.4708504,0.2246627,0.22587991,-19.520080075960777,-270.3731666793442,-485.75440989671915,0.5202505,0.0,1.0
0.7939792,0.19901384,1.0096338,1.0075393,8.047275,5.921727,4.2093687,0.4643751,1.032668,0.6416714,1199.0216438958378,-130.8478123366167,-216.49640793930166,0.59184664,1.0,0.0
0.74885106,0.025670124,0.9851484,1.0274483,8.838494,10.750648,10.487118,1.3494494,2.0970514,2.0317762,391.8033304494211,45.45760772195399,49.303071267381256,0.48458773,1.0,0.0
0.36831897,0.032345142,0.9292804,0.96294665,6.27992,3.1032817,2.7286856,0.7975041,0.18529893,0.23871021,-1000.5638670325093,172.31550257609763,-209.85565087730947,0.6045648,0.0,1.0
0.345422,0.1808567,1.0174564,1.0063204,7.1152735,2.9791775,2.5883152,0.7050765,0.0978742,0.17366876,-40.07969372798652,449.1176166825138,-63.97648715068931,0.5998616,0.0,1.0
0.51688814,0.064836144,1.0476649,1.0456194,8.517538,7.7334113,7.0122395,0.07327399,1.4700447,1.3089542,2737.748652599931,-56.46706481953379,-48.31221382566764,0.49074203,1.0,0.0
0.49770173,0.018297702,0.9775112,1.0294124,8.902609,11.5476675,10.710509,1.0685217,2.272816,2.0772913,653.3040181110046,54.704112837383946,80.0202496981542,0.41864452,1.0,0.0
0.4524867,0.021594489,0.99902225,0.985705,9.436025,6.978602,5.331718,1.0491354,1.207513,0.8332312,889.4677863584457,18.038742812409055,29.732201078931666,0.7143964,1.0,0.0
0.8047235,0.14411825,1.0591009,1.0242583,6.918202,1.8769284,2.1814241,0.32557523,0.003269019,0.14779094,699.9395712754072,34.47645321441712,-315.00392028749684,0.3831119,0.0,1.0
0.61690193,0.041525304,0.95858115,1.0094457,10.1901,9.82687,9.910629,0.24169517,1.8872055,1.9323853,2764.874889170331,52.122001717820694,-20.964074613809316,0.5600875,1.0,0.0
0.65067804,0.04772075,0.99596053,1.0429226,6.9194117,2.0989747,2.5576398,0.6697337,0.074923076,0.18116423,-164.87263768887078,-231.09418004665366,-130.11953087636869,0.4215724,0.0,1.0
0.47082448,0.020730278,0.9443381,1.0408247,9.05204,9.239025,8.855835,0.87448245,1.7574176,1.6767483,976.2393360059282,43.19378276474072,-8.07380716103944,0.58261883,1.0,0.0
0.4969277,0.08624958,1.0078955,1.068738,6.8262777,3.139826,1.9475387,0.4062398,0.41189313,0.0031864182,379.6396843734333,-386.9762127549791,311.71064461827837,0.48378322,0.0,0.0
0.19949952,0.014072574,0.9756754,0.9681137,8.453579,10.150477,10.794678,0.8399072,1.9965348,2.0920353,706.2023034937597,-33.00764954043552,68.12802244300792,0.37518913,1.0,1.0
0.3555008,0.01929756,0.90790355,0.94849133,8.131202,2.3758123,1.462847,0.8757521,0.028426409,0.063287936,438.59051829567125,224.18014673994355,-348.22142557958045,0.48409206,0.0,1.0
0.73674726,0.016441317,0.95697755,0.95064425,7.77697,2.6546876,2.253494,1.1294801,0.21526416,0.105768174,-138.5920157902906,-359.2701549550577,-19.602222247266468,0.49534923,0.0,1.0
0.6305335,0.02956064,1.0041573,1.0037708,7.753385,10.722636,11.001958,0.6590022,2.08924,2.1319885,551.9934951380565,47.99464603126307,96.17635695235958,0.49378702,1.0,1.0
0.6321905,0.029388348,1.0502373,1.0239433,6.4064994,2.1548827,2.289886,0.48227105,0.025843173,0.1651575,-223.29250588173682,79.71718504925275,-261.64533107211037,0.43907207,0.0,1.0
0.4612657,0.013345773,1.0167209,0.9424703,7.6554227,9.47541,11.53415,0.11993009,1.8401465,2.2861075,1992.42824754285,-21.945119483005783,15.115612637102458,0.4623272,1.0,1.0
0.49602643,0.015187574,1.0909677,1.0474354,6.032414,7.4193244,7.095211,0.19215249,1.4151291,1.2436802,249.4929296479263,-72.318911582297,55.848465390424735,0.45559564,0.0,1.0
0.46767664,0.02797546,1.0123783,1.00508,8.488134,2.9108102,1.5442214,0.77612,0.098860756,0.03810904,839.4928074764734,375.4937730562001,-138.8373630297629,0.5855368,0.0,0.0
0.4893541,0.01351895,0.91201985,0.9749943,8.891626,5.6172557,4.600438,0.9444265,0.9345851,0.70323783,793.6511966027006,-74.20080688522921,-112.63618578284945,0.6363087,0.0,0.0
0.536171,0.02661214,0.98805505,1.0384333,7.673792,9.897481,11.209331,0.5320477,1.9301054,2.2091484,761.8351060118293,-13.89768239835712,32.91770263780927,0.44849086,1.0,1.0
0.54774433,0.051933087,1.0658706,1.0100657,7.0388684,5.717945,4.6024194,0.45217034,0.9155647,0.76037294,435.49643428109994,-6.184600477947242,-207.58785127349756,0.6993577,1.0,0.0
0.72321445,0.18663582,1.0548509,0.9990614,7.9394426,3.4715996,2.0581155,1.1453661,0.0363232,0.043997943,-36.836104341575265,1131.569031812016,168.89418500929133,0.70766693,0.0,1.0
0.7002133,0.07293322,1.0292933,1.0277529,10.194606,5.5056486,4.7141094,1.1412549,0.9003762,0.75817066,944.1505089411176,-61.87904301398339,-149.71325950876417,0.64695543,0.0,0.0
0.3922317,0.02236751,0.9201483,0.99826205,5.424779,2.4903295,2.2187824,0.32593668,0.09755504,0.1823022,-813.0470420072854,-33.940253528822495,-418.95231989601336,0.49849007,0.0,1.0
0.62899005,0.06627114,1.0926949,1.0852805,7.970129,8.396722,7.408387,0.80763125,1.6344107,1.442091,419.5432267059491,-64.41962773488513,-111.67537500294065,0.39383137,1.0,0.0
0.50134623,0.027035017,0.98947346,0.941937,5.666596,1.9102912,1.8499998,0.46491155,0.04708592,0.01296121,-976.6271738144192,-179.63699163655718,181.15283932384244,0.38696387,0.0,1.0
0.6041534,0.032442585,1.011775,1.0061282,5.5686855,3.1488523,1.8887455,0.25494185,0.044516336,0.027136521,-456.492807476473,862.1315275180974,117.0757655979279,0.641149,0.0,0.0
0.6320539,0.07792193,0.9685919,0.95859885,7.4605584,2.3835628,1.8394489,0.6156874,0.17431158,0.014079721,401.41786629384296,-474.8129665449612,161.42455716691973,0.45285016,0.0,0.0
0.90672374,0.12678182,1.052355,1.0557739,7.891003,2.451932,2.40566,0.62248415,0.023295252,0.2363252,716.5115733149942,323.4567690982392,-447.9810591125761,0.49993348,0.0,1.0
0.67218924,0.022767052,1.0143075,0.99346393,9.838592,11.377818,10.587768,1.0879384,2.2424862,2.0691917,941.1000897116419,44.66244903332881,11.518616757088239,0.39455223,1.0,0.0
0.8852148,0.019684235,1.033971,0.9764729,6.210138,2.8480232,1.326987,0.71104246,0.03728136,0.017185317,-928.3237822792717,629.7137073403569,-118.07380989201448,0.58010375,0.0,1.0
0.5759951,0.024012625,1.0110348,1.0386494,8.347269,6.1174493,6.688569,0.6566692,0.8625915,1.2208227,961.9667217034421,248.52952617426672,-38.67406892318559,0.8855691,0.0,0.0
0.5650453,0.08634009,1.0579278,1.0598419,6.6027527,9.183567,10.408903,0.22867675,1.7997092,2.059209,722.6473149761068,-59.60714920447799,-74.15022716433259,0.37439272,1.0,1.0
0.5791857,0.025651686,0.96946913,0.96615833,5.5187674,2.6555014,2.170266,0.019994583,0.08410211,0.048708934,289.1525056006102,194.29470502541875,211.64663442089,0.5352125,0.0,0.0
0.6870619,0.015594552,0.9944684,0.9412305,5.436739,2.4508944,1.2624134,0.22639966,0.2399975,0.030546617,-513.0550496033793,-635.01321671294,-197.6316151864504,0.4362202,0.0,0.0
0.44117257,0.013496437,0.9801501,0.9710888,8.0993595,2.8180904,1.5854497,1.2685592,0.08630677,0.008632878,-22.49117733133926,339.58405608210046,52.54669952005463,0.56845593,0.0,1.0
0.48131526,0.0147735905,0.99628365,1.0553226,9.2605915,9.683427,8.58432,0.088448375,1.8543394,1.6099644,3067.718751525563,42.72038794736227,6.003266564875048,0.5702483,1.0,0.0
0.6413592,0.027253693,1.0568477,1.0078331,6.407209,2.5741336,4.9175696,0.22423626,0.09069153,0.81112754,542.566994672263,77.42317414647755,-126.89484009740045,0.51722574,0.0,0.0
0.53498274,0.032956295,0.9612052,1.0249255,9.290219,8.74304,6.342778,1.3603841,1.6267468,1.1778952,590.5190817462149,56.2331509970968,-71.94905264839417,0.6545713,1.0,0.0
0.4449518,0.013165509,0.9191177,0.94565547,8.8722315,8.303293,8.402182,0.123192914,1.598633,1.5619062,2782.832976701822,-49.92425322963027,10.89549382002133,0.4588932,1.0,0.0
0.8096394,0.01798804,1.0142831,1.0215617,9.411867,8.898762,9.604567,0.35803416,1.6842673,1.8103504,2242.960089430515,28.547959450550934,67.41672205387658,0.5869787,1.0,0.0
0.6948498,0.027224367,0.93328,0.9529943,8.716646,3.1694906,1.3478022,1.255123,0.05346072,0.017128449,388.44188908212436,836.4914774845017,-107.11561263710331,0.64466465,0.0,1.0
0.42439464,0.024653496,0.97906387,1.0043309,9.818879,6.2113976,4.3684373,1.1866764,0.98597896,0.6354982,845.7024919904698,88.60589836458394,-131.74722440983464,0.7712976,1.0,0.0
0.4840061,0.023676233,1.0470684,1.0596434,9.600438,10.485456,10.453228,0.48395124,2.0216677,2.0724432,1934.0586764080062,81.13354827900957,-85.37687638018951,0.5688542,1.0,1.0
0.78762627,0.055648778,1.0070999,1.0202944,8.422785,10.052401,11.330254,0.5756641,1.9526365,2.2546372,1192.802077297708,16.69374841339277,-12.054864225383426,0.48866445,1.0,1.0
0.67203873,0.0734638,1.0423132,1.02941,8.625841,6.0937757,5.3854756,0.34499484,1.0365225,0.7488297,1931.381332946548,-59.52952617426672,174.97321990306978,0.6543009,0.0,0.0
0.4280271,0.15576047,1.024883,0.9965055,8.183296,9.50956,9.882018,0.6555654,1.8355025,1.9022824,864.2777438412631,4.649789037639948,25.740040288437285,0.50846976,1.0,1.0
0.42595854,0.04123232,1.0466441,1.0247302,8.569303,9.969843,10.149805,0.969963,1.9525245,1.9708807,591.5008150725671,-41.335186692275784,15.85434479755395,0.41276345,1.0,1.0
0.45906118,0.021795297,1.0026046,0.98542476,8.118176,2.7953389,2.302253,1.2346051,0.16091175,0.10411447,23.334795343665974,-17.375462251042677,34.25146814492268,0.54645085,0.0,1.0
0.68321913,0.027676547,1.0100099,1.0118622,6.5541186,2.5506465,1.2895157,0.74734074,0.18879408,0.10179332,-650.1528825940304,-357.22153573321157,-597.0202496981545,0.48368025,0.0,0.0
0.3587905,0.1571346,1.0377017,0.96896654,6.915456,3.0746412,2.6668384,0.82596916,0.123300225,0.13961552,-459.93156367931306,407.50302404569027,115.3272357910821,0.6148626,0.0,1.0
0.38896412,0.07240636,1.0483242,1.0181078,5.459821,9.885046,11.084474,0.17582922,1.9090858,2.1828072,-324.5173294296276,27.59769210689774,11.789028520410284,0.52436197,1.0,0.0
0.3685676,0.11180435,1.0001647,1.0017895,8.171185,4.118974,5.7105165,0.901051,0.48748446,1.0061823,407.27636851809666,0.10363714423351666,-32.19203127490891,0.67776966,0.0,1.0
0.6239551,0.11788815,1.0532008,1.0274341,4.4738603,2.8241484,1.7329017,0.09699333,0.060090464,0.08443079,-789.756038859699,481.56207639422416,-317.7968663644292,0.57320523,0.0,0.0
0.4747968,0.030422889,1.0563793,0.96200377,5.503406,3.3349738,6.3805833,0.09818022,0.38528028,1.1177298,6.932939002479998,-183.2782925100471,12.462443038230958,0.5556913,0.0,1.0
0.7071209,0.13355131,1.00393,1.0046363,5.2779694,10.318527,11.540799,0.016975384,1.9805881,2.276053,56.36982071728028,97.89281644417406,39.676683813670024,0.591741,1.0,1.0
0.5567958,0.101861134,1.0411192,1.0360873,4.8258314,2.2354815,1.6886739,0.34842634,0.13011448,0.03943418,-1404.2273246117873,-405.3974419389191,-70.71195479449648,0.43656486,0.0,0.0
0.5086678,0.3181047,1.0030494,1.0228117,7.0053234,10.65361,11.129413,0.886918,2.0541549,2.1995208,-477.91104552420575,78.76664289481369,7.541477932009002,0.57773226,1.0,1.0
0.39048818,0.07200113,1.023007,1.0242574,5.2892647,2.3904688,1.7321296,0.28368935,0.20092842,0.17081414,-832.5659963425164,-556.0930666121527,-723.164599503589,0.4427676,0.0,0.0
0.7438574,0.12383248,0.99169093,0.9614959,4.8979244,1.9122126,2.4958417,0.11707416,0.14100243,0.3133348,-586.6520727609941,-634.066427078183,-567.926192838961,0.36283118,0.0,0.0
0.40689778,0.051267702,1.1289272,1.0542755,7.224276,2.1821716,2.404676,0.9120772,0.029541954,0.228055,-315.60315102613777,75.44056269095714,-418.62900166145255,0.44441226,0.0,0.0
0.5811062,0.078432046,1.0713106,1.0526422,6.186036,10.6424055,11.580061,0.006058089,2.043543,2.2838423,1062.1422465230562,98.01433014744089,39.96930302929286,0.60755926,1.0,1.0
0.3873803,0.093517624,1.0386719,1.0552218,6.4053426,10.016302,11.309868,0.56873024,1.9570999,2.2391846,-425.9404474337007,-24.93009521292106,8.297193225738738,0.43638262,1.0,1.0
0.3939134,0.05029561,1.0445762,1.014138,5.969483,2.115621,2.3208065,0.48935568,0.08899123,0.07837184,-709.5098209984071,-296.8083066988678,166.6178952043274,0.42219007,0.0,0.0
0.42395097,0.053639058,1.016243,1.0379277,7.060567,2.1040106,1.961143,0.84396106,0.117162645,0.013486222,-349.4063540645752,-424.1914184903459,248.27824755910888,0.41249666,0.0,1.0
0.5484642,0.104355186,0.99588394,1.0425279,5.8216577,9.882903,10.673617,0.007556109,1.9007962,2.1050122,668.8312243852351,37.16366552187537,-32.16133089048253,0.55325234,1.0,0.0
0.5914273,0.07498843,1.0292436,1.0291965,4.592273,10.041208,11.032692,0.19374174,1.9856764,2.174766,-1069.7913190552804,-74.67315697080357,4.371001069523118,0.30639663,1.0,1.0
0.57808554,0.028149545,1.0024134,1.0195872,5.722188,6.3011594,10.572077,0.078503504,0.99562365,2.0752506,303.166768476211,102.0688600552744,-17.084257164568044,0.7885363,1.0,1.0
0.58329463,0.054134637,1.072837,1.0715054,5.045944,2.618769,2.183561,0.11343666,0.008592223,0.092470646,-476.0568019199661,564.1419606447852,-32.00261420774177,0.53448206,0.0,0.0
0.48451242,0.16925761,1.0198377,0.9866264,4.9537454,2.7603881,1.5621303,0.22131905,0.35436174,0.10755138,-915.8377344867092,-637.1880094841465,-528.372307149278,0.4320704,0.0,0.0
0.7237868,0.062314495,0.9382136,0.9886795,5.0689163,2.3726687,2.322794,0.052975122,0.070537165,0.08323527,-259.05767807825964,-12.788622582689868,148.09862677284877,0.47893846,0.0,0.0
0.38176677,0.1555482,1.0224353,1.0467709,4.1702137,3.1300406,1.5950141,0.27282605,0.045401316,0.0062953783,-1514.4290015296901,838.1893977294337,74.1704748142553,0.63723433,0.0,0.0
0.64959234,0.43109837,0.9426829,0.97179866,5.3003216,2.5700095,2.6348586,0.45615977,0.30147937,0.1570801,-1335.4500188496709,-692.7470274813322,22.811233241735067,0.4248874,0.0,0.0
0.6527735,0.029262373,0.98754627,0.97427344,5.97106,8.299023,9.136111,0.48914453,1.4559445,1.7583209,-704.8476165708425,117.9542330671029,-12.338993239853608,0.813414,1.0,0.0
0.4202938,0.028314145,0.9660021,0.9421327,7.0486646,6.2875676,9.092626,0.5202868,1.0433093,1.708753,276.3098963970915,6.730889776746608,24.699543623103636,0.71650624,1.0,1.0
0.4706909,0.11667014,0.9896717,1.0245762,5.0784116,8.995747,9.666884,0.26516697,1.6837912,1.8819042,-963.2518465649418,70.49008923921429,-24.05421186825015,0.6469362,1.0,1.0
0.49533018,0.149283,0.9793942,0.9407475,6.7571917,2.5566366,2.250808,1.0414512,0.21675491,0.053189326,-890.2613516556553,-455.12547942671677,269.1482673619558,0.4726619,0.0,0.0
0.4215132,0.07001386,1.0434641,1.0148501,4.1134505,2.6308503,2.3836393,0.3505679,0.13761601,0.18377712,-1770.5249600323011,-74.38471324053285,-284.8687144058357,0.5183274,0.0,1.0
0.48574254,0.04848183,0.93871737,0.9523755,4.4503145,2.9253566,4.1125956,0.36758977,0.20660953,0.49719378,-1692.812336375261,-52.427559181784545,-64.69758382072769,0.5586637,0.0,0.0
0.8074593,0.098053746,1.1087942,1.0976505,5.878433,11.766177,11.375802,0.17851649,2.308653,2.254611,133.18503514985855,65.54323090176149,10.924234402071306,0.46529296,1.0,1.0
0.5962913,0.07413202,1.0857733,1.0588876,7.498363,10.693912,10.835154,0.44028312,2.092745,2.1280441,859.2420866522616,20.197191770940208,7.988244599459904,0.45047185,1.0,0.0
0.43703666,0.11821661,0.8389362,0.90814584,4.04589,2.3602228,3.1677938,0.026581839,0.2668742,0.09605591,-720.7136272263169,-799.6405380481497,629.3318077529688,0.39739287,0.0,0.0
0.4455537,0.06842289,1.0086623,1.0103816,5.5952854,9.192701,10.143691,0.17821445,1.6986365,1.9433445,-175.1527604225771,123.06879135257805,73.49575558216748,0.71797204,1.0,0.0
0.75750345,0.21286096,0.9198088,0.9848144,7.398438,5.3928323,8.424933,0.18468975,0.8906313,1.527553,1567.9677200331885,-101.31306959900621,48.24755127114486,0.6208877,0.0,1.0
0.5153262,0.06546696,1.1000744,0.96244246,5.1836615,2.072731,2.8783495,0.70038456,0.17375211,0.13744831,-1967.5111963215736,-688.8997718619657,261.18092618327125,0.38413695,0.0,1.0
0.5982559,0.08299761,1.0605954,1.0423677,5.36608,9.07044,10.001356,0.14843927,1.7380003,1.9305142,-309.52446086742793,3.1810540663545908,28.973221268557154,0.53059566,1.0,0.0
0.5057364,0.2227221,0.9864587,1.0352733,6.327063,9.551769,10.223188,0.05601169,1.825425,1.9955556,1036.6848466531483,42.984281607271896,-7.807967359603936,0.57488674,1.0,0.0
0.6525822,0.03963945,0.97555476,0.9557967,6.2562885,2.9797227,5.0653877,0.5757909,0.45325452,0.8602701,-589.8601271298567,-598.6324691958569,-136.3481385291143,0.39490274,0.0,1.0
0.30896565,0.047803357,1.0657308,0.9920927,5.1746597,2.851808,3.187503,0.41945693,0.34951663,0.09193305,-1336.4839237220858,-538.3905552238239,653.9764844197139,0.4600164,0.0,1.0
0.6313077,0.070670076,1.0672282,1.0499587,9.799805,5.218719,7.728596,1.6982003,0.7157863,1.3359932,591.7270139436246,50.49481778800441,95.64924931137512,0.7753031,0.0,1.0
0.55225396,0.16701066,0.92798907,0.95602465,7.0006638,9.784691,10.254921,0.32348964,1.9200302,2.0214334,784.8726376888708,-54.59212493439327,-46.47027951676182,0.38607427,1.0,0.0
0.5555129,0.022884257,0.95302796,1.0046391,7.4892445,2.5127385,2.6594985,0.89076,0.03609375,0.2368391,-74.19529422741198,317.45329138934324,-250.9601577400315,0.511586,0.0,1.0
0.2561473,0.08725701,1.0298802,0.9810334,6.871134,9.4864435,10.297513,0.020668883,1.8483762,1.9880601,1673.1792790352247,-34.482157792314865,49.89941342477459,0.43685648,1.0,0.0
0.471391,0.045448687,1.0315202,0.97134703,6.106546,3.4431002,3.9213736,0.2254176,0.1658817,0.49247617,213.25597253444175,496.11643454531634,-145.84389342853842,0.68212354,0.0,1.0
0.3880698,0.1338076,0.9531172,1.0039634,6.228663,11.956458,10.980516,0.24282505,2.3351924,2.166038,303.9016626049454,70.26660854346483,-2.630631871543301,0.5255474,1.0,1.0
0.64338446,0.06473496,1.1135265,1.0525343,5.733836,2.0156713,2.178208,0.19084236,0.07323557,0.07718912,-68.22282164886701,-265.29672578633085,36.47158559651655,0.40460086,0.0,0.0
0.44454083,0.05061058,1.0919024,1.0624043,5.957601,10.032691,10.701035,0.22668724,1.9517256,2.1059365,51.62054154149223,9.606943096388022,-17.01502128267157,0.47539762,1.0,0.0
0.46259782,0.055632155,1.0845602,1.0604643,6.250333,8.818998,10.462124,0.48041523,1.7080351,2.0634563,-378.0082571785306,-29.468246956731036,-52.89941069379984,0.44907933,1.0,0.0
0.51507425,0.07111549,1.0136902,0.99219924,4.547013,2.5715559,2.363229,0.009937363,0.16594091,0.037235927,-446.7908198904072,-251.85463034901557,456.0790314800595,0.49684376,0.0,0.0
0.5144822,0.05955064,1.0434673,1.061363,6.9059687,10.01846,10.219557,0.1667938,1.9491425,2.004067,1194.2149362242267,0.34652714537469365,-29.41084128126022,0.4739304,1.0,0.0
0.3857989,0.06431914,0.9493707,0.9628298,6.2497334,1.8780218,1.9975871,0.52913475,0.08315272,0.11688319,-497.2184408574003,-387.90784071425844,-294.3690412671464,0.37383747,0.0,0.0
0.36348957,0.044365466,1.1081028,1.024401,5.9872603,4.0919743,5.581987,0.45691237,0.5081701,0.92554414,-597.7744277047996,-49.85469905171203,-1.8014369608281413,0.654737,1.0,0.0
0.46421003,0.05494141,1.057236,1.0096378,5.8884606,10.392015,10.804484,0.12705517,2.02216,2.1311154,327.62904830245907,24.220353596013865,-17.865445792729133,0.49014077,1.0,1.0
0.632034,0.061463434,1.049308,1.0629772,10.154126,5.890416,8.011854,1.5934913,0.98871416,1.4659866,689.1750308942719,-62.278361212743675,8.972567545936272,0.6537747,1.0,1.0
0.5686717,0.069096565,0.9891306,1.0270596,4.318968,2.3451538,1.8596845,0.11701714,0.006806155,0.039924033,-937.9898683334297,312.8526095881034,36.39255206822554,0.47865212,0.0,0.0
0.50502527,0.102838926,0.959155,1.0119029,6.8261294,6.1586185,7.598426,0.19689451,1.0077345,1.4088514,1022.3023879658708,32.67649727430626,-11.657739512527769,0.722852,0.0,1.0
0.64386296,0.19109158,0.9459323,1.0089045,5.1822395,9.978165,10.851108,0.49630126,1.886976,2.1252265,-1536.7539095496918,116.0930666121526,23.883737736738112,0.66291064,1.0,0.0
0.6663776,0.05445616,0.96123904,0.9855335,11.299321,6.1624827,7.8597984,1.7903198,1.0229231,1.4110538,746.5364722615686,1.6313557613561898,41.38406323256095,0.7016915,1.0,1.0
0.53074276,0.053157825,1.0222607,1.0494763,6.824531,9.568378,10.173831,0.32312816,1.8257442,1.9869221,642.1836598266918,45.04215181860809,-12.205093437947653,0.5852466,1.0,0.0
0.36091512,0.07952559,0.92564106,0.9371011,5.738267,2.381512,4.088905,0.15856639,0.28888845,0.72713345,56.014135464617084,-851.6440157570455,-400.71652539089564,0.38650063,0.0,1.0
0.6060026,0.061689716,1.0580345,1.0385888,5.7173843,9.811429,10.95053,0.18415329,1.8762133,2.156263,-63.04566668411894,74.16714323077122,9.263228324669399,0.5866477,1.0,0.0
0.5071689,0.0825704,1.0785421,1.0161144,6.22593,10.513784,10.878181,0.394123,1.9678156,2.142088,-171.60127653809832,241.7643473231151,2.6152857757920174,0.75642276,1.0,1.0
0.52817476,0.11863026,1.0092424,1.0563209,5.9510956,10.637729,11.11253,0.033377495,2.0976107,2.183304,714.4470133813707,-21.51345717237791,32.80992989295555,0.36297387,1.0,1.0
0.88184166,0.16744976,0.9856951,0.9707958,5.5129156,9.70276,10.056224,0.026580699,1.900004,1.9328991,262.9485772012473,-59.92313979512937,52.11953087636812,0.4027594,1.0,0.0
0.5509884,0.04315551,1.0738494,1.0228893,6.005143,2.7664056,2.1231399,0.43887362,0.31918707,0.100032635,-531.4468912099173,-554.4449477262642,-112.2292634235987,0.46124783,0.0,1.0
0.60031617,0.07455113,0.98103034,1.0011212,5.5903535,9.696358,10.901393,0.06197759,1.8860179,2.152039,225.454144819171,-26.993738704851694,-8.86217991059766,0.4606501,1.0,0.0
0.3694857,0.06324588,1.1540445,1.1178229,4.783913,7.155526,5.5047035,0.00760435,1.0607078,0.94840175,-307.8309800423291,244.4832025241194,-57.23709990212956,0.98051924,1.0,1.0
0.28969312,0.03628442,0.8416542,0.9197116,5.137853,1.813368,1.7525294,0.4203881,0.123590074,0.11001526,-1372.4705370047786,-605.2944302146325,-439.0587865611119,0.34799668,0.0,0.0
0.5349586,0.0813545,0.9988002,1.0347767,6.355508,10.574057,10.722907,0.6290703,2.0074015,2.1205153,-602.0970842433408,172.86040362960966,-39.28347324361721,0.67912835,1.0,1.0
0.6334353,0.058133487,1.042219,1.026265,8.534919,11.048639,11.20107,0.8754645,2.1632967,2.199771,705.2527227232354,59.04556082480667,44.58328067709772,0.45989615,1.0,1.0
0.34653863,0.06972004,1.0607188,1.02046,5.665658,10.452668,10.999891,0.6194944,2.0096061,2.1778572,-1341.8529956920565,96.12081958062345,-12.524492067756,0.5879119,1.0,0.0
0.34402123,0.06443294,1.0377134,0.9936799,6.3223333,2.893606,4.256255,0.5606165,0.06895988,0.5592601,-494.7231323170299,506.9509614662966,-75.04637538971951,0.5864465,0.0,1.0
0.24759716,0.03942763,0.9274612,0.9853018,7.358044,10.455194,7.260512,0.8733011,2.0139909,1.3580968,-139.774050711379,85.52591105997772,-50.84911774755892,0.57398933,1.0,1.0
0.46503365,0.050894506,1.0681839,1.0152388,5.3169084,3.3214376,5.5199995,0.7113193,0.29655245,0.9913292,-1879.6481911344,-0.09424874935029948,-90.48465049053084,0.6066769,0.0,1.0
0.40607956,0.069051296,1.08976,1.0963086,6.732839,3.1874342,4.7345166,0.77225775,0.3246662,0.60731816,-532.8717615305773,-171.06879135257805,89.521227551111,0.55993056,0.0,1.0
0.5236321,0.06128021,1.0510619,1.0090448,7.529954,2.7876968,4.0095787,1.007099,0.23903194,0.35887396,-189.54247271910845,-307.15789224128093,105.82952245476918,0.51408684,0.0,1.0
0.20985806,0.07532124,1.0332747,1.0147669,5.7712264,10.018985,11.04969,0.60605824,1.8698385,2.1863527,-1185.3648185894867,187.81992196275314,-16.022859126689582,0.7352057,1.0,0.0
0.5853974,0.06236896,1.0056641,0.9993539,6.161083,5.752965,8.477821,0.53761154,0.9373203,1.5337261,-621.382209104841,-33.99826114555208,56.331156761322745,0.6810644,0.0,1.0
0.36690947,0.03909321,0.9828548,0.9909032,7.2292957,2.5393033,1.968624,0.1651136,0.098368466,0.09678104,1510.1346159203827,14.349097527859158,-220.56368538430922,0.50851715,0.0,0.0
0.54399765,0.045454416,1.0026006,1.0296593,7.652218,2.7603536,1.6572404,1.224729,0.029337289,0.085412815,-313.4077293877417,583.4116275852889,-369.6714581291627,0.56265867,0.0,0.0
0.5302438,0.10703829,0.947816,1.0099437,6.9242883,5.6749372,7.892024,0.9940597,0.8867768,1.4203947,-679.0007487473094,20.484384661316653,45.57217558546063,0.7230027,1.0,1.0
0.39567003,0.17704993,0.8532507,0.8664147,5.167278,1.6821586,3.1573968,0.0065005133,0.08779674,0.266942,-4.182162332072153,-482.01085243854504,-58.09993558357928,0.3314709,0.0,0.0
0.3097027,0.033228766,0.937515,0.94172245,4.931761,1.687849,3.0272331,0.32089815,0.0292253,0.19834368,-1222.1942958976658,-157.61730752037923,93.55257892718396,0.34323713,0.0,0.0
0.42828006,0.071671054,0.96377116,0.9978186,6.015902,10.948705,10.605565,0.58554024,2.084211,2.06511,-873.0506688119121,165.58955455190835,34.246898914011126,0.6854365,1.0,0.0
0.5611364,0.07784687,1.0113733,1.0548997,5.9355097,10.802185,11.479122,0.098275885,2.1120932,2.2710178,483.2707345749159,45.238855574994886,25.572176950949142,0.46384907,1.0,1.0
0.4109537,0.12298345,0.9901955,0.93493664,8.800828,9.551252,10.420386,1.0017984,1.7857854,2.0431917,672.7551627014054,115.7852135764906,-35.86087383084259,0.6922388,1.0,1.0
0.32225886,0.16637416,0.9815038,1.0556451,8.526389,3.121425,4.8861213,0.07508181,0.36418423,0.8665667,2745.7620393172388,-326.46463184244226,-222.13912480367026,0.5175076,0.0,0.0
0.49565652,0.1657747,0.9167302,1.0296303,7.347479,2.6286118,2.2833083,0.72897583,0.18339069,0.2240463,82.61954321174562,-254.08958890325687,-493.87981813198553,0.50285834,0.0,1.0
0.5228086,0.14127378,1.0183402,1.0261564,8.481242,3.387698,5.6679864,0.7277889,0.26198006,0.9781143,912.6061564944384,134.01224068383226,-19.756368333607952,0.6377257,0.0,0.0
0.55894524,0.18085355,1.0651573,1.0512719,8.195459,9.838518,10.890784,0.80899376,1.8572879,2.1364377,587.5566134232563,125.12547942671699,20.40627205034798,0.66327745,1.0,0.0
0.42881048,0.15125765,0.9443694,0.80892223,8.2352915,2.187834,2.2954335,1.1743956,0.2534147,0.10018134,151.98674069367644,-889.7400720635403,49.79163794894578,0.3640709,0.0,1.0
0.3527159,0.35584018,1.0703865,1.1058202,6.455423,10.022499,10.531019,0.06094884,1.9308547,2.0599053,1149.102962529428,43.27592823565192,1.9124769533004837,0.5494502,1.0,0.0
0.2266518,0.18922862,0.947234,0.9999468,7.2347255,3.2266035,2.4310892,0.5422798,0.077628195,0.031198619,398.9823599022093,751.3687816440372,533.4728916762716,0.65384495,0.0,1.0
0.6281439,0.19742131,1.0116291,0.89538306,6.258858,3.114396,3.2333329,0.708895,0.0177022,0.17371927,-859.0261468587578,973.6176510338621,303.04441422185505,0.63546664,0.0,1.0
0.46256736,0.11491139,0.9313518,0.6712101,6.196285,3.5231795,2.790991,0.08610803,0.15284218,0.36767054,794.3274090838984,589.5539388392349,-452.85695695706477,0.7020439,0.0,1.0
0.485953,0.1333255,1.0006601,1.1143153,8.008569,10.046414,10.964409,0.83202726,1.9202429,2.1442268,413.45977876235156,90.43681017127483,39.719792638514264,0.6037082,1.0,0.0
0.3908952,0.14446907,1.0068703,1.0015802,6.7874436,9.504027,10.679288,0.25723892,1.8337996,2.099569,790.5741261100634,3.620853931971851,-5.579358341370607,0.5105558,1.0,0.0
0.48919964,0.105452046,1.0525035,1.0341477,8.7467785,2.482649,2.5492,0.33661348,0.21229146,0.21798736,2028.464780890145,-517.6752464344122,-271.4023524455956,0.45811456,0.0,1.0
0.38112864,0.16482687,1.0308393,1.0804716,5.1247706,2.7470198,2.3515706,0.017991921,0.24046287,0.15310174,-83.25222355836206,-346.9842816072719,-177.5649914640643,0.5041725,0.0,0.0
0.31084508,0.1492333,1.0168751,1.0361762,8.62091,9.36402,10.038151,0.8335253,1.777496,1.9653968,824.1487566245305,58.29331678013159,-24.45917579061188,0.6019957,1.0,1.0
0.44776452,0.055035137,1.0418174,1.125599,8.13767,9.817917,10.426949,1.0197109,1.8623762,2.0351505,246.90241659178582,107.32802516639413,1.4911836202809354,0.6350969,1.0,0.0
0.45804298,0.16091567,0.92585987,0.65403646,7.4982295,5.6098,9.980633,0.90447265,0.87232345,1.935635,-91.35906247485309,22.8478123366167,9.203136366546005,0.7201317,1.0,0.0
0.45375204,0.13467135,1.0374174,1.0064973,7.875038,2.770161,3.4038436,0.9394058,0.114708,0.047144875,147.93544530590725,156.49029534730414,1007.437620695446,0.5532044,0.0,1.0
0.4613021,0.21201894,0.9601256,0.5324186,7.429982,3.3995543,2.7314138,1.0472882,0.47766197,0.2471669,-306.8967826486046,-312.47506496913,-235.29131381861066,0.4938347,0.0,1.0
0.767429,0.114522845,1.0343994,1.0965978,7.25615,2.5907757,2.6370156,0.77299404,0.19383739,0.05638025,-58.85837481326962,-332.8743144651935,547.7126044206548,0.49044177,0.0,1.0
0.22592586,0.1997651,0.9804915,0.9688705,7.817882,2.339504,2.4197893,1.0987952,0.16870154,0.13332014,-85.48179441207867,-483.5942143980019,-44.36250950288331,0.44542927,0.0,1.0
0.44672102,0.4395404,1.0472311,1.1351147,8.11213,3.2052255,3.375272,1.2821289,0.4247796,0.017464578,-18.42424374480288,-356.137094690602,1158.0306969707076,0.4900054,0.0,1.0
0.62429297,0.15842578,1.0214454,1.0794106,8.420497,7.5770173,8.336139,0.33682463,1.3326443,1.6187055,1833.1403720350165,39.27947464724457,-73.66231147441431,0.73633856,1.0,1.0
0.54960966,0.12606502,1.0757799,1.0728471,7.824142,6.0414944,8.327024,0.30568236,0.92000914,1.5691375,1499.1867874664454,129.19155589573893,-22.832788336901103,0.799459,1.0,0.0
0.36393547,0.16817337,0.9339593,1.0266957,7.9823313,8.566211,9.016415,1.0911361,1.560491,1.7422887,45.11347642894907,94.5132510642884,-23.715217945652967,0.721736,1.0,0.0
0.46879327,0.24498756,1.0790433,1.098438,6.4343305,3.1618702,2.5037274,0.21548209,0.34005514,0.19280484,597.7039894850896,-232.94032223151908,-229.94905401388178,0.54415405,0.0,1.0
0.31372544,0.16000025,0.9870818,0.7737474,7.850135,3.5266013,3.0066235,1.176537,0.26091623,0.32339263,-133.3376681614518,213.83863004982322,-250.40365852535092,0.6687982,0.0,0.0
0.6097836,0.12972215,1.036589,0.9561432,7.680979,3.3240883,4.4053626,1.1935589,0.083309315,0.35757828,-259.91955228517236,800.1500294970779,278.78771970968046,0.6731782,0.0,1.0
0.7635829,0.14787175,1.038534,1.110894,7.7332287,11.2562065,10.778908,1.0044856,2.185353,2.1149955,-31.21806386397975,86.2897703685394,-0.6178952043278514,0.55181485,1.0,0.0
0.5186814,0.09053835,1.0358027,0.9253835,8.405714,10.287888,10.187801,0.38568604,1.9694449,1.9884285,1661.1979227022925,118.93795795712413,-9.079685202681048,0.60802966,1.0,1.0
0.42981717,0.16307864,1.0508635,1.1121721,7.786464,3.19544,3.233046,0.852551,0.39017442,0.23567143,218.0251485290114,-304.9310712420288,71.95623676979085,0.51659685,0.0,1.0
0.3888204,0.12521112,1.0041021,0.98967135,6.9302845,8.631896,9.371352,0.6477547,1.5753363,1.8037289,-109.80926982123401,92.14982338898835,-10.834094416656171,0.7207495,1.0,1.0
0.43424466,0.28158894,1.0525999,0.9423746,7.988792,5.0980945,7.925475,0.6412794,0.76733106,1.3879374,750.4147386540899,-46.91375140024593,87.81972617386191,0.685281,0.0,0.0
0.552449,0.1264567,1.0078516,0.99139214,9.064419,2.9103808,3.450953,1.5263537,0.29705232,0.0021672153,423.01439028658433,-348.0363785380139,1303.543433637923,0.5108944,0.0,0.0
0.5682004,0.13298309,1.0223181,0.84104526,8.451234,9.066088,9.3330555,0.97440845,1.6147001,1.7908987,507.86538407961734,184.74125420073779,-1.335727357722135,0.8419359,1.0,1.0
0.59887403,0.2654358,1.0196952,1.0005143,9.14223,9.17299,9.523224,0.88198084,1.7021248,1.8559401,992.0354076065655,108.30027219792328,-44.86936539748194,0.6986004,1.0,1.0
0.43279308,0.09804008,1.0667186,1.0957441,6.0790477,3.8521976,4.4846525,0.2501783,0.3299543,0.7206546,108.38671206776144,186.42310544378097,-202.98824323397298,0.7105655,0.0,0.0
0.42680073,0.11207328,0.97155195,0.9985845,7.7467017,3.5589702,2.0521278,1.245426,0.47281685,0.047682468,-257.59827106979765,-227.64867560313905,133.50032481307915,0.5430383,0.0,0.0
0.58572936,0.1258074,1.0200022,1.0978369,7.909168,4.8986335,6.6875863,0.8722312,0.592486,1.1963776,281.21256257131336,68.70431894547346,-4.426518334784305,0.796362,0.0,0.0
0.47475943,0.23276691,1.0412765,1.0469109,8.020308,9.300182,9.629882,0.50247955,1.79673,1.8818179,1082.3397974714594,-4.809694944155126,-40.07511324079451,0.49106288,1.0,1.0
0.5097722,0.12306205,0.9950941,1.0614287,3.2419562,3.5322082,2.1590805,0.064790845,0.087206475,0.09722359,-972.8167171667284,890.7576667161095,-70.5218826392204,0.7154943,0.0,0.0
0.47527692,0.1465618,1.0141134,0.99303454,8.600857,9.15529,9.629814,0.846638,1.725076,1.8484446,793.9448282251678,59.48661153031844,13.73350852417434,0.62657,1.0,1.0
0.48466763,0.10019931,0.9971744,0.73590773,7.5166306,1.7168707,3.3451726,1.0513867,0.042581465,0.35286066,-254.50544020693997,-230.3314341725934,-140.44219538830816,0.34774962,0.0,0.0
0.36647263,0.18114325,1.0257901,1.1043649,7.640703,11.630887,10.424547,0.5831441,2.2118921,2.0264225,620.57137546373,150.3314341725927,31.82233969885965,0.73501325,1.0,0.0
0.70774066,0.11600107,0.98640925,0.8839339,8.3910675,2.8892162,2.4322138,1.0168115,0.1965358,0.062426403,410.2134387296069,-53.52709319717542,341.6113634400643,0.5545987,0.0,1.0
0.4851149,0.12011914,1.0759943,1.0988524,8.361348,9.70755,10.06283,1.0526564,1.8284254,1.966321,345.5079465103672,102.33150287528997,-14.417373045523163,0.66639674,1.0,1.0
0.5940763,0.11430839,0.94470304,0.8833307,9.584565,8.373024,9.826702,1.3063844,1.5847349,1.9238406,706.642689841734,2.468109551337875,-46.361200692153034,0.5523781,1.0,1.0
0.5786145,0.13370694,0.96397096,1.0693135,7.466302,3.0761538,2.0065992,0.8359065,0.28924114,0.10237959,-2.1622655132905493,-186.6150806513774,-211.936644207977,0.55419654,0.0,1.0
0.6177906,0.13014014,1.0345207,1.1190648,9.133296,9.552303,9.52346,0.6591754,1.8258421,1.8644514,1388.6690862829282,41.07108692427619,-55.61854892694919,0.57387584,1.0,1.0
0.4785391,0.094741955,1.065233,1.0658077,6.2722096,3.4037824,2.4571192,0.2968344,0.040147506,0.25649872,189.35055571388648,1076.234539242384,-472.601568524645,0.69358486,0.0,1.0
0.5298126,0.11648491,0.99348575,1.0434787,7.5368137,2.9310622,5.134822,0.36905682,0.3848699,0.78592867,1092.2077437006997,-519.3361627213833,6.352710491000835,0.45129463,1.0,1.0
0.4062107,0.13034019,0.9238692,0.799918,8.080773,9.979051,10.149436,0.9530243,1.8988597,1.9914998,279.0559257616728,89.90324957086159,-38.996079712503615,0.6271541,1.0,0.0
0.56333107,0.115480974,1.0370442,1.1180952,7.462185,4.9847956,7.121743,0.76752216,0.8654139,1.3263711,107.07469160019355,-200.35473340306044,-53.68517264933507,0.50516737,1.0,0.0
0.6323148,0.123878896,1.0404204,1.1208363,6.315328,2.6689558,2.621747,0.708952,0.13010637,0.17953956,-807.6883512863219,-6.426377044587184,-82.14043224891304,0.5283675,0.0,1.0
0.38648674,0.15063956,0.94468045,0.92538226,9.198872,5.952889,7.1924405,0.62907463,0.8844343,1.269236,1481.2407113290947,146.39757934431236,45.705421664745245,0.8134619,0.0,0.0
0.42652234,0.24914329,1.036665,0.9949626,8.934417,9.657928,10.112015,1.3222704,1.7636758,1.985611,462.0340322833986,205.5410040327588,-43.288698928125086,0.8039426,1.0,1.0
0.67760575,0.17393251,1.0775971,1.1191005,8.387666,5.5838623,6.95064,0.9643506,0.89962286,1.2714382,471.7850637757738,-27.90797811965149,-28.148268727443792,0.6753545,1.0,0.0
0.7275376,0.12335029,1.0678034,1.0772448,7.3016496,8.911628,9.405209,0.502841,1.702444,1.8473066,539.0153886163307,9.358142409259472,-70.28739284837002,0.5384865,1.0,1.0
0.3596769,0.11115308,1.0453556,0.9527259,8.602879,3.162993,4.0031614,0.9845356,0.16558823,0.5875179,602.5945220937183,305.0585643339799,-229.14761637030983,0.6231318,0.0,0.0
0.48303166,0.1278509,0.9639572,0.9954557,7.924146,9.175184,10.271953,0.64181584,1.7529131,2.0166476,704.4281253713971,21.904431708059292,-21.741997359838933,0.5540152,1.0,1.0
0.4203149,0.13261932,0.91072845,0.7529272,6.7897468,10.140396,10.353114,0.43184617,1.8445153,2.0024724,272.08144604457357,320.25742625667135,56.50555322856235,0.86051613,1.0,0.0
0.3001706,0.16087951,0.90194684,1.0742142,7.0908318,10.1864805,10.546641,0.7925917,1.9743106,2.0436885,-234.96859619148154,43.37198454214695,42.180928914246124,0.5130311,1.0,0.0
0.6218771,0.21647301,0.99858767,1.0149686,7.8234534,9.32406,9.23624,0.79938847,1.7767037,1.7932837,320.12511082966967,34.235446568795396,-32.168516377366814,0.5781146,1.0,1.0
0.38060328,0.10262084,1.0242721,1.0860597,8.792703,3.6768463,1.8858328,1.2648427,0.4424873,0.039582886,411.81984480648225,-109.1533010978842,54.30894657804794,0.5994554,0.0,0.0
0.45704424,0.12498867,0.97124416,1.0093471,8.613611,9.359935,10.236136,0.8879468,1.7627176,2.0124235,729.764545620666,78.4831338214226,-36.0137152029165,0.6432032,1.0,1.0
0.42525548,0.12433491,0.973027,0.8439278,6.5580306,6.60984,5.173105,0.8335735,0.93740755,0.8087862,-788.5134478030336,313.030673960116,-9.978445587578335,0.9513513,1.0,0.0
0.38459834,0.17887862,0.95580965,0.89813465,5.727099,2.809293,2.2169607,0.40558106,0.00028985133,0.02960026,-748.035906771438,781.129231946399,366.24297657828316,0.5734445,0.0,1.0
0.52402633,0.13472587,1.0906026,1.1492631,6.713306,9.850389,10.156154,0.1968989,1.8841012,1.9808999,905.6401835383065,70.86158576680737,1.3350763660755547,0.5875167,1.0,0.0
0.4906547,0.122780986,0.9885709,0.9352351,7.9832296,10.644909,10.5180235,0.049495336,2.0399966,2.0601554,2458.8620016178966,114.58030356241807,-12.0457203016108,0.62163895,1.0,0.0
0.4275017,0.100413606,1.0259197,0.9681438,9.376964,10.066382,10.376052,1.4454635,1.8863058,2.0382416,581.4356338026173,181.0641315064845,-38.25799990918631,0.71816635,1.0,1.0
0.4309707,0.113117054,0.9947059,0.96165603,6.1834917,3.1568022,3.1030564,0.2653527,0.054340344,0.41964453,173.09933572480122,816.6361530128426,-370.8922279378903,0.6419884,0.0,0.0
0.46661463,0.1294927,1.0882741,0.81793624,7.0267262,9.972661,6.9442143,0.04733194,1.8906906,1.2184813,1716.1194768864887,105.32454745749828,44.24232558663698,0.6482732,1.0,0.0
0.3072826,0.1216967,0.93280846,0.90675807,8.96016,3.919614,5.1950736,1.5372884,0.17325222,0.8517137,372.04116372119915,706.0134228210297,-69.55715225455833,0.78030354,0.0,0.0
0.6250251,0.11935427,1.0543249,0.95229256,5.0488367,3.2984567,3.754448,0.053711407,0.20136598,0.46770266,-278.3687002160808,277.0516089161881,-185.49183597741512,0.6411614,0.0,0.0
0.66234577,0.082218826,1.0333235,1.0471256,3.9493442,3.5882072,2.9503517,0.18112984,0.11573172,0.21925844,-1280.7748046982197,795.6060357699769,-2.3187469554179643,0.72285277,0.0,0.0
0.44813916,0.07602446,0.97615194,0.93027407,9.222631,9.494645,10.418014,1.4320273,1.7465383,2.0467374,518.7466559404388,166.6440157570455,-45.67276147794291,0.7607118,1.0,1.0
0.5142546,0.12512915,0.9964547,0.92983943,9.480353,5.5942926,7.9560394,1.3635807,0.8140201,1.3941107,648.8702640359579,91.64874430583541,83.02873989930595,0.7834324,0.0,0.0
0.6107085,0.09582979,1.0096431,0.9128981,9.083075,2.6275904,2.6934192,0.6608556,0.22166869,0.042834483,1373.3580641451072,-409.57571241902133,679.6851712838472,0.48630434,0.0,1.0
0.4070495,0.15465982,1.0364313,1.0089592,7.1038833,2.0415316,2.4411666,0.39875978,0.15263751,0.22502834,656.1278614760026,-610.5328664777696,-380.8171140143522,0.38651192,0.0,1.0
0.37975097,0.17465107,1.0598621,1.1424836,6.600118,5.3214083,7.2848964,0.16809052,0.76347655,1.2807791,925.9173008037128,38.88370286007694,50.081646370544604,0.7567742,1.0,0.0
0.34675613,0.24108894,0.96959794,0.9011031,8.358843,2.9506547,3.901244,0.8324697,0.035503484,0.12732649,646.7975743347874,750.3086158610024,742.9477452031513,0.60120887,0.0,1.0
0.32741195,0.13493511,1.0142517,1.1337968,7.87415,2.8225527,2.861786,1.1468673,0.15252553,0.058728162,-88.4849220518322,47.43819841656216,675.0888291264541,0.55472225,0.0,1.0
0.48501158,0.12276013,0.9625313,1.0416088,9.621951,10.301412,10.032914,1.4115094,1.9609108,1.9254944,661.3419267814666,137.41712605509701,55.7224047980244,0.64516795,1.0,1.0
0.38504773,0.12851477,1.0473146,1.0619301,8.799382,10.238547,10.833348,0.92424506,1.9887931,2.1314023,757.5039427123206,30.616194085878305,-0.8445444201847749,0.49772015,1.0,0.0
0.19576135,0.070174806,0.93337417,0.9893185,8.435919,7.831872,6.347919,1.0768802,1.4216013,1.1766249,371.7087472699768,31.854699051712032,-68.0117567660277,0.67126966,1.0,1.0
0.48898762,0.07237038,1.0059471,0.97776103,5.6296186,10.083274,11.401217,0.27282253,1.9691762,2.267238,-450.7667971021258,1.8800877457879324,0.36316322550374025,0.44398957,1.0,0.0
0.33063513,0.039698876,0.95750564,1.0001186,5.9782844,8.066181,5.9013195,0.27400944,1.5238054,1.0650773,-65.41561481238273,-26.673088268106767,-63.70803382425629,0.54059,1.0,1.0
0.66970414,0.0839921,1.0032043,0.9853344,4.0644336,2.829924,1.7661755,0.19280459,0.07150235,0.0932459,-1290.818092489895,424.4139231569874,-344.8772059724753,0.5730276,0.0,1.0
0.21366867,0.057005856,0.98607564,0.9824118,4.970765,10.481086,10.811129,0.17259714,2.0392,2.143373,-738.9622187405216,31.493498245413775,-40.34291147911881,0.49559447,1.0,0.0
0.45596972,0.27860567,1.066905,1.0234585,7.34174,2.7693772,1.5988859,1.0627472,0.14506923,0.016713696,-410.1007110479677,14.685885669189588,-0.22011949982532997,0.5455625,0.0,1.0
0.3592975,0.0955799,1.0142907,0.991562,5.8830943,8.845518,10.214021,0.45951858,1.7081573,2.011993,-713.7208808355699,-24.43931185106294,-52.05551794800522,0.4698475,1.0,0.0
0.6431717,0.16280869,1.0426859,1.0031452,5.6370687,9.138663,9.603711,0.29290336,1.7680833,1.8694724,-497.39196901752166,-25.198580016227424,-36.40953520150515,0.472679,1.0,0.0
0.17452787,0.012732777,0.9783098,0.9599467,7.8972945,10.009632,12.176719,1.0879064,1.9386276,2.4108622,-5.237705860793994,14.65208460933809,47.31025675426645,0.5097303,1.0,0.0
0.272638,0.03213474,0.94472474,0.92151,4.561383,2.7485325,1.4861432,0.16977112,0.13445744,0.10103506,-994.0425390443654,51.181260174444446,-533.1038551883322,0.5439999,0.0,1.0
0.412375,0.04388153,1.0584533,1.0203463,6.597475,2.804412,1.9973363,0.74455947,0.048014175,0.05637734,-592.544225035695,530.4787487861156,29.691703048110355,0.57034683,0.0,1.0
0.39622253,0.013278474,0.9027979,0.90527445,8.947336,10.270534,11.432523,0.6651849,1.9980769,2.261179,1301.411611014336,29.19489619924161,25.154149500060157,0.4863162,1.0,0.0
0.34571928,0.07048533,0.98120344,1.0194234,8.6265135,10.414227,11.148831,1.0197903,2.0262485,2.1962934,568.2402121642217,26.56757486403194,20.4369710692863,0.49219093,1.0,1.0
0.32300276,0.061726347,1.0237001,1.0046115,4.6536145,2.490335,1.4984113,0.1682731,0.0082895225,0.0777949,-943.06931247898,437.05515532778065,-414.4866116583946,0.5082671,0.0,0.0
0.32676655,0.03501558,1.0020673,0.9769873,3.5786412,2.5309217,1.474271,0.017912533,0.076590754,0.00804106,-778.5900191307978,108.22410611569626,3.3794885396993664,0.510674,0.0,1.0
0.28009352,0.06648909,1.0317594,1.0010393,5.267329,5.703968,2.3898277,0.097325705,0.91346204,0.10755663,-233.74265214239153,-9.242470689283437,68.6485942232664,0.6974635,0.0,1.0
0.40239602,0.038173143,1.01067,1.0847627,5.5637503,10.000582,10.683846,0.06239255,1.9004935,2.0903366,187.79194039160666,96.10579531053872,21.919008717563884,0.63622445,1.0,0.0
0.58824706,0.12626642,0.9514375,0.8997725,5.1549397,11.579369,11.604661,0.045489836,2.2634475,2.2903585,-153.59627441030477,75.29902135802877,37.19921812727989,0.5000803,1.0,0.0
0.63111734,0.0100211585,1.0025387,1.0109973,4.3956223,10.239231,10.838688,0.22880433,1.9796228,2.099572,-1288.6770938790216,58.83494623283741,86.44154303117375,0.5349915,1.0,0.0
0.20907852,0.10770786,1.0553637,1.0122156,4.4494863,10.261682,10.998414,0.09699684,1.954487,2.1765118,-812.4182432872631,136.78055373039706,-11.587196185388166,0.6390624,1.0,0.0
0.69047695,0.39244336,1.059848,1.069138,5.365731,11.295918,10.508733,0.28033057,2.210565,2.025727,-742.6195432117456,67.27356396125651,87.73873420868222,0.47578076,1.0,0.0
0.6548504,0.059458986,0.9913997,1.0304203,6.2424173,4.7839055,3.1105385,0.66497374,0.45314112,0.4244862,-798.2639801305354,252.33859569847482,-377.70411558499063,0.86004674,0.0,0.0
0.535661,0.024816053,1.0264626,1.0630046,7.138798,5.4540305,3.7724643,0.69611603,0.86577636,0.47405416,-5.537969756188431,-42.32579829739234,-186.30372362451544,0.67722565,0.0,1.0
0.18431632,0.071614705,0.99478656,0.9449015,4.057427,3.5165954,2.8546832,0.089337744,0.22529452,0.30090293,-933.254475039822,313.684703531992,-293.32331891730473,0.679997,0.0,1.0
0.5738013,0.16932899,1.0786445,1.0551935,7.970819,10.900302,11.343948,1.2172805,2.1258407,2.2359965,-74.12348068453548,57.19371406204482,37.088179500295155,0.49314603,1.0,0.0
0.21573414,0.061224513,0.9654236,0.9145962,5.0181637,10.589275,11.999489,0.17473869,2.0467017,2.3665843,-720.5574895815494,65.21687588711802,49.745919695566045,0.5555799,1.0,1.0
0.7884652,0.044859312,1.0913289,1.0343753,5.272686,9.216303,9.083469,0.19176055,1.7024761,1.6856134,-556.8582526418168,128.38707751492802,47.177009309493315,0.72109896,1.0,0.0
0.6410543,0.047279995,1.0022463,1.0141109,4.6773443,3.2053766,1.9981802,0.0026872763,0.39956748,0.07180396,-353.5868914910443,-309.4970446570062,-68.13455420727126,0.51165926,0.0,1.0
0.37916818,0.026362812,0.97200704,0.83282757,5.453115,2.8557367,1.2194834,0.61611235,0.18365943,0.05476313,-1559.2443381337212,-44.97384848058414,-346.66362028514453,0.55196476,0.0,0.0
0.5885264,0.106636405,1.0552545,1.0949886,4.7058744,11.144832,11.594758,0.14924738,2.1759598,2.278863,-840.8488697225564,67.79787357218083,50.82299342148144,0.4931715,1.0,0.0
0.29906234,0.024477424,1.0108896,1.033541,5.273891,2.4263601,2.2532527,0.35404366,0.21044917,0.23946267,-1059.7958220182004,-557.1092730194348,-571.8347495047651,0.44628105,0.0,0.0
0.91854405,0.19766618,1.0909128,1.109255,6.8617873,6.14914,4.549242,0.36051896,1.0184544,0.6552542,549.6892274446154,-0.6001250839894965,-74.97387362569157,0.7035827,1.0,1.0
0.3393055,0.023404965,0.8200509,0.8886881,4.975323,10.680459,10.587298,0.5245553,2.0828378,2.045359,-1775.2987611612439,39.387008812231215,69.26453440442401,0.4837729,1.0,1.0
0.5087433,0.0040507,1.0531172,1.0132821,3.9267437,3.334186,2.3380644,0.027389938,0.17108539,0.252293,-755.7002405090096,418.72407176434797,-544.9359904853557,0.657807,0.0,0.0
0.4994768,0.17982662,1.0813129,1.0269028,5.486219,2.7690709,2.220687,0.11981752,0.08366066,0.18725154,-86.90954802958595,297.2368348140824,-432.5760951902139,0.5587477,0.0,0.0
0.44047725,0.06653963,1.0549577,1.0544558,7.4170794,7.549654,7.018726,0.75162005,1.4558312,1.3225371,109.23845984763466,-87.07470203856565,-66.87328500223475,0.4088178,1.0,1.0
0.12458048,0.01800371,1.0249227,1.040288,5.47463,11.610048,10.7661495,0.24362771,2.2586024,2.0908742,-523.4093595328759,86.15434582968919,56.00261420774132,0.5500421,1.0,1.0
0.4718124,0.023797331,1.0088602,1.0723172,10.886515,7.006305,5.317431,1.8740295,1.1932994,0.84681404,696.3191571448988,42.51791091038149,6.1711299023641,0.74970055,1.0,1.0
0.30402243,0.14237887,1.037162,1.0624807,6.703389,2.2633038,1.7705389,0.49931884,0.010944523,0.16137372,3.988615181716341,226.4602468071351,-661.0215557779097,0.4618599,0.0,0.0
0.6132595,0.046698287,1.0515572,1.0081993,9.310737,9.722654,10.022582,1.0665892,1.8729919,1.945968,831.2772446763902,22.99353259676218,13.579361072345364,0.53336716,1.0,1.0
0.3221485,0.04560856,1.0412128,1.0095195,4.872609,1.6123875,2.2170122,0.15516032,0.060709536,0.19474702,-747.0527981219193,-350.23537786609864,-472.8236457786154,0.3232422,0.0,0.0
0.2799693,0.019254643,1.0895863,0.983658,5.92061,9.304502,8.929986,0.04958839,1.743204,1.690331,627.5375927627682,93.38359980603173,-1.7184838277844392,0.664729,1.0,1.0
0.46002492,0.084109336,1.0604993,1.0458747,5.736805,3.5097337,2.0855255,0.41865426,0.42610666,0.016769195,-759.497310439393,-169.02135426792938,329.8007818727191,0.56932193,0.0,1.0
0.48384598,0.015375742,0.9649123,0.9442733,5.1705804,10.194662,10.835684,0.015013155,1.9823213,2.105618,-26.00813500707727,24.095362183851194,58.922274599695356,0.48696312,1.0,0.0
0.28515327,0.017091889,0.9910038,0.9967068,4.762767,1.8906817,1.4325913,0.050858025,0.042639952,0.07687071,-480.4356338026173,-164.30249906692518,-434.65382263874994,0.38347226,0.0,0.0
0.46208027,0.016997883,0.9779055,1.008977,3.8212507,2.4567943,1.8107077,0.30458602,0.20105062,0.119350955,-1690.1911682579123,-495.0641315064846,-448.9510138162583,0.45758897,0.0,0.0
0.392271,0.033025727,1.0149486,0.99882305,4.838282,10.733593,10.981952,0.16589186,2.0750265,2.1455712,-811.1630195001312,84.98191733287695,48.824299501236965,0.56149507,1.0,0.0
0.5021889,0.030327635,1.0286931,1.0217673,6.301347,2.5657585,1.9628456,0.342623,0.040056717,0.17874028,73.62542149783258,343.2056041367158,-610.3285446018127,0.52213514,0.0,0.0
0.28492218,0.012846349,1.0760018,1.0390451,6.80902,9.372496,11.626328,0.704964,1.825933,2.2996902,-325.41748930042286,-32.89997797005526,32.47093597035746,0.43267033,1.0,0.0
0.1212136,0.013459465,0.6546254,0.90202445,5.47889,7.6638894,6.9491124,0.6327416,1.4009156,1.257263,-1562.3813329465474,1.304932044016823,1.203788723679736,0.63479304,0.0,0.0
0.2861538,0.03122514,1.0148237,1.0104223,5.3842325,3.2910197,1.5260059,0.04877404,0.113074295,0.05169182,47.84861490058938,633.2877496076269,-231.10254910857714,0.6617894,0.0,1.0
0.40101436,0.009951276,1.014194,1.0069987,10.746266,5.5046897,4.733011,1.7693206,0.92037153,0.7168206,704.5096988269543,-100.75057389292442,-70.17635558687266,0.6165939,0.0,1.0
0.41838247,0.026114834,1.0672652,1.0923377,5.847879,9.883324,11.294686,0.29284635,1.9158919,2.222731,-253.72976458995754,7.089588903256754,34.54474381414002,0.496406,1.0,0.0
0.4174761,0.047074024,1.0406702,1.0116985,5.2373238,5.6728044,4.648177,0.37272373,0.9013512,0.7739557,-1153.056424926546,-6.7922376969791,-217.9817114697098,0.7032621,1.0,1.0
0.6697664,0.1852181,1.0662897,1.0882442,3.8556924,2.6379073,1.8779335,0.32047203,0.02210966,0.057580717,-1728.207682614973,518.2252882528937,-73.05748048135672,0.53798753,0.0,0.0
0.9449187,0.0801046,1.0626242,1.1138428,12.106694,5.34184,4.7875724,1.966149,0.88616264,0.77175343,762.7506597384854,-107.54455044435144,-139.06531695988724,0.6090685,0.0,1.0
0.5492685,0.020646518,1.0668167,1.0733238,5.349482,2.2455945,2.0234349,0.4989574,0.0833415,0.19588499,-1388.7003626804626,-179.82103539725392,-631.6773361708044,0.45041877,0.0,0.0
0.30613402,0.06435718,1.0809138,1.0251586,6.090796,8.436373,7.583131,0.01726283,1.6201973,1.4556737,917.7210030070233,-31.085135165253178,-78.27824892459694,0.48072925,1.0,1.0
0.2687934,0.024886403,0.97522557,1.013732,4.6174793,2.3898156,1.6897337,0.35998252,0.03287238,0.026543986,-1563.9997504175633,211.93245948731612,-9.007839892249734,0.486664,0.0,0.0
0.17528175,0.030144515,0.8019127,0.8772754,5.293325,3.6685522,1.8888175,0.5699522,0.05872988,0.040719297,-1617.5892651439572,1109.359530654547,52.4761575584032,0.74643725,0.0,1.0
0.63418335,0.08533367,0.9972514,1.0086884,4.516844,2.8433993,2.1671817,0.20920672,0.18852511,0.0004969442,-1162.4298776879837,-79.27940594454788,502.37622265756784,0.5475847,0.0,1.0
0.73023856,0.124850556,1.0263659,1.059353,5.831215,2.9703245,2.1513166,0.20240991,0.00908171,0.24990799,6.73389055945745,909.1708957504534,-706.103201465711,0.60624415,0.0,0.0
0.28875935,0.021136528,0.86236423,0.9451173,6.5168614,11.365133,10.666202,0.26304442,2.2282727,2.0827746,523.0324021382648,59.11268202563406,30.375573031409203,0.45808733,1.0,1.0
0.38044077,0.027622223,0.9472945,0.98890835,4.3845286,2.2739985,1.4774021,0.11385162,0.023067819,0.030768095,-895.3812107750946,168.42783399257098,-136.58981244136157,0.46358052,0.0,0.0
0.15643318,0.022631431,0.6905863,0.7868355,5.0490417,6.771911,6.884229,0.16822486,0.84837794,1.2344054,-667.4071080514159,498.9218889552353,11.618550292436339,1.0775194,0.0,1.0
0.38594744,0.08463027,1.0628481,1.1013875,5.636784,9.27246,10.459843,0.59621733,1.7854956,2.0727918,-1318.201050342046,1.7273433651539563,-83.31417226255644,0.51147884,1.0,0.0
0.49126726,0.031891897,1.085682,1.0733143,6.308814,3.595484,2.391901,0.80489945,0.09831565,0.062291708,-992.4835467286657,879.3201624221911,308.56956069497545,0.72703326,0.0,1.0
0.49835825,0.023614699,0.95435596,0.93220645,7.7498837,2.7225785,1.5914522,1.0512937,0.25421104,0.01696384,-70.84323577937585,-407.6532667465358,-7.136514009647726,0.49146262,0.0,1.0
0.2261373,0.01865572,0.95518225,0.83044505,4.269723,1.8469735,1.203719,0.4436652,0.10052031,0.0049498994,-1983.7177531958168,-488.3615514154591,-53.017637538644365,0.36278453,0.0,0.0
0.13133691,0.017483095,0.93876344,0.89947903,8.053159,9.480601,8.544957,0.73644567,1.8401258,1.6235471,608.6998635155896,-18.97405458867388,-30.49510049405899,0.4668254,1.0,1.0
0.36083332,0.02869418,1.0592824,0.9050528,7.120595,3.422168,4.9256263,1.0491303,0.10490507,0.82471037,-562.8700092139902,747.2750209092408,-138.5186153916011,0.690293,0.0,1.0
0.21089166,0.031077048,0.9551878,0.94803786,4.853869,8.746361,6.437809,0.5354901,1.6125332,1.1914779,-1897.7601648291984,76.68338398940159,-63.614630687683984,0.69198495,1.0,1.0
0.23500839,0.01835352,1.0478985,0.95562285,8.11378,8.335524,8.420312,0.948087,1.5844195,1.5754889,313.6779700373154,-7.618695765666416,-8.602873238912707,0.5292022,1.0,1.0
0.36961833,0.019304592,0.92279696,0.97821987,8.779887,8.834156,9.637206,1.1829282,1.6700537,1.8239332,471.3513097007267,24.05606265419192,64.79294675967594,0.5886185,1.0,1.0
0.25905666,0.029919324,0.9272202,0.9248182,4.8824887,2.4386578,0.94227946,0.430229,0.039247178,0.0035456717,-1591.958714107348,219.08986371404313,-66.24755263663285,0.49617466,0.0,0.0
0.36634102,0.022798056,1.0522287,1.0947965,5.8251715,5.999389,4.6056576,0.36178234,0.9717654,0.649081,-498.27061240346256,21.853585617211138,-35.24559146876891,0.7183451,1.0,1.0
0.39548397,0.021920666,1.014825,1.0358613,8.482259,10.512038,10.562763,0.3409428,2.0074542,2.0860262,1861.2340790561675,134.9182738409463,-62.352709125513684,0.6375783,1.0,0.0
0.48175386,0.055488944,0.9939503,0.9933963,9.879448,10.084388,11.391928,1.4005581,1.938423,2.26822,723.9773577744159,79.5942143980019,-8.574132656862275,0.5685432,1.0,0.0
0.43709353,0.081381984,1.0605928,1.0904752,8.622529,6.3039727,5.319179,1.1698889,1.022309,0.7624125,408.2977628314975,51.60242065568764,134.45395147159115,0.75310975,0.0,1.0
0.43501905,0.15488921,1.0815148,1.0393262,5.0427437,9.615833,10.047278,0.1693287,1.821289,1.9158652,-676.718130189237,66.86854118459905,81.34618009222504,0.6303741,1.0,0.0
0.31929937,0.043893386,1.0510741,1.0912014,5.1616883,10.069264,10.237772,0.14506893,1.938311,1.9844635,-486.28037231614326,67.5652792923338,30.606794209152667,0.55766785,1.0,0.0
0.32536253,0.020323781,1.0485005,1.0089753,4.5276103,3.2477481,2.1687737,0.40971103,0.1751253,0.11769725,-1768.9823599022093,333.2738387720433,-169.26453440442435,0.63839465,0.0,0.0
0.38486946,0.025244622,0.8794407,0.94583285,4.3586135,3.005529,1.4627972,0.077553324,0.20300761,0.08821054,-787.5222093859679,30.254154655865364,-481.3997402860855,0.577455,0.0,1.0
0.45428443,0.11091652,1.0548377,0.9905261,6.949264,3.8822236,5.90333,0.80405766,0.54757494,1.090613,-384.8347290184088,-174.2922033456307,-89.14369676555725,0.5618312,0.0,1.0
0.21547396,0.0789735,0.8034858,0.7384693,7.389215,2.4583972,2.187392,0.80287075,0.10220419,0.11154753,-0.5237068805872696,-90.07220035877731,-131.80797009057892,0.49085698,0.0,0.0
0.54156524,0.094047,1.0101616,1.0583018,8.552257,8.199991,6.929912,0.8840756,1.4931036,1.2698708,697.724385468744,48.11163729382952,-27.273676962710397,0.69239634,1.0,0.0
0.26524782,0.102915406,0.9376572,0.93234295,9.032671,3.8590536,5.3623867,1.2494773,0.61759895,0.96674806,544.0773200750741,-282.45656299014945,-113.94448068650763,0.47243094,0.0,1.0
0.29490352,0.26963478,1.0397494,1.040778,6.9943852,8.327964,6.600874,0.01413297,1.5666704,1.1933386,1804.1406827031797,6.831537226638375,-24.572827942594813,0.57711846,1.0,0.0
0.29435092,0.1399719,1.0455148,1.0522007,8.089076,3.9289303,4.921675,0.6173616,0.28655604,0.83536816,867.458026445765,338.09556829194094,-157.16329205834654,0.7467606,0.0,1.0
0.55553275,0.20446295,0.9477558,1.0284901,8.333653,3.457529,4.6188793,0.7839768,0.34648204,0.6928475,713.262105642496,-47.564165857832904,-90.92880499847115,0.61078036,0.0,1.0
0.22341403,0.053986326,0.9827408,0.9803589,7.107711,4.0169325,6.7567205,0.0110262185,0.5170264,1.2342373,1932.2359535442074,-94.30493204401682,-29.40235108010802,0.6275892,0.0,1.0
0.31260985,0.0813636,1.0215443,1.0218375,7.9168944,8.302379,6.861525,0.9071091,1.5560586,1.2776599,218.6543242424541,8.281770218942711,-59.98105774708847,0.59148574,1.0,0.0
0.27793813,0.032042503,1.0057548,1.0334827,8.183417,7.929538,6.7409396,0.33232075,1.4696155,1.2330022,1688.3978473036086,-1.495999925201886,-33.42325245265238,0.6083904,1.0,0.0
0.2433343,0.061349586,0.9771507,0.93654156,8.309156,3.6899016,6.030813,0.4116953,0.5764757,1.0845541,1523.7200046772768,-311.9322533792265,-45.24820362827904,0.47025117,0.0,1.0
0.2846609,0.105990656,0.8186024,0.8946953,7.6715517,4.005684,5.716799,0.057089888,0.6046471,1.0196685,2216.022642225584,-212.89058957517204,-44.878510686743084,0.5364058,0.0,0.0
0.30718207,0.093518764,1.0254592,1.057784,8.85833,7.674251,6.064904,0.90860707,1.4133117,1.09883,818.343302104633,-6.4057168993012965,-46.95558441265757,0.6109378,1.0,1.0
0.27882078,0.07016244,1.0251948,1.0767323,8.688349,8.207941,6.4555254,1.0947927,1.498192,1.1685839,516.8158410084352,49.22737771650236,-27.262573236560456,0.68483037,1.0,0.0
0.36055893,0.10887364,1.0325289,1.038659,8.869313,4.45726,6.0851583,0.9795545,0.5081392,1.0690683,744.2299530866676,70.11636584261964,-11.603526961534044,0.74755245,1.0,0.0
0.37844953,0.079989314,0.99941844,0.9922612,8.673449,3.506365,5.6549044,1.0144876,0.47889224,0.9137116,606.8354830052494,-258.4171947577936,39.8223383333725,0.5228588,0.0,1.0
0.4106145,0.16385707,0.89596903,0.96156603,8.780832,4.907643,6.1213818,1.12237,0.8418462,1.1137336,522.030028485352,-192.36746210144656,-46.64206382449129,0.5150781,0.0,1.0
0.7525334,0.06056468,1.0122281,0.98640305,7.6926208,3.942957,5.128905,0.84807587,0.5580216,0.922947,166.95821494247502,-164.74243633793526,-174.86414107846167,0.5687049,0.0,1.0
0.21252207,0.15020584,1.0705537,1.0191066,8.934213,3.7303529,5.5383463,1.173877,0.5328858,0.9998869,567.6489451212406,-232.7841001419897,-90.35924225526423,0.53293025,0.0,1.0
0.5801209,0.4238593,0.9936672,1.0229341,9.277589,4.6645446,5.408197,1.3572108,0.78896385,0.8491022,587.5056950289072,-202.3350492868824,28.275636765086347,0.5081165,0.0,1.0
0.7075385,0.10186479,1.0723734,1.0659828,5.690866,5.7993526,4.4130917,0.41190645,0.96846014,0.75213873,-802.266608605416,-75.2621548054617,-291.9222732342082,0.65142846,1.0,1.0
0.46125922,0.067076355,1.0415804,1.0463666,9.053246,4.7395544,4.584995,0.38076416,0.5558249,0.70257074,2039.42862453627,79.1418232393919,-121.6779885279384,0.7836837,1.0,0.0
0.17806937,0.10864375,0.9845929,1.0112993,9.312869,6.8518724,5.227431,1.1662179,1.1963067,0.875722,735.2709893968831,-7.366348666945669,-83.90920970568186,0.6821967,1.0,0.0
0.3713242,0.10798427,1.0313202,1.0033176,7.1737194,4.2382383,5.914509,0.14040028,0.70423937,1.0593716,1532.6259206627058,-228.88133858568176,-52.83344205952244,0.48148373,0.0,1.0
0.18442738,0.09617585,0.91239226,1.0034306,9.532998,4.469319,6.599282,1.2516189,0.6251005,1.1899594,727.0907067923813,-85.1961470391359,-22.635532060228343,0.65211344,0.0,0.0
0.6988293,0.09208775,1.0453128,1.02283,9.063717,4.1222343,5.123924,1.2686408,0.28087494,0.50898844,545.8466182410966,422.5747363899136,413.51142990471635,0.79111075,0.0,1.0
0.50219303,0.04356486,0.98731536,1.0530919,8.431237,9.769294,6.6726937,1.0795674,1.8211688,1.2484288,366.39772513215576,157.81067097326286,-79.0052250017643,0.72234344,1.0,0.0
0.26852968,0.07298281,0.97589976,1.0367241,9.077726,8.7277775,6.249969,0.46076784,1.6052607,1.1218618,1824.9547103093014,76.39403293271971,-19.45395147159161,0.69977826,1.0,1.0
0.32770744,0.13776004,1.0230036,1.0498132,7.6864653,4.8203125,6.1781197,0.9276328,0.75435865,1.1022382,26.192920574499567,-116.34777798526852,-23.830176177390967,0.6126782,0.0,1.0
0.29793826,0.07134454,0.99016905,1.0631921,7.2671723,6.7827234,5.584495,0.7228365,1.2111521,0.9371622,41.86363176303075,-44.81658165925046,-11.550620490295387,0.6236019,1.0,1.0
0.77651656,0.14142133,1.0496472,1.0192541,7.528131,4.0710177,4.8769097,0.7163612,0.40314683,0.5213707,258.43212916944367,123.61869576566642,284.90855598306007,0.7219765,0.0,0.0
0.22738531,0.07057773,0.96665406,1.011225,10.282531,4.299926,5.6996818,1.6014355,0.6612366,0.86873394,697.2151910461939,-173.06767791807715,97.90267794141846,0.56119365,0.0,0.0
0.5010333,0.07981507,1.0586829,1.0380085,8.302552,7.671936,5.5822678,1.0494902,1.2505158,0.9243319,318.48117307575285,140.19614703913567,0.17766166662704563,0.9074657,1.0,1.0
0.4979314,0.18502831,1.0680667,1.0513027,8.938482,7.4627275,5.624576,0.95706266,1.3379406,0.9893733,802.0826991962876,18.308409752912667,-51.5055518630752,0.6751599,1.0,1.0
0.3925682,0.102382265,1.0330263,1.0127547,7.549769,3.468061,2.826773,0.3252601,0.034229945,0.14591216,1245.9261845581,1140.1928754383298,190.9124742223255,0.7070524,0.0,0.0
0.14408202,0.06482175,0.9508563,0.9886069,9.468179,5.0809073,5.570124,1.3205079,0.8370011,0.91424924,669.6962367109631,-136.5121376297875,8.885042451005575,0.58812374,0.0,0.0
0.6093653,0.05055591,1.0140418,0.9725794,7.6920834,4.1993523,3.486636,0.79714936,0.2283018,0.3298109,245.42274625018354,601.9740545886739,-48.2364475449956,0.8249121,0.0,0.0
0.3797077,0.13916267,1.1051055,1.0481987,7.876045,7.63233,5.553854,0.5775613,1.4325458,1.0152512,808.1666463047577,-33.884884997274185,-101.98301754946488,0.5380434,1.0,1.0
0.36632818,0.09170874,0.9110871,0.9946085,9.7307005,4.096221,4.696264,0.010290969,0.4513907,0.76934314,3470.8847712544643,49.30966059280672,-186.12802107752032,0.6977698,0.0,0.0
0.28815225,0.08227724,1.0700176,1.0510198,9.110365,7.4602284,5.9309154,0.92171985,1.3608917,0.98187786,915.8149648501417,-2.1128881337240273,39.34813852911384,0.6243115,1.0,1.0
0.34514338,0.07016733,0.9358424,0.9514016,9.739819,2.791945,4.0417323,1.1264685,0.32160276,0.5137061,876.7190063475305,-532.2134668809188,-105.32135911492833,0.46588844,0.0,0.0
0.32597128,0.10586892,1.0186353,0.9936155,9.009729,9.929955,6.6620927,0.6582259,1.8477079,1.1598557,1340.9801084207493,187.45997199634894,33.549314410539864,0.743118,1.0,0.0
0.4185797,0.06335336,0.9864979,1.0232623,8.4013605,4.0235434,5.1810274,1.0918933,0.56072,0.92899317,335.45127200138495,-150.53989059825813,-161.676028725562,0.58909273,0.0,1.0
0.31765807,0.06478808,0.9930956,1.0378771,9.141988,7.9179792,5.98337,1.1277382,1.4642411,1.0997542,689.7323930648381,0.3303894407890766,-74.89288029502404,0.61557347,1.0,1.0
0.4058072,0.06430733,1.0192883,1.0564857,9.747345,6.50333,5.776151,1.3814663,1.2205507,1.057274,699.9238109051871,-134.64297102524142,-78.89614617715552,0.4586986,1.0,1.0
0.43395352,0.07905304,1.0914521,1.0311545,8.547644,4.112034,5.343054,0.91098833,0.6534254,0.96894634,648.0456666841192,-228.2412885520862,-127.8608751963302,0.5096855,0.0,1.0
0.60932434,0.034827992,1.005457,0.97880566,8.82962,7.8561845,5.619675,0.73425716,1.461658,0.99788463,1101.9974989361035,-6.843221193219961,-58.40104500035295,0.58837825,1.0,1.0
0.17700197,0.06372402,0.9702873,0.9654738,6.286963,4.0939655,6.186901,0.3719162,0.40433174,1.1230655,-27.083198361160612,133.73443618833903,-38.43305009904725,0.7266776,0.0,1.0
0.22426012,0.06393351,0.98775923,0.86983085,7.55717,2.592608,3.1808088,0.44413862,0.020685667,0.0806381,898.9578379490549,476.0806127245529,699.9523171650379,0.5287926,1.0,1.0
0.32697406,0.07588008,1.0473458,1.0556772,8.533843,8.347485,5.9604945,1.0281061,1.5346755,1.1249331,494.32053246806527,51.7609383169156,-103.39124735395853,0.6708134,1.0,0.0
0.3075861,0.06335454,0.95178694,1.0027041,6.968566,4.3782063,3.44299,0.6924404,0.5012297,0.4598043,-154.25372105298175,59.68233925759705,-272.9098634283032,0.7328003,1.0,0.0
0.6132028,0.07525629,1.0065618,0.991305,8.047239,3.9344387,5.8644924,0.78403383,0.49429062,1.0461063,518.5999012149318,-70.66488201042102,-53.126061275144366,0.6248909,0.0,1.0
0.28824255,0.082965575,1.0003194,1.0489032,7.119171,4.708913,3.5842912,0.70415646,0.52025,0.40266916,-35.10646716260135,113.81080837865602,-142.6655787220334,0.8012323,0.0,0.0
0.59778506,0.21052046,1.0564326,1.0636375,8.653481,7.9515123,6.006864,1.3973522,1.3994915,1.1190442,276.6395622019804,77.24706183268017,-85.51665558922468,0.7708796,1.0,1.0
0.7330324,0.120764956,1.0055693,0.9822719,8.213888,4.623819,3.438318,0.88926876,0.5354386,0.40487146,468.1023411931019,65.27377006934671,-195.58197323185573,0.7695328,1.0,0.0
0.5707868,0.069949,1.0701764,1.0194625,7.5424895,7.286376,5.3594174,0.5779228,1.3382597,0.9807399,562.504441877194,-29.63372003575114,-126.69366421597488,0.5887061,1.0,1.0
0.2202537,0.10358272,1.0409194,1.0334686,9.36377,3.1805518,3.4264445,1.0596174,0.19859602,0.27904883,858.5481066622892,197.76225785950635,32.485302847664116,0.61677593,0.0,0.0
0.3618824,0.07018526,1.0228282,1.0172753,7.464904,7.377265,6.1037545,0.71689767,1.3887289,1.1500809,204.10772031431497,-59.158029646674095,-88.8269102952595,0.5086683,1.0,1.0
0.1829716,0.07000454,0.9546542,1.0077707,7.440158,8.2642145,6.5726905,0.50692797,1.4803311,1.1359056,643.4067310579958,83.76441602581144,41.83866774402986,0.75035375,1.0,0.0
0.4523834,0.12581246,1.0099335,1.0674362,8.581972,8.528108,6.732269,0.86767346,1.6101264,1.1771219,747.49681127452,17.53870846106065,34.03004597906147,0.5743093,1.0,0.0
0.8294825,0.15611643,1.0608568,0.9865654,8.528988,7.598065,5.306021,0.8744703,1.4125196,0.9267169,698.9015404334923,-31.43465200496985,-101.71783147065071,0.57192314,1.0,1.0
0.21673515,0.06768065,0.9248027,0.8825489,9.5512705,4.8017364,5.283016,1.3399246,0.80667156,0.9061496,680.100965869935,-182.61167164517792,-81.38667539207154,0.531848,0.0,0.0
0.53375214,0.07576225,1.0572959,1.0591503,9.008411,7.6311903,6.1364436,0.96302855,1.3985335,1.1458569,826.109472630902,-4.781873272987923,-74.88961441289257,0.62375444,1.0,1.0
0.09757701,0.024657678,0.93693143,0.95715135,7.5991864,5.103522,3.224803,0.90865535,0.5732233,0.057780538,-21.31890232293108,161.980941303769,860.0052236362765,0.8619578,1.0,0.0
0.4371189,0.12868328,0.9656356,0.940803,7.003333,3.6275842,4.966371,0.48066288,0.3638944,0.896167,324.32953839390575,11.506433051889644,-209.57478774497122,0.6406016,0.0,1.0
0.53446305,0.08108145,1.0176417,0.9930563,7.6147237,8.207238,6.2661586,0.2719807,1.5199169,1.1143332,1448.8686338908237,16.182236203552293,-8.62116245194693,0.63262284,1.0,0.0
0.60090184,0.05810175,1.0395707,1.030319,7.4971247,8.965026,6.415351,0.025586475,1.6758122,1.1935887,2190.2595993390687,65.25860839386905,-72.55192657005045,0.6507376,1.0,0.0
0.2173017,0.06942716,1.0464894,1.0240353,10.010312,8.425152,6.2566605,1.5205454,1.5221215,1.171675,694.338799141713,88.24010641488849,-78.17896774638257,0.73772824,1.0,1.0
0.19673698,0.066767015,0.98572636,1.0153204,8.111633,3.718865,3.1554742,0.3404345,0.4185246,0.4469222,1618.5317144766814,-47.42644574728388,-382.2651867615582,0.6275244,0.0,0.0
0.31185648,0.06806885,1.0676609,1.0488169,6.8441052,8.210112,3.7446313,0.027749868,1.5265063,0.35191455,1629.6509417807333,10.413717048897524,-0.5258008784855974,0.61746794,1.0,0.0
0.22410223,0.0761665,0.9278947,0.98773587,10.128629,3.565263,3.1564734,1.6123703,0.19093202,0.014853048,674.2419644808083,468.83633447812474,1080.5499654021862,0.7011813,0.0,0.0
0.36963636,0.06824603,1.02412,0.983143,7.8421893,3.341796,3.5928922,0.12879321,0.16281827,0.3988641,2082.007004026817,454.82708348863457,-129.87459244747743,0.66159075,0.0,0.0
0.38481027,0.06467005,1.0986733,1.0742855,8.659631,3.7545488,4.4824643,0.106048025,0.24845251,0.6473083,2730.471535334525,374.71016092876425,-97.26649284131327,0.72322834,0.0,0.0
0.30955052,0.070882946,1.0530982,1.0368257,9.510108,7.825228,6.401264,1.5071092,1.382354,1.1801705,588.3120257070982,68.61048950798067,-62.86544715821674,0.74893343,1.0,1.0
0.3565407,0.026771067,1.061152,0.98813987,10.143064,4.6132693,4.1846585,1.4386625,0.44983584,0.5275439,748.0978382301819,199.2228552758022,-71.84062754640695,0.82217824,0.0,0.0
0.28159255,0.07081117,0.9845333,0.9704229,10.703349,4.1317782,5.451777,0.73593736,0.5858529,0.90940124,1563.3620679431538,-137.64290232254461,-29.303069901894105,0.59480387,0.0,1.0
0.24545099,0.098260224,0.8731345,0.9148388,8.883356,3.4929645,5.928004,0.32367796,0.51682174,1.091595,2141.223819978614,-337.3338671496849,-81.10189402046808,0.47972143,0.0,1.0
0.4189934,0.109926715,1.0301504,1.0290596,7.615044,4.371982,3.8450108,0.09300872,0.39929232,0.41421244,2051.1502541191503,232.47402023732548,-70.1430444084233,0.7939451,1.0,0.0
0.2740962,0.06562785,0.9925304,0.98970354,7.730733,3.675112,5.2498913,0.90755147,0.39968774,0.7392403,83.99211981488997,-33.4681095513381,137.63879794235936,0.629573,0.0,1.0
0.20698157,0.07836628,0.9249789,0.96774834,9.127147,4.1075068,5.0340204,1.2219491,0.51670974,0.80783856,608.5788838949506,-57.36280225535302,-68.02024833266705,0.6518208,0.0,1.0
0.35926166,0.059018675,1.0382736,1.0043334,9.251544,8.601177,6.198341,1.4865912,1.5967265,1.0589277,510.5695009756905,56.96000634769689,32.1456565679332,0.6532565,1.0,1.0
0.301117,0.05596764,1.0192484,1.0151356,8.534883,8.671022,6.7327814,0.9993269,1.6246089,1.2648355,538.0394114046121,38.146345680092054,-80.5035920606988,0.619233,1.0,0.0
0.5183128,0.09263366,1.0410435,1.0596901,5.112913,3.3890393,6.519147,0.0011868922,0.44537073,1.2021606,-38.96484721540196,-269.92182025253874,-52.3011100995177,0.5214847,0.0,1.0
0.8595731,0.13310294,1.022886,1.0263036,5.7229433,10.550614,11.884849,0.08001795,2.0406785,2.360484,299.54472420056845,62.69604398509091,30.620511460299895,0.5479597,1.0,1.0
0.5402982,0.006560346,1.0458292,1.0273223,3.813598,1.9742842,1.6405958,0.44541967,0.07002401,0.12386497,-2112.353184188766,-271.9622332166989,-574.4075781301037,0.3966114,0.0,0.0
0.4057292,0.31695375,1.0239029,1.0326401,6.6317406,10.775862,11.527447,0.7899247,2.1142454,2.2839518,-642.3331651985318,27.441401314671566,18.99020440183631,0.42663166,1.0,1.0
0.48222116,0.14393426,1.0019786,1.0053688,5.4583945,2.7763622,1.9745084,0.18669604,0.26101887,0.25524494,-358.6409375251467,-387.1324348445087,-860.747878132456,0.50020474,0.0,0.0
0.54437107,0.20276912,0.99614716,0.9664218,4.02747,2.6445224,2.8194268,0.020080835,0.20109288,0.39776558,-708.1719032545183,-308.97732618948,-473.00000068274403,0.499272,0.0,0.0
0.37595952,0.06516971,0.96217895,0.99186754,7.6385293,2.5864675,1.7899454,0.81508386,0.03054851,0.14362422,166.62354700979267,420.61417332496615,-581.3592436207517,0.52703905,0.0,0.0
0.7288677,0.086174406,0.98502254,1.0487423,5.7427454,10.781885,11.946915,0.10305142,2.1036336,2.368273,254.7022371685025,48.89163430697636,40.80862381320003,0.48378667,1.0,1.0
0.4175623,0.091828816,0.96112096,1.0455301,6.5846195,10.353325,11.719996,0.4717369,2.0171905,2.3236153,-20.506693358653592,17.902067433663888,35.888963421246444,0.47718397,1.0,1.0
0.6835877,0.06701547,1.0223278,1.0277795,7.437906,1.8283062,1.4316225,0.39236236,0.02890077,0.00605895,945.3585633099801,-112.73304794305193,-3.871327930833516,0.37203395,0.0,0.0
0.52721345,0.11943972,1.0294199,1.0167111,6.545786,2.0278141,1.7566026,0.74696773,0.057072185,0.07094457,-656.1662693113376,-169.98769061347116,-233.36446930525977,0.40980685,0.0,1.0
0.47070548,0.050546642,0.9717134,1.0057209,6.270339,10.059189,11.106105,0.10454944,1.9608866,2.189443,817.7423973204245,-2.6118090505710825,12.123450481121836,0.45918247,1.0,0.0
0.5540728,0.08387446,1.0648727,1.0290364,5.0930314,10.602149,11.401247,0.29073507,2.0457668,2.259197,-1017.1344937489298,75.13007057011373,14.091445382426173,0.5692285,1.0,1.0
0.36062896,0.11355614,1.0545019,1.0688818,5.911828,6.205059,10.923903,0.17549683,1.0557141,2.1596813,183.7936927081937,-36.71934321555818,-10.590462067520093,0.66581553,1.0,1.0
0.5070431,0.03794251,1.0001765,0.96845937,4.5568705,2.3426657,2.4198818,0.21043,0.068682685,0.17690143,-1138.7408998258047,-26.10690874503979,-219.60026244489006,0.47302878,0.0,0.0
0.6029797,0.013762876,1.0273639,1.0153828,4.9600787,2.4550447,1.5157368,0.31831238,0.2942713,0.02312059,-1199.5722516220235,-791.2678593833593,-83.36316322550465,0.40116265,0.0,0.0
0.63611066,0.048366204,1.002262,0.926908,4.6053376,1.4957106,2.4139645,0.04401821,0.0104467,0.16766606,-545.2852522724836,-81.65549361553762,-182.54082420938835,0.30512443,0.0,0.0
0.48899528,0.031157965,1.0042762,0.94052076,4.4793577,1.7925258,1.5112064,0.36981937,0.0146891475,0.09072617,-1676.1099717957752,-49.96105107950143,-472.1489238155526,0.36559054,0.0,0.0
0.55803514,0.26314908,0.9779931,0.9473781,5.1563535,2.1637113,2.9135897,0.5531531,0.24138892,0.24151088,-1705.1278614760022,-864.8974762902674,-103.68843989695438,0.36656803,0.0,0.0
0.6424997,0.07644916,1.0259293,0.96614647,5.178483,8.304902,9.460196,0.3921512,1.5160351,1.8427517,-1256.3170278348916,53.03756067521135,-40.51730794635887,0.6925902,1.0,0.0
0.7663107,0.073422685,1.0717717,1.0581652,7.3455386,6.3591504,9.352499,0.42329347,1.1033998,1.7931838,776.9208054368864,-54.433469867772146,-1.2103191224555303,0.6455461,1.0,1.0
0.3764577,0.122750826,1.0642985,1.1204402,6.604175,9.325644,10.037865,0.3621603,1.7438817,1.966335,316.0671831689731,96.41253491170028,-28.396471672978805,0.6751401,1.0,1.0
0.56045604,0.18572675,0.9985127,1.0264043,6.753534,1.9255339,1.6142956,0.9444579,0.15666445,0.031241465,-784.0110078248636,-702.8384239417335,-70.48530557863953,0.3590547,0.0,0.0
0.4825292,0.1121039,1.0015316,1.0194958,5.618212,1.9515905,2.1112676,0.44756123,0.07752554,0.099346325,-972.2862506022302,-325.660153461631,-118.29196754123188,0.3904298,0.0,1.0
1.0013286,0.09779166,1.0266436,1.0772992,5.589062,3.3492358,4.5034504,0.4645831,0.2667,0.58162457,-1050.964969386855,107.33052684618224,16.601567159157185,0.6271349,0.0,0.0
0.49222067,0.09782861,0.99833626,0.9680285,5.460418,12.06387,11.813636,0.2755098,2.3687437,2.339042,-640.7132502328968,61.04785639650618,39.139779891778744,0.4682993,1.0,1.0
0.4589261,0.075921975,0.99760485,1.0102476,7.5147033,10.991992,11.15723,0.3432898,2.1528356,2.2124748,1155.6521949324472,48.611534239784305,0.02220950053015258,0.4544394,1.0,0.0
0.57799625,0.08382563,0.9982428,0.999394,4.7107954,2.2831657,2.6859446,0.123575166,0.20678373,0.011625117,-743.815841008435,-668.3696889704484,845.027431088576,0.41552463,0.0,0.0
0.4402128,0.039687462,1.0273521,1.012955,5.5831084,9.188261,10.329757,0.08122112,1.758727,2.0277753,144.92267992492611,13.280588081745464,-24.09405481096246,0.5437574,1.0,0.0
0.5731326,0.23484145,0.9542197,1.0195475,6.124928,5.85597,8.59518,0.08769641,0.95072174,1.6119838,701.705364808256,-12.274883503847832,9.065970682508123,0.6980803,0.0,1.0
0.5592133,0.07778696,1.0406125,1.0650637,5.971831,2.2190423,3.0526936,0.7973779,0.113661654,0.2218791,-1338.9016626049452,-340.5965099697004,38.91116814257043,0.4378534,0.0,1.0
0.45283568,0.07780963,0.91268885,0.9797044,4.9598255,9.630626,10.351464,0.2454326,1.7980908,2.014945,-985.3558126636467,130.27711037284962,25.132594404894462,0.70476633,1.0,0.0
0.67467105,0.2147704,0.96628284,0.9975804,6.2618012,9.788482,10.596527,0.15300502,1.8855155,2.0799863,636.9070417261587,32.91945597814356,-13.854342066579193,0.5375546,1.0,0.0
0.3799556,0.10955256,0.99839026,1.0100285,5.4859643,3.7431536,5.5370336,0.47879753,0.513345,0.9447009,-1207.697235040709,-192.6521533120349,-44.36250813739571,0.55614454,0.0,1.0
0.488866,0.06176359,1.0083978,1.0256846,5.6134253,2.7005048,2.8524456,0.5164502,0.28942615,0.17636384,-1152.4326283343166,-536.5861455457093,93.35793481002122,0.46540925,0.0,1.0
0.434542,0.035583228,0.96485,0.9927718,9.662116,4.765087,7.8619237,1.601207,0.7758767,1.420424,590.877395473758,-158.62440034356428,33.593076958004985,0.564817,0.0,1.0
0.597051,0.18520449,1.0506719,1.0569787,6.046923,10.1385975,10.667208,0.2264963,1.9801207,2.1058643,150.28274596905658,-3.1361186614944927,-42.03592265521593,0.44577652,1.0,0.0
0.6895769,0.08699698,0.9886196,0.9697859,8.655313,3.0102954,2.893733,0.7937667,0.09618421,0.3212699,910.0447905258256,480.9440060485048,-306.5917708782504,0.6065817,0.0,1.0
0.6058147,0.09687477,1.0003155,1.0322402,5.962152,9.804828,10.6463585,0.117662214,1.9084666,2.072491,439.3613139563133,-10.460178104438455,48.644024992354844,0.46000585,1.0,0.0
0.50747764,0.06911163,1.0185941,1.0648519,6.2950287,2.6792254,4.214916,0.32241094,0.22597216,0.576907,136.5080686818203,-367.2284911510035,-116.56564382119814,0.4958857,0.0,1.0
0.53699696,0.13403614,1.0156611,1.0185895,7.048609,12.258342,11.41891,0.14583172,2.3952827,2.2504687,1396.7464011184713,77.39507766452334,38.71522067662772,0.5335588,1.0,1.0
0.64286155,0.03334461,0.9938483,1.0273199,5.1006145,1.9903078,2.286108,0.2878357,0.013145106,0.1616199,-1001.2014273354662,47.80746807515318,-249.9797530328209,0.4060483,0.0,0.0
0.5115106,0.07177028,1.0187466,0.9530916,5.564268,10.33374,11.051459,0.32368058,2.011816,2.1903672,-668.1005888765146,28.32336532030058,-21.855648146334715,0.4830931,1.0,0.0
0.5235442,0.0689802,0.93699706,0.9990908,5.7141433,9.163438,10.907945,0.57740855,1.7681255,2.147887,-1186.1711492676777,-13.169644910559327,-1.0084895184081688,0.49210006,1.0,0.0
0.4389051,0.03245037,1.0213531,1.0459778,4.8982058,1.9777852,2.1978781,0.106930695,0.10585045,0.121666715,-557.1772823757319,-450.5803035624183,-179.6583946006366,0.3889905,0.0,0.0
0.77110445,0.05949421,1.0148941,0.9689403,5.7085977,10.326638,10.61101,0.06980047,2.009233,2.0884976,320.3037632890373,31.0340142636187,-28.269103635335796,0.48793906,1.0,0.0
0.5456313,0.06325554,0.99784774,0.9983283,4.438001,2.3701918,1.6117388,0.43214142,0.14324318,0.0324524,-1881.9051672381188,-357.6324004931604,-79.31809459828429,0.46119612,0.0,0.0
0.52011937,0.06524718,1.0500132,1.0590761,6.5069056,3.7352474,5.7302637,0.359919,0.5682606,1.009975,223.66245401000083,-279.25053954157625,-29.10842578473148,0.49493557,1.0,0.0
0.31239533,0.035319094,0.95778584,0.9755216,5.0133753,10.759532,11.169292,0.2240485,2.0822504,2.2155461,-889.1085964726085,91.35807370656312,-2.7478754014809965,0.5542769,1.0,1.0
0.54365665,0.051337063,0.99785894,0.9810857,9.2783,6.0240173,8.272992,1.496498,1.0488046,1.5504173,524.2718655551766,-102.15336980058055,-11.355322650511425,0.6051517,1.0,1.0
0.5237736,0.061965104,0.99111724,0.98828775,4.8574595,2.0018086,1.5736123,0.020023813,0.053284306,0.044506755,-298.50969882695404,-164.53745762116648,-162.04311087307542,0.4049824,0.0,0.0
0.33174866,0.06564138,0.9950328,1.0090749,5.966577,6.2866087,7.8665943,0.099901184,1.067825,1.4932822,498.6620770165807,-35.05383578519013,-42.69301049335354,0.67747056,0.0,1.0
0.536796,0.22700053,1.0326967,1.0435336,5.085672,10.208063,11.199409,0.59329456,1.9470665,2.2096572,-1845.2545972112748,126.25972182836995,23.980406755441436,0.62675923,1.0,0.0
0.81013703,0.0434902,0.9777434,0.97076774,10.690059,6.1433463,8.079323,1.6933265,1.0830135,1.4954845,715.0514227987528,-114.30152303781733,5.390594996824348,0.5922326,1.0,1.0
0.7325307,0.06603758,0.99319106,0.9753574,6.228653,9.585371,10.497483,0.22613485,1.8858347,2.071353,346.6071548241848,-81.05160891618834,-53.41867912527823,0.35178265,1.0,0.0
0.35381058,0.1159403,1.0652559,1.079788,7.0778646,2.9970574,4.4822283,0.2555597,0.3489789,0.8115642,1060.8717615305773,-387.5062956464965,-350.8739387248561,0.49739724,0.0,1.0
0.5071237,0.07853685,1.1160642,1.0588497,5.3446035,9.918548,11.323581,0.08715996,1.9363037,2.240694,-117.9702263366155,-17.521526024670948,8.380798715916171,0.4399703,1.0,0.0
0.40514672,0.08391981,1.0527332,1.0673257,5.881572,10.752213,11.308944,0.29712966,2.027906,2.2265186,-233.97385314124222,205.74118549804098,34.711954794496705,0.73029685,1.0,1.0
0.49691617,0.13463445,0.96445936,0.9825121,6.5567966,11.069927,11.539035,0.063615836,2.1577013,2.267735,1237.1565093986571,69.87195019079809,52.38406459804901,0.5062697,1.0,1.0
0.55057454,0.1722742,1.0463439,1.0334998,6.2251015,10.099391,10.297241,0.070412636,1.9600945,2.01733,877.9793544339088,27.272450526756074,-16.700194614750217,0.49784687,1.0,0.0
0.69418657,0.07347284,1.0261233,1.0447465,6.591279,2.4528635,2.504864,0.535867,0.25909662,0.18446343,-176.0845736843271,-690.3060454785177,-186.80601028820251,0.4251599,0.0,1.0
0.72406524,0.07791032,1.0406171,1.0687469,5.815504,10.036924,11.286706,0.15897092,1.9461083,2.2364697,140.68972660948884,28.115046300029007,4.109080872840423,0.5023448,1.0,0.0
0.45840424,0.07091244,0.9944224,1.06853,4.356477,7.082876,5.775809,0.10459768,1.1207982,1.0328325,-880.9198071071398,136.34777798526875,-48.5649900985768,0.8841762,1.0,1.0
0.68024236,0.13355154,1.0525794,1.0053763,4.8754196,2.5746367,1.4728749,0.32339478,0.18368053,0.19444604,-1274.465157883565,-311.91597826924783,-970.8654485237043,0.49097225,0.0,0.0
0.61031383,0.084034875,1.0021977,1.027879,6.626156,10.800639,11.218572,0.53207695,2.0674918,2.2049463,-130.82709841573524,136.49002053651793,45.750491657452585,0.6387076,1.0,1.0
0.5663148,0.074086115,1.0520952,1.0508828,7.741197,11.355268,11.504491,0.7784712,2.2233872,2.2842019,308.532967628395,64.79439586328408,11.011105774381576,0.4723979,1.0,1.0
0.52338195,0.073335245,1.013881,1.0204319,5.574333,10.558259,11.408134,0.7164877,2.0696964,2.262288,-1624.2300752581205,1.6925662761950662,9.216853617694142,0.42748013,1.0,0.0
0.46272868,0.029124893,0.9543203,1.0067902,6.7697244,2.45914,4.134375,0.46362314,0.12905034,0.6436908,170.00825717853058,-207.5421174672599,-251.45460519421295,0.4843819,0.0,1.0
0.7332252,0.062645875,1.0350842,1.0310678,6.920428,10.66547,7.545771,0.77630776,2.0740812,1.4425277,-366.83160137865525,52.8661769102041,-70.6544736303963,0.5085487,1.0,1.0
0.44643757,0.082529366,1.0888333,1.0625962,6.082234,3.592045,5.9784203,0.80831265,0.3566429,1.07576,-1247.7811821491796,11.101341572535148,-50.43631598117872,0.63649213,0.0,1.0
0.5250514,0.07191456,0.96751523,0.9837437,7.758538,3.0139947,4.753645,0.6752644,0.38475665,0.691749,528.194295897666,-443.3650978270516,-16.970607743560095,0.47360414,0.0,1.0
0.5293587,0.06385823,1.0504978,1.0631005,8.129227,3.3558922,3.9276836,0.91010565,0.2991224,0.44330475,370.7078711116833,18.079361884658738,-71.30698950664691,0.6132277,0.0,1.0
0.653361,0.081915334,1.0276515,1.0113661,5.224984,9.935314,11.434717,0.70305157,1.929929,2.2707837,-1950.7954450247803,3.0444473903066864,8.530374205858607,0.48282254,1.0,0.0
0.38138464,0.07195851,0.9622739,0.96994287,5.829297,5.9218116,8.712673,0.6346049,0.9974108,1.6181569,-1172.354559511933,-62.844334627720855,27.295885780496974,0.65182906,0.0,1.0
0.55660594,0.07548613,0.99358994,0.9806938,7.657546,2.0235415,1.9409451,0.06812027,0.038278006,0.18121183,2169.9258075646794,-69.05481181429775,-638.0777281312799,0.411202,0.0,0.0
0.5804661,0.101656385,1.0285027,1.0190054,8.620139,1.8879609,1.0082859,1.1277356,0.030753175,0.0009820274,440.3945974924022,-96.35689156936564,-47.54017185225455,0.3840981,0.0,0.0
0.325758,0.06694749,0.96301866,0.92942387,7.1824713,5.8494105,8.528028,0.89706635,0.9468672,1.5048255,-330.43938277869665,-17.506364349193063,96.59960872226839,0.7012389,1.0,1.0
0.5780601,0.18892643,1.0048758,1.0607042,5.020425,2.9377406,3.4601774,0.10349385,0.1478872,0.3513728,-462.94658054175443,174.1488473598804,-93.54670225103018,0.58035743,0.0,0.0
0.4890424,0.06579733,1.0217272,0.99060434,5.5177784,2.5013363,2.6593552,0.41789147,0.030865163,0.28277448,-995.8618794464437,331.67204353630257,-375.3265847994362,0.5096104,0.0,0.0
0.52515686,0.07465797,1.0301012,0.99809057,5.8260965,10.957154,11.064142,0.68253356,2.1443014,2.1495407,-1271.3875882260545,46.26431297176714,83.07511597176926,0.46136215,1.0,0.0
0.5950215,0.07911788,1.0358657,1.0336027,6.127654,11.114414,11.850009,0.19526921,2.1721838,2.3554485,325.92443224151293,65.56639272683424,32.45330047994503,0.48177806,1.0,1.0
0.5925695,0.1003334,0.9773813,1.0578554,5.674333,8.387003,6.213927,0.08120484,1.5953078,1.1583233,242.58488435249046,-9.126798969307401,-71.53429107963757,0.529018,1.0,0.0
0.49201816,0.07665361,1.0620062,0.97245306,5.7635612,3.570206,6.0362997,0.44660658,0.51539475,1.0782956,-809.9752284644087,-287.47854267802586,-36.394513236090006,0.5043798,0.0,1.0
0.39150232,0.27981502,1.088598,1.0973437,6.346281,8.701747,6.011909,0.7887378,1.6688746,1.081791,-922.6709607709677,-13.117547979817118,-46.33180911845693,0.503812,1.0,0.0
0.32767934,0.099764206,0.9846272,1.0248291,5.4923882,2.9063745,5.693037,0.18550915,0.18435185,0.9469157,-312.68109767706846,7.286567470429418,10.700195980237368,0.56263417,0.0,1.0
0.6370572,0.15551396,0.9421564,0.9544159,6.37865,2.9575038,5.0895677,0.018893942,0.24427785,0.804395,1216.0989587313811,-153.5502550222493,-42.1247551953893,0.54981196,0.0,1.0
0.22132893,0.025039459,0.94788814,0.99127847,8.296038,3.4656925,7.1818,0.81389695,0.41482222,1.3457848,638.2857514373568,-175.6579265926291,-63.07903284554732,0.56675565,0.0,1.0
0.4431157,0.051401906,0.8456864,0.94565535,5.8553176,8.760682,6.203748,0.10423831,1.6582628,1.1661124,376.40460174798864,23.419490329491964,-84.32527735419353,0.5774825,1.0,0.0
0.31191242,0.058773544,0.9877947,1.0303543,6.472118,8.351314,6.266221,0.47055,1.5718197,1.1214547,-126.85787564839666,13.005147860647412,-14.474852844135967,0.5765927,1.0,0.0
0.27672228,0.029163012,0.79935455,0.8187981,7.35556,3.2394004,6.462633,0.39117545,0.4742715,1.1961017,878.656198730494,-415.56187028613454,-63.44741970732866,0.45048025,0.0,1.0
0.4433386,0.08601363,0.7776962,0.84873074,7.536079,3.31333,6.31639,0.7457809,0.5024429,1.131216,207.82034397135521,-403.2019203197301,-15.24493774614757,0.4409711,0.0,0.0
0.42304683,0.08347366,1.097844,1.0684218,7.000461,7.866885,5.6991205,0.10573633,1.5155159,0.98728245,1489.120353044782,-67.99137443045674,-21.568255980708273,0.43147856,1.0,1.0
0.45021188,0.054903906,1.0189492,1.0799297,5.5400767,8.31944,5.878256,0.29192197,1.6003962,1.0570363,-592.7699247418793,-39.89531812396217,-60.91704754970033,0.4646408,1.0,0.0
0.44339603,0.03393507,1.1221776,1.0332869,6.35489,4.1994233,5.428678,0.17668372,0.6103434,0.9575207,645.8204661428081,-146.6880438354949,-92.04898754922988,0.58886117,1.0,0.0
0.42925012,0.058820955,1.0183895,1.0510659,5.5365157,3.0156748,6.371648,0.21161689,0.37668806,1.0252591,-358.37633081875447,-427.7991244120742,112.26779892106788,0.48075232,0.0,1.0
0.4556755,0.1487932,0.9751203,0.981855,6.2846723,4.204879,6.7882257,0.31949928,0.739642,1.2252811,140.77893066771958,-274.83967478162754,-10.611364805552057,0.4084649,0.0,1.0
0.6386359,0.031645693,1.0937998,1.0320286,4.7031236,3.3819401,5.977603,0.0452051,0.45581743,1.0344945,-484.2718655551763,-291.4299234561797,-2.481384608398912,0.51003593,0.0,1.0
0.37333378,0.127624,1.1191227,1.0617288,5.5073476,3.7459981,6.2412114,0.37100628,0.4306816,1.1114345,-873.0965850784678,-51.81880852825202,-9.704767942124363,0.62567747,0.0,1.0
0.7213699,0.41300517,1.0585686,1.0725799,6.4491377,3.8421888,5.950746,0.55434,0.68675965,0.9606497,-360.114474758695,-359.4021704877091,61.99281519585929,0.35186675,0.0,1.0
0.54255307,0.013945481,1.0052038,1.068229,5.666292,6.3514338,3.9911323,0.3909643,1.0706643,0.6405912,-772.0193924143778,-11.793419834176348,-310.5382106843906,0.69769436,1.0,1.0
0.5269679,0.027753638,1.004462,1.0101731,8.049426,4.6353436,4.164587,0.4221066,0.6580291,0.5910232,1316.5696231471434,-82.15448323508167,-167.0640108801324,0.66650057,1.0,0.0
0.32602787,0.08916602,1.0363371,1.0007646,6.5725174,6.9711814,4.8718076,0.36334717,1.2985109,0.76417446,276.7695477484592,-63.58857852280062,-80.42064029314224,0.51817405,1.0,0.0
0.4495999,0.14489079,1.0957682,1.0456685,7.710361,3.8379903,6.3687687,0.94327104,0.60203516,1.1709192,22.97560545782926,-275.94845978650847,-53.22077049147174,0.4860131,0.0,1.0
0.36563566,0.06267197,0.83054644,0.95409405,6.3496413,3.7065332,6.9536395,0.4487481,0.5228963,1.3015069,-187.59727274005127,-229.13132141000779,-59.43762206093379,0.536302,0.0,0.0
0.9002759,0.055967383,1.0741069,1.0287199,6.237108,2.7035398,5.2211857,0.46577,0.17867073,0.620536,-356.2626048073689,-170.40787506560673,296.8347481392773,0.5208586,0.0,1.0
0.49836096,0.04857333,1.0361754,1.0568225,6.1568356,10.111314,6.1622343,0.2766967,1.9233729,1.1368814,113.63793205684624,128.61042080528387,-60.119529510880966,0.6375274,1.0,0.0
0.3533325,0.046282668,0.901167,1.002152,7.377258,8.9043865,5.76003,0.34210292,1.7074648,1.0103142,1057.2742392080895,0.5028179376004118,-26.087524412187122,0.5164861,1.0,1.0
0.30583715,0.11531917,1.0373118,1.0443847,4.031165,4.0723004,6.76821,0.12476206,0.65215445,1.2137856,-1064.1000897116414,-248.2702236577543,-4.903984021173983,0.49795398,0.0,1.0
0.3632028,0.04337443,1.0303864,1.0593096,6.361109,7.1123447,5.020875,0.080034226,1.3133563,0.8256147,989.8825197730043,-42.18348704344635,-100.45591127396801,0.5576301,1.0,1.0
0.7577068,0.14768589,1.0375729,1.0198337,6.669731,3.9393835,4.137591,0.08650952,0.505351,0.40982318,1263.3407958012058,-87.11511500272559,72.66884323867703,0.61692286,0.0,0.0
0.30113822,0.037341435,0.9254186,0.90166366,6.2452955,3.8199224,5.956047,0.7985648,0.5590324,0.9802815,-1048.888275887638,-227.59776080959455,50.285434411480765,0.53146327,0.0,0.0
0.4619916,0.05099645,1.1008441,1.0890191,5.4118085,7.418461,5.3804035,0.2466195,1.35272,0.8127844,-590.6534480841606,-8.286498767733065,70.16786402023263,0.62206894,1.0,1.0
0.56385326,0.1954939,1.0812194,1.0965675,6.852075,7.5082016,5.461803,0.15419191,1.4401448,0.8778258,1199.2582240159018,-78.65340415192895,1.1325930394068564,0.43410176,1.0,1.0
0.44039652,0.05072993,1.0287023,0.9769314,5.864952,2.6823778,2.9682448,0.47761065,0.06797425,0.2574597,-788.7106217580167,305.8062859379557,-118.5597657795563,0.54312515,0.0,0.0
0.16714954,0.035199203,0.9318297,0.8972354,6.4722795,4.44462,5.851228,0.51763713,0.7347969,1.0257968,-243.06805932726638,-200.92648009863206,-30.690398333843405,0.510575,0.0,0.0
0.6146499,0.044391792,1.1199504,1.0482349,9.881379,4.264227,3.5387504,1.60002,0.33050597,0.21826334,643.526213184015,333.4809756551174,252.61854892694873,0.8024124,0.0,0.0
0.44843057,0.12545536,1.0947262,1.0908772,6.2253513,7.910918,5.449884,0.2253094,1.53475,0.90370363,343.9181769620061,-84.2101265774163,-24.42847813716071,0.39243874,1.0,1.0
0.46575615,0.04384728,0.8647563,0.9138881,9.556822,3.1938732,5.4686813,0.79257977,0.34918654,0.88089067,1286.6936082360826,-221.47736054082839,3.174395784495573,0.5459146,0.0,0.0
0.35552835,0.06280043,1.0713335,1.0623946,5.969122,7.605506,5.652217,0.118849106,1.4630959,0.87033033,438.739269680671,-83.75641587621567,78.94448068650718,0.42463136,1.0,1.0
0.30846483,0.03928429,0.8716899,0.90220255,7.3572035,3.1985235,4.467943,0.32359782,0.21939859,0.6252536,1096.5482288337423,134.1349365242968,-70.0607449980007,0.61329573,0.0,0.0
0.4279657,0.099245295,1.1170386,1.0634727,6.848297,10.13712,6.234386,0.14464483,1.9499121,1.0483081,1230.3684453941137,74.52013777938373,52.915741469944805,0.56668884,1.0,0.0
0.33657342,0.036200773,0.8468937,1.006424,6.2963815,3.127511,6.1883216,0.2890226,0.45851585,1.0405407,241.1497549542769,-489.3720532448433,52.664924999411596,0.4342333,0.0,1.0
0.33562323,0.02567381,0.98533916,1.0157325,6.50432,8.222366,5.547928,0.32486746,1.5664454,0.9882066,330.5883889856641,-31.25526809036637,-77.54735460816391,0.5108623,1.0,1.0
0.36084002,0.03709582,0.89346737,1.0159787,6.3994627,6.9468117,5.66614,0.57859546,1.3227549,0.9457264,-453.4821714054988,-87.98094130376921,5.679294607693009,0.43379083,1.0,1.0
0.29491407,0.049685493,1.0437864,0.9875289,5.0312476,3.5626547,6.095796,0.10811759,0.5512212,1.0804939,-475.79932665137403,-338.17646292295785,-21.35271049100129,0.460814,0.0,1.0
0.75955325,0.045370504,0.90424263,0.91315496,6.401295,8.196418,5.4076824,0.068613574,1.5638621,0.8863371,1069.9525809992942,-39.34207340737066,-19.72109735278218,0.5016494,1.0,1.0
0.25082666,0.033750407,0.9722857,1.0376822,6.5241294,2.967656,6.596574,0.43095455,0.30212757,1.234613,32.73026375483096,-311.5734168473232,-83.3605483350193,0.5214145,0.0,1.0
0.28857622,0.026678817,0.37592715,0.80622566,6.620633,2.4779696,3.3126004,0.35873213,0.122889854,0.19218564,340.2978850029506,-157.55484616564604,249.0091432410295,0.4900164,1.0,1.0
0.35549998,0.047890887,1.04111,1.0304124,5.6432014,8.570675,5.5591474,0.22523539,1.6368797,1.0133855,-283.41961861042955,-8.390692629217028,-98.00391892200923,0.5192977,1.0,0.0
0.33819357,0.03203688,0.91889215,0.964064,10.259014,4.856281,3.8438652,1.4953111,0.6034339,0.34825677,735.9340699827408,48.08047531915963,45.3487908862478,0.7767494,1.0,0.0
0.531775,0.045608137,1.0574828,0.99559945,5.5347657,3.2691712,6.218462,0.018836921,0.39208642,1.1576538,310.76116315894524,-251.81533081935618,-69.55519245218193,0.5340172,0.0,1.0
0.3829048,0.07314311,1.1118585,1.0580211,7.408653,4.398313,3.4499521,0.09871429,0.6224542,0.29112163,1879.621916864659,-99.31188746180851,10.133245396540588,0.63439363,0.0,0.0
0.6199676,0.17822227,1.0943649,1.0504375,5.5863442,8.150722,5.6576705,0.59448147,1.5016958,1.0074966,-1360.9034149215322,20.603534090188532,-53.1502285298202,0.6473346,1.0,1.0
0.65369004,0.052203678,1.0270782,1.0166337,11.245927,4.9746475,3.731814,1.6921395,0.6376428,0.29332393,763.7136272263169,48.15107422888218,95.27955500435155,0.7794872,1.0,0.0
0.46118265,0.03619506,1.0299604,1.0364473,7.470501,7.654327,5.112851,0.22494796,1.4404639,0.86919236,1477.2425858171346,-40.624469046260856,-128.07642068603718,0.5289658,1.0,1.0
0.30483288,0.08090136,1.1247776,1.0280372,7.5780983,2.40099,3.7908397,0.2567466,0.09639182,0.39059636,1467.5607393927562,-115.02705884582701,-43.229915780732426,0.48012447,0.0,0.0
0.39608836,0.042995937,0.9938944,1.02158,5.193949,7.7696557,5.7267284,0.08597307,1.4909331,1.0385333,-255.01038648853728,-61.975168023174774,-65.37687774567712,0.4470048,1.0,1.0
0.30148366,0.050088704,0.97897404,1.0068272,7.1991315,8.45035,6.045727,0.29594275,1.5825353,1.024358,1057.9993734241434,26.352369128665487,33.24689754852352,0.6054598,1.0,0.0
0.62151575,0.103351146,1.0243361,1.0776904,6.4761963,8.846922,6.0146575,0.06480273,1.7123306,1.0655743,1156.5210784057074,-31.207831005717708,-29.66623107916712,0.45488676,1.0,0.0
1.0054682,0.13300511,1.1620609,1.0275356,6.637794,8.010146,4.8221073,0.07159952,1.5147238,0.8151694,1288.032901303138,-28.02030953612484,-175.79033323467866,0.5323982,1.0,1.0
0.44429427,0.037303906,0.9041346,0.83733034,5.857194,4.154004,6.032637,0.5370538,0.70446736,1.0176972,-936.3955958221486,-254.85240348001366,34.0796865681682,0.44948557,0.0,0.0
0.72356623,0.0446587,1.0641743,1.1004493,6.089151,7.9707003,5.7690816,0.16015781,1.5007377,1.0343093,419.392091188975,-23.570076543820505,-52.502285980943725,0.54873824,1.0,1.0
0.19839308,0.03497267,0.55705744,0.88910645,5.8746114,5.464071,3.4890263,0.10578457,0.6754275,0.16932808,385.45814861721783,178.22167313860473,430.5636826533337,0.876808,1.0,0.0
0.45303732,0.0819708,1.134499,1.0060533,6.1209035,2.767443,5.6509385,0.32220787,0.2616902,1.0077145,-61.16752246305123,-400.01669442183584,-59.12932715727584,0.49777403,0.0,1.0
0.61733514,0.05339899,1.045133,1.023121,6.561419,8.74591,5.854193,0.53089005,1.6221211,1.0027857,-189.51607627791418,65.00167015175157,-1.2965381376311598,0.66798866,1.0,0.0
0.7513672,0.03126135,1.1093961,1.0683036,7.9329896,9.377389,5.829424,0.77728426,1.7780164,1.0820411,452.50619419378063,62.32225188579969,-99.31090774591212,0.6090242,1.0,0.0
0.29941383,0.03870584,0.92605233,0.9680519,6.3946066,8.730784,5.81584,0.7176746,1.6243258,1.0601275,-745.8788929683774,57.05954036308776,-77.81254068697808,0.65401775,1.0,1.0
0.24024794,0.037655037,0.93620336,1.0156896,7.4857774,2.5473,4.000056,0.46243626,0.3163204,0.5584698,785.3192793163516,-749.6185583602733,-187.06727676226387,0.4075983,0.0,0.0
0.431586,0.037109546,1.0569695,1.0528711,6.4787664,8.661865,3.436278,0.77512085,1.6287105,0.24036703,-766.8449880959624,29.31995631410109,139.24885598541255,0.60244167,1.0,0.0
0.38871166,0.046825513,0.95728564,0.9192159,6.34414,2.7446494,3.1154904,0.8094995,0.088727824,0.12640058,-960.7677954318724,249.162758195464,440.84323834042925,0.552882,0.0,0.0
0.2951738,0.03841135,0.9271846,1.0075563,8.734009,2.7450109,3.746119,0.6740775,0.06061408,0.5104116,1175.1809091803589,398.7356870282332,-236.4467673501947,0.5568974,0.0,0.0
0.43702608,0.039111663,1.055312,1.0387565,9.148529,2.6886327,4.7370143,0.9089188,0.14624833,0.7588558,944.6944843943761,-63.024763274128645,-132.67145676367545,0.52812684,0.0,0.0
0.46918967,0.049241852,1.0663279,1.0337161,6.7608004,7.9613295,5.9718595,0.7042385,1.4845582,1.0686231,-367.76867159016547,-9.119843551515714,-42.64532970662276,0.58754206,1.0,1.0
0.33605328,0.028505359,1.1434126,1.0652938,6.4110823,5.1001654,3.6221433,0.6357918,0.55204004,0.41599634,-553.6655816497541,195.91034239404667,-157.03853754570127,0.8754281,0.0,0.0
0.25983617,0.026725605,0.8760683,0.89902234,7.468556,3.7730498,5.957753,0.06693338,0.48364875,1.0209488,2020.8856474127579,-130.06997348977552,10.163292058346087,0.59118533,0.0,1.0
0.44311625,0.03335617,0.8214649,0.8543917,9.05182,3.7487848,6.551474,1.1265488,0.41461757,1.2031426,656.0568019199663,-18.686861698297434,-50.259307354428984,0.6375635,0.0,1.0
0.44720158,0.10018867,1.0381851,1.0407445,8.785422,4.0794234,3.945368,0.89587945,0.5014965,0.3026649,799.5204570693813,-42.288725636734625,172.73938520032857,0.6568303,1.0,0.0
0.2860673,0.13218151,0.9908884,0.96615195,5.672658,3.3463156,5.6643324,0.10468074,0.29748353,0.8507878,165.7557840377317,15.021491673322544,112.38014362780814,0.6118761,0.0,1.0
0.27474898,0.045998592,1.0211735,0.9653849,5.1320786,3.0117602,5.50438,0.41907835,0.41450557,0.9193861,-1374.8217192945217,-501.71579680396553,-23.968647941183463,0.4460628,0.0,1.0
0.32971072,0.040271353,1.1142452,1.0210924,6.66594,8.901822,5.7004347,0.68372047,1.6989307,0.9473801,-416.36081479144013,12.097726458246143,13.721097352781726,0.5432657,1.0,1.0
0.5305094,0.03904537,0.98002225,1.0330911,6.8159595,8.982656,6.12169,0.1964561,1.7268131,1.1532879,1012.9512056761278,-5.397648047008715,-90.68060068744853,0.5058415,1.0,0.0
0.71229833,0.12139771,1.0061494,1.0610741,5.559536,10.78082,11.331341,0.36540172,2.1107025,2.236619,-809.8524965271831,39.152050257989686,28.15088361792914,0.44951114,1.0,1.0
0.60734063,0.088472344,0.954798,0.8974378,6.0094314,1.8052648,1.1016083,0.8699426,0.073566884,0.07653221,-1409.4764152908651,-373.2677906806627,-502.7374281289276,0.36076763,0.0,0.0
0.5212797,0.14985318,1.0340346,1.0355427,5.2288165,9.265782,10.705854,0.26671398,1.7796596,2.105239,-839.5494819854557,7.466927414140628,-11.11952814539336,0.52737606,1.0,1.0
0.867445,0.2025766,1.0573207,1.0152185,5.798588,9.779831,10.055245,0.10009878,1.8395857,1.9627182,321.0132593063238,127.85233477731708,-5.689090888600731,0.6783314,1.0,1.0
0.6116336,0.07163228,1.060856,1.0342405,8.248818,10.506672,12.605104,0.8951018,2.01013,2.504108,478.50707035207415,118.23656000329629,47.62377734243091,0.6249864,1.0,1.0
0.5540283,0.095587,0.9855702,1.0175122,5.2913413,1.7056258,1.2607266,0.023033474,0.06295509,0.0077891527,42.54384804227516,-343.97496191508503,-56.662314205389436,0.34217903,0.0,0.0
0.68765706,0.030884374,1.0253271,0.942737,4.509666,2.4614208,1.2516242,0.55175483,0.023488175,0.036868565,-2143.181408345232,333.48570420390735,-233.96277126502935,0.5018632,0.0,0.0
0.5844555,0.0772887,0.9975263,1.0005996,8.479131,10.559104,11.891747,0.4723803,2.0695794,2.354425,1467.5200800759612,5.634696064858872,44.43239910739976,0.42893884,1.0,1.0
0.5341475,0.12660284,1.0002273,1.0495985,7.792848,10.681528,11.6109085,0.8269857,2.0977507,2.2895393,264.40623189312237,3.5154779332901853,41.157415382191175,0.41236585,1.0,0.0
0.42214105,0.11859131,0.9404458,0.9802921,6.1309705,2.9288974,2.0098927,0.024531495,0.07979187,0.1710408,926.2462126217612,488.60026248938254,-526.1227967585002,0.5922862,0.0,1.0
0.45828465,0.08624614,0.977971,0.9637934,4.2063775,2.2770436,1.505116,0.21071713,0.0050884024,0.10128696,-1307.4031042533688,263.67899895409437,-527.0620524432434,0.46477056,0.0,0.0
0.6182173,0.12738137,1.0196123,0.9654176,5.228657,5.965966,1.6927412,0.09547889,0.9849644,0.20080253,-262.44501672187766,-19.48090695242081,-886.2175059748276,0.68735254,0.0,0.0
0.6176481,0.101306096,1.0020988,1.0531286,6.483496,10.390772,11.280496,0.13041204,1.9719958,2.1835823,934.0605508960459,158.16943880246936,106.85173263804427,0.6692331,1.0,1.0
0.57144004,0.18679759,0.9802993,0.99193746,6.2896924,11.845089,12.085331,0.23829444,2.3349497,2.3836045,381.8347290184088,52.23767343779764,44.0803416562776,0.40857366,1.0,1.0
0.7477014,0.07603632,0.9787659,1.0272831,4.640545,10.5110035,11.291126,0.035999738,2.0511253,2.1928177,-489.82384860452873,14.477291838131805,91.31156283402015,0.47007632,1.0,1.0
0.4302751,0.16700263,1.015912,1.0099783,5.692416,10.537021,11.515417,0.28980142,2.0259893,2.2697577,-418.16126718354417,94.53863975836384,38.50947283331516,0.5920647,1.0,1.0
0.82384235,0.43933496,0.9951654,1.0107986,6.4896574,11.596898,11.042646,0.47313517,2.2820675,2.118973,-120.4531464894244,54.96452878839773,136.6329212662049,0.42289943,1.0,1.0
0.65879834,0.12280581,0.98713696,1.0328017,6.156516,4.765171,3.2096224,0.47216913,0.5246435,0.5177321,-462.1555110689105,124.95548390699673,-449.2168522522063,0.81203413,0.0,1.0
0.6468825,0.08782713,1.0065027,1.0251962,7.4426465,5.5094767,3.9196906,0.5033114,0.9372787,0.5673001,652.3531841887666,-121.02719625122018,-237.9418685269975,0.59132785,0.0,0.0
0.5760852,0.10272259,0.9922103,0.95605767,5.3120656,3.61303,2.8037524,0.28214234,0.29679686,0.39414883,-802.6061564944384,159.93468635631802,-479.1254089180104,0.67242646,0.0,0.0
0.5146465,0.13698757,0.9724312,0.9873116,7.6376977,11.243206,11.797762,1.0244758,2.1973429,2.3292425,-128.39521882872805,62.868472481903154,43.993470283967326,0.48741588,1.0,1.0
0.4801709,0.10635257,1.0318758,1.0082912,5.580039,10.86021,12.387636,0.36754328,2.118204,2.4598303,-788.150131947697,58.73075237135345,47.49836910716476,0.49051246,1.0,0.0
0.6157238,0.107117586,0.9840136,0.9951716,5.822355,9.3005705,9.498006,0.38456514,1.7739785,1.7788593,-568.4910551598862,33.090771040454456,78.22534381884543,0.5710231,1.0,1.0
0.8320464,0.055889044,1.00415,0.98775417,5.5835214,2.599917,1.4119846,0.19549188,0.32806516,0.021441948,-250.7377721860512,-735.6347647675552,-112.65578244112635,0.4117493,0.0,0.0
0.537093,0.089647934,0.9986336,1.0276461,6.1375113,2.672898,1.8882097,0.42330775,0.11215709,0.14800903,-355.74139899067814,84.11413897361786,-538.9412161698637,0.5334598,0.0,1.0
0.44231594,0.16109562,0.99657655,0.9809168,4.7736263,11.375111,12.23324,0.043557223,2.2474623,2.372109,-441.3120257070982,41.720319244665006,66.93403204846618,0.36032274,1.0,1.0
0.6048532,0.09470358,0.99146175,1.0583328,5.833724,2.8276415,2.6780453,0.16123907,0.28195152,0.3327086,158.40547790628216,-392.33845829308166,-461.19464479990665,0.50033903,0.0,1.0
0.80594456,0.22879818,0.98310786,1.0219803,7.747737,5.8670273,4.682139,0.16771436,1.0899568,0.7485001,1893.579505231277,-250.95430176979926,-149.04768146947458,0.4435587,1.0,0.0
0.70983976,0.07766118,1.0503362,0.99507827,5.975508,10.943995,11.0538435,0.71735996,2.1543403,2.1386049,-1187.2166885408133,22.698339556789506,104.48987754052587,0.39483666,1.0,0.0
0.84174746,0.09461994,1.0119636,1.0625647,4.9179,3.2243683,3.235924,0.16541466,0.24258775,0.34553888,-737.5142017898743,81.24719923807356,-170.75571597647422,0.60982686,0.0,1.0
0.5587074,0.082449146,0.9566457,1.0020347,6.3794894,2.7888703,2.772395,0.07298708,0.155163,0.28049743,1022.4108570274957,-4.06990478707894,-299.41019028961387,0.54680544,0.0,1.0
0.5939525,0.1274219,0.97077006,1.0352925,7.1593375,8.1192665,7.548461,0.5588155,1.5273335,1.4157829,291.26348096566244,-13.557347845434379,-28.490528532172448,0.56287193,1.0,0.0
0.64325714,0.06697283,1.0247571,1.050127,6.564073,11.814607,11.1438,0.4364323,2.3301046,2.18412,58.499561920853466,49.179803226461445,42.893535383132985,0.40053326,1.0,0.0
0.9654677,0.08233028,1.0189779,1.0266726,10.7018585,7.1534476,5.8032017,1.681225,1.2648017,0.9400599,720.0380360814456,4.601238518490391,44.553886372426405,0.68248093,1.0,0.0
0.87097114,0.1586773,1.0625793,1.0353568,5.977081,2.3772604,2.596997,0.30651423,0.060557827,0.25461963,-160.1242346713757,40.677816816896836,-347.76877950500034,0.48130405,0.0,1.0
0.7363021,0.10976081,1.077391,1.0942128,8.898386,9.97511,10.508252,0.8737846,1.9444942,2.039214,907.5637448610564,-17.971759016975284,35.80470420844722,0.4553555,1.0,0.0
0.72346765,0.02619103,1.0416408,1.0324475,5.833078,2.3148663,3.0219727,0.037644267,0.1322119,0.28799292,581.2163115473932,-351.0791557765691,-164.0339655838145,0.4528432,0.0,1.0
0.7802299,0.084259,1.0421423,1.038384,6.8663535,9.56861,9.341672,0.24239299,1.8147063,1.7835768,921.888275887638,67.40557949390814,15.371653426656394,0.6201248,1.0,0.0
0.49886122,0.055853862,0.9254976,0.85819644,4.6238804,3.0345204,1.8599983,0.22584967,0.3546043,0.1100151,-1151.7306407482508,-363.1301392728103,-362.07968793365626,0.50268894,0.0,0.0
0.5651102,0.08005776,1.0516988,1.0339392,6.093899,10.534172,11.340179,0.20781775,2.0538237,2.198864,254.2055533049661,16.737707789145134,109.49967518692029,0.47932184,1.0,1.0
0.6188924,0.07907029,0.9734831,1.0257806,6.0531936,2.1212325,1.922072,0.24366263,0.0288624,0.17011662,109.92843603955998,43.23801695127992,-595.3318104839443,0.43199158,0.0,1.0
0.78537065,0.07022212,1.0447793,1.0473647,5.507581,2.6537216,2.5945737,0.49739063,0.27255297,0.21259686,-1223.727136115077,-539.0039657234497,-213.69497166121732,0.46480778,0.0,1.0
0.65807956,0.09695077,1.0458139,1.0601012,5.122093,10.995699,11.489676,0.026912747,2.146529,2.2388172,-118.0380360814454,56.408988500108535,90.27629185319529,0.4880121,1.0,1.0
0.9092816,0.07390474,1.0002259,1.063918,6.244375,2.2318935,2.4975615,0.1498184,0.031445634,0.2719862,625.4889258498793,90.72991374763888,-472.89092185813524,0.45445147,0.0,1.0
0.56465876,0.07689999,0.9854468,1.011379,7.091594,9.979934,12.039164,0.51215935,1.8974353,2.3929362,339.500438079147,95.75857404252065,36.16394714645503,0.63221043,1.0,1.0
0.69949937,0.0785068,1.023581,1.0579953,6.0953493,7.9679084,7.4018707,0.43993697,1.472418,1.3505089,-440.0957089201743,2.590805391802405,-9.932723237736354,0.62206644,0.0,1.0
0.58034253,0.09602001,1.0530275,1.0617859,5.419721,2.4601579,1.7221755,0.14403056,0.041571945,0.14493772,-236.30714575075785,228.49495519339757,-636.1711312678522,0.50038195,0.0,0.0
0.65583354,0.0760028,1.0611808,1.0685679,10.805745,5.9254084,5.129824,1.5765159,0.9918739,0.8100665,768.1214840250427,-52.10475057873464,-29.93664284248962,0.6619138,0.0,0.0
0.8548954,0.09027666,1.0632464,1.0299928,4.8437915,10.150829,11.671348,0.100041755,1.9873942,2.315977,-582.3245362661121,-17.44167612545789,30.784456558523743,0.42308077,1.0,1.0
0.5142624,0.036936436,0.9813244,1.0346354,5.7160935,5.9554524,5.221792,0.17991912,0.97285354,0.8672016,-52.463782560398386,-4.088544171452668,-79.1182234311259,0.7013771,1.0,0.0
0.7075686,0.22371176,0.9887157,0.9986604,5.5310097,2.4206824,2.1853144,0.51327664,0.09361201,0.15082662,-1239.4861752035458,-83.34534500817699,-323.7322024444195,0.48479477,0.0,1.0
0.7682768,0.1433132,1.0067008,1.0297005,12.091591,5.776465,5.3975782,1.7733444,0.957665,0.86499935,795.185289971826,-60.98553244716595,-0.20182892130378605,0.6595292,0.0,0.0
0.66703683,0.082652465,0.97692174,1.0288253,6.5968633,2.8510554,2.439044,0.3061528,0.15484385,0.2891309,481.20017418375255,55.87222500158475,-564.9294587210925,0.5601005,0.0,1.0
0.6722183,0.11461261,1.0183736,0.95325494,7.2488694,8.802144,7.977137,0.17554177,1.6916996,1.5489197,1472.1314882806294,-14.104819281430991,-75.39712539560014,0.49713975,1.0,0.0
0.7226387,0.047293533,0.9901646,1.0110301,4.937328,2.1798809,1.9852587,0.16717792,0.10437473,0.11978989,-738.4338814860303,-321.78284930209554,-326.90921107116947,0.43202665,0.0,1.0
0.59840447,0.0872666,0.9809152,0.96644825,4.8476195,3.8584533,1.7945195,0.3771476,0.012772472,0.1339652,-1471.6516957675738,1454.7206627581486,-538.2580026401613,0.7874956,0.0,0.0
0.6010118,0.14028552,1.0630852,0.96699876,5.532202,2.5631168,1.4486699,0.01640211,0.11702277,0.09274896,320.0186384275372,-45.2782238073504,-505.96081146265294,0.5093791,0.0,0.0
1.0878078,0.14536016,1.0352663,1.0151358,7.1570196,2.7644386,2.7520971,0.009605314,0.08058406,0.3431539,1977.8713845371572,312.6581327007189,-432.8811242117406,0.55826277,0.0,1.0
0.529508,0.084288634,1.0195688,1.0424943,7.0523143,11.668358,11.140647,0.455849,2.2997751,2.1760204,443.5365944330215,59.22494473941151,64.39190244206657,0.40447718,1.0,0.0
0.8332772,0.09150591,1.0333015,1.0529975,5.333306,3.1162403,1.8218675,0.078952976,0.09457017,0.124014,-98.49543595135333,568.7703954144956,-471.3657753850149,0.62873435,0.0,1.0
0.5604897,0.068429045,1.0216311,0.9149455,6.086101,6.246649,7.239549,0.024579735,0.9198803,1.3276514,878.5840081941969,218.10475057873464,-17.643369904246356,0.8627989,0.0,0.0
0.6286274,0.14501278,1.0046774,1.0058925,5.388247,9.663167,10.965516,0.4034127,1.856998,2.1660378,-1094.427249213103,24.067609215380344,-12.151533244088569,0.5464189,1.0,1.0
0.6478129,0.092361405,1.0101556,0.95208347,5.356814,2.8331337,2.0369484,0.6120949,0.026813302,0.15553762,-1639.6356805753862,682.8039903662573,-450.3977804837091,0.5776632,0.0,0.0
0.7834944,0.061812747,1.0130031,1.0048429,7.0084157,2.6106858,1.4590747,0.8584891,0.1827087,0.07628206,-427.24571345688764,-273.11852400892496,-416.80013224656074,0.49921265,0.0,0.0
0.5028326,0.08349262,0.96651804,0.94221896,5.319239,3.043964,1.7564635,0.6364698,0.029017964,0.098195806,-1725.3277860773187,868.2958871626163,-371.43827714904273,0.6206403,0.0,1.0
0.68136823,0.08303153,1.0465282,1.0373812,7.7579446,9.814377,9.044043,0.5436411,1.9116281,1.7167931,802.3335421919523,-8.315502576097515,5.824951858370241,0.45478645,1.0,0.0
0.48481297,0.09225706,1.0029206,0.9669064,6.581273,2.9583251,5.2316666,0.85632575,0.033402722,0.91795623,-798.6102824639383,771.9903296986524,-120.05225343136135,0.6029025,0.0,0.0
0.50648385,0.0887918,0.99059033,1.0074961,6.3362637,8.78973,6.983648,0.7282947,1.6840357,1.2847239,-825.7182523606898,-7.480975655117618,-33.79294539418879,0.5147798,1.0,0.0
0.78047264,0.083069146,1.0709333,1.0439717,7.7445197,8.507729,8.810984,0.7552824,1.6559218,1.6687349,352.9408244271208,-52.60944477617613,-7.345525004116553,0.39945355,1.0,0.0
0.7360627,0.08295676,0.9899486,1.0367292,8.77966,9.100331,9.964927,0.9901236,1.7415562,1.9171791,673.6480689629475,10.23892427769124,34.40888420985857,0.5396988,1.0,0.0
0.68247575,0.08693238,1.0285442,1.0214071,6.324006,2.6193855,1.6313874,0.62303364,0.11074953,0.08970023,-629.7994488228269,32.02733365661334,-400.23252930573017,0.52259547,0.0,1.0
0.8569029,0.06614579,1.0228343,1.0651374,6.322968,6.8015127,4.945485,0.55458695,1.0432677,0.7423269,-485.77667918625957,181.7019546710785,-3.277596567462979,0.8909355,1.0,0.0
0.7038718,0.08623849,1.0237491,1.0395477,8.1494255,10.696948,11.0645,0.14813821,2.0789566,2.179272,2243.124356842829,61.155527966885984,15.559113422421433,0.51531476,1.0,1.0
0.64217156,0.11734619,1.0610039,1.0312573,9.202631,10.427451,11.9177475,1.2077535,2.0099254,2.361466,653.8229724462353,77.20762489762774,37.64141283284516,0.5677711,1.0,1.0
0.78267664,0.1406687,1.0247749,0.97295743,8.6965475,6.306844,5.9087377,0.9770843,1.0938113,0.85565835,660.2165663693604,-65.83856134712687,162.54735460816346,0.6411484,0.0,0.0
0.5494678,0.16403858,1.0413014,1.0055144,6.6221185,10.0048275,10.505695,0.023475898,1.8927913,2.0091112,1441.5572347595823,118.49815809150732,128.79817244418382,0.6623852,1.0,1.0
0.471749,0.10546612,0.9864145,1.0186999,5.5038624,10.327477,10.678597,0.33787352,2.0098133,2.0777094,-767.1706501028045,28.149754686291544,58.04115107069856,0.48618624,1.0,1.0
0.68007267,0.05231278,1.0134188,0.9550139,6.1807766,2.0145156,2.637511,0.60251564,0.10362294,0.21094315,-743.7561610311518,-416.81178440776375,-175.79947852393934,0.3973784,0.0,1.0
0.6506579,0.04947633,0.96567833,0.9642721,4.464343,2.2545257,0.9490056,0.11525127,0.13150527,0.0050353636,-862.35443734048,-399.19489619924184,-76.99673616609996,0.44019622,0.0,0.0
0.46600953,0.30859247,1.027183,1.0680768,7.960447,11.053034,10.919668,1.2353443,2.1842694,2.1600866,-102.31402236659096,23.145094840198,-15.527757949887018,0.34723586,1.0,1.0
0.4046549,0.12733658,1.0398897,1.03453,4.9895935,2.718266,1.3079528,0.6321157,0.3310429,0.13137996,-1999.732515236291,-621.4900892392145,-746.6969314635938,0.4401342,0.0,0.0
0.55721176,0.18518771,0.98127717,0.9713778,4.375952,2.6236482,2.5820887,0.4655005,0.2711169,0.27390063,-2001.275991524676,-558.2643816744635,-401.8700204855909,0.45852664,0.0,0.0
0.32745457,0.050720066,0.9783087,1.0329257,8.63967,2.236884,2.6548467,1.2605035,0.10057252,0.2674892,343.7930713718674,-272.33261630979086,-344.0163300934016,0.4449148,0.0,0.0
0.35036704,0.071527064,1.0155314,1.0029068,4.885137,11.007834,11.334574,0.34236825,2.1736577,2.2444081,-1327.3879652194748,25.65319804383944,15.464404206095423,0.35664687,1.0,1.0
0.5586991,0.08037819,1.0611897,1.0482634,7.3467636,10.573226,11.150725,0.9171566,2.0872145,2.1997504,-237.56299087421576,-27.236834814082613,15.56237930455427,0.34650078,1.0,1.0
0.5261388,0.052424002,1.0370823,0.9745953,8.243427,1.252701,2.204668,0.837782,0.04112324,0.11780602,573.8511212040166,-275.59185012360695,-143.22273165933552,0.25223845,0.0,0.0
0.45512572,0.10394477,1.0036945,0.94550335,8.222335,1.4887998,1.8410844,1.1923875,0.012951829,0.0529204,130.40485656995588,-99.25040213618317,-53.93533812822187,0.30361235,0.0,1.0
0.37021816,0.04715406,1.0091885,1.0431693,5.148841,10.481754,10.469621,0.34087023,2.0309107,2.065578,-1121.441512088704,51.91479613205047,-56.71129834090016,0.5304176,1.0,0.0
0.31639138,0.071506314,1.001702,1.0335754,4.1629868,10.808384,10.869344,0.1546846,2.1157908,2.1353319,-1124.7283892667908,39.557141737344864,10.343567932714905,0.45216483,1.0,1.0
0.3644096,0.096713506,0.99161005,1.0382535,5.131069,6.467875,10.464101,0.26992282,1.1257381,2.0358164,-928.8337306886624,-53.42074116938602,21.55388773791401,0.65036047,1.0,1.0
0.42541242,0.032152742,0.94209474,0.98139215,3.3336406,2.4114907,2.4195545,0.23498969,0.1387067,0.053036466,-1546.5833868578707,-299.240037712192,401.10646461686696,0.47144717,0.0,0.0
0.55138296,0.01863714,0.93789744,0.90750176,3.3954742,1.9861617,1.756393,0.12710729,0.22424728,0.14698556,-1180.033156125105,-919.4599719963487,-626.0248216600413,0.3346433,0.0,0.0
0.7248333,0.036418017,0.9744421,0.9499697,3.974906,1.7676609,2.2724535,0.40140146,0.059577312,0.04380109,-1963.4807960823323,-312.55366402844857,350.8732836367469,0.35566184,0.0,0.0
0.27267602,0.053298093,0.985539,0.9697711,3.051159,1.735052,1.0686368,0.075600296,0.08471316,0.0331388,-1016.5623695378899,-449.6763598689131,-246.25539048065107,0.34345046,0.0,0.0
0.50389814,0.2241754,0.96060777,0.9944287,2.6121757,1.8488193,2.4239416,0.107733436,0.1713649,0.11764592,-1141.150508941117,-794.1891229186475,49.714564223031175,0.33441392,0.0,0.0
0.7685518,0.067773,1.0308814,1.0293953,6.833803,8.72169,8.921045,0.83757085,1.5860591,1.7188869,-534.4866743684192,103.52597976267452,-32.13324539654104,0.7410098,1.0,0.0
0.7388039,0.059338804,1.0255466,1.0543962,7.753362,6.6719007,8.878997,0.86871314,1.1734238,1.6693188,178.1724024193918,-36.03185609731372,10.696277740972164,0.64843327,1.0,1.0
0.25816646,0.109535754,1.0156584,1.0264573,5.114409,9.501905,9.524311,0.08325939,1.8139057,1.84247,-322.7127510680234,44.37664438824004,-11.538209318903228,0.57842714,1.0,1.0
0.6507204,0.17859876,1.0033498,1.0409013,8.465063,1.8126755,2.0551167,1.3898776,0.08664043,0.0926235,156.6127887673656,-438.3002034952268,-121.9817128351973,0.3592891,0.0,0.0
0.34754315,0.09688632,1.0122831,1.0406979,4.8364897,2.2698057,2.1690586,0.0021415544,0.00750153,0.22321129,-252.27586935322313,249.91047979943974,-603.9634236221632,0.4632589,0.0,1.0
0.94044,0.08155495,1.0618025,1.0883925,4.365321,3.2349687,3.7671864,0.01916343,0.336724,0.45775962,-583.2120634064402,-161.22967328820096,-156.9725675459365,0.56385744,0.0,0.0
0.5705013,0.08609607,0.98954487,0.98514014,4.3389463,12.319988,11.191907,0.16990985,2.4387677,2.2151768,-1118.7047434719298,60.0316499892233,10.231223225975555,0.35895735,1.0,1.0
0.38479897,0.062831126,1.001506,0.99707836,7.3089294,11.313234,10.611385,0.78870946,2.2228596,2.08861,-47.00875634340355,56.765460757615074,-28.248202262791438,0.43116376,1.0,0.0
0.7127369,0.057708416,1.0766969,1.029915,5.374987,1.7873319,2.6837356,0.32184452,0.13675971,0.13549009,-851.1809091803584,-674.5004536632056,142.95101108528274,0.33708152,0.0,0.0
0.4301449,0.03535066,1.0105275,1.0598173,5.7233095,9.524976,9.809356,0.5266408,1.828751,1.9039103,-1062.9341921541936,20.360437980958068,-14.155452848840469,0.54455274,1.0,0.0
0.84766656,0.22765437,1.0978432,1.0052074,6.792588,5.665103,8.196886,0.5331161,1.0207458,1.4881188,13.524083874007829,-220.48438466131665,42.1606798988355,0.5018857,0.0,1.0
0.38087443,0.062937625,1.0199715,0.99203855,3.8041441,1.5349096,2.371757,0.35195822,0.04363764,0.098014124,-1846.4847998803793,-264.12888843291614,111.54082147841291,0.31013045,0.0,1.0
0.6243956,0.06251759,1.0240451,1.0608363,4.1450624,9.902959,9.704957,0.19998707,1.8681148,1.89108,-1290.9818607373359,139.6752464344122,-20.761592652628224,0.671512,1.0,0.0
0.5771471,0.20565917,1.0696815,1.0601372,5.922713,10.147749,9.971419,0.29241467,1.9555395,1.9561214,-168.40535573482885,68.8673590474018,-36.960808731677844,0.5542799,1.0,0.0
0.37261346,0.09621737,1.0065329,1.0404376,6.6673293,3.7504044,4.854921,0.9242172,0.583369,0.82083595,-839.8338528601153,-286.6718374282127,-172.58131950923462,0.48121148,0.0,1.0
0.3153932,0.04617303,0.9865393,0.9782547,4.118254,2.1431115,3.0806375,0.07103057,0.21940215,0.052498873,-855.9938721314766,-813.8361283700351,842.960155009056,0.37580436,0.0,1.0
0.5648127,0.034053683,0.93680423,0.9541902,11.622536,5.3316693,7.420744,2.0466266,0.8459007,1.296559,729.8175933250218,-56.193851467437526,74.4369697037996,0.66263354,0.0,1.0
0.49289986,0.17503284,1.0482503,1.0345855,6.5292287,10.405416,10.054099,0.67191595,2.0501447,1.9819993,-520.1836598266918,-38.580578373204844,-59.560416771202654,0.3648828,1.0,0.0
0.61881727,0.072491005,1.024823,1.0187398,9.523668,2.4333634,2.7425861,1.2391864,0.16620822,0.19740494,734.6993643507162,-390.82569524334735,-74.593730680627,0.46684352,0.0,1.0
0.5908225,0.082754575,1.0752044,1.0644933,5.907726,10.120324,10.035227,0.32775745,1.9784906,1.9486259,-294.3580641451067,-7.222923978498784,11.704769307611514,0.43590605,1.0,0.0
0.47175917,0.052906986,1.0197355,0.9705587,5.5695586,2.537092,3.87877,0.12300874,0.29599616,0.453042,-6.518205587921102,-712.1231838550184,-106.13977852629182,0.42063904,0.0,1.0
0.605324,0.12176611,1.0710607,1.0678058,6.580182,12.5806875,10.866364,0.5912514,2.4653068,2.1266038,-304.94357507345376,69.34993615157327,28.90463910928247,0.51357657,1.0,1.0
0.6266513,0.02178911,1.0289909,1.0014254,3.6791167,1.9235448,2.2416275,0.15758398,0.056878906,0.037754934,-1246.3504335424332,-228.04556082480752,356.12083422514826,0.38832676,0.0,0.0
0.42672178,0.056290273,0.9640732,0.94310904,4.1162977,10.655217,10.488653,0.12173911,2.08184,2.0665023,-1023.5449790225357,28.32913860089502,-46.62769285072227,0.46467718,1.0,0.0
0.5215446,0.054148335,1.0617069,1.0578635,4.2713685,9.365115,10.254747,0.1319889,1.8381495,2.024022,-1016.2236978071605,-57.20553543401911,-53.344871281495216,0.36717004,1.0,0.0
0.42562577,0.0350778,1.0518559,1.0342278,4.805306,1.8751613,2.2289124,0.338489,0.03582644,0.002198252,-1378.1572633854973,-134.57564371632492,553.5643350104675,0.38101518,0.0,0.0
0.5592901,0.05357847,0.9628761,0.9138896,6.128486,10.56556,10.007324,0.51522017,2.079257,1.9646327,-603.7971973413669,-9.815536927445919,-37.52187990824541,0.38450912,1.0,0.0
0.40569538,0.047554564,0.9180254,1.0162848,6.1165276,2.7112086,2.1553903,0.8775611,0.21326719,0.15631737,-1320.7071171248426,-292.53057090607126,-365.29327362098695,0.50882137,0.0,0.0
0.36777747,0.050104015,1.044506,0.888843,6.7184706,3.9592774,5.2058544,0.8053387,0.6382846,0.88611,-607.1457511562298,-260.7910555597814,-99.7629000978709,0.47830847,1.0,0.0
0.41055265,0.031183101,1.022578,1.0102068,5.1989217,11.017679,10.60766,0.22137117,2.1522744,2.0916812,-722.4999389142736,63.55366402844811,-49.91378030208125,0.48227373,1.0,1.0
0.48884776,0.034722112,0.95023376,0.9482407,11.133391,6.07774,7.9504805,1.9419177,1.1188287,1.4265524,703.723886303871,-192.7679624374041,48.73938656581595,0.4849608,1.0,1.0
0.56101006,0.05124651,1.0069044,0.973092,4.6769137,1.8255589,2.2131982,0.4654435,0.12330832,0.07935821,-1834.9515826695479,-594.4680408486415,52.764204812138246,0.35074574,0.0,0.0
0.48081043,0.050544277,0.9815131,1.0051717,7.393113,6.653873,7.3293595,0.54532087,1.137849,1.3694173,511.7114979163098,-5.102455007036042,-43.70280813974796,0.7043472,0.0,1.0
0.52880853,0.21481083,1.0310822,1.0824543,3.5586302,10.479088,10.580154,0.1478749,2.0170906,2.0857923,-1233.2134387296069,82.8441972223277,-45.41541324314676,0.5807653,1.0,0.0
1.0375509,0.043509815,1.0479022,1.0452399,12.570692,6.4052916,7.6328454,2.138746,1.1530375,1.3716196,761.5467313391227,-88.84203905602271,38.40169872297383,0.56973565,1.0,1.0
0.64137954,0.05013168,1.0654129,1.046078,6.1347594,10.070238,9.978053,0.6715545,1.9558587,1.947488,-934.5214553991273,22.925229258738,-13.357934810021561,0.49054,1.0,0.0
0.37232634,0.10127135,0.9764139,1.0235665,6.138703,2.9236565,4.226062,0.18985996,0.41900292,0.68769926,362.4259960613899,-592.3975106416156,-269.11691735137083,0.4162672,0.0,1.0
0.33131984,0.06361953,0.938699,1.0189795,5.4444804,10.184373,10.687249,0.53257966,2.0063279,2.116829,-1384.4893028432994,-41.16853147605843,-50.49248696906125,0.35868233,1.0,0.0
0.22015579,0.07004722,0.97122264,0.9811888,6.4552,11.040128,10.71261,0.7425493,2.09793,2.1026537,-731.233202897874,172.54441303895828,4.650556756617789,0.7027228,1.0,1.0
0.6048643,0.121619895,1.016028,1.0657239,5.8432345,11.294764,10.949418,0.38180384,2.2277253,2.1438699,-530.5579887464226,39.054811814297864,34.698891265969905,0.38202745,1.0,1.0
0.60727096,0.16024421,0.9483774,1.0118741,6.0189953,10.359471,9.716348,0.37500703,2.0301185,1.893465,-329.016264774624,-12.14307407928618,-24.594381672273357,0.42249888,1.0,0.0
0.33103645,0.058215193,0.9594581,0.9210373,4.8129973,2.111895,2.5789573,0.09044728,0.18907261,0.060598455,-568.9032927500789,-721.1926006275434,477.27694147935375,0.38548613,0.0,1.0
0.5117037,0.06446329,0.9900924,1.0532812,4.5492663,10.403345,10.664147,0.28644875,2.0161324,2.1126049,-1372.8770184803375,47.7573919053234,-57.78510618468317,0.5247954,1.0,0.0
0.30160365,0.059362322,0.98194355,0.9689601,4.3544035,7.288376,5.3416176,0.34082198,1.1908222,0.90896755,-1645.7793076611397,103.4311055933772,-60.32397127443846,0.8580253,1.0,1.0
0.490956,0.11641753,1.0030538,1.0849553,5.880611,2.0942638,1.1683048,0.76881444,0.25370455,0.07058108,-1383.2497172549347,-950.7111369578722,-460.42717342289296,0.34014645,0.0,0.0
0.5822006,0.071258694,1.0823632,1.070468,6.8788166,11.018866,10.634245,0.9774966,2.1375158,2.0810814,-702.4456380582037,89.80135128107577,11.22926342359824,0.54738206,1.0,1.0
0.4975075,0.060714617,1.0065708,0.99202096,8.558248,11.62713,10.980516,1.2238909,2.2934113,2.1603367,325.2544750398224,55.13813942240631,14.99314342265734,0.39246917,1.0,1.0
0.41956347,0.058683105,1.07163,1.0943234,3.9401622,10.999843,10.768516,0.27106807,2.1397204,2.138423,-1575.469161681612,77.88815659808097,-57.53102383201849,0.5218731,1.0,0.0
0.34948975,0.02267795,1.0312879,0.95944005,7.4165897,2.7457764,3.9045534,0.90904284,0.19907436,0.5198259,-158.6299244607526,-207.17987192915723,-186.154148134573,0.5223554,0.0,1.0
0.59754187,0.053732745,1.0098126,1.0046169,7.999017,10.947566,7.10081,1.2217275,2.1441052,1.3186626,-59.096707249920655,42.23537786609813,-42.99869323750136,0.45274737,1.0,1.0
0.21966879,0.06740567,0.97776645,0.9803669,3.8641753,3.562314,5.4999433,0.36289296,0.42666692,0.95189506,-1868.243838968848,-144.96348405659296,-62.216198529584744,0.5823431,0.0,1.0
0.42985475,0.05767251,0.96365184,0.91391945,8.443475,3.1578681,4.3678675,1.1206841,0.45478067,0.567884,330.01664176804434,-449.60353409018876,-33.90006578190855,0.44728324,0.0,1.0
0.5324495,0.052128963,1.0021071,1.0146968,9.426758,3.1738439,3.6007574,1.3555254,0.3691464,0.31943977,635.8301038840359,-276.2331509970968,6.303722259027381,0.527042,0.0,1.0
0.5417543,0.06830461,1.0493556,1.086668,4.0455055,10.441078,10.842901,0.2576319,1.999953,2.1469185,-1508.4124871726294,109.3974419389192,-29.050292263496885,0.6130799,1.0,0.0
0.45725447,0.059529364,0.9911213,0.9944346,5.4115663,6.3382025,8.158598,0.18918522,1.0674348,1.494292,-403.5873906559175,-9.111705996526325,28.348792251735176,0.69783556,0.0,1.0
0.5272787,0.05986102,1.0754787,0.9860572,7.191032,1.9439647,2.0495982,0.51353997,0.031746004,0.057346858,426.8516203688896,-78.1832809353566,61.879815401010035,0.39548513,0.0,0.0
0.4418985,0.08794259,0.9582996,0.91534805,9.709282,1.4186502,1.4729663,1.5731553,0.10077719,0.124846995,615.4325061628638,-574.2747460984546,-671.2403671497484,0.27069873,0.0,0.0
0.5168768,0.07396295,1.0568641,1.0572997,8.529728,5.8933597,7.7916856,1.342486,1.0168912,1.3809605,223.45214815967802,-111.77373571799853,61.6734165660514,0.6082759,1.0,1.0
0.49218756,0.18388107,1.0398829,1.005324,5.1616507,2.5067222,2.6098394,0.34192583,0.21791121,0.22750783,-1111.739147509218,-514.0097390040441,-250.64990303399713,0.4608201,0.0,0.0
0.49035656,0.059794415,0.96758306,0.9775637,4.4016705,2.029593,2.7227485,0.027528202,0.100889176,0.1589095,-589.3624449365739,-393.24581099278635,78.87393735936826,0.40128866,0.0,0.0
0.48095858,0.06026286,1.0284184,1.0397319,4.462506,11.321218,10.411661,0.23711391,2.2143254,2.0256758,-1282.205431133513,71.3893043839289,27.71783283613786,0.48257285,1.0,0.0
0.43550712,0.06543799,0.986023,0.9991033,4.9040165,11.344243,11.265028,0.25015047,2.2422078,2.2315836,-1028.9510835046744,34.633513927661625,3.9209685199402884,0.3538161,1.0,1.0
0.3251902,0.330129,1.0735109,1.0542943,6.1559744,9.52974,10.324536,0.6032286,1.8532265,2.0287068,-771.7427743138442,-21.337482263973925,-37.885041085518424,0.45436516,1.0,1.0
0.6528764,0.36760432,1.0187033,1.0723072,6.703454,9.932478,9.672087,0.7698438,1.9131525,1.886186,-555.2363305376275,43.771302740906776,-29.907902260439187,0.54582924,1.0,1.0
0.34619445,0.26510435,1.0846965,1.0635499,5.8458743,10.69132,12.240837,0.02515919,2.0836968,2.4275758,636.9218037666327,42.50274923490406,46.39386224444388,0.48987705,1.0,1.0
0.52503425,0.28783077,1.05873,1.068036,6.652632,1.9402403,1.5240619,0.8929761,0.010611792,0.08432136,-793.5197030825407,35.373441490130546,-431.83866910951804,0.39590177,0.0,0.0
0.28036252,0.17144357,0.9424765,0.8985304,4.357595,1.8329669,1.2659725,0.31818777,0.097055055,0.039663643,-1573.9100471944591,-472.9691886344907,-241.67015204940765,0.36080208,0.0,0.0
0.3978104,0.27323425,1.0814209,1.0931777,8.041488,10.850397,11.544951,0.39756233,2.1431463,2.2778926,1379.1010880413878,2.206442760430946,35.781190676392725,0.34786403,1.0,1.0
0.52328944,0.31048748,1.0660859,1.0658742,5.8728433,10.934039,11.171969,0.04295692,2.1713176,2.213007,598.0123831480303,-6.4914774845019565,8.06401224561887,0.2651815,1.0,0.0
0.21082427,0.3012603,0.9383357,0.928831,7.3610115,2.3864079,1.7053729,0.8944741,0.15335876,0.094508596,-176.1685207927976,-388.3013856324243,-386.7099949921201,0.46129212,0.0,1.0
0.381967,0.27569473,1.0106934,0.94106954,6.517044,2.5455298,1.2961471,1.0806597,0.06847848,0.024754755,-1162.2644792954088,171.83522104362385,-162.2586563627826,0.51488227,0.0,0.0
0.3320385,0.31171554,0.9273564,0.8921628,6.5360847,6.142049,1.8573058,0.9654215,1.0585313,0.124270335,-1002.5393450793549,-70.63253789855344,-446.3448740124704,0.6361522,0.0,0.0
0.29454073,0.29276073,1.0688771,1.0658619,7.9549365,10.586552,10.911916,1.0003546,2.0455627,2.1070502,135.72838926679105,68.10113546444563,92.0476828349615,0.55778265,1.0,1.0
0.2788482,0.36051816,1.030045,1.065859,8.20551,12.141101,11.696358,1.108237,2.4085166,2.3070722,191.93632146420077,51.68442872120613,45.61724557816888,0.31507352,1.0,1.0
0.5702723,0.2721775,0.9434031,0.9976009,6.4003997,10.766356,10.971666,0.8339429,2.1246922,2.1162856,-941.8378566581623,4.020103428035327,106.42390754076087,0.35686785,1.0,1.0
0.39081466,0.3446683,0.96872413,1.0155323,7.8483896,10.753284,11.125373,1.159744,2.0995562,2.1932254,-122.09357961016713,43.63121835596303,14.332464206565419,0.47564495,1.0,1.0
0.5588555,0.560004,0.96562195,0.9813679,8.68924,11.871205,10.670825,1.3430778,2.3556342,2.0424407,323.7899437321139,45.642764917151,144.03461930643562,0.30277792,1.0,1.0
0.61323637,0.30620313,0.990641,1.0333885,5.58243,4.716901,3.1480792,0.39777347,0.59821033,0.44119987,-874.8855252413045,10.935799790818919,-381.3696936242802,0.7445011,0.0,1.0
0.4124522,0.2812811,1.0393202,1.0585126,7.2264285,5.7839518,3.941572,0.36663118,1.0108455,0.49076787,860.8230946176884,-154.1498920916847,-127.90659754617172,0.5740528,0.0,0.0
0.27322915,0.2695526,0.9616478,0.9800516,7.586777,3.8275633,2.4694676,1.152085,0.37036374,0.3176166,-301.13373976208914,91.96939474258033,-594.77988323115,0.6837704,0.0,0.0
0.2055088,0.20971188,0.8801915,0.9505162,6.4516163,11.480492,11.443584,0.15453324,2.2709098,2.25271,820.9338151607735,41.55943730904255,44.84062891189387,0.34616315,1.0,1.0
0.32807082,0.2885531,1.0900512,1.0524954,8.029525,11.176287,12.002166,1.2374859,2.191771,2.383298,-48.97622679415508,46.60805653088937,37.03853891118888,0.4478131,1.0,0.0
0.61414903,0.2972994,0.97493255,1.0106806,7.8690557,9.580088,9.058551,1.2545078,1.8475454,1.702327,-178.89590649031152,2.4021017850122917,27.46962852511524,0.51810884,1.0,1.0
0.54139274,0.2001081,0.9165008,0.8327207,7.035762,2.6073768,1.5807786,1.0654345,0.25449827,0.05509026,-671.3983464684816,-530.6243316408677,-228.5591134224225,0.46454188,0.0,0.0
0.4388212,0.28331476,1.0374838,0.99513644,6.3670397,2.342339,1.411252,0.4466349,0.038590208,0.071476825,-167.63743289197282,137.9741232913704,-415.2181596974489,0.47650295,0.0,1.0
0.2892959,0.33764926,1.0138048,1.0928439,6.6656985,11.74669,11.830319,0.91349983,2.3210292,2.2955768,-827.9275598812665,50.890452169778655,76.4082318527253,0.3711084,1.0,1.0
0.23778576,0.27823234,1.0167177,0.9894559,5.9626966,2.926287,2.3850052,0.7087036,0.3555184,0.25617638,-1182.3639424311932,-468.98546374446937,-526.6851740148227,0.47448754,0.0,1.0
0.5258583,0.31962344,0.9272315,1.0096301,6.784348,6.295179,4.5547132,0.70222825,1.1635237,0.67196786,-341.16001403183054,-157.29227204832705,-95.49314205717019,0.49094278,1.0,0.0
0.38296255,0.26864552,1.0860256,1.0758994,9.167285,11.351757,10.65322,1.5873026,2.227907,2.0620725,442.48605303209297,54.08374691996505,84.03788518856709,0.44596058,1.0,0.0
0.28366885,0.2871925,0.97608775,0.9995598,6.5742245,3.2761362,2.839842,1.0353572,0.31615463,0.26900667,-1046.3015118075768,-81.64749346594158,-229.9745273483129,0.58574116,0.0,1.0
0.40104818,0.08832837,0.9268727,0.9448827,7.6000237,2.9752533,2.3342268,0.9429297,0.22872989,0.20396523,-61.037781259477924,-89.96807519998993,-398.13390048465,0.56066173,0.0,1.0
0.38908878,0.30869418,0.94519484,0.9892541,6.8580213,8.47703,7.1514306,0.31112716,1.6009004,1.3392508,705.2804944875963,7.191487193042576,-65.18353970826956,0.56964856,1.0,0.0
0.3320347,0.249559,1.0801219,1.0654753,8.554531,12.165542,10.836603,1.3063749,2.4036715,2.1075878,267.3048942692981,59.56868829853374,52.08948558005068,0.3851129,1.0,0.0
0.45290852,0.27709976,1.0227469,1.0470574,7.8732867,7.354497,5.599869,0.81128234,1.3383687,0.8635277,342.93456914761373,-17.604784930083042,69.7563683336075,0.622758,1.0,0.0
0.50902224,0.27507007,0.96517444,0.9961842,6.139037,2.2648203,2.2236466,0.5634284,0.13412471,0.17808741,-702.7097455997227,-398.84767493122376,-389.3912487194459,0.44157273,0.0,1.0
0.52478033,0.2995794,1.0692265,1.1105345,7.645378,10.314309,10.136883,0.0038420013,2.0180612,1.9626818,2378.426495226263,-10.011127249331366,32.29000773885491,0.43640065,1.0,0.0
0.3557983,0.13752848,1.0040557,0.97075135,7.086802,2.4464688,2.520776,0.9075869,0.20577876,0.21146071,-432.67008461267415,-520.5143644987893,-272.778577151395,0.45307222,0.0,1.0
0.332421,0.27916458,1.0825416,1.0861274,9.226896,9.828496,9.021803,1.1123356,1.8882732,1.7070447,734.9630948988151,50.23774214049354,8.636839505470562,0.55752164,1.0,0.0
0.2474602,0.13731268,0.8749284,0.7225069,6.214934,2.5383165,1.2341443,0.644093,0.28103742,0.03348289,-787.5451011939886,-668.3963285044181,-226.19268636301786,0.43149447,0.0,0.0
0.46398464,0.2754078,1.0493065,1.0523577,8.225363,10.844223,10.986325,1.0777603,2.1273906,2.1223319,236.38433841484812,24.425194907389596,99.77923087401587,0.4307172,1.0,1.0
0.37672272,0.2735116,1.0033004,1.0605917,7.8659263,2.35464,1.8171208,1.1136053,0.102429286,0.0935844,-65.3613139563131,-187.0432652531091,-311.83540322738645,0.46913198,0.0,1.0
0.456691,0.26011515,1.0641797,1.0172498,8.66944,3.0600815,2.1739273,1.3673333,0.34611985,0.13606465,302.20805960839334,-330.6220360691691,-271.98628479708395,0.51515067,0.0,1.0
0.4307594,0.28849235,1.0597585,1.0632244,6.4147654,11.273103,11.116214,0.89685535,2.2200959,2.1622849,-1029.7771783511325,44.649720334942685,87.66035440301312,0.40115526,1.0,1.0
0.82481766,0.25970265,1.0797293,1.0680137,6.9185705,1.7427125,2.094648,0.7201242,0.10501252,0.19545397,-271.8387328164554,-549.6381737737547,-577.7400402884377,0.3391998,0.0,1.0
0.24221416,0.27201107,0.9800698,1.013886,6.3540363,10.25628,11.676826,0.35778323,1.9710022,2.316404,81.2844982856434,90.05369837979697,30.80535793106901,0.5798717,1.0,1.0
0.45206404,0.2740047,1.1188421,1.0987074,5.8803673,8.07973,7.1023364,0.43000564,1.5459847,1.2739767,-635.2965096797839,-48.862905309397775,9.893534017644924,0.48003095,0.0,1.0
0.2824151,0.28828922,1.0087421,0.9943643,7.543872,2.463512,1.6507467,1.0139732,0.03199494,0.06840552,-176.50231256718644,288.8456541703116,-281.61528577579264,0.5018009,0.0,0.0
0.49971107,0.2721138,1.0599692,1.0476471,7.889712,6.140299,4.9130597,0.70657337,1.0654408,0.7335343,552.609284134192,-86.19851131353107,-5.528413037995961,0.62330335,0.0,0.0
0.537294,0.2836158,1.0372858,1.0108823,6.226528,10.436066,11.35464,0.76990086,2.060961,2.239445,-1015.8985349651916,-54.77039541449585,32.318094598284006,0.33680162,1.0,1.0
0.21430446,0.15361494,0.9480602,0.9196224,7.0809,6.1247396,4.813649,0.6900235,1.0464205,0.79066944,-46.96947234977506,-56.240175117585295,-149.50097990118866,0.6499213,1.0,0.0
0.5277996,0.37759933,0.9539589,0.9658348,8.127647,2.9199238,2.047363,1.3832192,0.1671789,0.07429441,-60.400597949941584,88.23217496798895,-42.92554048182723,0.5710821,0.0,1.0
0.56111115,0.3269824,0.9597443,0.9746174,9.102185,5.925478,5.109405,0.90340173,1.0312319,0.7884671,940.303141952711,-124.90568254795335,-13.58458539136609,0.5960043,0.0,0.0
0.47261053,0.2741724,1.0661141,1.0556248,6.510705,2.807843,2.2822897,0.56378984,0.22841074,0.21259868,-314.02076773754425,-257.997010305658,-459.67407028867297,0.5235971,0.0,1.0
0.27618963,0.29299992,0.94654727,0.9554578,8.928494,9.019217,7.6389613,1.0454844,1.7652665,1.4723874,697.7520350616524,-61.37219065023646,-81.96472833643065,0.37871042,1.0,0.0
0.52294844,0.19627689,1.0426704,1.0115186,5.3240895,1.7246356,2.0287213,0.7027647,0.1779416,0.043257684,-1843.4710361696516,-861.4657452769432,145.7687767740249,0.3015783,0.0,1.0
0.3219878,0.2754049,1.0245332,0.9684785,5.922533,3.5237803,1.0833118,0.49279502,0.086339355,0.057432994,-755.7940697016138,890.6129911877687,-393.09928322644555,0.7138705,0.0,0.0
0.33565852,0.31839103,1.0271014,0.9759469,6.594015,2.2526386,1.317851,0.8535405,0.043455884,0.016216751,-781.6370558985527,35.81324135574749,-108.30372499000299,0.45767394,0.0,0.0
0.52146107,0.3127636,0.95925426,0.97171336,7.983363,2.526303,2.64229,0.8603373,0.15415095,0.26662168,345.44326440529085,-254.18564520975156,-342.18354107375694,0.49109334,0.0,1.0
0.46275926,0.27878648,1.0830055,1.1043173,9.334266,12.003095,10.780667,1.3257916,2.373342,2.0994883,629.0474190007062,52.10572660784237,46.399740286085034,0.36829928,1.0,0.0
0.52150387,0.2850068,1.0349189,0.9859732,7.0834985,3.1383743,1.7684569,0.9488956,0.16813706,0.04748179,-489.3086432453774,273.3189802849936,-78.52057655946527,0.6172061,0.0,1.0
0.31371108,0.24933298,1.0926734,1.0882738,7.556009,6.2641344,7.0735292,0.89452237,0.9934472,1.2511191,-24.830725220361728,92.95311963260201,41.05747911586877,0.7790472,0.0,0.0
0.5776165,0.3273061,1.0012951,1.0288359,6.03145,9.880858,10.612946,0.4665299,1.9305649,2.0895057,-579.924809234933,-32.781941975684276,-28.143695400069646,0.4308109,1.0,1.0
0.4697517,0.28670117,1.0165544,0.9204824,4.552176,2.625101,1.6075379,0.25784773,0.04675358,0.079005405,-1292.0746916001935,364.30513815210645,-365.3194006780394,0.53371763,0.0,0.0
0.39999363,0.23199074,1.0133984,1.0068318,4.82873,2.0812793,1.5156476,0.011453504,0.10914181,0.00025014376,-286.08845531092106,-408.204147188732,69.35532128502342,0.40997586,0.0,0.0
0.3738229,0.27847648,1.0285741,0.99423695,8.589826,2.8574915,1.560583,1.5064124,0.04454892,0.021663595,187.6364345622269,591.1604626237656,-51.572176950948716,0.5815082,0.0,1.0
0.36252618,0.27807826,1.0905117,1.0665641,8.1930485,10.218656,8.722862,0.32630154,1.985195,1.6402608,1711.2907535651502,31.240037712192134,-0.9934675529934793,0.49564484,1.0,0.0
0.42194724,0.28352758,0.99626285,1.046529,4.270766,2.326797,4.959732,0.013616898,0.04016416,0.84142405,-600.0349084416919,113.26347434805217,-146.01698245053558,0.47318316,0.0,0.0
0.33996513,0.28019825,1.061029,1.0674909,9.300139,9.105574,6.6012163,1.5982373,1.7576025,1.2081916,496.5128264667078,-20.748347023922634,-47.071195001529304,0.48658264,1.0,0.0
0.44966015,0.27797803,1.095724,1.0741465,8.078913,8.828391,8.451505,0.11466025,1.7294887,1.5922027,2320.294380369777,-71.13723209599539,-12.331155395835594,0.36298603,1.0,0.0
0.39539385,0.2778714,1.0180392,1.0124846,7.1140757,9.425952,9.575787,0.120181,1.815123,1.8406469,1564.7660431152856,11.434514599576687,8.399086563463698,0.5196865,1.0,0.0
0.47378573,0.27867952,1.0797626,1.0147262,8.83921,2.7103524,1.4271139,1.4929762,0.18431641,0.013168024,325.258478837869,-184.7713027409069,-55.82625930361314,0.52028424,0.0,1.0
0.3464644,0.2507549,0.9750609,0.98363817,8.892423,6.757532,4.9084516,1.4245296,1.1168346,0.66579473,389.3820869333881,51.20310245692781,89.33964696247449,0.7767789,1.0,0.0
0.40217,0.2803279,1.0729771,1.1027235,8.908921,11.027245,10.694376,0.7218044,2.1525235,2.1027398,1169.1746539008518,68.58259913411712,-7.328541870837853,0.49016106,1.0,1.0
0.51516753,0.3054242,1.0855236,1.0639458,7.5828524,10.657432,11.531444,0.33781093,2.0834923,2.2849336,1233.4915543247596,25.47381412923596,17.052908519470293,0.4590462,1.0,1.0
0.39290452,0.32449216,0.99237967,0.9824495,7.469401,6.461634,5.5436673,0.10714169,1.1673782,0.77912617,1880.8361043415755,-96.20546673132276,167.1854995106455,0.5658114,0.0,0.0
0.31414652,0.28507823,1.0348303,0.9768651,7.922407,10.2058,10.114468,0.8934185,1.9663582,1.9325788,248.8180924898952,76.7064771117789,83.05682675873504,0.55880225,1.0,1.0
0.35982445,0.29438615,1.0104197,1.0320429,7.908798,10.631134,10.348437,1.2078161,2.0833802,2.001177,-107.8392319813288,9.44487902356741,57.42194773838446,0.433454,1.0,1.0
0.36732283,0.23057818,1.0459787,1.003584,8.750571,1.8831354,2.1835196,1.4724582,0.030056063,0.13441095,292.1915452513326,-97.47263199203834,-258.1952985225281,0.38316745,0.0,1.0
0.48487988,0.22312233,1.0094069,0.96842766,7.1953855,1.8257155,1.1888106,0.9851939,0.05793838,0.071496844,-419.0676823338463,-281.75620976812576,-468.1972583249045,0.3679513,0.0,0.0
0.6012686,0.030324178,1.0075556,0.9459195,4.528693,1.9320028,2.2877772,0.1666152,0.059925996,0.14252067,-1003.4606549206451,-242.46685871144405,-178.46375048347386,0.38959682,0.0,0.0
0.3035552,0.07210713,1.0280733,0.9800093,7.6634436,2.6966498,3.2249866,0.6283878,0.23047037,0.39886913,546.5651201842229,-366.76552946031256,-269.85369107493307,0.49766138,0.0,0.0
0.4137116,0.09552165,1.0504748,1.0181183,4.471489,9.624989,10.718986,0.28974745,1.8426148,2.113028,-1424.8368583284157,32.112750728330866,-19.764204812138814,0.5686126,1.0,1.0
0.32770064,0.115962476,1.0351995,1.0684994,5.6582246,9.032065,10.511912,0.28504086,1.7561715,2.0683703,-448.22820077008055,-39.92195765793167,-36.564988733089194,0.43179634,1.0,1.0
0.4246846,0.08209908,1.0456469,0.93187183,6.7222376,2.6964517,2.5532813,0.20566632,0.28991964,0.24918598,888.4764152908656,-545.4704051230365,-370.16590558334406,0.46410832,0.0,0.0
0.34169084,0.03580558,1.0097826,1.0537004,7.167442,2.4103003,2.303387,0.56027174,0.31809106,0.18430036,295.93907211053374,-895.5896232546052,-335.826911660747,0.3696845,0.0,1.0
0.30112803,0.13497493,1.0677748,1.0600508,5.692347,8.871236,9.888539,0.29124546,1.6998677,1.9341981,-423.7966981764939,-0.8154682247495657,-35.859567751087525,0.51881534,1.0,0.0
0.29563367,0.10638952,1.0190573,1.0472119,4.8841324,9.201307,10.266684,0.47743112,1.7847481,2.003952,-1724.386212902888,-25.30159174051414,6.5682573461954235,0.45784417,1.0,1.0
0.37200394,0.032464717,0.9702331,0.96005166,4.7601013,5.0611973,9.798346,0.36219287,0.79469526,1.9044363,-1498.595021258591,-84.16143865287336,-20.113650103751752,0.6398959,1.0,1.0
0.36809972,0.07436061,1.0502617,0.9718496,4.975465,2.855911,2.1114337,0.39712602,0.1923362,0.078343496,-1437.2367075310476,-76.01898999353432,-18.40300616821696,0.5489155,0.0,0.0
0.39215568,0.19652441,0.98159456,0.96065325,5.791458,3.4688156,2.2286038,0.5050084,0.55529016,0.27836552,-929.9578379490545,-398.9160469719443,-706.5564998974248,0.42446053,0.0,0.0
0.6630158,0.08737782,1.0269297,1.0360392,5.225605,2.7090673,2.2791276,0.23071423,0.2714656,0.08757887,-734.3125248719712,-474.23544656879517,92.49575285119249,0.4785702,0.0,0.0
0.2075133,0.17712222,1.0267467,0.97669894,5.8863835,2.9153728,1.5394894,0.5565154,0.24632974,0.16451876,-953.0877013240806,-195.40557949390836,-805.728936562288,0.5393839,0.0,0.0
0.4903902,0.44715306,1.0593348,1.0333732,6.183507,3.2987158,2.5746574,0.73984915,0.5024078,0.013734042,-1007.9355674773601,-417.23085542539843,753.3409516767422,0.43642417,0.0,0.0
0.4146348,0.13140057,0.9401617,0.9385984,5.2069316,7.3171806,8.355965,0.20545517,1.2550162,1.5875069,-665.1991758540062,45.34082256747661,-36.35205676837995,0.76823646,1.0,0.0
0.42292684,0.051015545,1.0194219,1.0144984,7.9573355,5.420386,8.234576,0.23659745,0.84238094,1.5379388,1810.7811821491796,-21.280656784441817,-10.585237748499821,0.6964327,1.0,1.0
0.28229555,0.13605669,0.96629053,0.9406378,5.2374268,8.0354185,8.881073,0.5488563,1.4828627,1.7110901,-1617.586137504204,11.822286237148091,-36.279555004352005,0.6323205,1.0,1.0
0.42081904,0.12072136,1.0768994,1.0703474,7.0190716,3.0859,2.5663056,0.7577619,0.41768333,0.22400346,-248.0324021382644,-450.5132510642884,-268.92162087707425,0.46373913,0.0,0.0
0.304584,0.020488884,0.97720975,0.9348202,6.2658124,2.857507,2.9406745,0.63425726,0.33854443,0.35459125,-706.0301506568048,-509.0271275485236,-337.31678715304156,0.4699308,0.0,1.0
0.67942876,0.036156297,0.9885409,0.9657788,5.850989,2.3376186,3.4266737,0.65127915,0.005681115,0.32637966,-1183.1002118830947,307.7658042710989,-68.34095440771762,0.47712913,0.0,0.0
0.62750983,0.11891123,1.0094436,1.0269558,5.0845056,10.7701,10.569379,0.46220586,2.1077247,2.083797,-1535.3563118285201,40.0363098353173,-49.49901873332465,0.45334172,1.0,1.0
0.34316337,0.101243645,1.0449795,1.0211837,6.32231,9.68031,10.005913,0.15659377,1.8918167,1.9572299,687.2983841678238,-48.588647225497425,-21.87720324150041,0.42002696,1.0,0.0
0.35691047,0.105119236,0.98102957,0.93811435,5.5927677,3.1444187,3.3434558,0.3102712,0.4678026,0.26687005,-581.7596656643254,-487.8801564484843,31.837360298787416,0.42897102,0.0,0.0
0.29409784,0.10666077,0.9785331,1.0733949,5.9971933,8.050686,9.270092,0.10547491,1.4977081,1.7725303,514.4447618999106,10.169507505166166,9.05813283849011,0.60330015,1.0,0.0
0.50278443,0.2495676,0.96849895,0.9933475,7.8247743,4.3928423,7.6656904,0.09899962,0.68970287,1.3567388,2177.635303581966,-170.31536517070458,61.12998087989672,0.5554582,0.0,1.0
0.40963715,0.06747743,1.0212896,0.93002176,6.4527383,3.1854172,2.8516576,0.98407394,0.37468055,0.033365835,-1105.7432734787176,-280.8859297290787,822.7655108918933,0.525882,0.0,1.0
0.4957396,0.106095634,1.0354028,1.0239835,4.757475,8.190745,9.128307,0.43212864,1.537072,1.7597001,-1700.2429628105547,-16.09438615474346,-16.29719049476489,0.57819986,1.0,0.0
0.46737897,0.24060857,1.0241463,1.0707839,5.8927827,8.504983,9.367527,0.33970106,1.6244966,1.8247415,-341.4816722406258,-11.882589425576043,-44.16525049523534,0.51478136,1.0,0.0
0.3232039,0.07941546,1.071759,1.0395105,6.272941,2.4329987,4.4598656,0.2921015,0.2523261,0.689456,210.9056664029922,-690.9136826975493,-168.0751146062821,0.4246455,0.0,1.0
0.30966228,0.050097864,0.90840936,1.005099,6.959136,3.7369542,3.2723343,0.7031463,0.550445,0.078881085,-183.4576494523444,-245.20539802862618,759.6596979494161,0.5159975,0.0,1.0
0.6487399,0.09872391,1.0535326,1.0197545,9.578667,4.3681517,6.8243876,1.414511,0.5148578,1.165179,649.3553134987737,29.43465200496962,82.65382127326211,0.72035253,0.0,1.0
0.4910479,0.16916965,1.018599,1.0113182,5.3815417,8.855695,9.411065,0.039800268,1.7191018,1.8506193,78.93206284418659,-41.77380442069489,-75.1201818680147,0.4349593,1.0,0.0
0.55630845,0.044195082,1.0142531,0.9888683,8.492652,2.3322625,2.5883057,0.6070706,0.16483468,0.06602497,1165.3107725553846,-476.9993058773564,444.15479912621885,0.44535506,0.0,1.0
0.43062028,0.09742316,0.9977931,0.9751479,6.835005,8.496304,9.440386,0.30435824,1.6474477,1.817246,711.7954450247803,-47.95666604419421,-7.374264220679379,0.4250033,1.0,0.0
0.39331767,0.059740473,0.9617953,0.9481024,6.467795,3.3005753,3.659666,0.50910693,0.03504673,0.32166204,-224.55310879008266,1046.250745649666,18.450031866838344,0.6727769,0.0,1.0
0.36387628,0.15407097,1.063893,1.0524051,4.802391,10.849206,10.226875,0.040864307,2.134264,1.9952239,-409.0411637211988,17.68561085840338,-2.828868732148294,0.3993854,1.0,1.0
0.5008377,0.08867594,1.0172727,1.0003392,6.246676,2.1688454,2.0074017,0.47453174,0.274164,0.093625024,-372.0885774823737,-965.8303550894407,-169.8145018548421,0.34307086,0.0,0.0
0.3588589,0.060367614,1.0445421,1.0130049,5.913867,9.099497,9.88993,0.5103766,1.7507973,1.9351224,-804.5263353554678,-11.153438503277357,-36.81776500599835,0.50697476,1.0,0.0
0.39951724,0.07416362,0.9667643,0.9923492,6.4201465,7.981719,9.660319,0.7641046,1.5071067,1.892642,-799.9520818344208,-28.251790381470528,-48.636184417362074,0.5371055,1.0,0.0
0.3561682,0.090205416,0.9516024,1.0099882,4.5287824,3.1356235,2.5596032,0.29362673,0.36686933,0.13357821,-1409.0541734450858,-312.37782652543774,69.65839186966105,0.5191061,0.0,0.0
0.72785914,0.077005,1.0118641,0.98843724,5.8834763,9.054804,9.391289,0.116895564,1.748214,1.8332528,366.6723360941346,-21.24024382028165,-46.91443402470259,0.48231933,1.0,0.0
0.3061515,0.08902983,1.085725,1.0394037,6.1686826,1.9021581,2.7721868,0.2454454,0.1177757,0.28769732,225.98198290878918,-538.0756780676732,-317.07576832890345,0.36920115,0.0,0.0
0.4180541,0.056973137,1.073978,1.0079122,4.6194134,3.27161,4.758582,0.17322299,0.3072417,0.75473005,-976.5976497334714,-70.16832536796869,-114.81776637148596,0.58961487,1.0,0.0
0.36307758,0.079938635,0.9444048,0.91893554,5.159769,9.466463,9.995423,0.41074455,1.8212316,1.9603012,-1329.2933820400303,15.839606078930956,-33.772696378778164,0.52803916,1.0,1.0
0.5060381,0.07927794,1.0536631,1.0422566,9.737063,5.0162373,7.347739,1.3098019,0.7877857,1.2951725,737.3182809866053,-94.36398439255072,56.37426558616653,0.63401747,1.0,1.0
0.54044247,0.08078186,0.9791793,1.0095285,4.9649124,2.4276347,2.4367921,0.16667221,0.20773457,0.21073817,-717.1228593482092,-548.3118187591122,-337.8203798964839,0.44789177,0.0,0.0
0.30488285,0.1246661,1.031534,1.0602242,7.5710826,5.284631,6.783224,0.086794846,0.8068061,1.2380373,2033.354182518513,-25.582736539509824,-29.27694284484187,0.6968357,0.0,1.0
0.45528048,0.15432157,1.0229162,1.0174545,5.7342415,8.928737,9.998564,0.7799906,1.6860477,1.9544123,-1568.4402589369902,39.692634978891874,-20.02351284931092,0.6004661,1.0,0.0
0.62263757,0.15000172,1.0744334,1.0560364,10.846291,5.2108593,7.058733,1.5066304,0.8219946,1.2402396,793.9742301346628,-71.94616421480987,49.78576127279166,0.6538724,1.0,1.0
0.5669759,0.04498005,1.0069228,1.0736974,5.415343,8.688219,9.369785,0.039438814,1.6248158,1.816108,123.58088055444352,39.175280785760606,-31.416066965768096,0.62863934,1.0,0.0
0.25227895,0.09615136,1.00698,0.9965543,6.389496,1.7411035,3.5263405,0.44225574,0.087960035,0.5563193,-129.0689354855599,-473.9240471215405,-374.08817813480823,0.34387603,0.0,1.0
0.37848002,0.06572259,0.9551235,0.99222946,4.8298497,8.693055,10.084429,0.09953607,1.6752849,1.9854491,-591.6891052731623,-26.770326711799044,-56.3096003006699,0.474549,1.0,0.0
0.29941535,0.10520259,0.9573574,0.9650638,5.328938,9.381742,10.111729,0.11043362,1.7668872,1.9712738,-212.43475764432378,86.65674445543164,-8.062049712268163,0.64452213,1.0,1.0
0.30789465,0.15371925,0.9925142,1.0190314,5.0733047,9.817701,10.372187,0.25031185,1.8966824,2.01249,-914.9376967873673,25.729638936852552,40.00718616962786,0.5184974,1.0,1.0
0.7420455,0.17226467,1.0356202,1.0460827,6.6401415,8.9143095,9.153729,0.25710866,1.6990756,1.7620851,668.2363305376275,20.12666156391424,-14.171782259498286,0.5512666,1.0,0.0
0.38175136,0.05031574,1.0527047,0.9905254,5.449264,3.506127,2.4355624,0.72256297,0.5201155,0.07078151,-1772.811959381841,-332.2470618326804,297.59372794965145,0.48001406,0.0,1.0
0.5446088,0.10119973,0.9949954,1.0558841,4.3673654,8.913659,10.055868,0.34566694,1.6850895,1.9812249,-1662.267484763709,33.66369987322332,-53.64402226138009,0.59389824,1.0,0.0
0.30786955,0.08745439,1.0943125,0.9221021,6.0622888,6.449697,4.669713,0.2912937,0.85977936,0.7775876,-24.45890260405804,379.44272085726243,-211.83540186189884,0.9814547,1.0,1.0
0.4292487,0.037516672,0.95044374,0.9898005,5.2936935,1.5555613,1.10859,0.13669874,0.077338345,0.06079888,-346.14337750331697,-441.6890885672992,-409.6812557755574,0.30756032,0.0,0.0
0.48904538,0.107023284,1.0122118,1.0335958,4.0186405,9.718679,10.0522,0.3453809,1.8064729,1.9497013,-1786.605280336145,157.88474759188102,12.851078915422477,0.73226595,1.0,1.0
0.46283126,0.09753552,1.0088363,1.0327842,6.3222337,10.024336,10.38397,0.5917751,1.9623684,2.028957,-564.6057795010183,-27.55393883923489,-5.80143559534099,0.41908026,1.0,1.0
0.33893254,0.09461223,1.0108148,0.9655055,6.1912932,9.429635,10.167404,0.90318376,1.8086776,2.0070431,-1285.0346536197244,27.05835822589006,-59.30633441853797,0.5452506,1.0,0.0
0.31983134,0.09120715,0.998354,0.9884092,6.4435105,3.1285322,3.481443,0.2769271,0.13196854,0.3884459,413.9757276292821,409.8919091177627,-139.3135212709101,0.62424356,0.0,1.0
0.41041276,0.059752665,0.9664575,0.94092554,5.4480715,9.360266,6.4711437,0.58961177,1.8130623,1.1872827,-1508.956961790761,-16.65229071742806,-50.67733480531706,0.47586277,1.0,1.0
0.2862236,0.055561785,0.92443806,0.9758784,6.3854733,2.9936333,4.9722185,0.99500865,0.09562403,0.8205151,-1188.3251576024381,467.91507094283656,-110.60222088177898,0.60322887,0.0,1.0
0.46631265,0.094067894,0.97908235,1.0007062,7.2675877,2.0131977,4.220722,0.4885684,0.123737775,0.43650404,546.8012011394139,-504.23656000329606,69.56760225808648,0.39105567,0.0,1.0
0.492663,0.09359431,1.0163386,0.9589967,8.509858,2.5535727,3.774867,0.72340965,0.03810352,0.18805982,933.5526096252092,345.8873179743659,428.5911157901412,0.5197931,0.0,1.0
0.47541553,0.104419954,1.0095465,1.0227426,6.5305758,8.953111,10.215512,0.8897476,1.6689101,2.0155387,-910.546476517155,71.91138712585098,-61.80470147747246,0.66227716,1.0,0.0
0.4472446,0.093173236,1.0614251,1.068699,7.578325,5.2370853,7.576441,0.8213009,0.7363919,1.362912,115.67709387902187,33.131390112704366,36.192684997529796,0.7602148,0.0,1.0
0.45468977,0.06565359,0.9791914,1.006675,6.8380356,3.2135868,1.8970202,0.11857576,0.2992969,0.074033104,1316.0636785357995,-90.89170300967294,-158.94644185437159,0.5805053,0.0,0.0
0.478824,0.11846946,1.0401863,0.99459463,7.487021,2.8788283,1.8973687,0.94103956,0.2302657,0.25622696,-146.388963549221,-194.82339967164899,-919.6642726422783,0.5385975,0.0,0.0
0.4246087,0.14754084,1.0269775,1.0602345,7.6332583,4.770783,7.334931,0.71037036,0.68584836,1.2495805,352.66283100342116,-61.4311055933772,114.03657774332441,0.6770238,1.0,1.0
0.2441462,0.20476009,0.9168041,0.9514784,5.198693,2.7605996,2.6632285,0.29018986,0.11313168,0.09612787,-924.147880466237,152.3166847132951,347.35270912551323,0.5515486,0.0,0.0
0.30243343,0.07075991,1.0498525,1.0805991,4.6612544,2.11633,2.761961,0.6045875,0.23015372,0.027529541,-2179.0537964516657,-863.8812698829852,789.1384697155611,0.3625479,0.0,0.0
0.32065648,0.0961645,0.92922825,0.9595788,6.7942944,9.8231125,9.880371,0.8692296,1.8832825,1.8942958,-624.4898020081723,62.716910238466426,36.46832244536017,0.5709901,1.0,0.0
0.433667,0.09987488,1.0267771,1.0248101,4.2593503,9.889185,10.673116,0.38196525,1.9111649,2.1002035,-1813.220193173987,28.626627212565836,-20.433048733559644,0.5197032,1.0,1.0
0.6502538,0.13130724,1.0473307,1.0155644,7.629068,2.495864,3.7201312,0.79500306,0.17054439,0.5413898,192.3959728155687,-344.33379844698834,-296.4644028406076,0.4788094,0.0,0.0
0.6706139,0.1613679,0.95422196,1.0135673,5.282177,10.03816,10.123594,0.12313225,1.9025407,1.9705074,-303.5048188706137,126.25047083887966,1.833443425009591,0.6542531,1.0,1.0
0.74556124,0.18033877,1.0443448,1.0523274,5.847406,9.355581,9.869653,0.45165607,1.8160975,1.9258497,-732.1791568637718,-28.449744977750925,-31.235792456886884,0.45969397,1.0,1.0
0.8217973,0.14464588,1.0050266,0.9650519,7.428178,2.5727327,3.458772,0.37228152,0.22999366,0.39170665,1002.2679839285825,-483.9102049886535,-159.20901440818807,0.46977505,0.0,0.0
0.543411,0.11108382,0.9022683,0.99348295,6.5538316,2.3710074,3.284506,0.7268869,0.25816506,0.32682103,-610.7584125126118,-766.4217859011903,-127.32005303517326,0.40596828,0.0,1.0
0.6709935,0.19471426,1.0075376,1.032726,6.3375535,9.1613245,9.293985,0.12463027,1.7597938,1.7916775,817.8865235710512,1.3673933987497549,-11.293924612633418,0.5207371,1.0,0.0
0.6783963,0.15038331,1.0576695,1.0814592,4.574941,9.55078,9.527907,0.3108159,1.844674,1.8614314,-1431.0706878021467,-3.7136386376600967,-49.70215441712662,0.506082,1.0,1.0
0.6877576,0.059545133,1.0171803,1.0066636,5.117942,5.5009527,9.144418,0.19557767,0.85462123,1.7619157,-711.0621810411797,-3.759824882414705,-16.213585004587003,0.7071375,1.0,1.0
0.7750345,0.13428846,1.0486807,1.0090548,4.8787103,2.7276337,2.9824147,0.23051083,0.1324102,0.22086416,-995.9881160168429,42.9787144347672,11.764858534759469,0.5401263,0.0,0.0
0.83946556,0.24820542,0.9907133,0.96495247,4.4590154,3.442203,2.7062461,0.3383932,0.4953642,0.4208862,-1587.495058957933,-318.6359469047529,-601.7877210751683,0.487943,0.0,0.0
1.0204463,0.15437946,0.96394,0.98657143,4.9133816,2.667761,3.2031279,0.06409904,0.21153958,0.23009953,-397.4923083115999,-327.93566238542576,74.51730794635819,0.499926,0.0,0.0
0.6240791,0.23595598,1.036668,1.0036951,5.2691708,3.0310447,2.3148434,0.3899002,0.18640374,0.3070394,-1173.721756993864,117.46017810443846,-695.0516010742274,0.58873355,0.0,0.0
0.61078006,0.4672267,1.0188994,1.0401402,5.360915,3.1966243,2.7563772,0.57323396,0.44248182,0.1562547,-1547.5624917093428,-394.1822362035523,104.68582500646858,0.4709765,0.0,0.0
0.68491435,0.19471012,0.9810454,0.99933153,6.4460196,7.481487,7.908286,0.37207037,1.3149421,1.4449862,127.59239278371092,34.874383167889846,6.45003323232595,0.72874963,1.0,0.0
1.0758628,0.11629872,1.0781841,1.0719198,6.9009314,5.9068723,7.736024,0.40321264,0.9023069,1.3954182,447.89715964202514,95.23669740868945,32.07054264439512,0.778278,1.0,1.0
0.5813023,0.19328956,1.0294831,1.0026792,5.8729196,8.310891,8.259867,0.38224113,1.5427887,1.5685694,-506.2068064566797,24.05028937359748,-35.87459108198982,0.6313339,1.0,1.0
0.78540385,0.15344377,1.028702,1.0495381,7.372444,2.8486278,3.2973237,0.9243771,0.35775733,0.36652413,-217.1582617152435,-559.8118531104603,-187.91966107469784,0.4525356,0.0,0.0
0.5600725,0.04173953,0.9866757,1.0046483,5.228133,2.9529402,3.7173982,0.46764207,0.27861843,0.49711192,-1433.8980358003182,-258.5699391384271,-240.71848519327204,0.531474,0.0,1.0
1.1283001,0.08509482,1.0528048,0.9983344,4.5415444,3.1360781,3.5461845,0.48466393,0.065607116,0.183859,-1964.9279368746866,735.4301295642695,370.15218696670865,0.6366376,0.0,0.0
0.37213632,0.18015388,0.86612034,0.9195616,4.6224647,11.190262,9.959421,0.29559064,2.1676507,1.9412763,-1358.014013293164,98.24810656448426,-17.54604716292124,0.56841224,1.0,1.0
0.5986642,0.15913409,0.9936943,1.0156478,7.048621,10.055779,9.386539,0.32320896,1.9517428,1.8147092,837.5214553991277,19.63587820205612,-23.47877108340117,0.49523625,1.0,0.0
0.69364625,0.12629677,1.0298387,1.008565,5.7771244,3.2390106,3.9002466,0.143656,0.4078766,0.40939072,151.67946753193496,-299.09195317765193,-38.393860878956275,0.51365143,0.0,0.0
0.7620567,0.16773489,1.0464221,1.0389513,5.257263,8.445251,8.759963,0.061140284,1.5576341,1.6300097,-118.22144632570053,58.36857553594746,22.734814603929408,0.66666687,1.0,0.0
0.7325755,0.30046493,1.042335,1.005763,6.5331316,5.0491066,6.881139,0.067615576,0.74962884,1.2142181,1200.5746252749366,-42.52138861927756,33.116917351370375,0.69055814,0.0,1.0
0.5035398,0.11609655,1.0037668,0.99665505,5.6550674,2.9544346,2.9351237,0.81745875,0.31475455,0.1758865,-1718.6874751280284,-350.7921689942823,143.33703343747675,0.5103889,0.0,1.0
0.7774844,0.1725574,1.0432777,1.0306596,5.147351,8.627917,8.71877,0.26551345,1.5969979,1.6171794,-908.2250731303272,59.98894145336544,32.274984407952616,0.66711134,1.0,0.0
0.9473729,0.2927845,1.0295963,1.0688558,6.739814,8.944373,8.938137,0.17308585,1.6844226,1.6822208,1017.0645546940927,46.57689455621903,11.093403819315881,0.61474335,1.0,0.0
0.58179414,0.1153528,0.96480286,0.98301286,5.9871044,2.5771875,4.151568,0.4587167,0.3122521,0.5469353,-604.0720631253134,-709.9657796282913,-114.29719186025227,0.41854715,0.0,1.0
0.6424956,0.111060835,1.045837,1.0077261,5.280255,3.719469,3.8176284,0.5365311,0.49051905,0.22140175,-1556.4089825394558,-166.83849264443006,341.82756265239277,0.57078993,0.0,1.0
0.83994144,0.1653359,0.99449307,1.0169046,9.523043,4.6880045,6.5127683,1.5811262,0.5747838,1.0226583,570.1348707423499,33.00987640943731,151.22599617597916,0.7560306,0.0,1.0
0.6325024,0.21817683,1.0658805,1.0777376,6.3958817,9.157757,8.987143,0.20641546,1.7790278,1.7080986,583.50318872548,-34.61987790286412,-4.321357749440722,0.44445685,1.0,0.0
0.74263,0.09704783,0.93429154,0.93166703,7.419392,2.8332734,2.7253199,0.7736858,0.104908675,0.07649569,74.4794207591658,264.303956014909,485.24167049852804,0.5683416,0.0,1.0
0.8490627,0.16196832,1.0630937,1.0850798,6.800001,8.836794,8.977559,0.13774306,1.7073737,1.6747253,1204.545600358862,-22.526117168067685,33.821685976238314,0.46595806,1.0,0.0
0.68101823,0.122896135,0.9880287,0.8745186,5.836358,3.1731355,3.26552,0.34249178,0.024879266,0.17914137,-415.7123740746033,1002.6303797322482,281.73415951582047,0.64721566,0.0,1.0
0.77225703,0.21390302,1.0269954,1.0735468,5.999477,11.305944,9.591517,0.12575088,2.19419,1.8527032,446.5888881505373,89.72379695356176,-13.036576377837264,0.5576234,1.0,1.0
0.77423054,0.1537738,1.1018648,1.0261302,5.701681,2.4273167,2.8621883,0.30791652,0.21423799,0.23614569,-465.77305238163285,-582.3280251663941,-115.0228618576648,0.44461676,0.0,0.0
0.7561648,0.11289914,0.90142184,0.9846094,6.346022,9.466614,9.124916,0.3437614,1.8107232,1.7926017,112.34117279462589,38.203033754231,-66.27302324008906,0.5645355,1.0,0.0
0.617874,0.14091197,1.0161759,1.0130634,6.1469927,8.205086,9.190936,0.5974894,1.5670327,1.7501214,-770.5120724798671,-41.13952766769353,17.49379577979107,0.49722764,1.0,0.0
0.67580193,0.15252806,1.0606712,1.0649334,4.9012237,2.8707817,3.326344,0.12701152,0.30694333,0.27609888,-622.7087472699766,-423.2261955793049,2.3180918673087945,0.4952286,0.0,0.0
0.80590993,0.14371626,1.0730035,0.9887105,6.4175982,9.403792,9.022579,0.04971963,1.80814,1.6907321,1152.875388335204,17.000488014553866,25.30241754475992,0.52824587,1.0,0.0
0.7153061,0.15029317,0.9730736,0.9822827,4.995326,1.7180624,3.3606904,0.4120606,0.057849705,0.43021798,-1470.9288130329796,-312.84301508513033,-270.5578059771799,0.34569216,0.0,0.0
0.7644978,0.1193772,0.9560841,1.0158051,5.465135,3.3722992,4.9516063,0.33983818,0.3671677,0.6122094,-816.1438766681899,-134.31995631410132,190.68843853146632,0.577426,1.0,0.0
0.7062956,0.1427942,1.007525,0.9584269,5.1145425,9.825428,9.410698,0.24412934,1.8811575,1.8177805,-864.720381670697,71.51436449878929,-18.35336284813502,0.5798778,1.0,1.0
0.73266107,0.14034325,1.0085653,1.0196524,9.414911,5.4923043,6.7854924,1.4764172,0.84771174,1.1526518,575.5427275410757,2.8929538495667657,86.29849794000711,0.71297574,1.0,1.0
0.90527666,0.14356892,1.0548459,1.0364223,4.8486958,2.7393913,3.0863202,5.702244e-05,0.14780858,0.35325882,-231.6672117948881,-17.909022851455916,-260.4212940157636,0.53844225,0.0,0.0
0.64878815,0.18479732,1.0321046,1.0188125,7.1739655,5.5084167,6.050164,0.07982035,0.86673206,1.0955167,1745.5313374832613,-12.296863191724242,-45.060091275379364,0.6940834,0.0,1.0
0.6615129,0.14943805,0.9541027,1.0082144,5.735399,9.418661,9.540596,0.6133754,1.7459736,1.8118917,-1244.271111568336,136.58614554570931,40.47942617150966,0.7217048,1.0,0.0
0.90826505,0.21017611,0.9865326,0.9870125,11.107726,5.647059,6.527899,1.6732455,0.88192064,1.097719,755.0246493641384,16.310774027307616,75.02351421479807,0.720089,1.0,1.0
0.84986514,0.09865096,1.0058413,1.0276861,5.037333,8.957903,8.863385,0.206054,1.6847417,1.6735873,-808.5101979918272,50.60582966188713,1.8007846036939554,0.62199783,1.0,0.0
0.57180077,0.13349797,1.0348635,1.0483083,6.7059193,1.8742322,3.019037,0.27564055,0.14788604,0.41379863,654.9623409119749,-695.8800877457878,-393.184847153512,0.35154358,0.0,1.0
0.7355004,0.13328132,1.0040834,1.0564095,6.170637,9.057302,9.594315,0.06707913,1.7352109,1.8429284,834.5612385576293,5.0074434323455534,9.503593426185944,0.5307547,1.0,0.0
0.58145565,0.17223431,1.0495795,1.0360686,5.347194,9.636624,9.481459,0.27704883,1.8268131,1.8287531,-749.686476798282,72.12895713561284,-8.060743632513095,0.6269426,1.0,1.0
0.7753992,0.19521312,0.98817754,1.0102042,4.8986793,10.108662,9.7046175,0.08369667,1.9566084,1.8699692,-478.6993643507162,45.01203457574229,6.611366171039208,0.5195004,1.0,1.0
0.8325937,0.20852843,1.012929,1.0840005,6.090622,9.134209,8.764661,0.09049347,1.7590016,1.6195644,662.4345028223568,-12.69047681258644,40.400392643218765,0.5033885,1.0,0.0
0.5628907,0.109425254,1.0387746,0.9538845,6.6096506,3.3512769,3.0246942,0.5559478,0.4601895,0.21330217,-201.42549689651605,-306.2852479278388,50.409535201504696,0.49735543,0.0,1.0
0.75844866,0.16590694,1.0868254,1.1027246,5.886379,9.134616,9.459709,0.17905176,1.7450155,1.8387042,141.86062629473008,15.528275334372665,-33.684518926713736,0.55205023,1.0,0.0
0.59439313,0.15556328,1.0465704,1.0233531,4.606906,6.9202757,4.4791794,0.124678515,0.91970533,0.6350669,-815.775680856513,441.9600750503937,-78.78902715492336,1.0556152,1.0,1.0
0.8823119,0.096020065,0.9445036,0.94852334,4.495557,1.8222618,2.0928411,0.30331394,0.01741235,0.20331953,-1450.217941692527,-62.41128407180608,-607.1548018571943,0.37154284,0.0,0.0
0.82784206,0.17404242,1.0742644,1.0932007,6.4100924,10.057672,9.349915,0.5119961,1.8663989,1.8071806,-284.17515306572477,224.58844111740746,-27.66688343630085,0.7656869,1.0,1.0
0.805798,0.16401513,1.0206151,1.0430973,6.8940134,10.372395,9.604297,0.7583903,2.0222943,1.8864362,-358.69460656582896,15.278223807350514,-59.88700088789483,0.47190747,1.0,1.0
0.73026526,0.15671651,1.025646,1.0482248,5.9723625,9.769011,9.579844,0.73656857,1.8686036,1.8645225,-1229.624545339539,57.76205175141649,-36.59764755440483,0.58243644,1.0,0.0
0.7145316,0.15551588,1.0501193,1.023187,6.3852525,3.0531657,3.6143827,0.4435423,0.07204255,0.24592525,-140.3933443406886,629.5296635796601,182.66688343630062,0.6188722,0.0,1.0
0.93274134,0.12177731,1.0877444,1.0775582,6.9055843,9.734714,6.219972,0.75622696,1.8729883,1.044762,-351.045788855572,29.964597491094082,53.83213597976692,0.5424678,1.0,1.0
0.50760627,0.105784826,0.8926915,0.9053017,5.692106,3.374814,4.5344,0.82839346,0.15555002,0.67799443,-1695.5669946722628,495.95903031858927,-113.36773382190381,0.67033803,0.0,1.0
0.79157275,0.16089256,1.0738602,1.013549,7.1023064,2.883459,3.937054,0.6551836,0.18366377,0.2939834,41.26435712395596,-14.944913374915927,186.32135774944027,0.5579362,0.0,1.0
0.74239665,0.14768957,1.0789757,1.0523956,6.9348288,3.0786521,3.8119013,0.89002484,0.09802952,0.045539156,-542.2086809447196,526.1754868938501,1165.186804224913,0.62041163,0.0,1.0
0.81421816,0.15790817,1.0188105,1.0527761,5.396579,9.358262,9.569369,0.7231324,1.728836,1.873018,-1826.122981519662,133.77596258700032,-51.34683108387162,0.73187006,1.0,0.0
0.74310386,0.16068925,1.0072421,1.0260029,5.982658,5.0902686,6.8840156,0.65468574,0.7963179,1.2203914,-1052.4112340209158,-79.13250354720526,26.284128331725697,0.64735943,0.0,1.0
0.8074322,0.11643705,1.014767,0.9861709,8.059823,3.074714,2.3473837,0.048039433,0.2393709,0.21655376,2529.8084547486674,-41.071086924276415,-419.4859579357733,0.57812214,0.0,0.0
0.510391,0.18419135,0.94201344,0.9522526,8.471824,2.690031,2.763693,1.1076548,0.17033972,0.39874762,364.260730319329,-150.39166865832476,-515.9163951925664,0.52085173,0.0,0.0
0.57307225,0.21035886,0.9869748,1.0287354,7.6518474,5.185454,6.9206805,0.87698555,0.7457744,1.1070598,78.27949615785019,6.362870958049598,183.1907251951534,0.73553973,1.0,1.0
0.76964265,0.2625839,1.0314713,0.9532339,4.9126835,2.3033285,2.7636611,0.12357468,0.053205688,0.04639279,-598.1536365808706,24.433607273165308,689.3331138327239,0.46701854,0.0,0.0
0.5914351,0.1370234,0.87255746,0.88773406,4.3790927,2.441,2.9143069,0.4379723,0.17022772,0.11499111,-1923.4602779272245,-396.42060376399286,404.4846491250428,0.4669959,0.0,0.0
0.8758592,0.16121091,1.0660268,1.0848408,6.3826146,10.322645,9.258153,0.7026144,1.9432086,1.7517751,-721.4844228869588,197.99930587735616,32.53559852487979,0.7116741,1.0,0.0
0.5048109,0.16528708,0.985768,0.9750927,5.2612085,10.240391,10.013399,0.21535005,1.9710909,1.9576828,-647.9716016597822,85.08263348546507,-19.856301868955597,0.5677305,1.0,1.0
0.36011365,0.021130353,0.93881345,1.0148611,7.8122616,10.723887,12.681534,0.9181353,2.073085,2.5118973,119.45039584309143,89.80830669886791,47.64467871497618,0.5612381,1.0,1.0
0.27776796,0.031214403,0.990293,0.95999765,7.8951077,10.148166,12.47126,0.34334695,1.9866419,2.4672396,1441.9899905048828,-18.499546336794538,48.51927047971003,0.4240981,1.0,1.0
0.3707098,0.0029824656,1.0001034,1.0280887,7.4922523,2.1500154,1.74955,0.4227215,0.059449278,0.14968316,903.2452142920147,-114.58259913411672,-636.857610679686,0.43465555,0.0,0.0
0.35458758,0.05620696,1.0014104,1.0625952,7.6894298,2.0964477,2.0681903,0.068116106,0.08762069,0.21456878,2197.588011992244,-300.06872264988147,-647.5277606808622,0.41848725,0.0,1.0
0.2629612,0.0513316,1.051949,1.0354097,7.404203,10.019904,11.799484,0.9196333,1.9303381,2.3330672,-179.5362174396014,43.18912291864763,43.03527302905604,0.5493689,1.0,0.0
0.24973924,0.02205655,0.9952411,1.02309,7.6428037,10.394819,12.07301,1.105819,2.0152185,2.402821,-218.0904519704136,45.69952169398675,33.26845400917773,0.5214019,1.0,1.0
0.13741271,0.042171918,1.0220686,0.9650112,8.175719,6.34685,11.631704,0.9905807,1.0251657,2.3033056,308.9858645353829,65.83390150103332,30.554541460534892,0.76399136,1.0,1.0
0.28849655,0.026211973,0.9864693,0.97820145,8.59768,2.7982192,3.1704218,1.0255139,0.038134176,0.32052565,543.955963461015,578.916253080034,-166.63357362333932,0.5698565,0.0,0.0
0.5109676,0.12079652,1.0151322,1.001984,8.390831,2.787392,2.2495613,1.1333963,0.3248198,0.12050362,279.4213709270166,-547.0398562469097,-111.76290146335862,0.46241468,0.0,0.0
0.41709906,0.0043975613,1.0955389,1.0302826,7.854114,2.5128994,3.4440415,0.8591021,0.04099521,0.31129026,253.09208211554778,287.37921477072484,-33.96799558404973,0.51123416,0.0,0.0
0.20497401,0.10174453,1.0290712,0.9398869,8.239457,2.890553,2.5374537,1.1849033,0.015859362,0.23435038,148.02690084559845,793.3282999771803,-335.23187558310883,0.5898096,0.0,0.0
0.77850604,0.39187646,1.0998665,1.065886,9.024618,2.5430503,3.7080355,1.368237,0.27193743,0.38513508,472.5458551808292,-636.1486412517907,-70.39712676108775,0.43867016,0.0,0.0
0.46918172,0.046027392,1.0550804,1.0645618,7.3606277,8.628619,10.106635,0.42293265,1.4854865,1.9863759,799.5830098644506,195.96696176548903,-51.22599481049201,0.89643526,1.0,0.0
0.47870404,0.010802636,1.0514375,1.046174,7.5415807,6.130082,10.13877,0.3917904,1.0728513,1.936808,1029.6695854478012,-105.6776794115035,82.26584048417908,0.6056215,1.0,1.0
0.09785504,0.06307663,0.9984407,0.9618354,8.43662,9.214081,10.7660475,1.1772442,1.7133331,2.1099591,281.0001274109836,105.96577962829133,1.1521896976837525,0.69256514,1.0,1.0
0.42977786,0.13915798,1.0748423,0.99821216,5.5798726,2.1850467,1.8246336,0.12937406,0.18721296,0.17486568,-22.979609255875857,-664.4819516842251,-682.8092761703341,0.40302044,0.0,0.0
0.22532567,0.038062938,0.9241445,0.9285821,8.400462,2.4498537,1.8296748,1.2626451,0.108074054,0.044277884,182.8064580891746,-120.37775782274105,-11.064012245619836,0.48775777,0.0,1.0
0.79165715,0.026705258,1.0951276,1.0659299,8.22391,3.3249452,5.1115923,1.279667,0.23615149,0.7252488,60.224573965454056,183.5527567020374,92.1998691189267,0.6344641,0.0,0.0
0.47817552,0.0361115,0.9602571,1.0053777,7.8690453,11.971254,12.534831,1.0905937,2.338195,2.482666,-32.22431914348681,70.41128407180622,47.56107322479875,0.5256749,1.0,1.0
0.19600648,0.016040506,0.9217064,0.9341708,6.637528,10.874339,11.900747,0.47179407,2.122287,2.3560991,30.831102213782287,58.87542789969484,43.495103225033745,0.48514092,1.0,0.0
0.42766395,0.08748553,1.1121135,1.027593,7.850278,2.628179,2.5564659,0.938659,0.23733224,0.13199909,124.59764973347137,-451.27363266395355,74.42847677167265,0.478677,0.0,0.0
0.18963526,0.023661783,1.0524416,1.0697885,6.027798,9.1117,10.970154,0.73386276,1.7281785,2.1713996,-1166.3402966363324,34.71809237566413,-25.838012655922284,0.5901293,1.0,0.0
0.83353144,0.18007548,1.0727996,1.0028226,7.3876066,5.5429482,9.191988,0.7273874,0.9201732,1.755608,127.93056534956713,-85.77950899859297,13.619204015057676,0.63101465,0.0,1.0
0.36216378,0.011904278,0.9517983,0.9593955,9.385651,2.489742,3.4613736,1.6124618,0.14421016,0.3655033,511.5797600532442,-251.48772496481945,-118.98236519233114,0.4864369,0.0,1.0
0.3376193,0.023588346,0.9835739,0.9436617,7.289139,9.224766,11.073235,1.0605165,1.7675422,2.158569,-441.776302192839,16.74354977243638,75.34683381484683,0.539721,1.0,0.0
0.3329204,0.16899367,1.0055138,0.99630237,7.5675483,9.7222185,11.328932,0.96808887,1.854967,2.2236106,-113.18816278961185,61.807193264367015,48.62834930431927,0.59508294,1.0,0.0
0.3393362,0.04295876,1.0698632,1.0484662,7.125296,3.312345,6.111817,0.33628634,0.48279646,1.0883251,880.1269853177093,-371.18571391244814,-24.16459813810161,0.46297583,0.0,1.0
0.12072428,0.00727755,0.8956639,0.98364216,8.188925,2.7657216,2.484027,1.3315341,0.31997466,0.31998804,8.749783580191888,-559.3292073035916,-588.675376368428,0.4605079,0.0,1.0
0.39433524,0.015089939,0.98849994,1.033531,8.104733,5.0964394,8.5698805,0.78612316,0.7453282,1.5640482,561.6266746495462,-22.6660641476185,51.95819793765486,0.7096314,0.0,1.0
0.45520544,0.12863205,1.0468386,1.0431398,8.193664,10.007695,11.460623,0.5885876,1.9495722,2.2494884,1011.6784692021884,-13.537732431952918,61.67341793153901,0.4624743,1.0,0.0
0.62528837,0.03076197,1.0131043,1.0509518,6.7906284,2.3821638,3.3948152,0.021317188,0.0656357,0.46489412,1595.5170746076606,18.45906466993756,-303.65904695777044,0.48162064,0.0,1.0
0.28149825,0.03575422,0.9897072,1.027697,7.9097013,9.668011,11.30871,0.93274605,1.8779181,2.2161152,179.570876298857,-18.63031102955165,53.29392734360772,0.47019607,1.0,0.0
0.16352707,0.010492581,0.96622723,0.99726164,8.81994,3.6434677,4.5138354,1.1374948,0.19542365,0.72053117,534.1103487891955,494.29929616881554,-184.00914460651734,0.71647567,0.0,1.0
0.33034468,0.07444823,1.0586789,1.0367639,8.182102,12.005493,12.118124,0.66925216,2.3647344,2.394093,836.7895667386938,56.98998618516998,44.18484851899848,0.4248855,1.0,1.0
0.29098818,0.008646185,0.7507354,0.75786334,8.813772,2.294223,3.4076266,1.1029196,0.043693613,0.30524412,565.2071834501003,65.90004667275201,-40.177009309494,0.46617824,0.0,0.0
0.16824621,0.0038400642,0.99203175,1.0197443,8.461368,10.177479,11.770232,1.1387644,1.9812676,2.3339915,326.1237355065027,16.066427078183096,38.05617440160131,0.47633737,1.0,0.0
0.36083,0.00757749,0.9155738,0.940504,8.872402,8.9990425,11.657072,1.3924924,1.7375771,2.2915113,391.6261754846728,-14.9057512506497,52.261922244913876,0.47886202,1.0,0.0
0.1816471,0.023594966,0.9555378,1.033196,7.5308,2.6114907,2.8729212,0.92201453,0.13639896,0.26529092,-94.50944400498656,-87.5872589802101,-190.2671465639346,0.5145697,0.0,0.0
0.57193255,0.015152775,0.97346723,1.0142502,8.17137,10.107435,11.343327,0.7452834,1.9786844,2.232122,677.4691616816121,-16.193988872830687,42.94186989248374,0.42231724,1.0,0.0
0.17512465,0.0058071236,1.0544037,0.9771873,7.178255,2.367907,1.3981827,0.38294244,0.11269467,0.11117181,767.4821714054992,-221.77012060370942,-623.8497728356677,0.46946254,0.0,0.0
0.10269782,0.0033273727,0.94218206,0.99729186,6.9991126,4.3541303,6.5870576,0.45516485,0.5377121,1.1535991,388.8610032881502,-7.581554402312349,20.361202057640185,0.6991093,1.0,0.0
0.13820887,0.021325767,0.96503496,0.97314215,9.300109,10.716024,11.931489,1.0391324,2.051702,2.3591704,861.7118749097303,125.5640971551361,43.599610087756446,0.63232857,1.0,1.0
0.32499105,0.0054837065,0.9548137,1.0380822,6.8611503,6.1814775,8.940831,0.6814141,1.0182561,1.6940416,-228.73877051579757,18.34200470467431,-1.6139769650626477,0.7155861,1.0,1.0
0.2563265,0.018364605,1.0577888,1.0403452,7.737736,2.160185,2.019442,0.79506004,0.022735799,0.18813097,276.7337683880046,96.36996378123465,-600.3879828373144,0.44033492,0.0,0.0
0.23100436,0.043167323,1.0570495,1.0547249,7.824425,6.2865496,8.624055,0.71518266,1.0372765,1.6369064,479.40535573482885,9.586214248405668,-19.077073043170913,0.72520536,0.0,1.0
0.54523826,0.1532961,1.105013,1.0427316,8.477699,10.109405,11.891443,1.4083785,1.916518,2.3532815,160.6529489192876,141.1763942202615,43.41149773485631,0.657458,1.0,0.0
0.7851289,0.06659237,1.0970078,1.0588062,8.538099,6.1821384,8.787024,0.87824255,1.052465,1.6391088,701.9684740200287,-36.950824060903415,16.985631074462162,0.6622805,1.0,1.0
0.38244048,0.0076956507,0.9792108,1.0428983,6.1616993,9.692388,11.187226,0.588949,1.8552861,2.2149773,-731.6325529356327,36.951868792707955,9.210321853430287,0.5733751,1.0,0.0
0.24702619,0.04818261,1.0822035,1.0677876,8.968761,2.7091393,5.1828647,1.0706435,0.31843042,0.95518845,680.6685871180548,-598.5028179376006,-186.11169166686295,0.4474226,0.0,1.0
0.2739988,0.015159542,0.99784166,1.0273731,6.7280188,9.812678,12.086432,0.72792387,1.9057553,2.384318,-458.0560479331257,-1.5469834214432012,44.101243028821045,0.47832468,1.0,0.0
0.10546063,0.02275354,0.91314703,0.91469,7.0456553,10.63538,11.97916,0.51795423,1.9973575,2.370143,273.9453273900408,223.13702598790542,39.89222930337746,0.7465301,1.0,1.0
0.5012624,0.06380418,0.9811519,1.0121701,7.6075907,10.874915,12.175511,0.8786997,2.1271527,2.411359,42.64406516490044,45.338389590385304,45.331158126809896,0.46297532,1.0,1.0
0.79235923,0.11453471,1.063451,1.0688872,6.682268,9.883893,10.970259,0.8854965,1.929546,2.1609542,-768.586636669077,-22.98448771536141,3.555847540290415,0.43839943,1.0,0.0
0.41446337,0.00847634,0.9525925,1.0171865,9.919824,2.4458492,2.7656608,1.3509508,0.28964514,0.32808763,757.8167171667287,-790.5282753343729,-403.2782502900843,0.40232763,0.0,1.0
0.5929339,0.015088765,1.0460559,1.0531337,7.040454,9.893346,12.02036,0.9740548,1.9155599,2.380094,-557.4724114928185,18.03171869192056,40.01763753864361,0.5059668,1.0,0.0
0.11932635,0.01087465,0.7015477,0.7431155,7.3859386,6.802071,6.6909842,0.91968155,1.0902498,1.1764567,-200.1984218671655,102.10356844153694,26.96734186142794,0.8304632,1.0,1.0
0.40035942,0.067581505,1.0969748,1.0266522,6.769638,1.9164069,2.8091269,0.4916891,0.15313204,0.33807027,94.17915686377182,-688.3881909494288,-383.09013793718464,0.35860726,0.0,0.0
0.36739418,0.024268266,0.9993869,0.9942812,6.385767,10.740228,11.887881,0.28300694,2.0369432,2.3485703,335.7450257953046,186.1752120830638,47.30699087213361,0.6959419,1.0,1.0
0.47983137,0.010591465,1.0062699,0.9460284,6.8920827,11.140642,12.249615,0.036612693,2.1928387,2.427826,1633.86512925765,35.69486184789275,46.41476361698733,0.40313244,1.0,1.0
0.100638546,0.008483535,0.92660797,0.84976643,9.231855,10.441939,12.138845,1.5315716,2.0391479,2.4059122,480.6899814314561,7.464563139745678,43.28935538172118,0.4601171,1.0,0.0
0.085711844,0.010481092,0.9660977,1.0519503,7.7422814,3.1443791,4.890651,0.35146073,0.09850183,0.7873151,1306.1640178298776,576.3780326335274,-103.6263881364548,0.6339215,0.0,1.0
0.39235634,0.014885388,1.0785908,0.97512174,6.0427847,10.514031,8.405752,0.03877609,2.0435328,1.5861518,798.5674938371362,33.98539504177279,-21.39385951346867,0.5059727,1.0,1.0
0.19562972,0.018812055,0.9651881,1.0471185,9.468092,3.2507393,6.589627,1.6233965,0.3260944,1.2193842,534.2687379154231,-129.8373105072326,-66.73677304081866,0.5740524,0.0,1.0
0.1487929,0.0075119142,0.89551866,0.9591061,7.27824,3.2642746,5.1677995,0.13981943,0.35420814,0.83537316,1622.5991472280912,-177.21694458981483,-51.142390685802184,0.55972105,0.0,1.0
0.35358882,0.008674093,1.0035332,1.0365463,6.3691735,2.7365246,4.0176067,0.09502181,0.2685739,0.58692896,946.5282098435077,-438.43799230847253,-217.16851774285442,0.48670956,0.0,1.0
0.3744572,0.01756669,0.9329587,0.9199823,8.858986,10.013045,12.169458,1.5181354,1.8993804,2.4144077,327.66320799684127,106.01898999353443,43.352059499355164,0.6477499,1.0,0.0
0.24606505,0.010594695,1.024429,1.0232717,9.886159,5.9729123,9.467991,1.4496888,0.96686226,1.7617811,705.4490205199249,15.651039877534004,87.76551362286818,0.71603996,0.0,1.0
0.27843302,0.008086683,0.9808912,0.9959176,9.604482,2.8978117,2.7798479,0.7469636,0.06882652,0.32483605,1375.4959351162265,512.9220263606284,-389.361855780262,0.5873275,0.0,0.0
0.5733035,0.03781541,0.97714704,0.9698975,7.067262,2.8032122,2.0513918,0.31265175,0.00020466566,0.14264219,886.6450634946468,775.1002968407308,-386.4428491109294,0.5722032,0.0,0.0
0.33333957,0.0699986,1.0771396,1.0440661,5.96961,5.5785155,9.181452,0.0819825,0.9163188,1.6484497,560.2738622146692,-59.0688600552744,117.23644754499492,0.6496421,1.0,1.0
0.3547911,0.1343573,1.0952626,1.0005699,8.000597,2.2611852,4.2964807,0.91857773,0.117338695,0.494997,256.7881914155273,-326.16248338467767,24.23971206163924,0.44575542,0.0,0.0
0.24490474,0.029649692,1.07289,1.0574256,8.805388,2.2958605,3.2981608,1.2329754,0.00031665477,0.4263987,441.65920419879467,293.1581670520672,-292.64141146735756,0.46864048,0.0,0.0
0.23350263,0.009981554,1.029788,0.99088573,8.822652,10.967796,11.647824,1.4976175,2.1137528,2.293165,310.6230478449197,113.35459599766727,48.32462636254786,0.5983929,1.0,0.0
0.48110095,0.016729869,1.0396135,1.05217,8.698041,11.027986,12.557481,1.0103531,2.1416352,2.4990728,622.1465051430705,87.06176723208955,46.602875969887464,0.538185,1.0,1.0
0.59983945,0.055907287,1.0669588,1.045032,6.24972,2.5297456,2.043625,0.57478833,0.08644327,0.044657715,-597.5491049920356,56.64192629343688,142.99869187201335,0.5087895,0.0,0.0
0.43485656,0.022253422,0.8063356,0.8908781,8.56061,10.807006,11.946554,0.49541378,2.1325343,2.362214,1468.5571125881297,2.627740647067185,44.70411695047733,0.35932836,1.0,1.0
0.51746935,0.072514504,0.9400554,0.90003437,8.781702,10.985584,11.647093,0.85001916,2.1607058,2.2973285,875.9849883770894,32.98769061347048,41.45003459781401,0.4065513,1.0,0.0
0.35771173,0.07656571,1.0488665,1.0467757,5.6360297,3.2674289,1.8502346,0.0014980199,0.14274697,0.17882995,474.7107439294696,479.3386644011715,-686.3076432292684,0.65085435,0.0,1.0
0.3080695,0.0429643,0.95291024,0.97724825,4.4589777,2.5824206,1.5573728,0.18768366,0.05786669,0.10907611,-1125.614164090532,262.1859200205379,-539.2259975414671,0.5238154,0.0,0.0
0.44312942,0.072153814,1.1004878,1.0156993,4.914756,6.372246,2.3421981,0.072445415,1.0479195,0.20859168,-428.6025296898117,49.7887599880828,-399.9457881317503,0.7402741,0.0,0.0
0.36793813,0.045866143,0.9944011,1.0524219,5.80422,10.606977,11.215688,0.10737857,2.034951,2.1913717,304.511695486447,114.05947166039095,68.22795734384272,0.611771,1.0,1.0
0.6658923,0.14148486,1.0059915,0.99528193,5.8603354,12.1641865,12.118125,0.21526095,2.3979049,2.3913937,-7.647192804653514,61.48188298152854,47.14304577390976,0.41926214,1.0,1.0
0.7234889,0.023959348,1.0764911,1.0613562,4.7982426,10.810084,11.362481,0.05903321,2.1140802,2.200607,-478.2749931949297,47.41246620900347,116.62508342218644,0.46208462,1.0,1.0
0.29537562,0.12050907,1.0475091,1.0304109,5.7360787,10.696799,11.509814,0.26676795,2.0889444,2.277547,-310.21168641301983,34.90784071425833,24.760289303847458,0.47122553,1.0,1.0
0.74925834,0.40816373,1.0512546,1.1027689,5.4146476,11.938746,11.026671,0.4501017,2.3450224,2.1267622,-1191.2327037330006,58.52702449447861,115.92554048182683,0.45895696,1.0,1.0
0.69460976,0.07266693,1.0309004,1.0447165,5.253332,5.109274,3.2687695,0.4952026,0.58759856,0.5255212,-1474.7806829843066,150.38603278312348,-436.8615289189513,0.8532506,0.0,1.0
0.5173118,0.032564662,0.9875231,0.98319775,7.8954573,5.8601336,3.9757638,0.5263449,1.0002338,0.5750892,937.728012273371,-96.67072399371182,-215.67015068392016,0.6234806,0.0,0.0
0.29953367,0.082956836,1.0639782,0.9603686,4.709573,3.6578546,3.0334084,0.25910887,0.35975197,0.40193796,-1207.3723270207074,31.361757523548704,-357.70738146712233,0.6501398,0.0,0.0
0.5780946,0.16767746,1.0594872,1.0884304,7.866948,11.511418,11.84493,1.0475093,2.260298,2.3370316,14.44101292383084,58.212216041025385,45.118878519235295,0.4467037,1.0,1.0
0.2969304,0.05883265,0.8678018,0.957807,5.808234,11.112545,12.458444,0.3445098,2.1811593,2.4676194,-462.29425819832363,49.971484206189416,46.54017185225348,0.435521,1.0,0.0
0.6606833,0.046476804,1.014162,0.97833383,5.800335,9.743314,9.438951,0.36153167,1.8369336,1.7866484,-524.9462035483341,107.76552946031234,42.5179630344669,0.66376543,1.0,1.0
0.7327619,0.059340186,0.9654247,1.0042064,3.774268,2.2694995,1.3909521,0.1724584,0.26511005,0.0292311,-1287.6378098853934,-869.7562784708223,-161.77792479426125,0.37602884,0.0,0.0
0.47182295,0.03849814,0.8969372,0.92043996,6.658553,2.7801926,1.962019,0.44634122,0.049202003,0.15579818,117.34918039072,496.6523594201246,-517.3559777386203,0.56527835,0.0,1.0
0.59165215,0.114374526,1.0870379,1.0582721,5.567151,11.711081,12.123136,0.02052375,2.3104174,2.379898,332.84148346278903,54.63003621876487,54.99673616610016,0.39257175,1.0,1.0
0.4053681,0.04530545,1.0577639,1.0718669,4.332414,3.1052024,2.7507277,0.18427254,0.3449066,0.34049773,-1171.7078711116833,-295.70884138617384,-429.96472970191826,0.52710956,0.0,1.0
0.8927203,0.2063792,1.0530515,1.0411369,6.9621334,6.2395897,4.659479,0.19074783,1.1529119,0.75628924,1170.439382778697,-154.8709741616908,-174.77596362639724,0.48743957,1.0,0.0
0.41791275,0.034326017,0.8296412,0.8120179,5.468944,11.229315,11.062272,0.69432646,2.2172952,2.146394,-1692.889152045931,38.4761097009341,89.9079049914144,0.36443737,1.0,0.0
0.5616656,0.04344497,1.0908141,1.1198554,4.418378,3.87781,3.0008712,0.14238119,0.30554283,0.35332805,-984.009510330244,260.65806399802227,-300.4003926432192,0.72753865,0.0,1.0
0.5039403,0.19002742,1.0408547,1.0911552,6.249484,3.1328042,2.6774905,0.049953602,0.2181181,0.2882866,969.5509794800755,75.01919610162395,-377.01306421127015,0.5994815,0.0,1.0
0.48610824,0.066701464,0.9694537,0.9032097,7.7074904,8.410583,7.425298,0.581849,1.5902886,1.4235721,675.5579887464228,-0.27147449764834164,-74.34421892436148,0.55948055,1.0,0.0
0.28607163,0.027322866,1.0220538,1.0479245,5.542394,12.173668,11.205159,0.41339883,2.3930597,2.191909,-967.9020395983653,70.33720745318715,62.248858716387986,0.45779476,1.0,0.0
0.6333628,0.036890328,1.0665262,1.0573313,10.678599,7.3591065,5.706254,1.7042584,1.3277569,0.9478491,711.06480951606,-10.77839556409208,15.741998725326084,0.64817023,1.0,0.0
0.4228708,0.15030767,1.0896621,1.0751034,5.656287,2.422678,2.351174,0.3295477,0.123512916,0.26240876,-582.669086282928,-215.3523004259688,-562.3716534266566,0.47819027,0.0,1.0
0.6796138,0.053796645,0.84915715,0.85933924,9.269188,10.3318615,10.575272,0.8968181,2.0074494,2.047003,1020.8850260764316,40.88933873527776,58.348139894601445,0.50004315,1.0,0.0
0.4475513,0.055604186,1.0675641,1.0565289,5.744264,2.519092,2.8140125,0.014610794,0.19516698,0.29578206,560.654069420487,-407.787509148189,-308.5950367603821,0.47405922,0.0,1.0
0.408445,0.029051179,0.9868066,0.96326303,6.0018706,9.778611,9.313991,0.21935952,1.8776615,1.7913661,120.13549207867618,43.31181875911216,-8.314825985177777,0.5583058,1.0,0.0
0.50263506,0.095588215,1.1084528,1.0561146,5.6979403,3.029913,2.4114506,0.24888314,0.29164922,0.11780425,-291.9644702219816,-225.35466470036386,35.756366968120005,0.5421366,0.0,0.0
0.41401112,0.028540015,0.9269739,0.9726522,5.826641,10.8644705,11.400194,0.18478428,2.1167786,2.206653,61.643311178059776,64.61501194868106,114.896801265264,0.5007462,1.0,1.0
0.39511773,0.016778141,0.9327514,0.9838345,5.158744,1.9959329,1.8349175,0.22062914,0.09181749,0.17790577,-753.5133256315808,-372.49002053651793,-693.4539528370792,0.3964944,0.0,1.0
0.61712205,0.026370186,0.9713993,0.989081,4.769773,2.7737722,2.3373327,0.47435716,0.33550805,0.22038601,-1813.42637305481,-584.3164786052055,-437.2560428377849,0.4509098,0.0,1.0
0.5639211,0.044819534,1.0327191,0.97871435,5.647978,11.29575,11.568001,0.0038792733,2.209484,2.2466063,484.76429079869877,69.18675864425313,104.52710832372759,0.4808185,1.0,1.0
0.6613663,0.024567422,1.0124587,0.9798583,6.2707725,2.3119633,2.503927,0.17285189,0.094400726,0.27977532,575.0511679767856,-180.25853969117247,-485.47289440724717,0.46198785,0.0,1.0
0.35942492,0.024186399,0.93253535,1.0204443,6.548632,10.278869,12.126225,0.53519285,1.9603904,2.4007254,-214.11134711894192,131.33032073809227,45.226651264087195,0.6316935,1.0,1.0
0.32228485,0.023626082,0.8441722,0.8613219,6.070975,8.23217,7.4771414,0.46297044,1.535373,1.3582981,-532.6673339663412,1.818808528252248,12.171783624985437,0.6067112,0.0,1.0
0.4536316,0.043288425,1.0557958,1.0935487,5.668149,2.615915,1.6792855,0.120997086,0.021383148,0.15272687,107.11722540502865,495.10954783022106,-688.5858928366087,0.5335252,0.0,0.0
0.3841785,0.02577186,0.96725965,0.97770923,10.20815,6.0242777,5.219805,1.5995494,1.054829,0.81785566,694.8506220391437,-114.74827832122628,-7.685826371956409,0.59425426,0.0,0.0
0.63649946,0.037317958,1.0825797,1.028948,5.177506,10.437587,11.729645,0.12307523,2.0503492,2.3237662,-388.84261444304957,-27.551643267536292,36.90986479378989,0.4002555,1.0,1.0
0.4556546,0.06723511,1.107755,1.102843,6.6131554,6.408608,5.204243,0.20295261,1.0358087,0.87499076,815.409481704329,70.44153872006473,-93.93011107822622,0.7704914,1.0,0.0
0.7489051,0.15050179,1.0543308,1.0328602,4.437458,2.6963284,2.102334,0.49024317,0.1565671,0.15861577,-2043.158638708664,-96.86735904740169,-415.1469640131761,0.5266781,0.0,1.0
0.88903004,0.093524694,1.0096582,1.0567952,11.349108,5.872467,5.267681,1.7963779,1.0206201,0.8727885,749.2120634064404,-128.51331976698475,-57.99281519585975,0.59316355,0.0,0.0
0.6072824,0.017099302,1.02019,1.0440868,5.1441813,2.8870575,2.2902517,0.32918626,0.21779895,0.29692003,-1090.0068818553636,-140.03867410971225,-688.5114312702044,0.54578656,0.0,1.0
0.43598014,0.06951836,1.1039299,1.0057445,6.5459723,9.1486225,8.0540495,0.15250829,1.7546546,1.5567088,918.8936550088515,5.02017213073168,-65.22991441524482,0.5294246,1.0,0.0
0.4427782,0.033905853,0.96264774,0.98647785,5.0220475,2.2308133,1.6084892,0.19021139,0.16732982,0.12757905,-763.2362083661744,-566.7099548206746,-612.0104520517599,0.42212492,0.0,1.0
0.30828923,0.042478073,0.9840676,0.99647695,4.843488,3.6751256,2.1149635,0.40018108,0.07572756,0.14175436,-1546.1697739445112,1021.1373007986917,-338.52645460110705,0.7461898,0.0,0.0
0.7090603,0.07783556,1.0006846,0.98834896,3.9535651,2.6702168,1.7881396,0.039435584,0.054067675,0.10053811,-787.7569150179922,364.5782828015062,-358.1665593059654,0.5422551,0.0,0.0
0.841065,0.13534105,1.0774225,1.0194969,6.140387,3.0214317,2.593092,0.03263879,0.14353915,0.35094303,910.0958310916276,274.42546971817603,-549.5676036235745,0.5990952,0.0,1.0
0.2773777,0.026874525,0.7394692,0.82780814,6.019669,11.965693,11.152421,0.43281552,2.3627303,2.1838095,-494.8917805208116,54.78744044549239,48.87263401058772,0.38812962,1.0,0.0
0.47703588,0.038568553,1.0645311,1.0744693,4.856498,3.051648,1.5923963,0.055919502,0.15752526,0.13180315,-426.6529489192874,233.27731648093925,-637.655128718505,0.60180974,0.0,1.0
0.30999604,0.033849906,0.99606466,0.97465825,5.8170805,6.2744827,7.3378553,0.0015462608,0.98283535,1.3354405,683.0485395019053,113.40335262490635,-5.371652061169243,0.7963458,0.0,0.0
0.5305275,0.087689914,1.1197467,1.1149827,5.917033,9.954615,10.99551,0.4264462,1.9199531,2.173827,-580.0256476938844,32.378939959938634,-12.691703048110867,0.5376978,1.0,1.0
0.5899684,0.04629034,1.0584981,1.0116663,5.2418356,2.7353609,2.5086184,0.6351284,0.03614179,0.16332677,-1795.0167639394972,534.5111616006795,-90.81254205246569,0.5571334,0.0,0.0
0.59766906,0.03576296,1.0580065,1.0220348,6.416414,2.0694752,1.6078564,0.8815226,0.11975361,0.08407122,-999.6401835383062,-455.873132327996,-385.8595704820625,0.40436187,0.0,0.0
0.3168062,0.030956665,0.89005804,0.91125643,4.739687,2.5305343,1.4343792,0.61343634,0.033937126,0.105984956,-2149.9333159959,347.0481999099888,-578.5395181296333,0.5153805,0.0,1.0
0.3408662,0.030276949,0.9800973,1.0055997,7.5711837,10.191405,9.06057,0.56667453,1.9745833,1.7245822,602.6682101246347,44.42985475348314,3.9921628387255623,0.5160048,1.0,0.0
0.4561284,0.037513863,1.0090988,0.99320924,6.182737,2.836939,5.3469586,0.8793592,0.029552368,0.9257454,-1246.6803436902283,664.4694977966253,-82.78053558828378,0.5783018,0.0,0.0
0.29870334,0.040549506,1.0212142,0.9911322,5.2407846,9.156286,6.864174,0.70526123,1.7469907,1.292513,-1935.741898155551,20.701885968381703,-73.66753715892219,0.5604378,1.0,0.0
0.4714241,0.030756671,0.97269815,0.96037734,7.5204372,8.867261,8.792104,0.77831584,1.718877,1.676524,139.19517205595957,-35.80273952636344,-24.0947085335838,0.44557387,1.0,0.0
0.53815156,0.027711812,1.0339298,0.93171567,8.855692,9.474145,10.033611,1.0131571,1.8045112,1.9249682,695.4843007155064,53.769007169208635,57.70150342548004,0.58994716,1.0,0.0
0.45547017,0.04153492,1.0489314,0.9876739,4.822802,2.6812367,1.4087194,0.60000014,0.17370462,0.09748939,-2064.7829344657666,-172.95764207330205,-546.4800798941316,0.5177957,0.0,1.0
0.44487655,0.02610428,1.1107991,1.1457922,6.6378098,6.699913,4.886646,0.53155345,1.1062229,0.75011605,-114.84048513304242,47.82694608324118,-40.98497735184128,0.77178395,1.0,0.0
0.5198688,0.030051924,1.0085577,1.0146941,8.299724,10.972075,11.069033,0.1711717,2.1419115,2.187061,2265.3354166799922,58.09070233775856,-4.001957754146133,0.48698917,1.0,1.0
0.5783423,0.06603031,0.8611007,0.86051047,9.148956,10.558793,11.930042,1.230787,2.0728805,2.369255,610.9568396193085,-0.2206284068001878,31.829525185743478,0.41166735,1.0,1.0
0.65677595,0.093097284,1.0726047,1.0655472,8.8133135,6.7050233,5.654438,1.0001178,1.1567663,0.86344755,684.0527981219193,-2.610558210677027,89.73546696106314,0.6923579,0.0,0.0
0.38093767,0.16332011,1.08792,1.0095823,4.9901686,10.266958,10.485531,0.0004424242,1.9557464,2.0169003,-131.31602950514502,133.8962941530699,95.27890401270542,0.63858014,1.0,1.0
0.40594134,0.052690912,1.0473398,1.0405114,4.2136407,10.70639,10.733071,0.31484005,2.0727684,2.0854986,-1618.6257984912525,80.75043648753126,63.56368538430888,0.54839075,1.0,1.0
0.42078382,0.031216783,1.0951036,0.95775265,4.947325,2.0870833,2.222074,0.5794822,0.040667858,0.2187323,-1918.7931935433203,-49.678655440611465,-533.3605497005069,0.42399737,0.0,1.0
0.39472848,0.037758708,0.8653221,0.9577882,3.791003,2.2994945,1.1879185,0.092217796,0.06855017,0.012824516,-1001.200928170593,-62.13584385070794,-108.88896342124639,0.46413884,0.0,0.0
0.34441182,0.036754746,1.0382875,1.0248103,8.129057,10.39688,11.76573,0.079374544,2.046091,2.3175564,2476.180155193518,-35.84099432421817,46.84716067615773,0.37820232,1.0,1.0
0.44224706,0.08791163,1.0377699,1.084056,6.3870234,10.485407,11.438188,0.27523085,2.0742626,2.2526708,357.61115862223187,-46.1048879841278,43.819727539350424,0.31488273,1.0,0.0
0.40533987,0.07814184,1.0522088,1.0194286,7.8427424,2.2915573,1.9886469,0.5762863,0.0563037,0.13417225,776.8154640150151,-1.1323661418120423,-405.21619989507246,0.46421897,0.0,1.0
0.40873367,0.04761118,1.0361208,0.9931731,5.817975,2.195559,1.7951282,0.762472,0.028576577,0.0644184,-1438.6410596965998,90.20908184561173,-168.13782008940285,0.44721657,0.0,0.0
0.37716588,0.08769914,0.96953446,0.9647666,5.8688736,5.9958806,1.7763305,0.6472337,0.9614762,0.16393398,-1161.1671454696307,40.27488350384783,-664.7916406799212,0.7314276,0.0,0.0
0.30758592,0.059133925,1.0513786,1.0143995,7.3491325,10.102483,11.170715,0.6821669,1.9485077,2.146714,187.93682062907374,61.31759203970614,153.92880636395785,0.5455539,1.0,1.0
0.35052282,0.14750789,1.0192866,0.98905927,7.320922,11.688941,11.874106,0.79004925,2.3114617,2.346736,-42.99536962609636,46.687906430101066,46.22338538195618,0.3570698,1.0,1.0
0.5593264,0.035041537,1.0073007,1.0452216,5.791965,10.337928,11.044188,0.5157551,2.027637,2.155949,-954.4460150516243,-15.28774960762712,64.24232695212413,0.41281304,1.0,1.0
0.34623647,0.12813643,1.0192106,1.015776,7.3574443,10.2847185,11.350473,0.84155625,2.0025012,2.2328892,-93.09533192675417,26.599987678596335,46.00457401011772,0.47980687,1.0,1.0
0.68143,0.41232732,0.9968088,0.99135154,7.971924,11.422105,10.830408,1.0248901,2.2585793,2.0821044,115.28037231614326,38.125410724020185,131.29196754123132,0.3497004,1.0,1.0
0.58322614,0.08131248,0.97802013,1.0498676,6.2822976,4.6128497,3.2114494,0.07958571,0.5011553,0.4808635,917.1935419108254,116.65340415192895,-409.05290715398246,0.79055536,0.0,1.0
0.37439832,0.047017843,0.9926462,1.0080831,7.669032,5.4902873,3.9900184,0.04844342,0.9137905,0.5304315,2240.835228183282,-95.21353558361534,-162.71521931114057,0.62142074,0.0,0.0
0.2884362,0.084689125,0.9893553,1.0163428,6.976137,3.4895325,2.5576153,0.8338972,0.2733087,0.35728025,-409.17565223059773,150.0828395935548,-594.2331816628639,0.6554069,0.0,0.0
0.24842447,0.12325796,1.0174057,1.0166725,7.1079626,11.024985,11.684124,0.472721,2.1738548,2.292374,454.5334667932684,27.682133149506626,57.30372499000259,0.37689397,1.0,1.0
0.36264864,0.077069975,1.0292627,0.98823243,7.099255,10.7414,12.2544565,0.9192981,2.0947158,2.4229617,-438.87401301203727,48.31293219361305,49.37296087189861,0.4865609,1.0,0.0
0.7020111,0.06779245,1.0438389,1.0015867,7.2067795,9.089135,9.420152,0.93632,1.7504903,1.7419907,-357.7535325562717,-13.211308714613551,99.24297930925832,0.5002899,1.0,1.0
0.55438614,0.02914982,1.01566,0.9993409,6.4929566,2.7279894,1.6058865,0.74724674,0.35155332,0.015426616,-706.4906781664658,-650.3326850124874,9.63357089236382,0.42584148,0.0,0.0
0.30430767,0.049404144,1.0456697,1.0269223,7.0160546,2.173118,1.8446093,0.1284471,0.13564527,0.111140475,1426.9936173095095,-463.6740642972146,-381.8706742082122,0.4214287,0.0,1.0
0.23523201,0.12435511,1.0274907,1.078459,5.640244,11.231503,12.157844,0.59531206,2.223974,2.3352404,-1306.2278237766604,27.823330968953087,102.07707577414476,0.3224347,1.0,1.0
0.31847677,0.05204973,1.0235116,1.0290506,6.370117,3.440245,2.900491,0.39051577,0.25846335,0.29584002,-7.370574704120372,174.60714920447776,-257.5741353878377,0.65080726,0.0,1.0
0.6127371,0.17252617,1.0157695,1.0012709,7.999212,5.8117733,4.926614,0.38404047,1.0664686,0.71163154,1386.8333536952423,-241.14064110219442,41.656433432772246,0.47182384,1.0,0.0
0.41132843,0.04464389,1.0459034,1.0449846,8.098054,10.849744,10.898133,1.2691147,2.130852,2.1017363,-25.8155861864675,22.56987043573099,108.60875401152907,0.4185132,1.0,0.0
0.3557169,0.05471822,1.0044255,0.9888373,6.69463,2.9761174,2.9871073,0.7171695,0.21909957,0.3086703,-464.5544841132487,-56.92293368703963,-231.03069970168303,0.5648436,0.0,1.0
0.3725392,0.13377897,0.9886272,1.0025603,8.076173,2.503021,2.3760383,0.6247419,0.13167484,0.24362887,847.8761423220444,-176.16596109357363,-493.47942617151034,0.4929358,0.0,1.0
0.5242236,0.08595683,1.0721321,1.0631832,7.2162795,7.830167,7.5124617,0.007060632,1.5038453,1.3789144,2037.4934288127993,-62.367530804142916,4.589811075873513,0.44594204,1.0,0.0
0.26092452,0.033356313,0.9768694,1.0035224,8.021772,11.65189,11.042013,0.98818713,2.3066165,2.1472514,201.95909110076855,46.51429579609248,72.97060910904656,0.33878058,1.0,0.0
0.5241535,0.034558017,0.9703228,0.9838825,8.980876,7.0251555,5.9009957,1.1294701,1.2413136,0.9031913,627.0701886372735,-3.0642689118776616,109.55062049029493,0.67179245,1.0,0.0
0.5963025,0.1349995,0.9914202,1.0369205,5.8681765,1.7892463,2.3091908,0.2452406,0.037069652,0.21775106,-95.03140380851823,-174.3152277653113,-445.4232538181402,0.36326346,0.0,1.0
0.5560367,0.068389,1.0250154,1.0645828,7.3967957,9.84894,10.23436,0.32202977,1.9210061,2.0023453,1140.4946819645131,-17.534254723057074,-15.51534814398201,0.44464397,1.0,0.0
0.32605198,0.030745808,0.94908565,0.9944872,7.2048063,2.2246566,2.93218,0.5893991,0.108723715,0.25112435,265.7052426368032,-315.2909525057365,-122.99869460298896,0.44033962,0.0,1.0
0.33126694,0.043415755,0.97597396,0.9982325,8.589629,9.294814,9.183838,0.79414785,1.7912182,1.7467084,867.3825860982615,-1.9543704724960662,21.38928891706928,0.507527,1.0,0.0
0.24712679,0.06339531,0.88686,0.81141466,4.6244755,2.7215202,1.348102,0.32590517,0.37809247,0.07314654,-1449.3848375797213,-709.7412542007378,-439.00914597200483,0.3996261,0.0,0.0
0.4516722,0.038949005,1.0345412,1.0182816,7.6194215,10.308024,11.053983,0.7595726,2.0303354,2.1619954,247.9809845790428,-43.11413897361808,52.6185516579244,0.36508054,1.0,1.0
0.28297243,0.038620926,1.0435264,1.045835,8.11188,2.3978252,1.9977423,0.7954175,0.005374225,0.13324805,549.4093595328759,359.7079340597625,-385.40431224797214,0.4894233,0.0,1.0
0.38786736,0.032974686,1.0021406,1.0102452,7.9464793,2.4824195,2.2381613,1.0491455,0.2490648,0.17572829,70.80558193088109,-635.2030337542312,-359.6838679350676,0.438348,0.0,1.0
0.3119006,0.05461604,0.9834304,1.031635,5.9202733,10.839893,11.216307,0.5786676,2.1230407,2.2019486,-954.1443758330634,37.933298111031036,48.66688616727515,0.44817838,1.0,1.0
0.69282377,0.027388912,1.0101801,1.0145501,7.3501883,1.758999,2.203476,0.40193644,0.00795746,0.23511761,841.883772924718,-32.002714883555726,-621.1064673478425,0.3589623,0.0,1.0
0.20936783,0.037160624,1.1004069,1.051187,6.725782,9.636911,11.886412,0.03959547,1.8739471,2.3560677,1472.9186761268793,-24.948597191901627,38.47420185248848,0.45998728,1.0,1.0
0.34191555,0.037602082,1.034746,1.0203587,6.035054,7.8115125,7.182055,0.111817874,1.4489298,1.3136404,539.9030379281119,-9.190442461238035,-9.207706962945394,0.5963359,0.0,1.0
0.27403617,0.05304571,1.0076681,1.0226874,7.174672,2.2889023,1.8972013,0.6957854,0.06506012,0.10806916,26.124234671376144,-48.74348106973963,-329.2887016591003,0.46247762,0.0,0.0
0.52978224,0.03679591,1.0188026,1.0490038,9.962603,5.5667667,5.0187554,1.0247611,0.9683857,0.77319795,1040.9425767437078,-158.2910899111298,-29.002612842254166,0.5606774,0.0,0.0
0.49709862,0.04951591,0.94260377,0.9944634,5.3354187,9.936693,11.554154,0.4517131,1.963906,2.2791085,-1282.841361291336,-79.43819841656205,37.84389479402489,0.31055754,1.0,1.0
0.25638923,0.031554867,0.99668795,1.0080718,7.228146,5.7246423,5.145368,0.3718357,0.9493654,0.83033305,850.2412104939679,-65.36168882085212,-49.33050303870141,0.6531706,1.0,0.0
0.59450376,0.1970995,1.0566702,1.0312368,7.989322,3.1069176,2.2205164,1.0650315,0.07012384,0.11395806,82.92606238664712,686.0667018889692,-103.61985773767935,0.6301456,0.0,1.0
0.46135056,0.10246123,0.9721773,1.0053546,10.758226,5.364003,5.4067445,1.2215896,0.9341768,0.8281308,944.5654971776435,-180.2297419908973,59.564990098576345,0.5383373,0.0,0.0
0.43240473,0.0435793,1.0037708,1.0545412,7.027246,2.7162795,2.5041206,0.24560206,0.13135567,0.25226232,1044.3197784812248,35.776168695090064,-414.9568918579,0.53800625,0.0,1.0
0.29614177,0.08174493,0.9943158,0.977836,7.893245,8.500151,7.794458,0.7272966,1.6682115,1.5120511,510.2549742046954,-73.14648308548522,-83.21227892483194,0.33412346,1.0,0.0
0.47376817,0.03108584,1.047392,1.0163436,5.8513355,1.8941089,2.211563,0.38457695,0.08088656,0.082921326,-531.1532595874505,-365.2839970879447,36.077725400304416,0.37771696,0.0,1.0
0.3642862,0.049053494,1.0124934,0.97725326,4.7673945,3.496565,1.6602733,0.17460725,0.0107157035,0.09709664,-903.8952851539852,1284.4023765957986,-421.54278401176475,0.7136496,0.0,0.0
0.36756772,0.104294054,1.0611687,1.0247872,5.622896,2.0396209,1.9418097,0.5353527,0.14051095,0.055880398,-1195.4357559740702,-561.0953621838512,-13.391902442067249,0.39085752,0.0,0.0
0.79005265,0.13607223,0.99969506,0.9846796,8.440387,1.9512415,2.9939091,0.54214954,0.057095885,0.30628532,1274.6445643297739,-215.958755507803,-224.1143051918607,0.39400956,0.0,1.0
0.48385534,0.04395039,1.0328469,1.04525,8.5306835,11.537314,10.934339,1.0076039,2.276287,2.1391518,519.7953228533274,48.790918154389146,34.531680285614584,0.3858198,1.0,0.0
0.68886894,0.051318705,1.048617,1.0276324,7.122073,2.7198308,2.0306144,0.6307078,0.071081996,0.08714543,113.91630247396643,325.356052945651,-119.54604989389634,0.55042267,0.0,1.0
0.24664982,0.023790414,0.98118186,0.8876095,6.80622,6.1169977,7.0661793,0.5763346,0.8963921,1.2907828,-67.5089448401136,200.91841124633947,-17.730241276555716,0.84974724,0.0,0.0
0.41649055,0.1054354,0.9788744,1.0076252,5.0690937,9.337558,10.791933,0.14834213,1.8335098,2.1291692,-583.8622564398638,-68.4370162793648,-26.90724853781785,0.36205631,1.0,1.0
0.3895876,0.055817105,0.97615284,0.93761253,4.815304,2.8896508,1.5585655,0.060340032,0.050301477,0.11866905,-467.91042418787936,608.7680998427973,-592.0764220515247,0.58760905,0.0,0.0
0.6473523,0.030000187,1.0267215,0.99316657,5.739114,2.2413926,1.9255649,0.30673426,0.20619687,0.0394135,-416.78643909894004,-699.4854293931211,83.26714383295916,0.4062487,0.0,0.0
0.2693743,0.043189492,1.0293454,0.98837817,7.758237,2.6809928,1.734999,1.1882247,0.052506138,0.061327238,-192.6219168646585,389.25999663915627,-186.55584754029098,0.5446253,0.0,1.0
0.24327506,0.041408215,0.97798175,0.98804355,7.788858,9.785632,8.82503,0.0081137605,1.88814,1.6799245,2471.520202247414,21.20880703482544,-19.011103043406365,0.5256653,1.0,0.0
0.39259702,0.049848612,1.0294142,1.0071886,5.2292614,2.4412363,5.096616,0.30457088,0.056890897,0.88108766,-940.528963830348,127.98337428086063,-149.80470284296007,0.49492088,0.0,0.0
0.4173979,0.051803906,1.0158848,1.0170732,8.3863,8.651504,6.8604374,1.2800496,1.6605474,1.2478553,156.90016511032582,-15.406899036498999,-11.067929119397832,0.49636453,1.0,0.0
0.34039605,0.04267512,1.0255679,0.998326,7.395684,8.49496,8.815333,0.20352753,1.6324337,1.6318663,1495.760663994072,-31.47749794622132,33.79751872156248,0.48059663,1.0,0.0
0.4264654,0.0420231,1.0216962,1.0358293,7.3558717,8.890724,9.836704,0.43836877,1.7180679,1.8803105,747.8775176452109,-26.860609737699633,39.903985386661134,0.46775374,1.0,0.0
0.4275552,0.04730593,0.9672639,0.9741778,8.397025,3.012647,1.7364434,1.1747885,0.08726136,0.05283167,251.32453626611232,523.7866018217777,-118.97714087331065,0.6084707,0.0,1.0
0.3593224,0.02308641,0.97338057,0.9514192,8.117806,6.0484548,5.142717,1.1063418,1.0197796,0.70545834,133.5851391744577,-44.5422548726533,147.4474197073282,0.6641111,1.0,0.0
0.31751287,0.045753196,0.970335,1.0363703,8.158778,10.536083,10.974009,0.40361664,2.0554683,2.1424034,1435.2483419317682,14.82451310614988,52.63618714833683,0.47369576,1.0,1.0
0.50982493,0.077734545,1.0363672,1.0431244,7.542182,10.188976,11.771136,0.6559987,1.9864372,2.3245974,395.9533349861349,7.471518557537365,43.95166753887861,0.46399197,1.0,1.0
0.31793895,0.0955418,0.9580952,0.97777766,8.101712,6.0784006,5.6552615,0.42532948,1.0703231,0.8187898,1350.6231700163726,-122.82235493984444,157.33507500058795,0.5883298,0.0,0.0
0.35502392,0.11949277,1.0197955,0.99386215,7.5568485,9.630747,10.342384,0.5752307,1.8693031,1.9722425,576.7886905804003,-20.20901314291541,120.00065440536491,0.4740746,1.0,1.0
0.26521376,0.06236686,1.0197484,1.0344515,6.804861,10.071821,10.547427,0.88962835,1.9863251,2.0408409,-656.8842720895909,-58.55741654813073,56.90921107116901,0.34183225,1.0,1.0
0.2873414,0.021497829,1.0033995,0.9902839,8.562614,2.5310767,2.772386,1.1542705,0.12711112,0.17407459,383.87964695521805,-124.77359831260537,51.08621696694388,0.50010073,0.0,1.0
0.64285845,0.023306591,1.0614121,1.0475496,6.071715,2.0864322,1.5349184,0.66700613,0.15499343,0.0318332,-991.8994111234852,-607.098839892747,-121.3807987159175,0.39542305,0.0,0.0
0.5663434,0.054108728,0.9490922,0.93075556,8.523037,1.6645352,1.671674,0.3546054,0.028171413,0.06488562,1831.5553602715427,-150.93559368272915,-250.0542145992252,0.3385531,0.0,1.0
0.4773542,0.054586675,1.0858818,1.0690536,8.823828,10.199909,11.148415,0.4969118,1.9897875,2.1833842,1601.5972727400513,6.702999402882597,47.830831265499,0.45902053,1.0,0.0
0.51117355,0.017273823,0.96586394,1.0216818,7.5601234,10.598969,11.420929,0.6830974,2.0746677,2.2531378,355.6257984912527,10.95298222720885,32.88243165698259,0.44403479,1.0,1.0
0.60590154,0.0528487,1.0648811,1.0649159,8.950953,6.4795146,10.9451475,0.5678592,1.0846149,2.1536224,1505.7083702765567,9.756347173518861,11.179622834491056,0.7238316,1.0,1.0
0.38979304,0.021972077,1.003072,1.0758908,7.963748,1.848304,2.9250255,0.6027923,0.09758346,0.17084248,805.9194301137195,-468.9113184231544,160.85630186895537,0.36390042,0.0,0.0
0.34193277,0.12271636,0.98063177,0.96261895,8.171317,1.8803787,2.2676404,0.7106747,0.26537052,0.02917954,745.3384221482929,-1098.698408259486,424.2011738331944,0.27197477,0.0,0.0
0.5263446,0.004522605,1.0575725,1.0155253,8.412123,1.4480897,2.7122812,0.43638057,0.01845407,0.16160712,1525.1617663484176,-135.26660854346522,69.99934559463475,0.2949894,0.0,0.0
0.3495539,0.10295176,1.0794142,1.0164798,8.075058,1.8236794,2.445324,0.76218176,0.043589916,0.08466722,577.6833491585289,-204.15782353858435,228.26583775320398,0.369589,0.0,0.0
0.72377634,0.39585122,1.040311,1.0399691,9.053145,1.726732,3.3946908,0.94551545,0.21248814,0.23545194,865.6645833200082,-989.6173762230758,136.9144340247019,0.27785063,0.0,0.0
0.7970026,0.047902,1.0027056,1.0142082,6.813615,8.450744,9.454602,0.00021115952,1.5449358,1.8366928,1693.0083793499834,70.07922447926558,-27.8308285345247,0.6995354,1.0,0.0
0.4401613,0.011849642,0.9940995,0.9736119,9.535096,6.49711,9.325134,0.030931124,1.1323006,1.7871249,3357.7044886499625,-51.24713053537698,1.5388644070112605,0.65063494,1.0,1.0
0.43447503,0.06430267,0.9803927,1.0160589,8.886912,9.361592,10.06926,0.7545226,1.7727824,1.9602761,1097.2652332822495,65.0329008291178,8.206402248677477,0.61476505,1.0,1.0
0.30355936,0.1517731,1.0521847,1.065938,7.1870384,1.4904222,1.2905657,0.55209553,0.12776367,0.025182515,325.5075695169471,-686.715728101269,-167.17505087260497,0.27486888,0.0,0.0
0.42424196,0.050820377,0.9076711,0.9238651,8.4631605,1.6569345,2.1246877,0.83992356,0.048624773,0.10540528,710.5400990661956,-269.43444589687994,-136.66492636489966,0.3345596,0.0,1.0
0.60178405,0.025708307,1.0138947,0.9090274,7.5215397,3.0556479,4.674279,0.85694546,0.29560077,0.57556564,10.403104253369293,-216.18105406635482,107.39255343371315,0.54591244,0.0,0.0
0.5489919,0.04060097,1.0195649,1.0934111,8.328097,12.148176,11.845325,0.6678722,2.3976445,2.332983,930.113975593822,60.452947875859536,51.014371656512594,0.40107793,1.0,1.0
0.3914039,0.016299631,0.9784637,1.00818,9.121896,11.091887,11.139397,0.049072556,2.1817365,2.206416,3137.524206045461,42.02935441752561,-6.124100107279446,0.40980828,1.0,0.0
0.34332907,0.09490435,1.081168,1.0382633,7.2888894,1.7018929,2.3802648,0.5159375,0.17788295,0.017684067,496.2295760932475,-864.4946803826113,559.0724997157963,0.2961827,0.0,0.0
0.34367317,0.023189725,1.0077239,1.0303128,7.7307677,9.330199,10.27823,0.31114122,1.7876278,2.0217164,1426.6182900600322,16.900953999162994,-34.44937814421746,0.54628617,1.0,0.0
0.8047116,0.18878241,1.1051346,1.0850912,9.011233,5.6061053,8.610131,0.30466595,0.97962254,1.6059248,2257.1466273145234,-159.7702580091027,25.856956957064085,0.5566607,0.0,1.0
0.51042217,0.016357614,0.8657828,0.8900487,8.827578,1.3831742,3.5018265,1.1897403,0.08476088,0.21582015,498.0536742802128,-501.6184896575767,248.49314069168236,0.26875955,0.0,1.0
0.40573207,0.024646016,1.1091869,1.1139868,7.976541,9.635425,10.372593,0.637795,1.8269916,2.008886,747.6989873572961,70.15789224128093,53.735468326550745,0.62563133,1.0,0.0
0.30613583,0.173203,1.0691584,1.0746956,8.857512,9.852302,10.608428,0.54536736,1.9144163,2.0739274,1504.0492934887461,6.800237846574873,10.811235972710165,0.476231,1.0,0.0
0.59267735,0.038221773,1.0189149,1.0069503,8.484767,3.5893984,5.6391344,0.08643518,0.54224575,0.93864197,2689.665204656334,-310.4079437683033,2.4911822547933298,0.4801484,0.0,1.0
0.241424,0.008661572,1.024611,0.92742056,8.375695,2.1102886,2.5811021,0.9088126,0.26052538,0.1703049,525.3566888219402,-957.1903050558449,-58.24820499376665,0.33890027,0.0,1.0
0.49964797,0.016727904,1.0240842,1.1206151,10.266504,5.0954556,7.763688,1.2088447,0.8047775,1.4143649,901.4985635911071,-89.69847696218267,16.467668722738836,0.63809603,0.0,1.0
0.64080364,0.1332975,1.0499669,1.0609252,8.027002,10.192507,10.676547,0.16586606,2.0090215,2.0998054,2104.499184927433,-40.994920842049396,-11.49575285119272,0.35255066,1.0,0.0
0.38765463,0.02806681,0.96907926,0.93867624,9.254689,2.410414,3.3028014,0.40140432,0.12508498,0.31521094,2052.8569994901036,-237.17868979195975,-91.86348872132771,0.47517276,0.0,1.0
0.34662074,0.03817842,1.0008698,1.0184039,9.288744,9.899542,10.633838,0.51002455,1.9373674,2.066432,1784.1358690720963,-24.492590919002396,51.35140577673292,0.4166392,1.0,0.0
0.3782318,0.0067306613,1.0234575,0.88814974,9.757119,2.7314918,4.420619,0.7147733,0.25487292,0.570848,1473.3919690175217,-404.59539653519937,-13.816460291730891,0.49316335,0.0,1.0
0.3349936,0.07755619,1.0727777,1.0520111,7.863567,12.331776,11.4818125,0.24653064,2.4241836,2.2444098,1706.0087563434035,68.82910424954753,78.48530557863887,0.46350294,1.0,1.0
0.22879629,0.00887249,1.0116704,1.040181,9.166756,1.7824634,2.7411094,0.6801981,0.015755665,0.15556096,1366.2478427668948,-67.70063512848785,100.62312088883539,0.3634883,0.0,0.0
0.25956807,0.008714864,0.9864512,1.0675949,9.441912,10.392637,11.0999975,0.71604294,2.040717,2.1843083,1392.0943335970078,-24.275020909240993,15.935338128221701,0.40279058,1.0,0.0
0.60772634,0.0062700016,0.9538295,1.0440363,9.309472,9.134454,10.930875,0.9697709,1.7970263,2.141828,946.1630195001312,-76.75182473281848,29.59438440324766,0.33576143,1.0,0.0
0.47564647,0.025450327,0.97659636,0.9830564,6.7460814,1.495217,2.437957,0.49929306,0.07694968,0.11560777,49.65081960928046,-449.7180236729674,68.5264518701315,0.29493237,0.0,0.0
0.5865034,0.018923704,0.92175007,0.90011567,7.961248,10.306671,10.612235,0.3225619,2.0381336,2.0824387,1556.8458642542562,-56.737982599931456,-6.666229713679513,0.31475908,1.0,0.0
0.20215364,0.0050546676,1.0669231,1.0666912,8.168593,2.4749458,1.798612,0.03977908,0.17214395,0.03851135,2632.594267271751,-377.1312527073111,3.2253410878703335,0.47366118,0.0,0.0
0.2993831,0.004507206,0.6119559,0.81823236,7.7838974,3.8647509,5.685888,0.03244333,0.59716135,1.003916,2383.7580355191917,-255.17994063185392,-39.2756367650868,0.5008849,1.0,0.0
0.37054867,0.020390728,1.0336051,1.075521,8.542948,10.769196,11.251252,0.61641085,2.1111512,2.2094872,1179.769048583586,34.18098536365869,43.95950538289799,0.43548715,1.0,1.0
0.41259784,0.00664955,1.0379608,0.97295827,10.141292,6.0276423,8.297275,1.1041356,1.0777054,1.5443584,976.2205701674075,-155.47513367182637,2.4983677416776118,0.55137134,1.0,1.0
0.5365872,0.018643713,1.0871129,0.99937725,7.5339446,1.5801079,1.6632193,0.37233853,0.082185075,0.038447805,1078.6057795010183,-459.08145134826754,-79.8164616572185,0.3114403,0.0,0.0
0.40030372,0.047882415,1.0631434,1.0908855,9.666352,6.5299954,7.969948,0.29246116,1.0967257,1.4872233,2512.9324398376066,4.363984392550719,-10.860221473708862,0.72372466,0.0,1.0
0.7011623,0.1682156,1.042468,1.0397758,8.593443,10.2137375,11.181831,0.9856569,1.9759673,2.2035983,591.9457043834614,49.57453028182408,28.70868891236387,0.5287276,1.0,0.0
0.5980637,0.068406,1.0524178,1.0402215,11.4868765,6.315077,8.095019,1.3009641,1.1119143,1.4894255,946.2781208346832,-87.97050817708123,21.18158127138031,0.61139727,1.0,1.0
0.32104543,0.012623421,1.017594,1.0153846,8.378746,9.776394,10.470711,0.1662275,1.9147354,2.065294,2334.5259583620477,-43.14189194208848,-53.732199713444516,0.4042782,1.0,0.0
0.39754385,0.04126996,1.0743515,1.0327806,9.178488,2.5501812,4.805017,0.64792204,0.37787968,0.8055053,1428.1974235374191,-876.7701893064059,-171.08295245030013,0.3496187,0.0,1.0
0.5070643,0.016938545,0.95584315,1.0065855,7.563938,10.020025,11.379559,0.3052024,1.9652046,2.234635,1317.1600140318308,-36.40926331089395,54.04637675520644,0.4005295,1.0,0.0
0.47412303,0.023668095,0.9763097,1.0293287,9.184296,10.896354,11.318005,0.0952327,2.0568068,2.2204597,3016.8660054159436,199.91131842315417,48.46113832396259,0.7351069,1.0,1.0
0.5487637,0.055362534,1.0113449,1.0504019,8.120213,11.07617,11.577949,0.45597818,2.186602,2.2616758,1280.8743900054578,24.31870547420658,76.17505087260542,0.3623325,1.0,1.0
0.99503475,0.118080735,1.0310847,0.9935127,7.7155566,10.085958,10.237162,0.462775,1.9889952,2.011271,963.9948704612234,-56.3259357027855,-31.097320693093934,0.34302527,1.0,0.0
0.521797,0.0067059067,0.7926905,0.8678845,8.222228,1.9383552,3.016338,0.92822933,0.23019585,0.17840448,406.20630729180675,-964.8523347773171,175.65055402564292,0.31835958,0.0,1.0
0.7934303,0.01754232,1.0750763,1.101346,7.7422175,10.077451,11.332855,0.55133325,1.9750091,2.2304108,764.1430005098969,-22.454404823844015,42.858264402306304,0.41020805,1.0,0.0
0.3278312,0.013550101,0.8764253,1.0127122,7.7725167,6.8747287,6.055535,0.49696004,1.149699,1.0267736,917.9350683124871,51.10009073264109,32.33050303870141,0.76965094,1.0,1.0
0.338733,0.064037904,1.0139495,1.0329535,7.7950926,2.2276125,2.1633143,0.06896759,0.2125813,0.1883871,2260.9659677166014,-741.5595060117394,-498.36708146476985,0.39960852,0.0,0.0
0.4812286,0.026415933,1.0807387,1.0933508,8.1535015,10.813562,11.29792,0.13971458,2.0963926,2.1988873,2273.9235560832194,81.42867261628544,84.52057655946555,0.54243255,1.0,1.0
0.7666075,0.014005749,1.0177157,1.0317173,9.31505,11.388851,11.562621,0.38610882,2.2522879,2.278143,2132.5357182747284,36.922864984342596,42.802092048936174,0.34676537,1.0,1.0
0.25094575,0.009313973,0.91117424,0.983471,9.256704,10.782157,11.390842,1.1088501,2.0985973,2.2562292,754.6119126090721,60.57334814462638,11.966037147160023,0.5062995,1.0,0.0
0.30024308,0.00997205,0.9326142,0.896958,8.863003,2.2397254,4.213226,0.07126079,0.15795112,0.6376319,2949.681719013395,-526.6937484133927,-205.68452029220134,0.42781693,0.0,1.0
0.3837907,0.01635664,1.0284297,0.97218347,8.022183,10.723221,7.5007195,0.38394544,2.102982,1.4364686,1409.4955581228064,20.833764095640163,-70.88438872838469,0.42934683,1.0,1.0
0.43505898,0.018088065,0.9136241,0.9156863,8.921897,3.1210282,5.989115,1.200675,0.38554367,1.0697011,538.8095857289281,-369.2204222987107,-41.582625588989686,0.5010289,0.0,1.0
0.29889944,0.008269677,1.0610785,1.015731,9.0867405,2.9848146,4.859716,0.28290206,0.41365743,0.68569005,2357.0694346504333,-521.8315372266381,42.841279903540226,0.43928474,0.0,1.0
0.62860984,0.00484268,0.9487275,0.9875101,9.233352,2.8698514,3.9376826,0.5177433,0.32802317,0.4372458,1731.2697362451695,-475.69263497889165,-59.41149636936893,0.48071414,0.0,1.0
0.4106347,0.016532538,0.9903962,1.00678,9.237821,10.165027,11.456935,1.0954139,1.9588298,2.2647247,762.8292277257424,72.18564520975133,27.321360480415024,0.55536807,1.0,0.0
0.36010727,0.014160087,1.0707452,1.1020466,9.296654,6.1282935,8.745637,1.0269673,1.0263115,1.612098,871.3071457507581,-26.079293181962385,45.086872055052936,0.68383414,0.0,1.0
0.23651946,0.0057339096,0.93774027,0.91618043,9.1796465,1.4923773,2.6601968,0.3242421,0.0093772365,0.17515288,2262.2505934132287,-78.80016914387849,-25.746572052700913,0.30447984,0.0,0.0
0.46534464,0.037467375,0.9248487,0.90858006,7.099497,1.6449986,1.6898271,0.73537326,0.059653945,0.0070409775,-123.65131877415342,-335.52472892278035,122.2122775593441,0.33021808,0.0,0.0
0.58510154,0.07039259,1.0597111,1.0545582,8.624067,5.7324576,8.54213,0.504704,0.975768,1.4987665,1488.028775333638,-108.97280374877982,105.53690460463486,0.6143421,1.0,1.0
0.21904586,0.14485405,1.1025074,1.061457,7.150341,2.306654,4.1237645,0.4958562,0.17678797,0.34531385,436.5704993054369,-539.610420805284,177.22338265098142,0.43489957,0.0,0.0
0.19311889,0.027399372,1.021488,1.0359359,7.699317,2.0258,3.0071943,0.8102538,0.059765935,0.27671552,223.25897800274242,-187.4957938171122,-145.6192040150579,0.40899098,0.0,0.0
0.290305,0.010335927,1.0971825,1.0394727,9.426098,11.067599,11.069473,1.074896,2.1732023,2.1434817,852.6953605526696,44.595327832503244,105.67798989342555,0.42922226,1.0,0.0
0.5766465,0.018888315,0.95312613,1.0065453,8.099496,11.162081,11.874486,0.5876316,2.2010846,2.3493896,945.3272869124457,33.92634269323935,42.32789224467888,0.3803902,1.0,1.0
0.41108724,0.109282374,1.0406955,1.0578766,8.403379,10.279462,10.787687,0.8515172,2.0179589,2.1184986,648.3495573841401,-22.040062354999463,-5.4088814788838135,0.4012167,1.0,1.0
0.34504384,0.0790834,1.043821,1.037199,8.370021,10.681371,11.092705,1.0377028,2.102839,2.1882522,370.37407933729446,-6.224106115696486,3.102549108576568,0.3842397,1.0,0.0
0.4113776,0.065072134,1.1021036,1.0616151,7.3894186,6.27577,10.666825,0.9224646,1.1127863,2.0887368,-200.17164843255114,-108.94157307141313,12.77269910975292,0.59259164,1.0,0.0
0.6106316,0.04502581,1.0121703,1.0433042,7.360071,2.5664434,2.923112,0.95739776,0.12575486,0.10595687,-265.57950523127647,-79.12081958062345,459.43958049782236,0.5079073,0.0,1.0
0.69800466,0.17344435,0.89554566,0.98243684,7.493944,1.639804,2.3289208,1.0652801,0.2371991,0.09406516,-285.73614204091746,-1082.3025677696219,96.26910363533557,0.23115396,0.0,1.0
0.7950467,0.06217923,1.052332,0.97690034,7.305789,1.6241997,2.8255103,0.79098594,0.046625484,0.09672149,-53.6441873363533,-263.75273205922986,446.4154132431464,0.32810545,0.0,1.0
0.27173644,0.15414384,1.0799278,0.9906781,7.4700675,2.3951068,2.195274,1.1167871,0.07176133,0.0197816,-367.01013166657003,-2.528206631676312,386.1979079510628,0.48338193,0.0,1.0
0.67568696,0.43054122,0.97289693,0.97144663,8.518342,1.5035101,3.449626,1.3001208,0.18431674,0.17056632,237.94032526224782,-916.7423676352387,399.7935977513222,0.24248938,0.0,1.0
0.52520627,0.10457858,1.0396987,1.0288975,7.989319,8.577811,9.175373,0.35481656,1.5731072,1.7718072,1471.2309514164142,78.0630180719836,-15.004571279142965,0.6985757,1.0,1.0
0.56412697,0.03234398,1.02978,1.0260959,8.415417,6.3630757,9.149109,0.32367426,1.160472,1.7222393,1867.886024406178,-118.40801247099989,24.97126146618075,0.53312564,1.0,0.0
0.29429427,0.11065869,1.041518,1.0538205,8.253233,9.496175,9.741126,1.109128,1.8009539,1.8953905,217.94970818150796,70.53752632386295,-17.468973437006753,0.61547625,1.0,0.0
0.58089393,0.12172971,1.0446799,1.0308435,6.8068514,1.5534037,1.6567097,0.19749016,0.09959226,0.0397031,997.9913658280495,-551.4483567324636,-90.64925067686329,0.30035383,0.0,1.0
0.2368613,0.0583808,0.92315054,1.0312841,8.485791,1.9637945,1.9794055,1.1945289,0.020453358,0.17029089,303.0938344321348,-8.948322381115275,-549.269106366311,0.40031394,0.0,0.0
0.73717844,0.030341618,1.0285854,1.0714973,8.277883,2.8118386,4.314259,1.2115508,0.3237722,0.51068,146.18754145328603,-515.0977264582461,15.595035394894012,0.46929583,0.0,1.0
0.7040791,0.09136998,0.9886031,0.9731648,8.481873,12.273261,11.466228,1.0224776,2.4258158,2.2680974,472.2535988815289,62.858039355214714,31.404965970592457,0.3828827,1.0,0.0
0.42301264,0.07553696,0.92505354,1.0195162,8.449558,11.252716,10.857512,0.40367797,2.2099078,2.1415303,1632.9239330766395,54.21569374992032,-6.426516969296699,0.4345165,1.0,1.0
0.411667,0.11213688,0.9980289,0.9799888,7.4521866,1.6157966,2.5416007,0.87054294,0.14971155,0.08256968,-63.46302857355795,-770.6775420061106,309.05682402775994,0.29229409,0.0,1.0
0.46686375,0.08023286,1.0009884,1.043517,8.417248,9.41703,9.967234,0.6657466,1.8157992,1.9568307,998.0872021592077,2.5213199165809783,-40.91900598658913,0.5104039,1.0,1.0
0.8260981,0.22059794,1.0526941,1.026555,8.186894,5.483354,8.442078,0.65927136,1.0077939,1.5410392,858.3446774278,-267.29456762002565,43.43566362404454,0.44139713,0.0,0.0
0.41733596,0.063498,0.98707455,0.97658354,9.561532,1.8971573,3.2352283,1.5443456,0.056589466,0.15093453,593.0545504385063,-236.1034310361439,387.3096003006692,0.3829244,0.0,0.0
0.763762,0.08101567,1.0767773,1.0963174,7.6871886,9.613709,10.045123,0.99240035,1.855163,1.9440004,-40.676339892181204,-2.1060014186286935,24.537558327256193,0.5156983,1.0,1.0
0.6575207,0.21400544,1.0651664,1.0741521,8.679035,10.068802,10.258182,0.8999728,1.9425877,2.0090418,743.2629818007895,56.85463034901568,-7.222728928360539,0.5415873,1.0,1.0
0.478949,0.06789662,1.0045767,0.9760317,6.1177588,3.5597737,5.1967516,0.26817024,0.57041717,0.87375635,91.12610915941582,-378.13479911890363,-94.95101245077058,0.43481773,0.0,0.0
0.35225338,0.031615593,0.9377811,0.9465624,8.8087435,2.0396287,2.8860118,1.263418,0.23235397,0.10541927,419.48204923404637,-908.7076592489761,443.3559750076447,0.34219736,0.0,0.0
0.8321867,0.072795875,1.0636548,1.0366675,8.001497,5.1985116,7.5333667,0.8542392,0.8329489,1.3494793,369.0385352463186,-88.62787805245989,37.004572644630116,0.6350665,0.0,0.0
0.45468315,0.14731398,1.1091672,1.0987562,7.737213,10.308186,10.359162,0.52047145,2.0371928,2.0349197,832.6476919695269,-52.795852811268105,-32.52971775226342,0.3230598,1.0,1.0
0.69925797,0.025897741,0.81507546,0.8985318,5.680094,2.2570186,3.130644,0.046798922,0.1532564,0.25032532,368.7682945967456,-492.3303207380925,-26.082300093166396,0.43334672,0.0,0.0
0.39257544,0.07251706,1.10559,1.0571902,8.643374,9.999553,10.299495,0.86463,1.9655389,2.0015464,788.4834245572129,-59.32245799388966,25.463750483473177,0.3768,1.0,1.0
0.5233941,0.029913634,0.92462623,1.0349563,8.538233,3.0591972,4.239678,1.0693787,0.28304434,0.5059624,451.9929959731835,-176.25165297607714,-10.551274212916724,0.55361825,0.0,0.0
0.39821714,0.12798227,1.0667739,1.0499115,7.9166436,12.4078045,11.0807495,0.601136,2.452355,2.1795242,776.5548611066697,60.26313083456989,17.621817540055417,0.38743258,1.0,0.0
0.6705576,0.063506104,0.95700675,1.0387318,7.5178084,1.6556429,2.8725705,1.0348035,0.043927077,0.09067534,-231.9771029524486,-251.0131480102434,505.830174811903,0.33496976,0.0,1.0
0.5018656,0.05816199,0.9327649,0.947899,8.348357,10.527162,10.794149,1.0706483,2.0688882,2.1194227,314.0063826904907,-14.423174146477777,-5.325275988705926,0.3986263,1.0,1.0
0.5822438,0.045905136,0.9776771,1.0252013,9.726052,9.385416,10.571827,1.3243763,1.8251977,2.0769424,725.7096234282703,-22.0446534983962,-22.000651674390156,0.44732365,1.0,1.0
0.49311525,0.07182425,1.0524908,1.02573,6.2116375,1.9910489,2.4479787,0.85389847,0.04877827,0.05072215,-1177.2992603261168,-144.40551079121178,439.79294402870084,0.40336052,0.0,1.0
0.7148746,0.050943114,0.95897585,0.91904026,8.43629,10.466003,10.256164,0.6771673,2.0663052,2.017553,991.2076826149732,-42.56784967481872,-35.67929324220586,0.341371,1.0,1.0
0.39956376,0.063656725,0.98118925,1.0536872,4.993951,2.412658,1.8210378,0.3148263,0.20031537,0.10339697,-1169.9635940636883,-534.1220017178209,-357.8112359727105,0.44804028,0.0,1.0
0.43117914,0.0408773,0.9592521,0.89486146,6.4266214,3.8629925,5.5648017,0.38704872,0.6253328,0.9390304,64.23808285421455,-290.1672119334678,-23.487916372662312,0.46308225,1.0,1.0
0.43984804,0.055879746,1.0055951,1.0478481,7.1886616,10.910428,10.891567,0.9710162,2.1393228,2.1446016,-415.161389354997,38.85922149241196,5.76159538360298,0.43874395,1.0,0.0
0.5508048,0.059579067,0.9269499,0.9795136,7.8612795,6.2192907,8.003453,0.74953026,1.1058768,1.4794728,439.19829969571265,-113.2887943394312,-0.8811228462532199,0.58114445,1.0,0.0
0.6995962,0.061886463,1.0258552,0.9347902,6.473326,1.689967,1.9624089,0.72694397,0.110356495,0.026437812,-684.4206169401759,-578.0594716603912,170.97125873520588,0.32605755,0.0,1.0
0.42923644,0.09836728,1.0695978,1.063929,8.8741255,6.380383,7.6289597,0.6470666,1.1248971,1.4223377,1303.8194678130617,-71.44967627505412,-20.365120296905843,0.61489993,0.0,0.0
0.73581177,0.19739167,1.0492216,1.0350441,9.082574,10.446565,10.827185,1.3402623,2.0041387,2.1387126,518.7765570148067,103.71572810126872,-22.489221086929774,0.60264736,1.0,1.0
0.7750103,0.12443675,1.0399877,1.0307325,8.876477,6.3592176,7.8363714,0.9463587,1.1400857,1.4245399,783.0023788924436,-99.07351990136794,21.697583820727232,0.57535374,1.0,0.0
0.76063925,0.043306943,1.0225253,1.0004257,8.412349,10.014807,10.167975,0.5208329,1.9429069,2.0004084,1304.3232831143987,12.883565454683776,-44.5989536341599,0.49683034,1.0,1.0
0.37019846,0.07172732,1.0781881,1.0376447,9.271109,2.6238017,4.564322,1.0025275,0.4060511,0.74061966,892.4307538462772,-861.2076936003245,-193.31939931255192,0.33926374,0.0,0.0
0.5939426,0.043146174,1.0552597,1.0834064,7.224509,10.071946,11.033801,0.6598078,1.993376,2.1697495,137.02026857267083,-72.12338996310837,23.9738749911794,0.2961848,1.0,1.0
0.31847426,0.07882814,1.0126177,1.050004,7.4625626,10.857491,10.939867,0.4498381,2.0849783,2.155574,798.0917051221277,125.647424763245,3.221425579580682,0.61936593,1.0,0.0
0.5184423,0.12978353,1.0201466,1.0124278,7.7906723,11.220694,11.180217,0.8105836,2.2147734,2.1967902,284.5967735751783,38.41823948959791,38.45787244183157,0.36931345,1.0,0.0
0.9688285,0.16344857,1.094227,1.0117832,8.830562,10.327848,9.960043,0.81738037,2.0171666,1.9463854,958.6369337270999,4.8731323279957905,-22.399737555110278,0.4537083,1.0,1.0
0.28782743,0.029832006,0.9621345,0.95119536,8.710933,1.7917312,2.8092563,1.2828346,0.20202443,0.11351886,363.913551827633,-925.8905208724755,348.31743814468746,0.30207297,0.0,0.0
0.55037135,0.07707061,1.0926644,1.0988352,8.906393,10.336235,10.995512,0.9059387,2.0031805,2.1655252,850.3165286700182,52.65785788993253,12.785762638279266,0.52119446,1.0,1.0
0.27480543,0.05581269,0.9977943,1.0962864,6.844506,7.0783567,5.950481,0.8515654,1.1778704,0.96188796,-551.3126470434245,75.11281943102722,60.01371656840365,0.80152625,1.0,0.0
0.5811207,0.014462478,1.007014,1.0122273,5.63927,1.9552556,2.3006437,0.423573,0.24075273,0.12350148,-888.7280122733705,-984.9553465016036,-75.44938087519245,0.31450874,0.0,1.0
0.5676448,0.0792949,1.0269088,0.98021144,7.1915226,10.907868,10.832255,0.21489082,2.124564,2.1340017,1296.339420478039,65.99116832236723,-6.740037557462529,0.50568825,1.0,0.0
0.7197008,0.069788985,1.0672989,1.0476209,7.945786,11.537112,11.244229,0.031503417,2.2804594,2.2132573,2503.3934665121415,43.906658577061535,35.105814990707586,0.3589673,1.0,0.0
0.3297311,0.069419965,0.9723957,0.99924755,9.547816,10.928636,11.060826,1.4634554,2.1267686,2.1913435,620.8269762442824,67.222649167712,-18.813845401246,0.51463795,1.0,1.0
0.38735482,0.065861955,1.0078229,1.0522448,7.5308895,2.673619,4.0506253,0.28334463,0.18612252,0.5727463,1350.758412512612,-225.62662721256606,-176.73285480155346,0.5116232,0.0,0.0
0.43720013,0.044982504,1.0537919,1.0837,7.1761165,10.892942,7.236016,0.029340021,2.1311533,1.371583,1924.3399196429123,40.59880554139818,-66.64010402211488,0.46146572,1.0,0.0
0.29405653,0.03925797,0.88739336,0.9997531,9.424854,3.2747896,5.639288,1.5552803,0.4137151,1.0048155,547.7435283006853,-280.80260212097005,-56.23383401999763,0.51821977,0.0,0.0
0.589029,0.06907437,0.94864064,0.9448168,7.6172824,2.787752,4.5274634,0.07170333,0.44182885,0.6208044,2117.7084924480096,-773.2401064148887,-35.14435048817836,0.34708565,0.0,0.0
0.4555788,0.06755994,1.0928186,1.0237895,5.802499,2.880697,3.3462121,0.16313791,0.3561946,0.37236017,113.10784248576829,-521.9565286388013,-171.73154872179816,0.46217558,0.0,0.0
0.39321917,0.077792294,1.0607506,1.0167922,9.685461,10.285437,11.160323,1.4500194,1.9870012,2.199839,657.7868160923604,63.52938876887356,22.604182049642986,0.543364,1.0,1.0
0.6662902,0.06333641,1.0818753,1.0631517,9.077847,6.2945304,8.604699,1.3815726,1.0544829,1.5472124,494.26160647762254,-7.777213426894377,84.5819732318555,0.70186514,0.0,0.0
0.5501891,0.05012635,0.86955994,0.87278014,9.348443,2.2561634,2.6374605,0.6788475,0.018794177,0.11026726,1446.8966604771522,172.79126166787114,253.02481892906576,0.46013778,0.0,1.0
0.3260115,0.092292204,0.7238717,0.74592745,8.073737,2.122979,1.9408869,0.38076785,0.08782536,0.071926594,1454.766420108706,-281.98191733287683,-123.09275146218249,0.42397952,0.0,1.0
0.54047287,0.12418833,1.0272617,1.0145086,7.641243,5.8437037,8.094025,0.1500986,1.0039394,1.4338809,1869.164516994751,-119.52604846537088,75.96930166380434,0.6107207,1.0,0.0
0.5183554,0.16796651,1.0317152,0.9970824,8.341038,2.3269858,3.5955334,0.8504616,0.20495939,0.28042823,607.3361706668325,-628.6011698157938,85.56890833784178,0.42645118,0.0,1.0
0.3216686,0.042840764,0.9393395,0.94388217,8.690981,1.5631796,3.1012669,1.1648592,0.08793735,0.2118299,453.59539825201136,-498.9529822272086,87.28412696623809,0.30620024,0.0,1.0
0.57707125,0.0705693,1.0844063,0.9827995,9.874915,11.244542,10.679461,1.4295013,2.2013736,2.078596,705.4088603680029,61.955277798906536,57.103855188331636,0.46942288,1.0,1.0
0.4777608,0.07402692,0.9814789,1.0421878,8.8142185,11.276866,11.525417,0.94223696,2.229256,2.284504,752.2866275956503,29.141617131303065,16.032007146925025,0.3492942,1.0,0.0
0.245224,0.06739824,0.9947449,0.9231602,5.0370092,2.663003,1.5088654,0.18618563,0.08488028,0.06975384,-738.6543242424541,195.41044544809142,-365.4689761679818,0.5366357,0.0,1.0
0.2218066,0.10616168,0.976994,0.9645561,5.588153,5.498223,2.6363204,0.0709474,0.9051725,0.029761733,190.3305367236519,-76.67649727430626,705.2638779508276,0.63728017,0.0,1.0
0.21955168,0.04528163,1.0597332,1.0659828,5.8142715,9.825203,10.328426,0.10588055,1.8922039,2.0125415,318.13373976208936,38.46922298583877,16.028087542172216,0.540976,1.0,0.0
0.5005335,0.08259769,1.0078055,1.0174278,5.9954715,11.422761,11.209088,0.21376294,2.255158,2.2125638,134.32603376073166,42.06754051268399,26.04311087307542,0.37282914,1.0,0.0
0.49639353,0.045178745,0.9552577,1.0207081,5.322259,10.061348,10.550316,0.060531233,1.9713334,2.021777,-52.57262861544359,-26.85949630319874,122.5715232283269,0.41215107,1.0,0.0
0.2399458,0.08037994,0.9745232,1.0097798,4.5451365,10.197153,10.643425,0.26526994,1.9461975,2.098717,-1320.5762554200703,125.1439814056971,-36.621161086459324,0.6221542,1.0,0.0
0.65969026,0.33902863,0.9530176,1.0047377,5.5247912,11.111627,10.181442,0.44860366,2.2022755,1.9479321,-1079.9350683124867,13.01314801024273,92.6629665625228,0.3039873,1.0,0.0
0.5095703,0.08030311,1.041405,1.0093422,6.6690044,4.1964216,2.510716,0.49670064,0.4448516,0.34669128,-11.078318404820493,95.04924464179317,-607.7348146039299,0.72636735,0.0,0.0
0.49204355,0.059228245,1.0378435,1.0620347,7.811309,5.234776,3.9484198,0.52784294,0.85748684,0.39625925,863.4303768528571,-109.67301956541041,24.91639382707831,0.6130792,0.0,1.0
0.19051509,0.11259068,0.97323036,0.9711781,4.609514,3.8068683,2.6108584,0.25761086,0.217005,0.22310802,-1262.750282745065,486.90345567895133,-233.98432499470755,0.74484247,0.0,1.0
0.3338386,0.18214947,0.93989027,0.9336611,8.538252,10.736774,11.02543,1.0490073,2.117551,2.1582017,483.4543996411385,-1.3271178399827477,47.325932442301564,0.36387774,1.0,0.0
0.2185081,0.10249689,1.0351974,1.0688411,6.5045357,10.492861,11.614905,0.3430118,2.038412,2.2887893,273.97660378757564,44.348822717072835,45.136514009647726,0.5091671,1.0,1.0
0.61282396,0.087817796,1.0478634,1.0575054,6.562333,8.8513565,8.877021,0.36003366,1.6941867,1.6078185,278.67584072730824,-1.0469490700947972,92.91966107469761,0.5239992,1.0,0.0
0.62968856,0.0862903,1.0089506,0.9871889,6.303876,3.64833,1.831997,0.17096038,0.40785703,0.14959887,613.9976211075564,-59.12088828332003,-580.8785120522305,0.61750937,0.0,1.0
0.38623816,0.039753217,0.9537621,0.86206526,6.7509756,2.5838861,1.9659886,0.44783923,0.19194897,0.023031771,193.05154497020612,-330.13473041620705,190.61593540195094,0.48970047,0.0,0.0
0.38591006,0.082038395,1.0146209,1.0509764,6.748218,11.076835,11.275736,0.019025728,2.1676705,2.2010682,1566.1123454486883,60.27704167015327,68.6459847947317,0.46665493,1.0,0.0
0.23221932,0.046300054,0.95662135,1.0154696,5.8694377,3.0098531,2.4865656,0.18577056,0.20215964,0.16166778,103.65669789536719,36.167349338860845,-105.95885166027654,0.578702,0.0,0.0
0.5457034,0.22667313,0.99485207,1.0451235,7.881906,5.9812293,4.367969,0.19224586,1.0101649,0.5774593,1899.830725220362,-52.2077623030209,-50.52384107610919,0.65397114,1.0,1.0
0.45570365,0.068129785,1.0654972,1.0429814,6.588604,10.737057,10.244879,0.6928285,2.0745482,1.967564,-502.57812990811,92.9240471215403,77.68713381719863,0.5660764,1.0,1.0
0.32018474,0.06613543,0.9171594,0.875176,4.63536,2.9105837,2.087215,0.14088316,0.16279587,0.17449808,-856.6984881924227,95.79814838296636,-481.85107891542293,0.5704141,0.0,0.0
0.38486195,0.20344102,0.9915369,0.9316842,5.4224753,2.390118,2.0010881,0.04845558,0.07537114,0.109456636,91.17302375571785,-24.007374729649143,-252.18419479637828,0.4817781,0.0,0.0
0.36074257,0.09103982,0.94627875,0.9997646,7.576421,7.6755514,6.5456676,0.58334696,1.4475417,1.2447422,571.9091710361658,-43.27724777824278,-105.10973186448655,0.5216029,1.0,1.0
0.3167597,0.05473735,1.051939,1.061716,6.4067726,11.473169,10.386618,0.41190082,2.2503128,2.0130792,-27.604404177851393,59.836059667339214,49.048988914716574,0.45807174,1.0,1.0
0.45216045,0.03593485,1.0210108,1.0399737,11.238704,6.924974,5.2910776,1.7057564,1.18501,0.7690191,757.4159918058031,31.286430065036257,99.85107754993487,0.73169476,1.0,1.0
0.4183923,0.17821313,1.0176569,1.0609716,7.643265,1.9939034,1.7298933,0.33104575,0.019234044,0.08357882,1298.0332782965581,14.878066984875659,-316.88047185460687,0.40653014,0.0,0.0
0.7237052,0.07194778,1.0509405,1.037425,9.231439,9.740539,9.638467,0.8983161,1.8647025,1.8681731,991.5740039386105,48.47270069473507,-16.451337946593867,0.5755513,1.0,1.0
0.44340423,0.085292526,1.0486878,1.0360045,7.397814,2.1277895,2.0691695,0.013112774,0.052420013,0.116952114,2161.2895004134366,-82.76893846651194,-233.348139894602,0.4310255,0.0,0.0
0.27253032,0.059871927,1.0479101,1.0684763,7.3159766,9.228593,8.425302,0.21786149,1.7349145,1.6125361,1373.770923071626,79.97850832667746,-37.892226572402706,0.64286864,1.0,1.0
0.29060015,0.12112085,0.9804822,0.96580833,7.1417484,3.155328,2.039912,0.25038117,0.43439618,0.06102571,1142.7378943575045,-421.52945747157037,30.381448342075828,0.46719882,0.0,1.0
0.42108715,0.04176757,1.0299599,0.95644295,5.475243,10.089997,10.559062,0.18328626,1.9740318,2.0278232,-326.396848973862,-10.656950563521605,107.9268465615819,0.42759112,1.0,0.0
0.30506226,0.061968684,1.0406398,1.045887,4.7022057,2.4785004,1.3815671,0.21913113,0.05092947,0.0009241929,-1089.877894638631,195.94171047680635,13.43892677520104,0.5032444,0.0,0.0
0.52126455,0.055310972,1.0459919,1.0285989,5.893696,2.7619116,1.33087,0.4728591,0.1927611,0.041556053,-737.7909420618598,-173.9321846765298,-241.39843420633036,0.52833205,0.0,0.0
0.4490914,0.038560007,1.098373,1.0667815,5.609386,10.598632,10.68073,0.0023812535,2.0667372,2.0677764,449.07531293651994,25.461085430849835,92.39320852182209,0.4807089,1.0,0.0
0.69629335,0.04961168,1.0333056,1.0632156,7.513321,1.8768268,1.7297169,0.1743499,0.048346236,0.100945376,1682.0913281287076,-203.4633810025481,-400.1247565608767,0.37991473,0.0,0.0
0.32430863,0.051923,0.98822826,0.9748654,7.232735,9.399436,11.236781,0.5366909,1.8176434,2.2218955,404.9288130329801,-8.276134343741887,15.502941069051303,0.48962975,1.0,0.0
0.37194693,0.056098577,1.0964829,1.0402803,6.1052012,7.4294543,6.734085,0.46446845,1.392626,1.179468,-497.64056053172635,-44.07122432966935,34.092750096694544,0.52881986,0.0,0.0
0.25236356,0.03824964,1.0014597,0.934694,6.8598027,2.8264663,1.3915732,0.119499065,0.12136382,0.026103083,1328.7526563979782,190.27154320034492,-146.09144538242734,0.5634966,0.0,1.0
0.39571536,0.04842942,1.0328121,1.0590229,10.8727865,5.5592346,4.4128275,1.6010474,0.912082,0.6390257,761.2018043288867,-59.32927600628818,-119.62181617456827,0.6489655,0.0,1.0
0.4421997,0.060737528,1.0361835,1.0614401,6.2048326,9.780573,10.891703,0.12457325,1.9076023,2.1449363,669.2109324261796,-27.489113210106552,4.803398128691697,0.44186795,1.0,0.0
0.22736663,0.06139633,0.9119526,0.9024462,6.9943852,5.3997293,4.5477557,0.20445062,0.8930617,0.6961608,1141.9362551389436,-101.16839407066527,-129.8451995082935,0.61974794,1.0,1.0
0.5441339,0.21924466,0.9994058,0.99378705,5.0977025,2.9869657,1.8443543,0.48874515,0.013820136,0.020214185,-1599.5232077157143,900.8653382864895,128.21880932360722,0.6095486,0.0,0.0
0.70612717,0.06523456,0.9945329,1.0208077,12.481563,5.436217,4.607758,1.7978759,0.8778731,0.6939585,806.2254501237476,-59.978577029374264,-97.88700225338243,0.65466034,0.0,1.0
0.4704051,0.05970891,1.0403373,0.9968141,6.224845,2.231914,1.7369937,0.33068427,0.07505198,0.11809008,29.357687151686605,-150.0652449409855,-484.16002754170233,0.4491019,0.0,0.0
0.3303817,0.10479565,0.97454834,0.9805025,7.3709474,8.305446,7.173797,0.15101027,1.6119077,1.3778788,1659.8534948569297,-66.34555111626696,-94.4519916692152,0.40948445,1.0,1.0
0.3567512,0.06716986,1.0731101,1.0248495,5.7191973,1.9939572,1.5836555,0.1917094,0.024582855,0.051250916,-88.53384378668852,-8.398555373419953,-198.1443518536659,0.40624076,0.0,0.0
0.2326327,0.07405147,1.0189252,1.0045362,6.706802,3.8759096,1.6554364,0.4016791,0.0670194,0.037075605,273.8703862074108,1164.6616104096147,-77.94186989248499,0.7882043,0.0,1.0
0.39027646,0.10598132,0.9832861,0.92412585,5.598873,2.4124851,1.6823978,0.040933605,0.19681464,0.07829185,304.29663185123695,-524.4402878801709,-320.42390754076143,0.44961482,0.0,1.0
0.6327457,0.16348438,1.0241743,1.0331084,7.049267,2.3245134,2.3308368,0.034136806,0.00079218723,0.17211308,1789.1226045262422,315.21603726340356,-261.0809940134113,0.47448865,0.0,0.0
0.3477098,0.062403236,1.0765986,1.073058,7.047489,11.315986,10.21787,0.4313175,2.2199833,2.0049796,504.74365047213814,62.6207852292755,-34.34813716362714,0.44923052,1.0,1.0
0.4095126,0.052797854,0.9875318,0.9496648,4.53519,2.1605706,1.4089063,0.05442148,0.0147782955,0.04702681,-619.679722353902,139.12575423750312,-258.6041820496429,0.44076666,0.0,0.0
0.29911232,0.05742441,1.1073638,1.044008,6.556653,5.9717307,6.7561316,4.8240858e-05,0.8400884,1.1566105,1457.9949926326763,217.5746676872168,71.4030048027289,0.8664548,0.0,1.0
0.51038593,0.12387404,1.0310663,1.0366491,7.1064887,9.241676,10.159779,0.4279442,1.7772061,1.994997,578.3389213131659,8.264381674463493,-34.87067147723701,0.51829183,1.0,0.0
0.362571,0.05967061,1.0044482,1.027673,5.882376,3.3780801,1.9763422,0.63662636,0.10660517,0.015503193,-1119.9899905048824,715.477566648918,246.6544722649082,0.6809096,0.0,1.0
0.3548418,0.046573266,0.9480629,0.95246416,7.827923,3.0955334,2.0731525,0.8830206,0.26250055,0.09475874,188.71099875143682,-93.95882421049964,-120.6890936195756,0.5722639,0.0,1.0
0.28958142,0.04900633,1.0289124,1.0109186,6.213685,2.8645346,1.4405981,0.6119383,0.108809836,0.072845004,-726.3112717202575,277.73798259993157,-410.05094871709366,0.57407784,0.0,0.0
0.32712328,0.03788642,1.0360479,1.0577592,8.006724,9.446917,8.22633,0.5681726,1.8318363,1.5457522,914.0461658489921,-12.552756702037186,-18.459829513233217,0.47230065,1.0,1.0
0.40992028,0.049187414,1.0440106,1.0190084,7.2894015,3.064358,4.9270315,0.8808572,0.11319459,0.74691546,-210.3291614004852,443.3456198189633,-15.110385587107885,0.61474806,0.0,1.0
0.19312355,0.07328038,1.0134864,1.0075204,6.1340613,8.552649,6.156822,0.7037632,1.6042438,1.113683,-995.7820583074727,29.365097827051613,-35.683866569580005,0.60580015,1.0,1.0
0.42034063,0.046205,1.0447893,1.0613725,8.535825,8.250335,7.974949,0.7798139,1.57613,1.497694,860.8841499181381,-38.76337129400736,-23.52579951299822,0.4984719,1.0,1.0
0.41758367,0.048684802,1.0436852,1.0086945,9.167242,8.579779,9.156723,1.0146551,1.6617643,1.7461383,834.1732785776853,-43.291158613826155,8.368387544524467,0.43665832,1.0,1.0
0.49153706,0.061173644,1.0510821,1.0045539,6.0756006,2.3372433,1.1602354,0.5985021,0.030957656,0.081340574,-851.8230946176882,173.70097864197072,-530.9849787173289,0.4760404,0.0,0.0
0.3442951,0.06075945,0.9934389,0.99748105,7.9306765,6.0678377,4.782606,0.53005546,0.9634759,0.57128614,949.8083325772145,64.47742924352497,173.20444108081347,0.75309116,1.0,1.0
0.5107211,0.064616375,1.0504117,1.063012,8.255859,10.349536,10.258161,0.17266971,1.9991647,2.0082312,2234.3755768319143,68.31063662191445,-5.285433045993614,0.5475857,1.0,0.0
0.58374816,0.087166466,1.0584903,1.0643458,9.879444,10.074704,11.096839,1.232285,1.9301335,2.1904252,822.9702263366157,89.13125270731098,3.1652532262105524,0.5903492,1.0,0.0
0.38468915,0.058557004,0.9616864,0.96927637,8.195403,6.121349,5.0757504,1.0016158,1.0140194,0.6846176,311.0795715565341,-1.9473463520075711,146.77857578590715,0.7001496,0.0,1.0
0.36237806,0.17467089,1.0302242,1.0443407,5.925363,9.426624,9.725064,0.0010555957,1.8129995,1.8380703,808.3595616397265,16.318774176903844,83.21097421056402,0.52785194,1.0,0.0
0.3403741,0.055487324,0.99241585,1.0012876,6.5528016,9.884938,9.927898,0.31334203,1.9300215,1.9066685,412.6718369292614,-22.926617504025216,36.99085675897004,0.43719897,1.0,0.0
0.34382093,0.062103376,1.0447589,1.047269,5.9905605,2.8810613,1.5195618,0.57798415,0.18341482,0.039902344,-884.8199669779347,-13.060653797588657,-163.62834930431882,0.5575052,0.0,0.0
0.42638597,0.06883383,1.0100657,0.9999284,5.777619,2.663151,1.6789371,0.090719774,0.21129714,0.16600545,336.1100939672283,-327.96459749109385,-735.6035283270215,0.4990078,0.0,1.0
0.20797656,0.07763198,0.9531005,1.0390915,4.3907456,6.1530914,2.049432,0.115238234,0.99005276,0.09951558,-895.6922329129159,56.80844410426107,-167.25016479614305,0.74597317,0.0,0.0
0.3639213,0.040355198,1.021672,1.0373263,4.7900014,10.268209,10.737669,0.080305085,1.9770843,2.0822954,-557.7662979372526,77.63240049316028,78.31286891377567,0.56695735,1.0,1.0
0.5118931,0.13828805,0.97226185,1.0132397,4.9316883,11.846549,11.549003,0.027577303,2.3400383,2.2823174,-259.0246493641381,46.44021917747341,31.906598911658875,0.3789377,1.0,1.0
0.63097346,0.025661873,1.042107,1.0361481,4.5283504,10.527705,10.95147,0.24671687,2.0562136,2.0915308,-1273.977856939289,10.853448211817977,161.04441695283003,0.4624308,1.0,1.0
0.18897419,0.11997365,0.9906918,1.0098212,4.599427,10.648999,11.006666,0.0790843,2.0310779,2.1684706,-665.1576403789177,136.97266634338666,14.932072246090684,0.6541297,1.0,1.0
0.6499994,0.40744734,0.97564876,0.9757971,4.771638,11.583472,10.530342,0.26241803,2.2871559,2.017686,-1184.3187801514782,51.05133410540111,120.3416081303385,0.37637392,1.0,1.0
0.54192847,0.07399593,0.9949164,0.99917626,5.6669726,4.8323646,2.909061,0.68288624,0.52973187,0.41644514,-1455.049792653619,138.12909454100577,-468.0176361731569,0.82503414,0.0,1.0
0.48770764,0.034666255,0.98675096,0.9754414,7.649851,5.549524,3.7833533,0.71402854,0.94236714,0.4660131,359.04078672777905,-117.7089100888702,-167.6172442126815,0.59846395,0.0,0.0
0.1496552,0.08312844,0.98928046,1.02555,4.098271,3.1988194,2.4999416,0.071425214,0.30188528,0.29286185,-866.6426898417335,-107.63128705865938,-524.7413463681928,0.5756908,0.0,0.0
0.40415618,0.15592359,0.95135343,0.903939,8.1054535,11.288051,11.326128,1.235193,2.2024314,2.2279553,10.348182060973159,71.04208311591174,36.81646165721759,0.50631344,1.0,1.0
0.20885557,0.07068002,1.0071775,1.042565,4.6859984,10.916298,11.928869,0.15682615,2.1232924,2.3585432,-878.0260246873047,70.96223321669822,43.55780734266773,0.5186637,1.0,0.0
0.6774343,0.038918305,0.9699694,0.9948875,3.676634,9.195076,9.016939,0.17384803,1.7790669,1.6775723,-1312.2464674437283,-20.590942797195567,39.94709421150492,0.47532648,1.0,1.0
0.6172727,0.0568086,1.0330228,1.0498382,3.3197088,2.786155,1.628635,0.015225256,0.32297674,0.07984502,-793.9947482897701,-544.1845317752507,-360.13128832513974,0.4634477,0.0,0.0
0.23444697,0.02061164,0.9284413,0.8397562,5.6809916,2.2721941,1.6310909,0.63402486,0.10706869,0.046722073,-1339.3679462292403,-273.43562803407747,-147.6459847947317,0.45075276,0.0,1.0
0.45206493,0.10160267,1.0392132,1.0768741,4.2784085,11.369261,11.582854,0.1671599,2.2525506,2.270822,-1128.7716770584661,32.9518000900116,60.551275578403875,0.31691793,1.0,1.0
0.3117289,0.038363934,1.0196321,1.0067719,4.7011533,3.5680213,2.1508172,0.3719562,0.2870399,0.23142162,-1555.7454027887247,159.15343850327713,-650.3363824458308,0.6668014,0.0,1.0
0.70865804,0.20223916,1.0795424,1.0736803,6.6861815,5.981345,4.0171947,0.3784315,1.0950452,0.6472131,328.7128732394767,-200.75175603012212,-305.3082955864022,0.4915279,1.0,0.0
0.45907083,0.037630454,1.0116198,1.0817702,4.5423,10.944094,10.525641,0.5066428,2.1594286,2.0373178,-2012.93106451444,17.900885296467095,53.65839460063626,0.36485708,1.0,0.0
0.56573373,0.045875877,1.0245274,0.96639735,4.018344,2.5908935,2.5991445,0.04530247,0.24767615,0.24425192,-798.9340699827405,-517.3477092825719,-313.45852479896575,0.4645402,0.0,1.0
0.40507177,0.18480115,1.019836,0.91938615,5.3203006,2.427791,2.2165031,0.13773005,0.16025141,0.17921048,-318.7921952135739,-373.4912026737154,-409.24493911163506,0.46780324,0.0,1.0
0.31944436,0.032230023,0.9975223,0.97726786,7.1590824,7.940162,6.9922237,0.7695326,1.532422,1.314496,-128.91192168249881,-72.32586700008869,-62.14500284531232,0.42515922,1.0,0.0
0.33267286,0.028177986,1.0106984,1.0281725,4.922034,11.857434,10.692957,0.22571518,2.3351932,2.082833,-950.0684363206865,53.29554364913383,50.41737577649792,0.42182985,1.0,0.0
0.7036256,0.034657136,1.012619,1.0672102,11.225473,7.3492193,5.5093756,1.891942,1.2698902,0.83877295,716.6703394346418,34.77484915249943,75.9412148043757,0.7554109,1.0,0.0
0.56294924,0.15200356,1.02921,1.0305635,5.6373625,1.9491028,2.206196,0.51723135,0.06564623,0.15333267,-1135.4192416170094,-267.5120002243942,-313.52318871897546,0.39217693,0.0,1.0
0.7248791,0.046914622,1.0897489,1.0440702,9.035981,9.980509,9.923274,1.0845017,1.9495827,1.937927,694.4111118494629,-28.50879732628482,-28.671455398187845,0.43726164,1.0,0.0
0.47416475,0.05770183,1.0146818,0.95422703,5.112097,2.007186,2.2827015,0.17307286,0.13730028,0.18670595,-638.2732408783429,-568.4715185575375,-367.61789793530284,0.385006,0.0,1.0
0.38794672,0.02383136,1.0457788,1.0851926,6.678444,9.646282,8.804661,0.031675857,1.8197948,1.68229,1455.4068532294486,89.78173586759476,-29.88569480813976,0.65381706,1.0,0.0
0.33658326,0.09362575,1.0450691,1.0044754,4.8642607,3.0539997,1.7106336,0.4365668,0.34951591,0.008728135,-1629.8248469342752,-343.41949032949196,118.60940363768785,0.5112436,0.0,0.0
0.46776757,0.029266117,0.9511569,0.90777147,5.8109393,10.445727,10.915642,0.0028993774,2.058912,2.097577,670.7509040813915,-41.972941154172986,127.33703616845196,0.36143583,1.0,1.0
0.31157976,0.030318055,1.0018889,1.0512513,4.8068027,1.965604,1.120205,0.03294549,0.033950802,0.06882965,-375.2285777635009,-74.92286498434302,-460.53168028561504,0.39972815,0.0,1.0
0.57267183,0.024169706,1.0406475,0.9992587,4.7024307,2.6348333,2.0453758,0.2866735,0.2776414,0.11130989,-1287.5392229079018,-567.5988742440954,-236.8288714631234,0.45713004,0.0,1.0
0.41995254,0.045271397,1.0186527,0.9857691,4.6060257,11.025527,11.053035,0.18380438,2.1516173,2.13753,-1022.7212578289905,68.52472892278092,106.42717342289234,0.49268907,1.0,1.0
0.6816007,0.034370564,1.0022657,1.0457056,5.8753953,2.3065188,2.215027,0.36053553,0.036534037,0.17069922,-439.9729769829487,121.65583712902048,-366.18550087613346,0.4693373,0.0,1.0
0.3031428,0.018978836,1.0355926,1.0551002,6.5617433,9.754236,11.538713,0.7228765,1.9025238,2.2916493,-591.7985726645338,-30.778464266788433,9.282823617457325,0.44041708,1.0,1.0
0.3490344,0.027792057,1.0032012,1.0445274,5.792335,8.044943,7.1463103,0.6506541,1.4775063,1.2492219,-1250.775803027966,22.70654581447525,62.01567637078006,0.65017587,0.0,1.0
0.33280882,0.041279264,1.0634289,1.0357476,5.5678267,1.9998226,1.5290821,0.06668657,0.03648354,0.043650758,180.21005626788622,-71.37309797664767,-180.16851910834185,0.40651026,0.0,0.0
0.5095318,0.028642168,1.0441092,1.0643817,11.220878,5.855554,4.628378,1.7872331,0.9969623,0.7087795,736.1986766891332,-94.87326973338895,-108.46897480249436,0.6271353,0.0,0.0
0.559294,0.039493684,1.0555634,1.0695755,5.410324,10.214961,11.201562,0.3107589,1.9924827,2.2146902,-778.7462789470183,8.81873982555544,17.18942048088502,0.46078545,1.0,1.0
0.27206925,0.06272979,0.99971193,0.97158426,6.151939,5.7920623,4.6334863,0.39063627,0.97794193,0.7659147,-241.3571879868132,-91.91493353744363,-204.37883754805353,0.6337298,1.0,0.0
0.61106336,0.1731917,1.0259237,1.0230118,3.7751772,2.8310895,1.9297085,0.3025595,0.09870041,0.04953966,-1693.8935328373984,289.4648379505319,18.688437165978826,0.56904614,0.0,1.0
0.7483554,0.0900809,1.0548503,1.0343896,12.580431,5.6828966,4.8195558,1.9840615,0.9627534,0.76371235,779.1018420282285,-106.63831117914788,-101.4415416656866,0.61654145,0.0,0.0
0.6252289,0.03500781,1.027178,1.018876,4.7219253,2.9375796,1.9369136,0.5168699,0.15993226,0.18784392,-1936.0948327618808,128.4798622206165,-671.4506869549477,0.57698625,0.0,1.0
0.40893653,0.039203096,0.9771392,0.9894954,5.849286,8.713304,7.448242,0.03517536,1.696788,1.4476327,607.1493779608567,-47.9890788587586,-105.48726265004098,0.40540186,1.0,0.0
0.3963799,0.039040107,0.91810495,1.0507196,4.205561,2.5534055,1.9310262,0.37789503,0.10946313,0.018502926,-1818.3005134778307,-23.1462769773957,188.11430246088517,0.50909746,0.0,1.0
0.21498117,0.042658128,1.0069257,0.9930819,5.3912053,3.3674736,1.4651613,0.58786476,0.017860875,0.03267824,-1550.3349175151188,1173.6755212451985,-156.29719322573987,0.6871409,0.0,0.0
0.38559744,0.053767122,1.0182182,0.92687184,4.2520275,1.5345992,1.571039,0.22711924,0.111934364,0.008538004,-1349.7038673136362,-607.9147961320502,41.525798147510216,0.29167348,0.0,0.0
0.77561516,0.13545321,1.0325946,1.0170771,5.7783613,2.4136357,2.5909476,0.22032245,0.08567246,0.24186693,-113.85112120401664,-51.44487902356764,-311.6675385244098,0.48486006,0.0,1.0
0.2286763,0.020429319,0.96144706,1.0648332,5.953899,11.711156,10.612389,0.24513188,2.3048635,2.0747335,-2.369199380953887,62.42749047908728,15.87394009034324,0.4253072,1.0,0.0
0.5221918,0.030478537,1.0067216,0.9097117,4.1995263,2.5310295,1.4399903,0.13176416,0.09965857,0.022727035,-1039.899288952032,-3.4194216267953834,-111.44676871568228,0.5065329,0.0,1.0
0.2785779,0.03012563,1.0623674,1.0494026,5.383008,6.489661,7.01707,0.1861374,0.92496866,1.2263644,-424.99211981488975,292.4230367410846,58.43043793953666,0.9293036,0.0,0.0
0.55692244,0.094658725,1.0393928,1.0360234,5.310878,9.512814,10.508419,0.61412984,1.8620864,2.064751,-1696.5955204234642,-48.70090993927397,-28.79490383107759,0.39840692,1.0,1.0
0.38488382,0.043610957,1.0494708,1.0829307,5.774931,2.8569412,1.9508153,0.822812,0.0217249,0.05425065,-1587.6339282587992,724.1674180415574,6.273675597222223,0.582749,0.0,0.0
0.51261985,0.029538801,0.9676781,0.8868805,7.0900073,2.691725,1.2590284,1.0692062,0.17762029,0.0250049,-624.6825951716883,-178.52361548827946,-171.2377549902382,0.5186786,0.0,0.0
0.26017419,0.020376187,0.919559,0.9481063,3.7984862,2.9906182,1.5322438,0.42575267,0.02392956,0.0030911602,-2062.7012388387557,846.5435744152437,61.68974324573392,0.6099686,0.0,1.0
0.32832626,0.02886887,1.0288357,0.9916554,7.8479366,9.867326,8.542451,0.75435823,1.9167166,1.615506,416.9274377098136,-2.794670674070403,-17.787719709680914,0.47954246,1.0,0.0
0.4606103,0.03787287,0.98110986,1.0014179,6.5395994,3.0817924,5.0002956,1.0670428,0.02831432,0.8166693,-1122.0471641787385,900.1222765286072,-96.70672774450077,0.6284041,0.0,0.0
0.17113878,0.03802611,1.0115107,1.0366794,4.673938,8.825332,6.360318,0.5175775,1.689124,1.1834369,-1969.7436504721381,-3.2205597041038345,-75.78184166803885,0.5227323,1.0,0.0
0.49409547,0.030534681,1.0056531,1.0604789,8.300912,8.675241,8.341658,0.9659995,1.6610103,1.5674479,417.79845049308096,-12.320093719494707,-12.93729519962335,0.5117752,1.0,0.0
0.45548052,0.009513877,0.943125,0.9732656,8.956339,9.0185175,9.454271,1.2008407,1.7466445,1.8158921,553.147381301364,-30.327049137286394,-0.43696833831245385,0.45936954,1.0,0.0
0.50810903,0.010031914,1.0201573,0.9306447,4.5550804,3.228013,1.1678408,0.4123165,0.11583793,0.011586731,-1757.9154263156724,576.6349708756451,-106.9934702839684,0.64822215,0.0,1.0
0.4812352,0.031230986,1.0595953,1.013815,6.06387,6.3324027,4.6962495,0.3438698,1.0483562,0.64103997,-191.98323606050258,25.817695093751354,18.482690688153752,0.72523147,1.0,0.0
0.52671504,0.015720632,1.0358441,1.0488739,7.514348,10.754365,10.561379,0.35885534,2.084045,2.077985,1106.973476147822,82.53168434057216,-36.91704618421272,0.54295796,1.0,1.0
0.5429582,0.06634642,1.0545975,1.0628219,9.35159,10.516379,11.40013,1.4184707,2.0150137,2.2601788,586.3687002160809,112.67058658831866,8.13324812751489,0.61533284,1.0,1.0
0.4902868,0.08510814,1.0679162,0.9988186,8.813381,6.3497076,5.4645634,1.1878015,1.0988996,0.7543714,489.04028756290563,-53.57814539611309,191.14043088342532,0.6496562,0.0,0.0
0.43204823,0.14916706,1.1044999,1.1540276,5.6954,9.745358,10.008249,0.18724123,1.8978797,1.907824,-96.62755080783927,-25.212490851811253,76.07446224914793,0.45292193,1.0,1.0
0.3409167,0.047085524,1.0551723,1.0281285,4.0624156,10.176999,10.214432,0.12715639,2.0149016,1.9764224,-1063.3575649802335,-71.35834851734944,32.16786538572023,0.2940788,1.0,1.0
0.41319838,0.026783183,1.0252435,1.0929878,4.1821194,3.024898,1.7239878,0.39179853,0.09853455,0.109656185,-1871.992618979763,482.4069677391956,-448.1632934238339,0.6092099,0.0,1.0
0.4535926,0.035768252,0.96744806,0.99812543,3.846043,1.7710109,1.3031533,0.09546586,0.12641686,0.0962516,-1002.7828122943133,-631.9761440522825,-563.6263895019424,0.3376974,0.0,0.0
0.33741465,0.06447597,1.0498238,1.0541244,5.667416,6.374948,10.386692,0.034933154,0.98703146,1.9827799,398.47378681598514,155.69270368158823,123.48138597388606,0.8237158,1.0,1.0
0.58150715,0.16663149,1.0101216,1.0336814,6.0351286,7.5739236,11.162501,0.14281555,1.3499854,2.182802,427.66608081462755,23.68456612659884,63.768127147866835,0.7012727,1.0,1.0
0.46735615,0.05787471,1.0277568,1.0537922,5.1703424,6.3529716,10.283644,0.13147864,1.0661608,1.9920152,-435.588266814211,1.8304237921374806,40.02482166004074,0.70541877,1.0,1.0
0.23967302,0.14843993,0.9533953,1.0124698,5.3847666,6.3681517,10.612516,0.19432254,1.041025,2.0689552,-452.4401367655373,49.673019565410414,34.49771538454388,0.7488888,1.0,1.0
0.70386595,0.4243114,0.98812383,1.0491785,5.7546477,7.2041926,10.107397,0.37765628,1.297103,1.9181705,-619.6383090502663,-13.646448734137266,105.45068695494729,0.6402631,1.0,1.0
0.4961294,0.05212765,1.0063626,1.0480336,6.72298,4.9364643,2.8366508,0.56764805,0.46032092,0.31692955,-131.62942529587917,281.77262228349764,-332.80078460369464,0.89142436,0.0,1.0
0.53704745,0.032258637,0.9945826,0.96756023,8.170973,3.595074,3.2848604,0.5987903,0.04768568,0.36649752,964.5147009547472,1143.4208785747792,-190.9405624472422,0.7322257,0.0,0.0
0.0820737,0.11224659,0.8364669,0.73817676,4.2018847,4.8956265,2.2371242,0.18666345,0.6881675,0.19334628,-1223.9787330975823,-30.373235382040775,-445.90725126879306,0.71086204,0.0,0.0
0.48431343,0.12590367,0.99743414,1.0604305,8.711849,6.861214,10.836994,1.1199547,1.2123786,2.12844,499.34105062317303,-23.787646553581908,11.009145972004262,0.6560525,1.0,1.0
0.23463562,0.022472614,1.0127807,0.9159644,5.603598,6.784937,11.482564,0.2720644,1.1332396,2.2590277,-468.7935705367404,36.81073967595921,53.049642637337456,0.76183885,1.0,0.0
0.8020949,0.038165268,0.98010623,0.9132444,5.25674,5.0466356,8.622544,0.28908625,0.78901416,1.5780567,-867.5124494732872,-85.3061141812143,48.45983087872037,0.64242214,1.0,1.0
0.5537909,0.08996532,1.0255668,0.99036413,4.2751417,7.588849,1.997253,0.10001298,1.3130295,0.1793606,-900.6623318385477,58.787577850885555,-587.1613336214575,0.77699924,0.0,0.0
0.30952674,0.071949035,1.0289063,1.009368,7.00851,6.5741568,2.0545301,0.5187866,1.0971215,0.052793507,235.958714107348,19.392919498218816,112.00195775414494,0.7395845,0.0,1.0
0.53264934,0.094363876,0.9961511,1.1224598,5.400077,7.308271,11.409364,0.05192167,1.2624979,2.1713064,50.591139631997294,36.54336830715374,202.120184598989,0.7517564,1.0,1.0
0.20467773,0.07128176,0.9641949,0.9591245,5.6329823,4.589627,2.440383,0.25671795,0.7030129,0.13190605,-396.7770561796797,-136.93920879701818,-17.592424600871823,0.60239094,0.0,1.0
0.6980516,0.20773253,1.0288125,0.99386096,7.033631,3.5801914,4.1684513,0.26319325,0.104992375,0.54769754,993.3701977107007,834.3328911205772,-108.27629048770791,0.7229046,1.0,0.0
0.50717485,0.045397747,1.0662863,1.0266593,5.5790105,6.9227304,10.181079,0.62188107,1.1693758,1.9378022,-1433.8262222574417,44.852403480013436,108.3076432292678,0.7565878,1.0,0.0
0.39680293,0.077309296,1.0114992,0.9372599,4.300642,5.395567,3.2341416,0.06993577,0.7423766,0.14473635,-787.3584411385269,84.21819542970889,410.76616461451465,0.79932433,0.0,1.0
0.3993885,0.21723913,1.029362,0.94069684,5.244015,5.4841523,2.7165625,0.022491816,0.8298014,0.079694904,5.206052469839392,16.285316630535362,454.8060075572271,0.73205394,0.0,1.0
0.3294436,0.050720595,0.9629111,0.9231718,7.362812,4.6590056,6.890916,0.6542944,0.5423691,1.2149804,257.9131748342129,66.62099133736479,36.137818723914734,0.7733107,1.0,0.0
0.32720822,0.03989193,1.0552254,1.0113264,6.2345104,7.7862215,10.226741,0.3409534,1.3451403,1.9833175,11.571874628603382,91.59776080959455,25.544090091519593,0.80078566,1.0,0.0
0.43041688,0.06947457,1.0550513,1.0840713,11.067045,4.31981,5.1745605,1.7767038,0.27983743,0.7392574,725.5230855442614,484.4879310729091,101.65969931490372,0.834242,1.0,0.0
0.496945,0.16047563,0.98498696,1.0006078,6.590687,5.5332003,2.5437813,0.40199313,0.9244065,0.053817082,173.22156849715384,-92.66376857592013,490.210971479589,0.620924,0.0,1.0
0.8010612,0.032999575,1.0563091,0.9994007,8.383372,5.7604985,9.549939,0.9692635,0.95952994,1.8384115,465.149632782824,-65.92766223582976,8.252776955652735,0.6508296,1.0,0.0
0.39171508,0.08194962,1.000149,1.0002391,6.3601727,5.2432985,3.0712554,0.057834625,0.8527525,0.087190375,1062.711620087763,-94.93343551642374,629.4748514786481,0.62291354,0.0,1.0
0.26669633,0.049465407,1.0706743,1.0559536,6.9824605,5.3061924,8.540713,0.1469141,0.82974195,1.5827744,1332.1109701255218,-49.743618475132735,10.522534996353897,0.67527413,1.0,0.0
0.36158186,0.1273294,0.96241564,0.9506661,5.2270947,7.6023655,1.9709272,0.32132855,1.3395687,0.09078744,-999.5187047527943,42.45308528125361,-190.12802244300815,0.7341336,0.0,0.0
0.4991879,0.060094625,0.95085263,1.024085,6.2538004,6.291254,10.325572,0.112338856,1.0688592,1.9980614,776.2542202178549,-36.93809536251729,47.31744087566267,0.6775684,1.0,1.0
0.27582905,0.031152194,1.0873243,1.0726091,5.1772614,5.95028,2.288877,0.14818373,0.956102,0.030685926,-484.5378475847351,23.956597341497854,438.389286186094,0.72320354,0.0,1.0
0.50548965,0.055399843,1.0803933,1.0098882,5.9775467,4.9039345,2.7601953,0.40191174,0.7124114,0.011794318,-456.45402264771747,-53.56305242333201,886.0483324611204,0.68800205,0.0,1.0
0.3217536,0.0654908,1.0235806,1.0729586,4.4716244,6.7432284,10.470483,0.06856614,1.1615646,2.0380147,-699.3852145731415,-2.3501422596636985,19.679295973180615,0.6994142,1.0,1.0
0.6601326,0.059460867,0.9832031,0.9977119,7.2399817,5.855652,2.4880683,0.2452973,0.95351875,0.071183644,1242.3063917639174,-16.188078186843086,333.69823481237347,0.69398326,0.0,1.0
0.33235696,0.05967704,1.0327168,1.0962793,6.855236,5.992518,11.09596,0.60763824,0.91247094,2.1921337,-94.01363629974367,120.72859420504801,-3.7093385385232978,0.79307395,1.0,1.0
0.2860749,0.03635055,1.0707997,0.9912659,5.071647,3.4363744,6.51689,0.5354159,0.48745355,1.1497064,-1734.0979604016347,-315.9252979614346,17.152188332196147,0.49448606,0.0,1.0
0.15348138,0.06030111,0.9893679,0.9099818,5.149336,6.454689,2.104393,0.048551664,1.0265363,0.05586482,-173.48918067184638,95.94964192370571,114.58719618538834,0.79892087,0.0,0.0
0.49702585,0.0524344,1.0706415,1.0590805,11.38333,3.8967934,4.4242234,1.6719948,0.0069095157,0.60926396,779.6868537917026,1503.8815446937715,-79.37426558616698,0.79539835,0.0,0.0
0.3169764,0.06216195,1.0150129,1.0652759,5.6478753,6.0828767,10.742253,0.19552065,1.0024298,2.1151745,-184.3999766136153,6.387146217624377,-17.596993831783493,0.70355487,1.0,1.0
0.22292572,0.09750748,0.9496971,0.947884,6.096872,3.5298648,4.434683,0.27539802,0.012110838,0.66639906,49.94895419466752,1295.6627925468124,-159.11855029243657,0.72042465,1.0,0.0
0.5074999,0.14553705,0.96641034,0.992835,4.875527,5.850008,2.262807,0.41779774,0.89135236,0.049975917,-1560.1996750188791,75.77373571799853,300.751141283612,0.7735165,0.0,1.0
0.7979151,0.083120055,1.0086511,1.0370023,12.129123,3.9953718,4.844204,1.8688233,0.027299384,0.6641968,780.9813615724629,1438.8329254719254,63.27694284484119,0.8150758,0.0,0.0
0.5353565,0.03152591,1.0838871,1.0358925,5.4827595,5.599851,2.4507072,0.40163168,0.8301205,0.08832835,-997.4674093650251,70.31425173620346,215.62116108645898,0.76732296,0.0,1.0
0.32598644,0.08427131,0.8843119,0.973199,5.0680814,4.8389297,7.0250525,0.08006287,0.7067352,1.3481171,-352.77968465456,-62.765598163009145,-104.01632872791424,0.6747955,1.0,0.0
0.40818432,0.05534762,0.97384775,1.0001101,4.809524,5.131612,2.359394,0.2626568,0.88058966,0.08101265,-1151.9809845790423,-172.77603128969668,177.99411991012676,0.5380322,0.0,1.0
0.13914776,0.07637724,0.9465091,0.8876584,4.6820164,6.1515107,2.2574463,0.47262648,0.97219193,0.06683734,-1852.8043287791675,86.88252072287924,180.2175032438521,0.76952785,0.0,0.0
0.4313316,0.12551102,1.0060005,0.97652024,4.614886,6.579397,2.1641788,0.111881,1.1019871,0.10805358,-760.7591664994522,20.479724815223108,-125.30960303164477,0.7339697,0.0,0.0
0.59934926,0.1566816,1.0010942,0.9981507,7.109829,6.0294247,2.6050453,0.1050842,0.9043803,0.14235134,1609.4313751826032,156.26563251435755,67.51534814398178,0.81410396,0.0,1.0
0.47391486,0.04054458,1.0908122,1.0720817,6.037969,7.3715444,10.183751,0.3603701,1.3148108,1.9752179,-263.6485681278202,5.845448062221749,25.126062640631517,0.68073124,1.0,0.0
0.4502485,0.07041113,1.0035661,1.0281097,5.261543,5.8507886,2.1983695,0.016525917,0.8903942,0.076788545,46.35643399997298,81.65799529532569,56.3252759887057,0.7749107,0.0,1.0
0.2885386,0.061172515,1.0675532,0.9451457,5.766715,5.234915,6.12908,0.07089916,0.0650841,1.1268488,387.99274115121614,1604.2854540359285,-57.34944460886982,1.0665059,0.0,0.0
0.5007453,0.051663723,0.9643289,0.9681651,5.7005258,5.4654217,10.043723,0.4988916,0.8720336,1.9652352,-1020.3759538253344,-42.1811227690514,-22.480077163156693,0.67267406,1.0,1.0
0.333917,0.079748735,1.0668132,1.0998384,5.110191,6.7533035,1.9544063,0.7075738,1.0117776,0.045264926,-2059.7151247209367,228.8790430139834,64.10319873473543,0.9132076,0.0,0.0
0.35871908,0.05911476,0.98531944,0.9518754,7.6887712,6.9316,1.8999302,0.953968,1.1676731,0.12452047,-1.2684830934554157,49.82346837434534,-418.3030712673816,0.76268625,0.0,0.0
0.22588009,0.06522289,1.0563756,0.9787472,5.0995946,6.322035,2.2087364,0.5409909,1.0139823,0.102606736,-1720.031026815098,83.02371854232433,-62.853038717799336,0.77093345,0.0,1.0
0.26695815,0.061846424,1.0501202,0.98880655,8.007175,5.8857694,8.174411,0.63912,0.9266638,1.5159905,766.3879652194751,43.48090695242081,5.85042519280114,0.740907,1.0,0.0
0.51301956,0.041845825,0.9337189,1.001355,6.0384793,6.3437295,4.345624,0.95180464,1.018367,0.7171537,-1502.9574609556344,78.3709398103424,-267.1345528417837,0.7723372,0.0,0.0
0.20537454,0.04621344,1.0310835,0.96857554,5.564506,5.139836,6.038723,0.6328158,0.6990712,1.0839213,-1467.043537374112,40.945050780308975,-41.2691050008234,0.76920956,1.0,0.0
0.3673747,0.06502878,1.0756525,1.1009915,8.295229,4.4556675,8.122387,0.8507613,0.67095745,1.4679323,579.6739662392683,-132.8651321783998,35.99346891848063,0.59855294,1.0,0.0
0.37998182,0.06397657,0.9745767,1.0056815,8.5786295,5.1796203,9.2106695,1.0856025,0.75659174,1.7163765,460.08670299433425,-10.260972668264003,55.80405048582588,0.7221983,1.0,0.0
0.50168806,0.07430304,1.0468998,1.0430793,5.468862,5.566874,2.2775903,0.52755475,0.8742148,0.111102305,-1344.2452142920147,3.9056825479533472,-30.89157558075658,0.70367473,0.0,1.0
0.36233512,0.058758218,1.0370754,0.9663492,6.399204,4.813905,4.2674894,0.45910805,0.05830336,0.54152435,-171.05867640800625,1503.3305955488788,-48.44350146806323,0.9808307,1.0,0.0
0.5593141,0.036978565,1.0343084,1.0376319,7.1410027,6.6898637,10.150274,0.2436171,1.0939921,1.9784695,1164.2528448946885,63.19037375854168,0.2305695033533084,0.78617764,1.0,1.0
0.72225887,0.062384147,1.0793265,1.0978837,9.275672,6.195772,10.986426,1.3032324,1.024961,2.1606634,618.2915075519909,10.804966395365227,18.534946167746057,0.7107499,1.0,1.0
0.2997209,0.12157963,1.0335953,1.0581305,8.480597,4.059013,5.264253,1.0725632,0.10884687,0.65485585,405.68197383536244,1020.7669177055998,267.0052250017641,0.82106113,0.0,0.0
0.49186623,0.17091483,0.98978925,1.0228084,6.3192744,5.994565,9.656535,0.07200299,0.90782696,1.8083085,964.3840835928811,132.46817825403468,90.37491930878787,0.7992462,1.0,1.0
0.3887957,0.05345189,1.0119479,1.0284362,5.3470097,6.1510777,9.726107,0.24239464,1.0248489,1.8769069,-638.7739285399261,-11.223968710303325,10.289027837666708,0.69455844,1.0,1.0
0.3478947,0.06675516,1.0384396,1.1658865,5.481837,6.4934273,3.1178436,0.50703675,1.0885873,0.01014061,-1279.9176777971325,9.901022701859802,1098.8393187356764,0.7228138,0.0,1.0
0.5295072,0.07100055,1.0251163,0.9940987,4.7865534,6.5906243,1.8980011,0.019772379,1.1164696,0.19576718,-351.8608811166971,1.1162971399230628,-729.698237543349,0.71512574,0.0,0.0
0.43500707,0.07713444,0.9957037,1.0137098,3.4030027,2.5892715,2.4933436,0.10788239,0.36295396,0.20002203,-1112.4749177962458,-814.5514371594468,-272.3011114650053,0.3769912,0.0,0.0
0.36892202,0.021971073,1.0326843,1.0455477,4.595492,2.0925272,3.3303976,0.16641179,0.07912938,0.009235371,-967.1362460655164,-253.51547793329013,1206.6512063827768,0.41943082,0.0,0.0
0.36142907,0.07268969,0.9920589,1.010642,3.6148543,2.0892785,2.0667472,0.15938938,0.053993538,0.08617526,-1262.6346822456399,-122.45065230416196,-83.60875401152953,0.42289686,0.0,0.0
0.7256323,0.34132805,1.0362028,1.0361199,3.7468154,2.49644,2.851642,0.34272313,0.31007162,0.06460945,-1826.698987357296,-788.0525849452958,627.9039826556859,0.39940596,0.0,0.0
0.6075159,0.059986603,1.0442584,1.0536169,7.095898,7.781865,8.862694,0.6025812,1.4473524,1.6658503,134.58163454128407,-13.335117989578976,10.591770878249918,0.58404845,1.0,0.0
0.4564094,0.023684677,1.0364363,0.982339,8.532752,6.633225,8.897157,0.6337235,1.0347171,1.6162823,1140.2942581983239,140.32579829739234,84.23318166286344,0.84739023,1.0,1.0
0.27095625,0.08697236,1.0935484,1.0758977,5.2223473,8.92573,9.48827,0.1517303,1.6751989,1.7894336,-470.1197317084557,54.20073818253286,57.60156852464479,0.6295288,1.0,1.0
0.30241123,0.14179102,1.0582813,1.0556976,7.8961773,2.4094849,2.6954308,1.1548879,0.22534713,0.14565997,-73.78255747234607,-638.2863613623397,109.87067147723667,0.43474534,0.0,0.0
0.39004886,0.06327301,1.0084528,1.0270631,5.377878,2.233809,3.5620265,0.23713124,0.14620823,0.27624777,-596.5298399886415,-484.08263348546507,85.33899323985315,0.4308655,0.0,1.0
0.6531147,0.03349033,0.96638775,0.97621715,4.746702,2.866705,4.2105923,0.2541531,0.19801731,0.40472317,-1172.1683986213447,-89.29561235182996,117.39712539559969,0.5491556,0.0,0.0
0.5875656,0.06567017,0.9182923,1.0117927,4.717038,11.895939,11.141931,0.06507983,2.300061,2.1621404,-545.8033304494211,94.2538798450787,100.63945303046785,0.6210327,1.0,1.0
0.3947956,0.04156916,1.0213716,1.0603477,6.97594,10.73702,10.546871,0.5537198,2.084153,2.0355735,126.20993409643324,70.56061944624025,73.53298636536965,0.52801734,1.0,0.0
0.4147068,0.076789536,1.0674613,1.0293112,4.8597894,2.6706777,3.302704,0.08685482,0.2754664,0.18852656,-522.3080219090511,-526.8014199837726,257.6538199077745,0.46705976,0.0,0.0
0.30029434,0.025461202,1.018011,1.0582675,6.94176,9.158555,9.764039,0.2916511,1.6900443,1.8508738,835.8788929683776,118.83731050723236,68.90071950452966,0.72090447,1.0,0.0
0.5958195,0.2078353,1.0459566,0.9962289,7.154543,5.682519,8.123344,0.2981264,0.88203907,1.4350823,1011.3773291485008,27.339709132975713,84.9902030363487,0.73147106,0.0,1.0
0.46482497,0.039824214,1.0012306,1.0048534,4.9982514,2.7825875,3.3768663,0.5869479,0.18234433,0.04497766,-1900.0238953772978,-113.14745911459318,1017.082297362191,0.5366391,0.0,1.0
0.17796214,0.046140347,0.89573336,0.90383315,4.6191106,9.387087,9.62982,0.03500261,1.7294081,1.8380436,-494.1884176115791,151.83383279833652,40.19007283801966,0.7457124,1.0,0.0
0.23831435,0.1899187,0.9656969,0.965047,5.3660336,9.373917,9.947878,0.05742497,1.8168328,1.903085,2.6982333704556822,-14.420809872082827,55.76094166098164,0.47206414,1.0,0.0
0.4335358,0.04861357,1.0492492,1.0548358,6.4358993,3.8188515,4.899003,0.6892275,0.4446623,0.7677995,-636.3072679222105,-47.97969046387493,-71.25342931278738,0.63378865,0.0,1.0
0.30845913,0.020088106,1.0527521,0.9960555,5.2493587,3.011176,3.7238293,0.30602026,0.35810885,0.0005375912,-929.1376213886831,-400.7539828991239,1398.3971240301123,0.49418002,0.0,1.0
0.32882783,0.019115992,0.71789545,0.82422614,10.43126,5.306494,7.453481,1.811637,0.70719403,1.2435225,663.9144279859265,85.26333694265895,162.82756401788038,0.80766636,0.0,1.0
0.5418917,0.145358,1.0274417,1.0195525,6.123448,9.846728,9.931505,0.43692628,1.911438,1.9289628,-408.48705136183935,8.655562318234388,-3.1103842216202793,0.48382926,1.0,0.0
0.71736056,0.021784596,1.0700402,1.0414826,8.921842,2.9855816,3.6142552,1.0041966,0.027501527,0.14436847,739.9441405635844,831.8618605775937,553.7243618694258,0.6087826,0.0,1.0
0.48126197,0.058835484,1.0282172,1.0222952,6.155284,9.623211,9.884252,0.092767775,1.8397839,1.8955895,727.8124585467144,36.91020498865328,36.572829308081964,0.57684714,1.0,0.0
0.28460947,0.016484544,0.9986708,0.9370302,6.146534,3.0537379,4.289388,0.11198094,0.15728948,0.40000552,648.5786290729834,238.21944626960283,163.18811167015565,0.6023155,0.0,1.0
0.31915414,0.10213244,1.0486974,1.0616456,6.773525,11.936624,10.80143,0.3562617,2.3266,2.0735674,482.2577248510288,73.06406280378724,134.76943322762145,0.5460574,1.0,1.0
0.33515644,0.017892625,1.0145682,1.0135452,4.1572003,1.9605863,3.2007403,0.077405706,0.08182779,0.015281528,-859.8600049584038,-338.16825666527205,1099.6126695198195,0.39139196,0.0,0.0
0.2768407,0.033140644,0.8505638,0.8876991,4.739803,10.104517,10.358087,0.113250576,1.9431335,2.013466,-695.394597492402,77.97037077168807,32.06989028726139,0.5666816,1.0,0.0
0.4238443,0.024285428,1.0606549,1.0245336,5.7932343,8.86609,10.155433,0.3669786,1.6994429,1.9709855,-546.8391098098757,-1.8444033304176628,19.896147542642666,0.51659566,1.0,0.0
0.3576229,0.018188057,1.0480388,1.04241,4.729992,2.0691905,3.4660304,0.1034993,0.17453314,0.055234715,-669.6087849693185,-694.784031439293,988.4826893226664,0.38297108,0.0,0.0
0.7026045,0.02235105,1.0095139,0.94343907,6.2508593,10.014339,9.930137,0.28023046,1.9405502,1.9115963,209.70486564338285,15.738889926342836,26.24167322950325,0.50594884,1.0,0.0
0.27470568,0.02959258,0.9789432,0.98037916,5.5633426,2.526293,3.1335225,0.64257145,0.07456049,0.20935383,-1492.8962834837316,113.81901463634182,106.13781735842736,0.51003164,0.0,0.0
0.37224752,0.022018973,0.97373676,1.0271348,5.900989,3.654345,5.4420104,0.57034904,0.4995779,0.8330735,-961.2514695715217,-213.37553095373914,61.71129970638731,0.5444717,1.0,0.0
0.25918826,0.0057502426,0.9789427,0.9451377,5.74883,10.315688,10.48212,0.013618511,2.0135677,2.0386448,573.3028871307439,10.468040848641522,23.762901463358048,0.4588043,1.0,1.0
0.33850265,0.02320434,0.93505794,0.96952885,10.770138,6.0818152,7.883558,1.706928,0.9801219,1.373516,719.0915829506748,43.25867709656541,96.42260009551819,0.7352013,1.0,1.0
0.3791559,0.031026749,1.0113281,1.0131559,4.648077,2.3945627,2.686928,0.2304538,0.015398378,0.13239467,-1154.3259115892786,305.27042976584397,169.47027951676137,0.48853534,0.0,0.0
0.27493137,0.05045618,1.0217196,1.0393307,8.0919285,6.376219,7.2273383,0.31033117,0.9991423,1.3163807,1692.5781299081102,140.18460047794724,-0.10320010022314818,0.8087808,0.0,1.0
0.58105916,0.18019441,1.0528901,1.0416836,4.9036713,9.999884,10.519029,0.3828646,1.8783839,2.0327559,-1439.8556241669366,152.39862407611645,65.34487401246997,0.7008784,1.0,0.0
0.6021652,0.05341651,1.0570245,1.0099092,12.117055,6.4234347,7.7031474,1.9037564,1.0143309,1.3185831,774.3459305795132,117.11052385932862,120.98040538995429,0.80464375,1.0,1.0
0.30830842,0.027508296,0.977048,0.9943466,6.3218856,9.463118,9.815572,0.43656483,1.817152,1.8944515,-187.16264250671065,19.66599544492192,5.489223817904531,0.5400449,1.0,0.0
0.30450115,0.05217536,1.0635548,1.0309949,5.9136496,2.896399,4.07853,0.04512972,0.28029624,0.6346628,641.3903388723879,-315.4541987157545,-260.80992852746795,0.5174045,0.0,1.0
0.35382837,0.036192544,0.94934666,0.9808365,5.754263,9.76834,10.566788,0.29758996,1.8676211,2.0637925,-374.29826199637046,60.646311328744105,11.14239205128888,0.585244,1.0,0.0
0.3051756,0.049584955,1.0205766,1.0926536,6.5170135,10.446919,10.6356,0.50755966,1.9592234,2.0496173,-176.57988222469703,223.21458031541988,94.49444950241241,0.74089545,1.0,1.0
0.5175523,0.07322526,1.0348206,1.0586885,5.841056,10.694026,10.830049,0.14681415,2.0890186,2.0908334,208.77317455308594,29.936775819926424,97.98171283519696,0.468251,1.0,1.0
0.6219065,0.13962527,1.0223175,1.0570934,6.3983374,9.693357,9.63958,0.14001736,1.8914118,1.8404286,817.2747383729627,-42.61758233116552,39.37818519091934,0.434224,1.0,0.0
0.5087114,0.020601705,1.0098588,0.9663722,4.7335916,2.8421652,2.755776,0.32543695,0.3277793,0.007561992,-1391.3982242970285,-500.75050519022807,918.2958830495218,0.47398672,0.0,1.0
0.56744355,0.043887977,1.055962,1.0173404,5.642586,9.717816,10.548629,0.05145907,1.8774257,2.0595684,310.9021617698186,11.22501344210741,12.891575580756125,0.51306957,1.0,0.0
0.33291262,0.032479778,1.0337331,0.9927221,4.3354154,6.579219,5.427391,0.10583231,1.0521156,0.8559311,-897.2040558103463,103.96237062209184,18.568255980707818,0.8065473,1.0,1.0
0.4547137,0.04726506,1.0387367,0.9934693,4.835203,2.3136392,2.2199776,0.53382474,0.11499786,0.017544616,-1907.4625294086845,-271.48076954702765,426.05159834325195,0.45745277,0.0,0.0
0.36498624,0.050129328,0.9767702,0.93718123,6.823382,10.474783,10.6023,0.7425069,1.9988091,2.0280447,-385.9087940427453,134.28170151624636,136.03135342430414,0.6403169,1.0,1.0
0.46425918,0.039257277,0.98180425,1.0489024,8.413069,11.090355,10.91979,0.98890114,2.1547046,2.1073003,468.97247781807573,83.7272746624567,98.06858420750586,0.5372455,1.0,1.0
0.31293476,0.037858542,1.026263,1.0606209,5.2105646,10.508203,10.707185,0.50605774,2.0010138,2.0853865,-1541.268860086876,142.5421174672597,52.542784011764525,0.65577304,1.0,0.0
0.30819365,0.016061587,1.0532045,1.0180093,7.4899774,2.9388685,4.4472957,0.67405313,0.060367655,0.4667894,319.1675224630517,595.6199466055605,124.44545990495158,0.59672165,0.0,1.0
0.47030807,0.019510815,1.0058004,0.9774314,7.347853,10.269946,7.1849833,0.9867378,2.0053985,1.2656262,-311.7165000441032,7.80253341827347,51.53821068439038,0.45328468,1.0,1.0
0.3471563,0.025303204,1.0566291,1.0072384,4.771731,3.1960614,5.478489,0.5978826,0.28796023,0.89885855,-2096.49868576256,-76.70188596838193,-7.512083627338143,0.5824439,0.0,1.0
0.34047538,0.036307074,0.8913724,0.8901024,8.05972,3.250211,4.6571174,0.88569444,0.31607398,0.5148475,360.7511589033588,-102.67642857160968,174.69954225761603,0.57973784,0.0,1.0
0.51707584,0.02359629,0.9686205,1.003146,8.923029,3.185276,4.6462584,1.1205356,0.23043972,0.26640332,608.6788461956089,84.20553543401934,588.7746561811541,0.6061635,0.0,1.0
0.59590054,0.045213837,1.0042989,1.0027374,5.86701,9.955952,10.680307,0.49262157,1.8612463,2.093882,-824.1318652740492,172.24121984938938,8.169825188096638,0.7221215,1.0,0.0
0.22913584,0.03773736,0.8672828,0.9184721,6.558575,6.0591154,8.079342,0.4241749,0.9287281,1.4412555,84.94757887150081,122.59664737509365,60.24101950688191,0.7944989,0.0,1.0
0.39237148,0.025786798,0.98814577,1.0363827,7.7424335,2.3183808,1.8585113,0.27855027,0.10696069,0.004310395,1527.0158877812041,-234.46456313974556,246.8778555986336,0.46047416,0.0,0.0
0.69513786,0.06418869,1.0308499,1.0468636,8.972014,2.4228666,2.3903377,1.3381656,0.037929513,0.17788346,470.7631702974995,214.85838286869773,-252.47485420962357,0.4930482,0.0,0.0
0.37774962,0.048789762,1.052463,1.0249263,8.434494,5.782028,8.008928,1.1074964,0.87818456,1.327924,338.9229347468936,73.05035807629383,175.39843284084236,0.7678879,1.0,1.0
0.29011515,0.16073811,1.0330527,1.0136157,5.356991,2.6181061,3.507225,0.10693615,0.079204515,0.17447136,-173.83948680329604,179.54239227804618,408.1280197120327,0.5282694,0.0,0.0
0.40016752,0.014169985,1.0496687,1.0779757,5.029129,2.3489993,3.459691,0.20746148,0.037817523,0.10587304,-823.4700378399052,148.80051265736137,703.418679125278,0.47793144,0.0,0.0
0.23290308,0.03659293,0.98623496,1.009606,5.5036836,10.706731,10.267657,0.4721036,2.0756187,1.9726393,-1165.493306641346,72.03978754421314,80.02155577790927,0.5373258,1.0,0.0
0.6004615,0.045016065,1.0601846,1.0749817,5.7325273,10.873296,11.189249,0.015160775,2.103501,2.1785471,541.3296605653584,91.86269920130826,89.51731067733272,0.5631254,1.0,1.0
0.6137504,0.09896478,1.0414655,0.95695513,4.108999,1.9492183,2.79324,0.27429417,0.2838246,0.19078664,-1542.077819239947,-1116.193782764741,-15.137166366781457,0.27275917,0.0,0.0
0.4931973,0.055142693,1.0490946,1.0003557,3.4203968,2.659077,1.2205898,0.051506996,0.30896044,0.11384676,-919.4222470853099,-629.1104551566323,-674.6407591102237,0.44178972,0.0,0.0
0.50719434,0.19103272,0.98911875,1.0423477,2.6005342,0.8255264,2.2225633,0.23484074,0.05288237,0.26463148,-1569.9345691476137,-344.6531980438392,-676.288047936479,0.15963243,0.0,0.0
0.7279633,0.122964084,0.9998617,1.0351276,7.523879,9.581395,9.631285,0.7104636,1.8103063,1.8658724,269.00062657585704,80.11622843722671,-16.555844809316113,0.64138216,1.0,0.0
0.4738649,0.12583126,1.0614039,1.0742075,7.7754564,7.58735,9.595129,0.7416059,1.3976711,1.8163043,402.75341038481884,-21.839743484324117,52.60483440677626,0.60314333,1.0,1.0
0.49155834,0.17646408,0.98768103,0.9514489,5.091116,10.628671,10.145819,0.043847907,2.038153,1.9894556,-202.63643456222667,113.29095250573664,-41.03788245759233,0.61633885,1.0,1.0
0.26828948,0.22815156,1.0399851,1.0384207,8.09181,1.5637811,2.0806239,1.2627703,0.13760684,0.054362055,-24.85574633838951,-717.4136483462011,117.29457696976664,0.28664878,0.0,0.0
0.55239844,0.16697557,0.9315787,0.86588717,4.4365034,2.0856023,2.552604,0.12924886,0.21674575,0.076225735,-932.8174048283117,-841.1544145323851,361.17896638089485,0.3637346,0.0,1.0
0.6885271,0.15291992,0.9964221,1.0033741,3.6828935,3.5873501,4.459427,0.14627072,0.56097126,0.60474515,-1211.5780077366571,-342.5109554925898,-54.54147656652208,0.45652038,0.0,0.0
0.6509134,0.15439516,1.0647026,1.0506227,4.688668,13.460993,11.939262,0.04280256,2.663015,2.3621626,-486.3254124244054,65.89970315926985,42.68321557793388,0.40348068,1.0,1.0
0.47637224,0.13055417,0.9148181,1.0011562,6.696227,12.426616,11.378978,0.6616022,2.4471068,2.2355955,-352.96634471002153,66.14739041189569,52.067278127751706,0.44311738,1.0,0.0
0.3719667,0.091646366,0.98383886,1.0391392,5.1746745,1.1418735,2.9146729,0.19473721,0.087487556,0.011495473,-650.7645456206658,-527.1265928612177,991.9647269709428,0.21530244,0.0,0.0
0.42666635,0.081240416,0.9363724,1.0144452,6.4414754,10.599251,10.614536,0.3995335,2.0529983,2.050896,40.81683933818158,55.67983757780894,79.57805499258984,0.5390601,1.0,0.0
0.6089394,0.28488177,1.0482838,1.027313,6.411826,6.6732154,8.717072,0.40600878,1.2449931,1.6351044,-3.6981111990025965,-103.00639870054147,3.8602228391960125,0.49081603,0.0,1.0
0.5459402,0.1340911,1.0556587,1.0033442,4.277496,2.0106473,2.5847545,0.4790655,0.18060964,0.24499968,-2082.0216438958378,-738.3500048542704,-327.41672205387704,0.3666973,0.0,1.0
0.49631962,0.12789914,1.042392,1.0616043,5.029212,10.780328,10.480733,0.07287978,2.0923622,2.0380657,-358.26473411737584,73.11038645393546,23.72109871826933,0.5309576,1.0,0.0
0.3915616,0.2600044,1.0442796,1.0403231,6.6833725,11.112905,10.700984,0.16530736,2.1797867,2.103107,1003.1480026376901,54.85574378351703,-5.2867391257486815,0.44299585,1.0,0.0
0.54019624,0.16102248,1.0074086,1.0315431,6.6456866,4.6507773,5.595798,0.7971099,0.8076163,0.9678215,-641.9150493222523,-232.52486632817363,-39.92357931396327,0.4709755,0.0,1.0
0.4526011,0.112956576,0.97658527,1.0575632,3.9943058,1.1094595,3.265329,0.19813786,0.004845134,0.19948444,-1337.6708385995148,-83.378871257242,189.65708578990598,0.22641349,0.0,1.0
0.59131294,0.08512672,1.0725443,1.0649015,10.740051,6.2743497,8.290894,1.9195194,1.070148,1.4435445,675.6971128692562,-46.851290045513,99.38732911469242,0.66886246,0.0,1.0
0.82013005,0.2370593,1.0908146,1.0737202,6.720986,11.476711,10.815354,0.5448087,2.274392,2.128985,-86.63968437343283,31.76198304872014,-10.928149910362208,0.31579414,1.0,0.0
0.37701753,0.13910832,0.9999486,1.0546211,8.642434,2.976442,2.9275439,1.112079,0.3904555,0.34439048,468.6252993263797,-491.9021361363607,-320.8184200941075,0.45861298,0.0,1.0
0.48655036,0.15147676,1.0747126,1.0540109,6.0945067,11.1790695,10.77839,0.20065017,2.2027378,2.0956116,280.3693215524072,33.071018221578925,50.27433205081843,0.39105844,1.0,0.0
0.587821,0.12256314,0.9410632,1.0069755,4.8732653,3.762591,4.2475586,0.0040985546,0.52024347,0.60002756,-224.89791362886558,-197.2181267270123,-140.7086875468774,0.5549309,0.0,1.0
0.37768307,0.1876684,1.038133,1.0350572,6.453274,13.56666,11.588024,0.4641441,2.6895542,2.2735894,-127.31615167659766,65.95757337060604,58.63488106858131,0.36581692,1.0,1.0
0.5157411,0.07438873,0.9874122,0.9917889,3.5045044,1.9510485,2.4333358,0.03047668,0.28112617,0.1847405,-831.6333069224731,-1109.36739339875,-248.76420754311357,0.27619377,0.0,0.0
0.47649038,0.1282634,1.0232157,0.96027887,5.573712,11.66927,11.155269,0.0053681885,2.3060875,2.2134879,399.4532686608775,51.485360690425296,-7.852382264203698,0.36633787,1.0,0.0
0.5470112,0.12432392,1.019086,1.033176,5.158311,10.510472,10.992982,0.2590962,2.0623968,2.1710076,-874.7101225931433,-15.683590097491106,-5.921618146099718,0.41498077,1.0,0.0
0.41632214,0.08256478,1.0705314,1.0478092,4.7877903,2.037587,2.544272,0.21138169,0.18842083,0.14478731,-1012.0519219636258,-756.3083410502161,-3.2129340129408774,0.36879307,0.0,0.0
0.8069228,0.112029165,0.9264354,0.9883661,6.409963,11.610143,10.803508,0.38811284,2.3035042,2.1116183,45.92706071639327,45.398555373420095,25.17309107022811,0.2987567,1.0,0.0
0.32540572,0.11620069,0.9533972,1.0091938,5.4225035,3.0998418,2.1028166,0.7504538,0.43751448,0.009331811,-1841.4639047318515,-480.35584683756133,390.67210775532106,0.44830918,0.0,0.0
0.56676525,0.12083068,0.9130026,0.9107267,6.0870852,4.931438,5.9964156,0.6782314,0.8625319,1.0330956,-994.7789306677196,-213.49940893140138,7.455911273967558,0.48819613,1.0,0.0
0.41293097,0.07928761,1.0129396,0.9477761,6.1110086,12.031509,11.359772,0.094263874,2.3765218,2.2386668,672.839231981329,55.13466171350956,39.25539048065002,0.38518515,1.0,1.0
0.63608897,0.09791987,1.0118105,1.0901699,10.323179,7.2514334,8.569534,1.8148104,1.3430759,1.573538,648.2522235583624,-43.4601094017421,33.33442264345422,0.558531,1.0,1.0
0.6264528,0.11295313,1.0458845,1.0440717,4.653117,2.3539271,1.983303,0.3383362,0.3475556,0.06762735,-1473.8328545303689,-1011.5352307521646,-55.74069401105908,0.32410777,0.0,0.0
0.4527152,0.099143624,0.993135,1.0020756,8.069249,7.581804,7.9692073,0.41821355,1.3620963,1.5164028,1344.1515072708635,17.94498207761262,-46.1286734346545,0.68010694,0.0,1.0
0.5358272,0.27450666,1.0265571,1.0651942,4.6907306,11.536161,11.356263,0.2749822,2.2413378,2.2327778,-1266.0644325226397,86.60457882199262,49.983672637572454,0.55876136,1.0,0.0
0.58356756,0.06809121,1.0211681,1.0378959,11.772676,7.5096884,8.369308,2.0116389,1.3772848,1.5186051,741.7774331731002,-12.592056231696915,47.93403068297857,0.61143905,1.0,1.0
0.4606602,0.11732899,1.0583873,1.0874506,6.254427,11.100928,10.688564,0.54444724,2.180106,2.0944736,-522.65307109074,47.91361399485322,11.211627933185355,0.42861542,1.0,0.0
0.39947695,0.17022039,1.0326635,1.0192417,5.748008,3.7333772,4.73373,0.062752664,0.6432502,0.8346848,400.12973596404254,-369.61744492577236,-255.1841934308909,0.38696653,0.0,1.0
0.6343723,0.13458973,0.9918353,1.0257504,6.041338,11.277388,11.4624605,0.40547234,2.230575,2.2638144,-398.37370234387436,28.19948734263926,34.27955773532631,0.341128,1.0,0.0
0.5182388,0.13988997,0.9816633,0.94165695,6.722377,12.103661,11.459446,0.61544204,2.3221774,2.2496393,-238.2577248510288,104.91938727544766,58.694319304082455,0.69779176,1.0,1.0
0.3642425,0.18603402,0.99065274,1.0414066,5.2716613,12.341305,11.683769,0.25469655,2.4519725,2.2908554,-759.8306030489089,57.234195728900886,59.24102087236861,0.28893313,1.0,1.0
0.7438246,0.22316983,1.1058111,1.0473115,6.0166597,11.425769,10.585927,0.24789974,2.2543657,2.0404506,56.35993863314661,45.038605407014984,84.88830969862465,0.3815574,1.0,0.0
0.6620891,0.12868081,1.0012702,1.0134501,4.568402,1.2698407,2.4964252,0.21755457,0.03517467,0.20758401,-1160.5802592181171,-236.7203192446658,-283.96668950429466,0.25670704,0.0,1.0
0.81371254,0.13268928,1.0291222,1.052688,5.57606,11.420518,11.400151,0.15934145,2.2403796,2.2595904,-127.9724778180755,55.57564371632543,10.11234675497144,0.4539505,1.0,0.0
0.47851,0.12665866,1.0362387,0.8377314,3.1797335,7.9962244,6.039077,0.2137147,1.4150695,1.0559531,-1489.011761811704,77.6521533120349,-8.937948922244686,0.7604566,1.0,1.0
0.48558584,0.18658572,0.96545047,0.9870011,5.2324944,2.9510903,1.705204,0.6417071,0.47795182,0.21756664,-1821.9096702010388,-666.4461298634617,-915.4441551906846,0.35343465,0.0,0.0
0.56617093,0.13888136,1.0546108,1.0826612,7.3554525,11.984619,11.3258,0.8503893,2.361763,2.228067,-113.00162490560297,60.75850533982339,34.837363029762855,0.41748124,1.0,1.0
0.58395594,0.12954623,1.0411524,0.9965854,8.569399,12.735255,11.691586,1.0967835,2.5176585,2.3073223,444.16702329817826,63.61035210258706,43.638146950712326,0.3937866,1.0,1.0
0.487382,0.12916219,0.9670233,0.974879,5.0494776,12.113174,11.549423,0.39817536,2.3639677,2.2854087,-1388.2099340964332,74.8742457624976,24.09471126455901,0.5408482,1.0,0.0
0.48750454,0.07224147,1.038136,0.9889876,6.922436,3.0807462,4.454717,0.7819355,0.42332163,0.6668114,-373.426872219683,-467.1949649019384,-150.5976489198922,0.45693573,0.0,1.0
0.4842672,0.11255201,0.98505086,0.86379963,8.303046,12.071661,7.959695,1.0946201,2.3683524,1.4656482,271.4780454359993,64.01892129083717,-5.048333826608541,0.47861195,1.0,1.0
0.5271378,0.1380536,0.95048773,0.94442624,3.9836714,4.072568,6.1768312,0.49000025,0.6509142,1.0988806,-2205.4964342811,-244.3570289747588,-19.934683040113214,0.49973238,0.0,1.0
0.4915732,0.12706883,0.98421913,0.988812,7.92125,3.8625548,4.949609,0.9935768,0.679028,0.71486956,121.66145568025468,-342.63365133305433,43.78184166803862,0.375963,0.0,1.0
0.6619379,0.117471464,1.0402052,0.98884135,8.426451,3.622797,4.2093506,1.228418,0.5933937,0.46642533,232.9434529020009,-367.2378108431901,21.40365715986286,0.42435032,0.0,1.0
0.551155,0.13696787,1.1071254,1.0698079,5.0378714,11.418225,11.561801,0.3847392,2.2242002,2.2939043,-1355.8154640150146,76.88120118028928,16.34552773509131,0.5283308,1.0,0.0
0.53098893,0.12828673,1.0624559,1.0588156,6.1432858,7.4242,8.9066,0.31629252,1.291682,1.6412776,-24.261229484202204,45.237810843190346,50.06923656464005,0.7474313,0.0,1.0
0.41063467,0.13139364,0.9197343,0.9712439,8.196105,2.415947,2.198844,0.38643265,0.25599328,0.20433241,1528.8869005644715,-718.5375263238632,-533.0711963670167,0.4182546,0.0,0.0
0.6035309,0.15444897,0.9899064,0.97085255,9.397768,2.687095,1.4286028,1.446048,0.32502446,0.022138562,582.1112249474891,-635.0109211412416,-117.48857146077108,0.43681884,0.0,0.0
0.50926536,0.1111026,1.0312107,0.9948168,8.229748,6.919245,8.559615,1.2153788,1.2411386,1.5279461,116.5387237430291,-27.09320401754576,78.28935401623357,0.62467736,1.0,1.0
0.30645105,0.24043104,1.0079938,0.89718926,5.1572447,3.1070673,3.287822,0.21481854,0.4421585,0.3744934,-733.9983750943966,-478.2111713092204,-201.6479432316205,0.44563922,0.0,0.0
0.44934407,0.11450238,0.967268,1.027161,4.709827,2.2395325,2.9639053,0.099579096,0.32513645,0.30589506,-665.3513097007267,-1054.9819860355735,-235.13520656440505,0.31442162,0.0,0.0
0.4435333,0.13081121,1.0313994,1.07081,5.4757338,12.352964,11.129776,0.36422122,2.4385726,2.1726613,-897.5414743893618,67.00271488355611,70.2246914617117,0.40465027,1.0,0.0
0.6674805,0.13573104,0.9859286,1.0398804,5.530529,12.449337,12.036646,0.123043165,2.466455,2.3785691,-50.18041001548522,62.37887125724228,44.95493342101145,0.34766972,1.0,1.0
0.5808148,0.08457041,0.99894077,0.9901249,3.6535797,1.8504082,2.560517,0.32580116,0.025135847,0.076939896,-1788.722633152157,-83.31175005641543,368.3670787337944,0.37684077,0.0,0.0
1.011192,0.3685669,0.965864,0.9636048,4.2302356,1.785354,3.1994503,0.5091349,0.23094222,0.07384483,-2167.2153132176463,-1038.7365943546445,750.032656773084,0.27794868,0.0,0.0
0.550854,0.046987813,1.0124303,0.9613204,6.2397394,8.253858,8.861862,0.43616942,1.5264817,1.6750857,-269.17602922401784,27.384781943229427,-2.157412651216873,0.6413691,1.0,0.0
0.6449041,0.014430398,1.0392816,1.065612,6.2723866,6.3172073,8.591503,0.46731168,1.1138465,1.6255177,-314.91142251762585,-88.91263796574503,-17.432396376425913,0.6086445,1.0,1.0
0.534857,0.063599795,1.0494634,1.0629221,5.34213,9.364543,9.484998,0.3181421,1.7543284,1.798669,-870.247842766895,102.99123702506358,33.08230009316594,0.6693582,1.0,1.0
0.550864,0.15877466,0.9577916,0.99118775,7.195187,1.4597301,2.6606228,0.9884761,0.14621775,0.1364246,-424.7031133267956,-779.0536983797969,124.07641932054923,0.2579019,0.0,0.0
0.67460495,0.05317023,1.0621474,1.066594,5.4534984,1.6087285,3.2005296,0.40354303,0.06707884,0.2670124,-1037.0894536406677,-382.30945448471704,-41.058132838490565,0.32116443,0.0,1.0
0.7285912,0.03666621,0.98505366,1.0353948,5.158475,2.8790193,4.8019133,0.4205649,0.2771467,0.41395852,-1355.1327414323428,-331.68567956109996,391.83605421903235,0.5151252,0.0,0.0
0.68659717,0.039173417,0.9963988,1.0022646,5.1600595,12.101339,11.121109,0.23149161,2.3791904,2.1713758,-783.9613425822283,60.19253192484757,67.14108597153427,0.45317188,1.0,1.0
0.5335887,0.016888123,1.0394346,1.0500885,6.3488407,11.025062,10.624938,0.387308,2.1632824,2.0448089,-17.424121573349794,51.01662571913948,102.2227316593353,0.4357568,1.0,0.0
0.62161916,0.09001189,0.98314035,1.0007521,4.492343,1.768486,3.7168128,0.079556964,0.19633703,0.17929117,-723.1442536616103,-914.5849634085117,436.79686363345377,0.30026636,0.0,0.0
0.45656598,0.018745791,0.9802152,1.0384082,5.5164657,9.300715,9.985999,0.12523933,1.7691737,1.8601092,-74.08670299433425,40.88822530077687,151.2142400926955,0.5864412,1.0,0.0
0.8188159,0.19012819,0.93502903,0.9648742,6.2587137,5.5493016,8.541673,0.13171461,0.96116847,1.4443177,705.4251199030964,-149.78298670748882,157.40823048723723,0.566371,0.0,1.0
0.86352205,0.015247133,1.0526949,1.0608894,5.6252117,1.8449541,3.868539,0.7533597,0.10321495,0.054213032,-1641.0859490074936,-505.86965461910006,1139.2527742246778,0.3615662,0.0,1.0
0.30989859,0.020237856,1.0275707,1.06531,5.21105,9.513594,9.901181,0.20141439,1.8085375,1.847279,-647.6172917302856,62.02942312022196,131.69170577908562,0.6034025,1.0,0.0
0.26898894,0.17146844,1.0103086,1.0656229,6.573242,9.788713,10.051382,0.10898682,1.8959622,1.9123204,1102.2140600659332,8.671768725516358,84.30437734713632,0.49799973,1.0,0.0
0.5715745,0.055642318,0.9507189,1.0457604,5.890432,3.8108692,5.2799306,0.52281576,0.5237917,0.7770348,-863.9877390234224,-180.10238630433946,80.12279539301244,0.5650878,0.0,1.0
0.5363639,0.008644463,1.0393271,0.9763585,5.1168914,2.1639452,3.6047034,0.47243205,0.27897945,0.00869778,-1542.1421243516033,-976.541004032759,1305.5885022651435,0.33769563,0.0,1.0
0.29712886,0.0086724665,1.0477487,1.0219488,9.636857,4.7367287,7.1416388,1.6452252,0.7863234,1.2527579,569.6333069224734,-170.45078970955524,54.141084606046206,0.53925043,0.0,1.0
0.8801427,0.1343815,0.9953249,1.0320555,6.6839232,10.18997,9.971923,0.27051452,1.9905674,1.9381982,652.5174516010807,-0.2680654914488514,-3.650554025643487,0.44611913,1.0,0.0
0.9524736,0.036014494,1.0224276,1.0527415,8.564235,2.5145657,3.0130475,0.8377849,0.106630914,0.15360384,784.1889167764525,-51.493498245413775,272.4977126535689,0.5016135,0.0,1.0
0.64198023,0.03731619,1.0222113,1.0549164,5.8032837,9.896775,10.29328,0.073644005,1.9189134,1.9048249,416.0864481723672,11.321069748601985,234.9072512687926,0.49541464,1.0,0.0
0.43686476,0.010407692,1.0206184,0.936235,6.435987,2.8937495,4.268653,0.27839273,0.23641886,0.4092409,405.67809220876825,-185.3893730866264,138.58523774849937,0.5391521,0.0,1.0
0.4840899,0.07610259,0.9486623,0.9540592,5.868661,12.207402,10.91694,0.18984993,2.4057295,2.0828028,86.08820048895404,65.59762340420093,172.39647440395356,0.424868,1.0,1.0
0.36888328,0.0024269018,1.0962155,1.060068,4.3959765,1.5895181,1.2457334,0.2438175,0.002698406,0.0060461573,-1329.3959728155687,-38.58141699691923,-50.89222930337792,0.3244473,0.0,0.0
0.39808294,0.008868891,1.024124,0.98308426,5.186652,10.3321085,10.52987,0.27966237,2.0222628,2.0227013,-909.6329299290528,-3.750711298317583,107.59242460087125,0.43367544,1.0,0.0
0.7328395,0.008199196,1.0646049,1.0352187,5.6089478,9.192903,10.2398405,0.53339034,1.7785722,1.9802209,-1202.1381205535563,-19.648813008532215,47.272372248442025,0.47550339,1.0,0.0
0.39412946,0.01625804,1.0494256,1.0239279,5.133985,1.35284,1.807063,0.06291249,0.09540375,0.045999344,-229.5190817462144,-555.1138641628315,-37.75049165745372,0.25841093,0.0,0.0
0.6865542,0.017273733,1.044899,0.9689123,6.847912,10.217655,9.995375,0.113818675,2.0196795,1.9208316,1341.2809936524695,-63.95325703799517,44.53429244512472,0.31772855,1.0,0.0
0.5139749,0.0044616177,0.91212493,0.9822793,5.772078,2.5383487,2.881663,0.47615963,0.15368988,0.20011847,-882.3995996201952,-235.27245052675607,3.7197899075392797,0.49382436,0.0,0.0
0.508638,0.004629131,1.1194488,1.0381414,5.8012967,3.7843318,5.231637,0.40393722,0.5787073,0.8423089,-654.4004757784887,-266.8743831678901,-32.93337696035769,0.49785435,1.0,0.0
0.28237563,0.014897905,1.0132487,1.0297002,5.6699324,10.665109,10.559266,0.1800303,2.0926971,2.0478802,-101.12598698796273,7.168256665272111,40.38994263969062,0.4213074,1.0,1.0
0.67073905,0.002488583,1.0598456,0.99874735,9.648157,5.9732327,7.6136746,1.5405163,1.0592513,1.3827513,610.7167548660705,-143.57466768721724,21.69431793859576,0.5638106,1.0,1.0
0.20762047,0.015379917,0.9682223,0.8862607,4.1407785,1.7857968,2.7053804,0.06404202,0.06373101,0.123159304,-819.8301038840357,-327.8881565980805,227.48791500717425,0.358674,0.0,0.0
0.43180984,0.040412623,0.98196685,1.0098559,6.4447284,6.2476506,7.5786185,0.1439194,1.0782716,1.3256161,854.0172631043706,-64.44619856615827,80.27302460557576,0.6444117,0.0,1.0
0.7555277,0.17726864,0.90875685,1.0111173,4.95065,10.121316,10.565492,0.54927635,1.9575132,2.0419912,-1850.2349552144606,50.09883989274704,65.95101381625773,0.52617294,1.0,0.0
0.6821008,0.059112467,0.91699046,0.98132056,10.793798,6.19048,7.5060325,1.7373446,1.0934602,1.3278185,715.793947530161,-101.86749645279497,59.377531468298,0.5926868,1.0,1.0
0.27588764,0.011713642,1.0045533,1.0337039,6.1681232,9.727459,9.911826,0.27015305,1.8962814,1.9036869,146.50406488377348,-32.299296168815545,37.80274440607036,0.4437709,1.0,0.0
0.6240053,0.05615038,0.9667402,1.0172393,6.271224,2.7217374,4.497529,0.2115415,0.35942563,0.6438982,443.2858736088099,-675.7250477934558,-78.43370382166859,0.4172422,0.0,1.0
0.62349755,0.016553376,1.0987669,1.0609097,5.207408,9.937122,10.653018,0.13117817,1.9467505,2.0730278,-407.26385795908254,-33.76921327729815,51.70672910998792,0.40827155,1.0,0.0
0.6105728,0.022043774,1.0791715,1.0392978,5.750455,10.926899,10.858461,0.34114787,2.0383527,2.0588527,-506.41473865408943,264.31988761140474,216.82887146312305,0.804287,1.0,1.0
0.71843046,0.076706894,1.018853,0.9903953,5.2809215,10.967824,11.064341,0.019597627,2.168148,2.1000688,45.80132331086713,15.305976775820454,203.52514852135164,0.33982345,1.0,1.0
0.8877943,0.11711668,0.9971767,1.0436637,6.6766577,9.99482,9.733143,0.026394425,1.9705411,1.8496639,1474.93519048394,-75.00417183153968,61.796212641807415,0.34282017,1.0,0.0
0.9197079,0.012324787,1.0519489,1.0366781,5.7672443,2.1021676,2.9936604,0.49184874,0.24864992,0.016797364,-925.4830475637928,-926.2609039655674,995.8216832452634,0.34601536,0.0,1.0
0.8971846,0.018561963,0.97701174,1.0283697,5.3021703,10.010728,10.6550865,0.11495271,1.956555,2.0688038,-259.0300284853515,-29.016900529925806,65.47681401199952,0.43358833,1.0,0.0
0.65411055,0.0132954875,1.1486149,1.1465838,4.020772,6.7921567,5.013596,0.06057947,1.1312449,0.8651665,-851.2348330430078,45.66606414761827,-164.18092754875943,0.767586,1.0,1.0
0.5297498,0.0762601,0.96545637,0.99461454,4.9902763,2.2561696,2.0052462,0.36741298,0.19412723,0.026779987,-1340.1635186650042,-643.8453793595253,211.01306148029468,0.41574064,0.0,0.0
0.3664464,0.025055321,0.9437388,0.97245014,5.957794,10.71851,10.568994,0.57609516,2.0779386,2.03728,-915.5223315574208,75.12659286121789,83.6374932280919,0.5377707,1.0,1.0
0.70297307,0.01449963,1.0437508,1.0294203,7.7189665,11.399838,10.940298,0.8224894,2.233834,2.1165357,221.69048059632905,60.28629265964264,89.44480891330522,0.46574184,1.0,1.0
0.42180988,0.010231544,1.0678201,1.0510633,5.666341,10.765439,10.733878,0.67246956,2.0801432,2.094622,-1439.845864254256,97.21339817822218,33.23252930572971,0.56714886,1.0,0.0
0.49196303,0.0031402542,1.0221875,0.9781984,6.3110824,2.5667121,3.9726179,0.5076414,0.13949704,0.47602478,-383.24208665226115,-143.1821675008557,-102.17831538924906,0.5042125,0.0,1.0
0.6727945,0.015042218,1.0290995,1.0306299,6.4968667,10.678467,6.905614,0.820326,2.084528,1.2748616,-823.9984972658494,30.6184896575769,-44.02286049217719,0.4742645,1.0,1.0
0.62879866,0.022475967,1.0619482,1.0815343,5.4474845,3.2842774,5.5694075,0.76429445,0.3670896,0.9080939,-1858.2764906895495,-189.34889141976942,18.65512735301718,0.55593795,0.0,1.0
0.32468575,0.009546853,1.0618412,1.0053812,7.423883,2.7625456,4.952727,0.7192826,0.39520335,0.5240829,175.48567603867286,-717.6995903966836,312.11756970850433,0.39407146,0.0,1.0
0.7455636,0.008499852,1.0363138,1.0193843,8.174078,2.8183513,4.4535317,0.95412385,0.30956912,0.27563867,344.06931247898046,-476.0815200509642,464.2553877496755,0.48076668,0.0,1.0
0.7370583,0.021095706,0.99173146,1.0140722,5.666847,10.021377,10.882229,0.65903336,1.9403757,2.1031175,-1413.6687092895077,27.70995482067474,93.73416224679568,0.51241004,1.0,0.0
0.41927367,0.0141021535,0.9800745,1.0332302,5.786469,5.943885,8.033747,0.59058666,1.0078574,1.4504908,-1131.6191662183255,-72.26563251435755,33.59634284013691,0.6434073,0.0,1.0
0.49290833,0.013399746,1.031018,0.98440355,7.4316564,1.3679967,3.0708373,0.11213848,0.027831307,0.0135457665,1848.9164246454193,-185.08026921107003,1058.2991489316532,0.27779266,0.0,0.0
1.0623975,0.04547159,1.0498911,0.9659255,8.754615,1.8564117,2.5270061,1.1717538,0.041199874,0.1686481,474.6355584039334,-174.5629150179388,-95.47812009175516,0.3765982,0.0,0.0
0.61861604,0.058531433,0.9546485,0.96421456,7.44767,5.6741943,7.484489,0.94108456,0.95731395,1.3371594,-176.05116797678556,-99.01446755283405,34.732854801553,0.6220005,1.0,1.0
0.59267306,0.1464137,0.98284525,0.9400718,5.2757907,2.083469,3.8317108,0.059475634,0.1583339,0.18370673,-97.59940205005819,-624.6648133077244,473.1103842216198,0.39338818,0.0,0.0
0.5526491,0.028517045,0.9176081,0.9489817,4.870334,1.9966042,3.3074195,0.37387326,0.041311864,0.11510841,-1448.367447064367,-101.53397991227064,596.5055504975871,0.40536824,0.0,0.0
0.34432524,0.012078858,1.0136074,0.9826398,6.0215077,10.955533,10.675759,0.63851535,2.1547482,1.9818746,-979.2876259253962,27.7562097681257,318.418681856253,0.40569967,1.0,0.0
1.0005523,0.017170563,1.0231048,1.0314496,5.4133883,11.045027,11.229941,0.151251,2.1826305,2.1877825,-267.8087095706346,23.087224628861804,82.03984499094258,0.34735397,1.0,1.0
0.56727135,0.35299587,0.9867357,0.994284,3.2672634,2.671695,2.0469003,0.18333374,0.25607806,0.15078472,-1380.0590534014264,-468.50859121819485,-426.75310381696397,0.47865066,0.0,0.0
0.5630921,0.10484087,1.0022582,0.9595892,7.059387,8.265344,9.092925,0.7619706,1.5013459,1.7520256,-213.33003755877826,59.51672877318424,-14.443500102575854,0.7060723,1.0,0.0
0.49202123,0.11189598,0.97833586,1.0396469,7.208427,6.6559258,9.016147,0.7931129,1.0887107,1.7024577,-126.29300504661023,61.9299578075279,12.490529897659599,0.7818001,1.0,1.0
0.15667261,0.15620346,1.0116706,1.0551115,4.580993,9.24263,9.666214,0.007659089,1.7291925,1.8756089,-427.4931844698933,91.80489769266842,-14.284126966238546,0.66688144,1.0,1.0
0.41580287,0.22726166,0.9827674,1.0071245,7.941632,2.2115753,2.0781069,1.3142773,0.1713536,0.0594847,-160.33053672365168,-590.2180580243157,76.1306318715429,0.41618377,0.0,0.0
0.14335532,0.14652847,1.064316,1.0886315,4.683464,2.1605902,2.5060863,0.077741854,0.09221469,0.19007249,-609.5088226686607,-277.4321503251815,-214.19987048441476,0.43086934,0.0,1.0
0.62877834,0.13216513,0.9761418,1.0407313,4.620443,3.3904364,3.8301468,0.094763726,0.25201085,0.49089843,-696.1473813013638,169.02844709111423,-184.88569617362737,0.6424991,0.0,0.0
0.5756812,0.13378713,1.0581976,1.0169194,5.265192,12.02857,11.356139,0.09430955,2.3540545,2.2483158,-222.82297244623533,71.61382981148381,18.63161518645029,0.50609565,1.0,1.0
0.23825808,0.111415654,1.0620579,1.0494463,7.270341,10.997027,10.822726,0.7131092,2.1381464,2.1217487,68.70299115534272,76.83028638674477,9.758329501471508,0.5261042,1.0,0.0
0.40619838,0.14210515,0.97712946,1.0078404,4.6112065,2.547531,2.787576,0.2462442,0.22147287,0.102351286,-1224.0046303739036,-479.633582630358,393.04245441947864,0.46831515,0.0,0.0
0.21528773,0.07263455,1.0440984,1.0360545,6.0357976,9.334845,10.017956,0.4510405,1.7440379,1.9370492,-532.8547480086431,102.44147001736837,25.286741856723438,0.68000054,1.0,0.0
0.65015167,0.26944888,0.9973685,1.0138907,6.6366467,5.660004,8.235969,0.45751578,0.9360326,1.5212576,67.9011634400722,-67.08506646255637,9.03853754570082,0.6497347,0.0,1.0
0.47010943,0.112507306,1.0305411,1.0217091,4.219997,2.4404416,2.2434788,0.4275585,0.1283508,0.13115293,-1954.6744654041413,-223.62892278426443,-164.7178328361382,0.48062056,0.0,1.0
0.5294069,0.113141485,0.96047693,0.95550954,4.4840364,9.837397,9.918432,0.12438677,1.7834016,1.9242188,-878.4646587186919,273.66947315381776,0.6597006803913246,0.8480699,1.0,0.0
0.36778185,0.24682732,1.0184059,0.9835881,5.9043717,9.764192,10.178973,0.21681435,1.8708264,1.9892602,35.39296734726827,50.877792174089336,-17.05878383013669,0.5715348,1.0,0.0
0.34748703,0.14747861,0.99753064,0.9858697,6.6108103,4.0135417,4.9708257,0.8486169,0.49865583,0.85397476,-753.3661939126537,-58.433401165075566,-164.4735467643809,0.6420045,0.0,1.0
0.2363442,0.098836504,1.0278101,1.0252683,4.0055294,2.8410583,3.1669867,0.14663087,0.3041153,0.085637674,-1150.9024165917856,-445.42874131898225,674.3494432433816,0.48987496,0.0,1.0
0.55333567,0.0624036,1.0260348,1.0445416,11.063269,4.959768,7.6218266,1.9710264,0.76118755,1.3296977,689.4262508833572,-80.2320375625959,78.5029397035646,0.64917046,0.0,1.0
0.50743425,0.21825597,0.9801695,1.030292,7.092468,10.161274,10.261717,0.5963157,1.9654316,2.0151381,147.1367452303898,54.61967179477415,-22.84650422256118,0.52751195,1.0,0.0
0.6253056,0.1261852,1.0615581,1.0211178,8.582286,3.0750115,2.72791,1.163586,0.08149507,0.23054373,388.91980710714006,604.7449380177234,-185.4199879360085,0.6221488,0.0,1.0
0.41228968,0.13131745,1.0135133,1.0447572,5.85661,9.92537,10.223391,0.25215715,1.8937775,1.9817648,-122.55974106300937,81.55602830284352,31.37687911116427,0.6073556,1.0,0.0
0.32882446,0.10584428,1.0458872,1.0460441,5.8905835,2.3373618,3.9125276,0.047408443,0.21128301,0.48618078,603.7950680313602,-640.9935325967622,-146.96930166380503,0.42559996,0.0,1.0
0.2922711,0.16753954,0.94635504,1.0047954,6.941832,12.213537,11.05535,0.5156511,2.3805938,2.1597426,194.54059823106854,78.25040213618377,62.430439305024265,0.55863845,1.0,1.0
0.42648965,0.074950226,1.0429418,0.98563915,3.536335,2.0808268,2.2908156,0.08198368,0.027834253,0.070893735,-1013.3883422128949,21.94866589459815,196.6146293221958,0.4237959,0.0,0.0
0.22983049,0.106697604,1.0541898,1.010628,3.9382837,10.392536,10.60892,0.046138808,1.9971269,2.099641,-818.5828876929975,97.07915577656922,-65.53755559628189,0.5877894,1.0,0.0
0.55315405,0.10498617,1.0463969,1.046017,4.815447,9.09504,10.445737,0.2075892,1.7534364,2.0571609,-978.1322422674696,-15.066633186272611,-48.25473402705484,0.49397495,1.0,0.0
0.38303056,0.0449097,1.0379665,1.0196826,4.0619526,2.0295324,2.4583948,0.26288867,0.1205396,0.03094055,-1516.6431890066067,-476.7863270109915,558.4310889311828,0.39558804,0.0,0.0
0.49703035,0.091809236,1.0027788,0.9961415,6.7518606,10.267313,10.250652,0.43961984,1.9945438,1.9977715,216.56649550738985,32.93448024822828,8.29653950311831,0.49843934,1.0,0.0
0.27502468,0.09994485,1.0050129,1.0153196,6.0777783,2.9908738,2.2728586,0.8019608,0.12855403,0.12317857,-1240.199298025459,315.4000123214038,-99.49118362028128,0.5962442,0.0,0.0
0.23719944,0.10091311,1.1213397,1.0600222,6.467187,3.7529178,5.5338125,0.7297384,0.55357146,0.91924876,-697.0426612158185,-240.00285228894882,-15.98954931372782,0.5173393,1.0,0.0
0.22945252,0.06758741,0.9788786,1.0180926,5.401075,10.684893,10.770475,0.14577088,2.0675614,2.12482,-267.5913944539643,72.51895564218603,-26.15806500835106,0.55138785,1.0,1.0
0.47101802,0.09050313,1.004589,1.0181967,10.9252,5.9037,8.045478,1.8663174,1.0341154,1.4596912,700.643566000027,-143.7031368082762,22.847159310669667,0.5816213,1.0,1.0
0.45582426,0.09288129,0.9368754,0.9635227,4.585001,2.2610111,2.1416907,0.3898432,0.038595162,0.046219412,-1677.0595525662993,69.00305839703856,202.31221246017947,0.45984292,0.0,0.0
0.23965392,0.106904425,0.95100856,1.0368963,7.2599673,6.6085777,7.4030275,0.46972057,1.0531359,1.4025561,588.7909420618603,107.13598125610088,-62.76224637524956,0.81511563,0.0,1.0
0.46113408,0.25765985,0.9999252,1.0134876,3.9763985,10.1724,10.77455,0.2234752,1.9323773,2.118931,-1420.4597787623516,135.39166865832476,-14.387980106339455,0.64954096,1.0,0.0
0.7533881,0.07658153,0.98975635,1.058076,12.193535,6.1881385,7.7820125,2.0631459,1.0683243,1.4047583,756.1687756147649,-65.99596557385348,31.300457742383514,0.63770854,1.0,1.0
0.51852804,0.10226605,1.04572,1.0144953,6.7928224,9.740836,10.14655,0.59595424,1.8711455,1.9806268,-123.21443705935326,34.90672727975743,-9.685825006468804,0.55355865,1.0,0.0
0.36008734,0.14981627,0.96441746,1.052309,6.1251593,3.1756918,4.234526,0.11425966,0.33428976,0.72083807,616.9565847973411,-203.34541371087357,-320.9673418614284,0.55118346,0.0,1.0
0.32655042,0.11331231,1.0074854,1.0374396,5.4943757,9.898013,10.843353,0.45697933,1.9216146,2.149968,-1136.4366321323637,7.5236154882795745,-34.90398265568638,0.48543742,1.0,0.0
0.2219088,0.11855209,1.0257778,0.98914057,6.8100653,10.782667,10.91877,0.66694903,2.013217,2.1357925,-251.5750022683569,267.4391057429734,34.36446930525926,0.7889828,1.0,1.0
0.34811762,0.16833945,1.0118984,1.0173869,5.5591917,11.0421505,11.105118,0.30620354,2.143012,2.1770086,-622.4620302438116,87.14857254909475,43.43370518715528,0.5445393,1.0,1.0
0.808864,0.2041041,0.94674647,0.974883,6.2158155,10.025025,9.952756,0.29940674,1.9454054,1.9266038,113.40410258311545,19.08611119436091,11.806010288202287,0.49523085,1.0,0.0
0.28026572,0.109487236,1.0692867,1.0613525,4.9806395,2.6864412,2.2855873,0.16604757,0.27378577,0.09373726,-706.1496327828238,-506.859290195109,68.20639951770238,0.47183156,0.0,1.0
0.4999372,0.11233762,0.99494576,1.0287459,5.0808225,10.103157,10.80287,0.21084845,1.9314193,2.1457436,-791.7275131084975,96.30486334132002,-54.15479912621959,0.60602105,1.0,0.0
0.23495437,0.10936158,1.0860388,1.0632429,3.6080687,6.750366,5.397392,0.2652217,1.1061091,0.94210637,-1617.914050992506,61.798010977573085,-85.40431088248442,0.79005563,1.0,1.0
0.32290265,0.1678398,1.0195843,1.0383056,5.964554,2.507409,1.1637332,0.6932141,0.16899139,0.10371988,-1150.9025387632382,-326.5652792923338,-632.7903346001661,0.48188642,0.0,0.0
0.3127825,0.11936001,0.9856679,1.0591925,7.100048,10.718157,10.7928915,0.9018963,2.0528026,2.1142201,-409.71024476459615,124.62196736647275,10.319400678039074,0.63010997,1.0,1.0
0.5166662,0.11001128,0.9903298,1.0106763,9.257378,11.3289,11.109022,1.1482905,2.208698,2.1934757,719.8528735206037,80.15782353858413,4.353365579108868,0.5158042,1.0,1.0
0.15899855,0.108248524,1.0670047,1.0277106,4.702832,10.700864,10.972928,0.34666836,2.0550072,2.171562,-1477.2540980464019,109.79557800048178,-21.817111283377017,0.61005867,1.0,0.0
0.2417079,0.06354376,1.0474648,1.0423261,7.5405974,3.2148857,4.1004705,0.8334425,0.1143612,0.5529647,67.81096105209463,569.461360241636,-143.15088225244153,0.6457724,0.0,1.0
0.3777462,0.100894265,0.9593941,0.97538626,7.89741,10.537709,7.4276037,1.1461271,2.059392,1.3518014,-64.49830876913938,11.055993951495111,1.088178134808004,0.45716175,1.0,1.0
0.12036404,0.11768237,1.0604024,1.0758233,3.7900553,3.7394989,5.6229067,0.43849325,0.34195375,0.98503387,-2103.784686782353,114.14648308548544,-48.58915735325263,0.6788637,0.0,1.0
0.382208,0.10752864,1.0420114,1.0207195,8.206614,3.1480727,4.439843,1.0450838,0.3700675,0.6010228,270.41423948921647,-306.08847546875586,-61.66688480178868,0.5198803,0.0,1.0
0.4783764,0.101913586,1.0236511,1.0169702,8.602017,3.4748273,3.8942218,1.279925,0.28443325,0.35257858,308.56236953788994,115.9219576579319,54.53690323914748,0.6471691,0.0,1.0
0.3700732,0.117402196,1.0558424,1.0347505,4.9994326,10.124243,10.997032,0.3332322,1.9152398,2.1800575,-1223.5753792617768,158.88704316357962,-24.357281087401134,0.6707178,1.0,0.0
0.40479434,0.10907606,0.98009336,1.0010375,5.1111665,6.1370993,8.23544,0.26478553,0.9827216,1.5274308,-937.6030288546849,61.37441751923825,1.1848471535117824,0.7505676,0.0,1.0
0.47065094,0.110689394,1.0581068,0.97604245,7.266362,1.9374508,1.6641843,0.43793964,0.052967153,0.09048566,680.2019265003396,-201.62426293817106,-389.19072656064145,0.39176828,0.0,0.0
0.44213754,0.13895014,1.0405103,0.90054566,9.235953,1.3502638,1.3400353,1.497555,0.016064027,0.0917082,496.94745670004795,-136.6138298114833,-532.065318325375,0.2751334,0.0,0.0
0.3962394,0.10681533,0.9914744,0.9985792,8.060563,5.796544,7.985952,1.2668858,0.9321781,1.4140993,-44.50456404864644,-8.316547307902056,76.42586597765012,0.70344466,1.0,1.0
0.34765112,0.22742368,0.9953514,1.0378484,4.9854455,3.02989,2.6282842,0.26632553,0.13319805,0.26064664,-1040.8872775578916,329.0944548574399,-345.4343575442899,0.60334796,0.0,0.0
0.18587495,0.10271803,1.04741,0.9830412,4.986122,2.7906172,2.6706188,0.048072096,0.016176017,0.1920483,-302.85374967889675,685.4440403998531,-99.01175813151508,0.5693931,0.0,0.0
0.32030264,0.10958543,1.0183403,1.0069367,5.0427866,10.842302,10.569967,0.31271422,2.1296122,2.0588145,-1126.6793453604816,20.48306511872579,30.807970090578692,0.41704854,1.0,0.0
0.41212916,0.114202365,1.0318407,1.0564172,5.910749,11.112296,11.439874,0.17455016,2.1574945,2.2647223,186.76691927357888,86.8430150851309,22.300459107871575,0.54442394,1.0,1.0
0.7802654,0.38620633,0.9724428,0.95249456,7.6313467,9.346861,8.660227,0.94530433,1.757424,1.6012409,-43.673212252427675,80.22271787040881,39.81515421197537,0.6503309,1.0,0.0
0.8734255,0.40102494,1.0066357,1.004088,8.467232,7.2449064,8.5688,0.97644657,1.3447887,1.5516729,515.8787707969245,-45.431174296074005,61.68648009457729,0.5506529,1.0,1.0
0.6341805,0.43237033,0.98901963,1.0668025,4.801049,10.391387,9.1646,0.19099282,1.9852706,1.7248242,-928.8850260764316,122.26897281786023,27.01306421126992,0.62744313,1.0,1.0
0.69875807,0.4521626,0.88798696,0.8959394,9.160145,1.4425075,2.8738337,1.497611,0.08472447,0.21026942,467.28525227248383,-492.6474247632449,-21.841281269028286,0.2814673,0.0,0.0
0.6303437,0.42557254,1.040992,1.0759516,4.802904,2.1081512,3.8581302,0.10559188,0.16386338,0.3408572,-629.2174425276537,-626.1150463000291,66.07707304317046,0.39649618,0.0,1.0
0.90828884,0.4163158,1.0055928,1.0510596,4.224558,3.3101537,3.5284555,0.088570006,0.50808895,0.3401137,-874.605657329565,-417.91256926304845,-48.02743381955156,0.43316945,0.0,0.0
0.71040684,0.41677085,1.0649066,1.0414715,4.70564,13.230513,10.838417,0.2776433,2.6101327,2.097531,-1264.335294508539,65.75502763092845,91.3161347959076,0.44378394,1.0,1.0
0.6907063,0.40230426,1.0318754,1.1091998,7.6849127,12.155035,10.311652,0.8964429,2.3942246,1.970964,72.53384378668852,64.36614255885615,111.87524617009831,0.42997548,1.0,0.0
0.7028211,0.18274198,0.9795208,0.9821716,5.641279,1.3093936,3.7393444,0.42957795,0.034605186,0.253136,-897.6343052522197,-233.77818945600214,200.147615004822,0.26493502,0.0,0.0
0.6761134,0.35802424,0.9541985,0.9840376,6.2297606,10.330917,9.584754,0.6343742,2.0001159,1.7862644,-743.6923550843685,54.4263770445873,100.49706166192254,0.5290029,1.0,0.0
0.4205966,0.5071212,1.0321871,1.026845,7.053232,6.499826,7.866106,0.64084953,1.1921107,1.3704729,18.076943081653553,-106.51102419528661,96.3180932327964,0.5291322,0.0,1.0
0.7312456,0.4027671,1.0957355,1.0850935,3.933111,2.0004725,2.1847706,0.24422479,0.12772727,0.019631794,-1494.3825860982613,-527.7446632069372,382.1770065785184,0.3869773,0.0,1.0
0.81947935,0.38999712,0.9856758,1.0190456,5.2378078,10.479317,9.352606,0.3077205,2.0394797,1.773434,-944.4486435265044,27.522433351081872,33.07903421103447,0.49282914,1.0,0.0
0.8672215,0.4828912,1.0077585,1.0308895,6.8159065,10.844943,9.602198,0.4001481,2.1269045,1.8384755,387.4924304830529,30.2805193790482,23.273678328197093,0.43396112,1.0,0.0
0.446588,0.42677444,0.9389009,0.99710864,7.270306,4.4071536,5.051404,1.0319506,0.7547339,0.70319,-421.66608081462755,-232.28990777393233,109.34291284460596,0.46468714,0.0,1.0
0.7443459,0.3726145,1.0730109,1.0372424,3.7456234,1.4184029,3.8924704,0.03670286,0.048037235,0.06514704,-823.7970751699141,-300.4923161082163,1062.008489518408,0.285349,0.0,1.0
0.8269835,0.3760183,1.0352042,0.99214995,12.097688,5.963479,7.666489,2.15436,1.0172657,1.178913,741.222322483994,-78.74480061233044,299.0718487241502,0.6354902,0.0,1.0
0.6955234,0.47486392,1.034845,1.0353328,7.1574802,11.208797,9.737107,0.77964944,2.2215097,1.8643533,-148.45364565429736,22.70759054627888,36.36054970050645,0.3068335,1.0,0.0
0.5420486,0.406217,1.0218911,1.0564346,9.450849,2.7223294,3.1552284,1.3469198,0.33757314,0.07975901,649.4655348769857,-627.1428679711964,689.8269089297714,0.43599442,0.0,1.0
0.78200173,0.4130718,1.0395052,0.99656063,6.408834,10.90411,9.704348,0.4354909,2.1498556,1.8309801,-86.8516203688896,15.46685871144473,80.02286185766434,0.37375566,1.0,0.0
0.82753754,0.3852208,1.0552976,1.0660132,5.329612,3.591651,4.313525,0.23074217,0.46736106,0.33539608,-625.9747292995355,-190.9090915541526,282.84715794518206,0.5567502,0.0,1.0
0.6974515,0.44022137,0.9762052,0.97986865,6.9953413,13.318268,10.592449,0.69898486,2.6366718,2.0089579,-149.8489918940095,65.81289784226465,189.7563696990951,0.38596752,1.0,1.0
0.9389398,0.3301474,1.0935745,1.0799905,3.7205522,1.8863028,2.9110894,0.2653174,0.22824381,0.07989098,-1600.2384598476347,-982.0548805169944,566.9105144199491,0.3065777,0.0,0.0
0.7710052,0.39879647,1.0293199,1.0231704,4.663441,11.418493,10.106471,0.22947255,2.253205,1.9488564,-1146.6637071617142,40.009670301347796,42.74657205270023,0.37961927,1.0,0.0
0.77289945,0.39415115,1.0363829,1.0741235,4.873931,10.253911,9.869323,0.024255458,2.0095146,1.9063761,-293.42937852311024,-11.937050630712747,4.969955386425681,0.41778073,1.0,0.0
0.72897196,0.37929362,1.0638156,1.0461857,5.650268,1.7808436,2.8078551,0.44622242,0.13553847,0.11984417,-934.9886151817163,-672.7029994028828,308.13259167391936,0.33616322,0.0,0.0
0.7969702,0.3960923,0.9587714,1.0054526,7.242209,11.355512,9.794242,0.6229536,2.2506218,1.8469868,221.52496003230135,29.8649947730064,82.67080440654081,0.31058925,1.0,0.0
0.7409396,0.37714386,0.9993478,0.98410785,6.431588,2.855453,3.4433417,0.9852945,0.3846321,0.2739633,-1122.7298867614104,-601.4229680383878,53.15088088695347,0.43084535,0.0,0.0
0.8563135,0.39245352,1.107195,1.0385281,7.2742066,4.654198,4.953985,0.9130721,0.8096495,0.7684641,-280.2653554537019,-234.43806101116934,-47.190725195153846,0.4687418,1.0,0.0
0.682754,0.35580865,1.0557135,1.0225708,6.272872,11.772702,10.3732,0.3291046,2.3236394,1.9740353,98.65532257220048,52.94832238111485,131.1051612680867,0.38805157,1.0,1.0
0.7774123,0.3440117,1.0465504,1.02626,11.4790535,7.0259075,8.0244875,2.0496511,1.2901936,1.3089064,714.4931844698935,-43.8200593681463,215.666884801788,0.56819856,1.0,1.0
0.87759537,0.38639298,1.0004995,0.97638583,5.062656,2.1313155,3.1379786,0.5731769,0.29467323,0.19700412,-1820.9002872817782,-1039.209989172023,143.38536794682864,0.31435767,0.0,0.0
0.63466626,0.3187682,0.9700642,0.97550786,8.1037245,7.239481,6.917104,0.6530543,1.3092139,1.2517713,815.575379261777,-16.357097677455386,-0.9007181390425103,0.6311055,0.0,1.0
0.40638223,0.50020176,0.9773475,1.0239674,3.8439415,11.283325,10.235916,0.040141474,2.1884553,1.9681463,-816.0545504385061,87.49231610821698,67.7289365622878,0.5619908,1.0,0.0
0.69330335,0.32023507,0.9407433,0.9209643,12.724171,7.2549963,7.860539,2.2464795,1.3244025,1.2539736,759.9380737807878,-27.894135986764468,240.16198597859102,0.6049769,1.0,1.0
0.9614303,0.37734273,1.0595177,0.98978525,6.742843,10.793684,9.746219,0.77928793,2.1272235,1.8298421,-532.7914412267332,4.396259801721499,105.98105911257562,0.37508968,1.0,0.0
0.5677807,0.4285286,0.91087383,0.9835308,5.892874,3.43975,4.312095,0.29759338,0.59036785,0.57005334,-219.9604664239348,-463.4403565828675,-59.858263036819835,0.36046988,0.0,1.0
0.79242206,0.4034286,1.0497271,1.0395882,6.127777,11.002802,10.30231,0.6403131,2.1776927,1.999183,-882.2608524907819,13.826808677848021,33.380144993295744,0.3229436,1.0,0.0
0.65617645,0.4067553,1.087462,1.0788828,7.1194916,11.826735,10.449492,0.8502828,2.269295,1.9850078,-296.33942047803885,109.44369688637016,145.64859695424138,0.68096644,1.0,1.0
0.4754251,0.4405624,1.0046226,0.99099916,5.7072806,12.077947,10.6628275,0.48953727,2.3990903,2.026224,-995.1720254259712,48.51081808719755,193.8014383263153,0.28765893,1.0,1.0
0.55997026,0.4648097,0.9765043,0.99578327,6.4532547,11.156365,9.535739,0.4827405,2.2014835,1.7758191,-182.6169147368655,30.984212904575543,99.14173832866754,0.37088034,1.0,0.0
0.6526199,0.3987834,1.0389571,1.0640922,4.332912,1.4836955,3.121962,0.017286161,0.0177077,0.057047464,-590.9412014205409,-130.35341386046974,821.7753085382881,0.30231833,0.0,1.0
0.6626376,0.4029161,1.0125666,0.9948419,5.53179,11.140878,10.280914,0.39418218,2.1874974,1.994959,-925.9256853932266,47.376575685542775,35.10842715021863,0.4325575,1.0,0.0
0.75499773,0.39859205,1.1734684,1.154916,4.4181848,7.8115683,4.999852,0.44855544,1.3621871,0.79132164,-1935.2728638849226,86.97391718328072,-63.43827578355513,0.7808049,1.0,1.0
0.6536029,0.44047782,0.89080095,0.93765986,6.197529,2.7940533,2.2396731,0.8765479,0.42506945,0.047064837,-1224.0582994145857,-736.0792244792656,292.41671932290154,0.370227,0.0,0.0
0.72464424,0.40334928,1.0443348,1.0028592,7.539316,11.799852,10.301393,1.08523,2.3088808,1.9634354,-271.2510925781012,66.57216600742868,124.41541597412152,0.49846727,1.0,1.0
0.6142609,0.40093654,1.0175842,1.075787,9.183373,12.507536,10.667314,1.3316243,2.464776,2.042691,559.0875791526278,67.32100104590609,141.07642205152433,0.4359097,1.0,1.0
0.80633396,0.4000015,1.0568907,1.0923989,4.3415437,11.828797,10.421085,0.16333462,2.3110855,2.0207772,-1089.554361941796,69.65897132443388,42.48791773814946,0.51609737,1.0,0.0
0.79922104,0.34992486,1.03997,0.9921286,7.399162,2.6829352,4.4700923,1.0167762,0.37043926,0.40217996,-296.12435684282855,-739.0016701517513,241.31351990542203,0.39620653,0.0,1.0
0.8615018,0.3974255,0.9875688,1.029245,8.824467,11.800149,7.1459875,1.3294609,2.3154702,1.2010167,394.7363968628847,59.80364685277527,123.67798852793794,0.46585324,1.0,1.0
0.60366684,0.40500113,1.0381001,1.0215756,3.5006387,3.746203,5.2447643,0.25515953,0.5980318,0.83424914,-1596.8172163316017,-309.0931353148494,-13.205094803435259,0.4606601,0.0,1.0
0.8915438,0.39915422,1.0823706,1.0828111,8.395418,3.6721299,5.040425,1.2284175,0.6261456,0.45023808,206.60565732956547,-382.1382768277995,458.7975173560751,0.39174187,0.0,1.0
0.8406468,0.39382756,1.0262228,1.0050552,9.519468,3.3221548,4.746394,1.4632587,0.5405113,0.20179386,613.4891806718465,-455.49474908530783,832.8033953977167,0.39438242,0.0,1.0
0.7870963,0.40596542,1.0559955,1.0381876,4.355332,11.109854,10.461547,0.14989845,2.1713178,2.0292728,-1042.1732785776849,61.53745762116705,34.21946577720337,0.4814607,1.0,0.0
0.716027,0.3970745,1.0215997,1.0395557,6.3771334,7.124091,7.743856,0.08145178,1.2387997,1.376646,990.260475497362,28.791055559781398,58.52710695824044,0.71842015,0.0,1.0
0.788015,0.40145046,1.0057272,0.99420196,7.9521866,2.285236,2.8345098,0.6212734,0.20311092,0.060299058,761.8359821701224,-654.7169102384664,646.2560401068093,0.41787916,0.0,0.0
0.5451817,0.42025068,1.0113556,1.022491,10.43711,2.6550763,2.8296268,1.6808888,0.27214208,0.24249291,697.7002405090097,-531.1197061461226,-158.60483440677672,0.46538052,0.0,0.0
0.5188061,0.4093855,0.9695086,0.9524479,9.077692,6.5978026,7.5124946,1.4502195,1.1882561,1.2633146,462.4624072372321,-71.65569972362755,151.47550656675685,0.5856685,1.0,1.0
0.5727909,0.4752526,1.0327132,1.0221905,5.906353,2.9024112,2.9967172,0.44965926,0.38927612,0.10986191,-660.2460904503077,-559.9889414533652,479.8994106937994,0.43948805,0.0,0.0
0.65193814,0.4009432,0.9590925,0.934423,4.765724,1.9952108,3.30945,0.13526164,0.27225408,0.041263584,-766.1701509379313,-1059.0618359347861,1016.5806644211252,0.29775614,0.0,0.0
0.77425283,0.40004614,1.0721073,1.0003701,4.711185,12.107944,10.085511,0.12938048,2.3856905,1.9080298,-768.6418136834402,59.30827234751996,113.09536362169229,0.42398578,1.0,0.0
0.61410373,0.40396267,1.0100249,1.030991,5.643738,12.180549,10.975058,0.3578839,2.4135728,2.1139376,-684.377706141921,57.742298932542326,116.29849930549472,0.33741853,1.0,1.0
0.64540434,0.043143097,0.9279257,0.9781778,8.459699,5.037778,2.845884,0.031142285,0.41263524,0.049567975,2859.0422842223984,400.08165745635733,725.7093385385233,0.9381389,0.0,1.0
0.50637424,0.110636584,1.0625876,1.0641443,6.776597,4.4633417,2.269048,0.7543115,0.22784661,0.123583265,-455.4103578626223,681.9161843773375,-105.42847950264809,0.88089836,0.0,1.0
0.6547638,0.18124568,0.9962889,0.95635515,6.638113,8.984556,9.323149,0.5523067,1.6726995,1.8115103,-166.81683933818113,78.64286797119621,-41.56237657357906,0.67001736,1.0,0.0
0.57783467,0.09912948,1.0222988,1.0558846,7.3008213,8.730652,9.973387,0.83971244,1.5935606,1.9420981,-132.4732876511116,96.8442659250245,-8.525145790376882,0.7285371,1.0,1.0
0.8623436,0.080076605,1.013214,0.9942928,7.2453895,7.3917017,7.5009527,0.8567343,1.249335,1.2611272,-202.27248689150247,68.16721193346757,150.41280244912377,0.8066469,1.0,0.0
0.7436145,0.08222144,1.035843,1.0122787,6.151261,5.9698977,2.9613452,0.667661,0.85270864,0.49629015,-906.2238199786134,200.03762937790816,-537.7393865658164,0.8529819,0.0,1.0
0.58523214,0.065056704,1.0290543,1.0935339,7.2012696,5.3318863,3.15851,0.048861396,0.6368006,0.36972305,1872.1864104730253,169.12213912321408,-259.7733514668871,0.873001,0.0,0.0
0.54383624,0.12348917,1.0243403,0.945362,5.464678,9.289191,9.678509,0.5157264,1.7228187,1.8543769,-1316.7838106240597,117.42874131898225,20.04702911234017,0.7096497,1.0,0.0
0.6305332,0.04780424,1.0158572,1.0087527,5.288296,4.1163187,2.5744445,0.31093007,0.24269195,0.1850235,-910.3950966572752,528.2761343437417,-133.7433061705692,0.80290085,0.0,0.0
0.57324356,0.19375692,1.0192431,0.97989607,7.075364,5.1640787,3.5655184,0.30445477,0.5653133,0.230768,922.1332405972162,189.66265514141924,213.6218148090802,0.88219017,1.0,1.0
0.67143023,0.06444785,1.0464865,1.0635545,8.098174,9.033463,8.738504,1.1895291,1.6296967,1.6208726,44.71587870777694,152.37782652543774,27.442195388307482,0.7959706,1.0,1.0
0.56416434,0.0687763,1.0487665,1.011096,6.227451,4.9429717,2.6459005,0.6375838,0.28205574,0.1721932,-754.9766037875752,656.6904768125864,-17.06009264086697,0.96704197,0.0,0.0
0.66255975,0.21252702,1.0312667,1.0677649,7.1499476,4.2460895,2.5359738,0.54515624,0.36948046,0.23723465,315.37370234387436,253.7957841085713,-350.93925636748713,0.7803946,0.0,0.0
0.59086347,0.06288181,1.0006329,1.0150038,7.2665267,6.6817756,5.1659007,0.08664634,1.0026901,0.89805084,1797.6785913736414,220.41608132329247,-127.5329849998825,0.9016522,1.0,1.0
0.5750411,0.055595946,1.0499537,1.0516744,7.875662,9.7171755,8.578858,0.90860146,1.8054612,1.6663879,188.00550653219716,157.82687738054483,-71.36642637666091,0.7340315,1.0,1.0
0.7076022,0.048650287,1.0810648,1.033885,9.263335,5.6571846,4.0725613,1.2090558,0.7401583,0.42232782,677.836359163543,191.18926032404056,14.254081669920424,0.87340045,1.0,1.0
0.6621958,0.16693734,0.9987785,1.0046529,5.315445,4.3903713,2.4471164,0.1656549,0.46408564,0.26311246,-418.1764062174384,121.91729781183835,-491.35075205411226,0.7607829,0.0,0.0
1.0159292,0.0540029,1.0321152,1.0856488,9.723494,8.127224,7.957187,0.40161547,1.4198508,1.5214819,2186.194795062539,110.82576394604393,-57.94056108175482,0.8075776,1.0,1.0
0.63760495,0.08507929,0.99234056,1.0316359,6.7098756,4.6862965,2.9132836,0.5098134,0.3924316,0.22973917,-11.201926500339141,326.2136042863119,-65.52449479873053,0.868699,0.0,0.0
0.47882915,0.057941247,1.0197146,1.0604435,8.165055,7.4461117,6.84871,0.7145621,1.2900629,1.2658448,729.0541734450862,53.1510055261856,-44.44088794306526,0.75933146,1.0,1.0
0.57629764,0.12209924,1.030024,1.0341842,6.1657767,5.8330197,3.3609002,0.24631947,0.8792478,0.407717,219.33316519853224,89.16609849896668,-226.4774663691337,0.7825493,0.0,1.0
0.6277457,0.047394387,1.0652859,1.0556501,7.7413855,8.365844,8.947256,0.6799869,1.5291802,1.6811318,500.91004719445937,64.52945747157037,17.051601074227165,0.6930473,1.0,0.0
0.5875247,0.048880212,1.0295126,1.0321887,6.923162,4.6221285,2.6932673,0.71583176,0.49578106,0.34761548,-251.24346197542764,126.4219233065835,-474.6930118588409,0.7963223,0.0,0.0
0.52564156,0.05686189,1.0241486,1.060036,7.104504,3.9381113,2.521248,0.9695598,0.2520905,0.30513522,-484.5125716447401,443.05738219678256,-532.2188120545827,0.7615768,0.0,0.0
0.43800664,0.04872737,0.9670708,0.98665535,6.142508,8.653259,9.001939,0.49908188,1.6218855,1.7210851,-554.3625671080267,39.97273504608302,-11.070541278907967,0.616309,1.0,0.0
0.9118702,0.058344036,1.0081025,1.0499594,5.92955,4.564558,2.2467625,0.32235074,0.49319783,0.24574591,-246.82972689061535,121.21937756690636,-599.3749193087881,0.78406227,0.0,0.0
0.6358685,0.053535197,1.0066189,0.97415113,6.168577,7.891104,9.517958,0.039990235,1.3727919,1.8752042,923.6076539890581,97.2632682399626,-74.3050283387829,0.7946589,1.0,0.0
0.6417052,0.047093585,1.0769336,1.0454822,6.4336014,5.8707204,5.127347,0.03223217,0.94777447,0.8327768,1231.0824443743204,3.5225707564750337,-62.30960166615705,0.7073556,0.0,0.0
0.4826719,0.04820066,1.0256838,1.0062761,6.4271464,4.307722,2.4981055,0.6161997,0.5662154,0.37279436,-506.9065425612853,-64.27947464724457,-669.6688446041651,0.6627428,0.0,1.0
0.705896,0.050075606,1.049527,1.0349414,9.0529175,5.046798,3.3302612,1.1043469,0.46723044,0.2923344,682.5583657398433,307.0330382345112,-39.76224774073739,0.91315764,0.0,1.0
0.47319508,0.061031323,1.0014848,1.0009664,6.49998,8.284688,9.182302,0.37212738,1.4627508,1.798245,176.9301883561468,107.18571391244814,-60.93860127937842,0.794383,1.0,0.0
0.4859574,0.082642965,1.0224191,1.0291593,5.7471976,4.9021125,3.642269,0.29225,0.44821006,0.34946954,-363.41874245213626,290.1360499587977,-28.630307741207844,0.8899532,1.0,1.0
0.6957379,0.21530363,0.9732403,0.98362964,6.2772703,4.9728665,2.5107844,0.9854458,0.43103147,0.36690548,-1275.3920911889745,346.2101265774161,-646.8778583296091,0.91480184,0.0,0.0
0.59041035,0.02575032,0.8944748,0.9347519,9.955627,5.3153887,3.77941,1.3011752,0.43302152,0.34726724,789.6159164071191,454.3837372114251,23.286086768614723,0.99091005,0.0,1.0
0.61234534,0.059570465,1.0209907,1.0361342,5.9794755,4.1457796,1.929905,0.16601636,0.3697996,0.2286012,292.51257164474055,218.85365431990772,-811.5662975438195,0.7574269,0.0,0.0
0.5598563,0.10267764,1.03082,1.0220999,7.652752,6.969986,5.6945148,0.6477109,1.1670561,1.0311875,490.18403682011194,56.765598163009145,-67.60679284366552,0.7780907,1.0,1.0
0.71666175,0.06539536,0.9394199,1.0332295,4.872368,4.309788,2.581735,0.30499125,0.42026874,0.3979422,-1224.1777815406049,173.66035956972064,-631.9790993101997,0.7680774,0.0,0.0
0.58382875,0.071128905,1.0710764,1.0134761,5.941207,5.1125307,3.1913154,0.09502154,0.511871,0.3837669,498.1904142710721,255.28997647662868,-259.4807322512654,0.90341187,0.0,1.0
0.6988909,0.12295234,1.060169,1.0380116,6.13365,4.8943768,3.0156624,0.45576704,0.64166623,0.42498314,-449.80120113941393,10.353619968559542,-418.6832142124463,0.75447375,0.0,1.0
0.99475473,0.16051942,1.0196401,0.9957776,7.2254314,4.222403,2.2146435,0.4625638,0.4440594,0.1745782,587.6570748887875,104.99137443045674,-384.83017754287846,0.7331146,0.0,0.0
0.6842013,0.058597133,1.0224084,1.054522,7.6534405,9.566257,8.569476,0.92801815,1.7751317,1.6582884,-4.469283853065008,140.17757635745875,-63.61724284719412,0.72846776,1.0,1.0
0.73252165,0.06326002,0.97337615,0.9843316,6.0113125,4.3578935,2.567461,0.5511221,0.4300733,0.3937181,-807.194795062539,170.15225636607965,-632.1463102905548,0.7737128,0.0,0.0
0.6097972,0.057942547,1.0914503,1.1196445,6.920277,5.581201,5.2089396,0.49674886,0.39523682,0.80991924,212.25947716761584,633.3293447089848,4.042455784966023,1.0654519,0.0,1.0
0.6776719,0.09506083,0.98602235,0.9661961,6.460213,7.675621,8.5558605,0.06875643,1.3323545,1.6483058,1127.2903765717301,74.25053954157647,-59.78445382754944,0.7782445,1.0,0.0
0.53890884,0.07398928,1.0377448,1.0347286,5.0348005,4.7710958,2.9744525,0.13992573,0.55145675,0.36219448,-582.0630571994732,98.85247218271024,-327.0659706825088,0.794794,0.0,1.0
0.7609993,0.0465909,1.0313022,1.0068245,6.4529405,5.2962055,3.1665912,0.38631997,0.70735216,0.44145003,89.21130941959996,81.29227204832728,-371.34879225173586,0.8047027,0.0,1.0
0.5324035,0.059646707,1.0140377,1.0301201,7.1223936,5.3949056,2.8747392,1.1086389,0.5536614,0.4195363,-630.7258829633633,291.0260828167193,-485.9131293104349,0.9451958,0.0,0.0
0.5992584,0.045378357,1.0091867,1.057649,7.8009324,8.009467,6.5055847,0.071471944,1.3869847,1.1990609,2253.6951057307024,111.75516503632161,-56.363814217150775,0.8179855,1.0,1.0
0.6560341,0.049317222,0.91836524,0.94800466,5.3831143,4.29292,3.902425,0.38415658,0.5580462,0.40022415,-1041.828850732322,-53.71350123226716,-17.790986957299992,0.6659509,0.0,1.0
0.6174625,0.06912121,1.0264674,1.0807871,8.01268,6.9869184,4.7206945,1.2004638,1.1593921,0.76699173,-32.52820984350774,71.50518221199536,-163.31613343042045,0.7961437,1.0,1.0
0.5686201,0.058818694,1.0334843,1.0483087,7.993889,6.55469,6.379829,0.28311324,1.1312784,1.1510028,1693.0828213677405,-33.305000746713176,-24.764206177625965,0.6760545,1.0,1.0
0.63226426,0.055655822,0.97471523,0.94138396,9.023733,7.397153,7.5123563,0.51795447,1.2169126,1.399447,1648.2831229624767,100.27022365775429,-23.82495049288309,0.8586802,1.0,1.0
0.694405,0.06913023,1.0524567,1.0349399,7.186575,4.8389025,2.9362638,1.0952028,0.41389394,0.42803186,-564.5085678466935,338.25526809036637,-466.6205100948132,0.89284825,0.0,0.0
0.674763,0.050411712,1.0630165,1.0185525,8.621884,5.282794,3.6395411,1.026756,0.51862425,0.22459483,554.9693501783222,297.7240030616515,261.1619846131032,0.93949527,1.0,1.0
0.65729314,0.045242522,0.99175155,1.0164573,8.231496,8.425153,8.707364,0.32403094,1.5543131,1.6615399,1743.9127978407926,55.252835113274614,-28.55453872956059,0.66414016,1.0,0.0
0.8525879,0.035741724,1.0247159,1.047349,7.9354405,8.220137,9.516427,0.73558444,1.4852818,1.8437338,527.6864767982825,61.93802665982048,-22.43370245618098,0.7193482,1.0,0.0
0.5917175,0.089177184,1.0080981,0.98148924,7.720659,5.4633865,4.129073,0.5049152,0.5691678,0.3379263,863.7043664785097,291.80733066975995,197.88896069027078,0.95196706,0.0,1.0
0.63353866,0.16622062,1.0390022,1.0056459,5.6983423,7.8337584,8.264672,0.49564505,1.3681479,1.491379,-1012.1050918394349,92.08965760595356,51.2860881341021,0.77921045,1.0,0.0
0.57514626,0.046862863,1.0232934,1.0072578,6.496492,8.240565,8.356793,0.8100427,1.4851699,1.5599773,-811.7544087145648,66.90909155415238,2.8327897023882542,0.7292599,1.0,0.0
0.61003834,0.061463576,1.0135839,0.9510026,7.1460147,4.975009,2.8689804,1.0746847,0.6282664,0.30678895,-574.6424350197663,54.97746359487314,-296.09340381931634,0.78747344,0.0,0.0
0.78183466,0.06466406,0.953862,0.9809592,5.5649643,5.1240973,3.1332583,0.5874204,0.65614873,0.51269674,-1371.348304232426,73.81658165925023,-480.36316186001704,0.8034585,0.0,1.0
0.4773641,0.073986344,1.0373467,1.0484458,8.217629,5.606495,3.4718785,0.78545374,0.6404818,0.17315124,639.9510835046744,275.2957497572231,405.98171010422186,0.93935615,0.0,0.0
0.40824628,0.12972547,1.0177225,0.9745849,7.8423047,6.970785,9.232179,0.5211644,1.2600642,1.7619423,897.6610786868341,-34.485566798514355,14.807316367957355,0.6088855,1.0,1.0
0.5418929,0.036441058,1.057212,1.0184978,7.9940767,6.6862116,9.959725,0.87085474,1.1809254,1.8925301,339.87476699887793,-37.858245463304684,82.34291421009357,0.6403387,1.0,0.0
0.43083382,0.01926353,0.9610813,0.8428263,7.98234,5.4031954,7.403022,0.8878766,0.8366998,1.2115592,296.42675004823013,-16.570007841123697,180.03331186119294,0.69799876,1.0,1.0
0.9306232,0.050995473,1.0716107,1.0983382,8.399521,7.043438,3.809299,0.6988033,1.2653439,0.54585814,921.8132125335551,-19.340891270173415,-264.3389946053412,0.63188344,0.0,0.0
0.6439828,0.02856779,1.0709206,1.0905409,8.459948,6.346636,3.7366652,0.08000368,1.0494359,0.41929102,2687.206928628133,29.875565305087548,-125.93403068297926,0.7287803,0.0,1.0
0.41018403,0.0907966,1.0332363,0.97570705,8.059437,7.1176143,9.662227,0.5468686,1.3101835,1.8048089,1003.0626802060533,-37.27029236045064,101.20770832843255,0.56810755,1.0,1.0
0.408138,0.030726904,1.045483,0.9838369,6.813019,4.6689696,3.5756004,0.34207237,0.6553272,0.23459148,564.9364436356536,-69.21235344641786,207.80992716197989,0.67893714,0.0,1.0
0.8030361,0.18963747,1.0589262,1.0298496,7.986461,3.1567132,4.1305037,0.33559707,0.15267806,0.18120001,1535.113598600402,350.49606862789847,620.9013704961758,0.62523574,1.0,0.0
0.6142488,0.021925963,1.016947,0.99858475,8.825176,6.8292665,8.695835,1.2206714,1.2170615,1.5713047,471.88990603277216,-33.70084123657762,72.22991578073197,0.63271624,1.0,0.0
0.5082363,0.03575474,1.0601461,1.0492852,8.051677,4.631181,4.093117,0.6687261,0.69469094,0.22176118,743.4517711662579,-118.19962474803174,461.8902667700261,0.62526476,0.0,1.0
0.41942227,0.1821114,1.0624672,1.0613886,9.6130295,5.3676763,3.8408642,0.5762985,0.7821157,0.28680262,1724.1532595874505,32.46240497344024,159.88242892600783,0.7505367,0.0,1.0
0.7101504,0.032981433,1.016099,0.97934985,6.4274354,4.350221,5.3158164,0.055504054,0.5900548,0.8484829,1140.3336643634052,-79.49822679420367,1.2547353925419884,0.65256894,1.0,0.0
0.42346868,0.0083550215,1.0431895,1.0333108,8.223648,7.591472,8.749049,0.93974376,1.392826,1.61682,398.27324087834313,-14.013354118333154,40.2540830354078,0.6168246,1.0,0.0
0.7175792,0.023420246,1.0179831,1.0216918,8.503045,3.2175186,3.1529567,1.1779135,0.32752308,0.37275985,321.3379229834195,-155.8083754015645,-270.68974597670945,0.56534064,1.0,0.0
0.62486655,0.13191421,0.9353128,0.9404175,10.016084,5.481472,3.5242481,0.19679718,0.8767209,0.31268045,2878.626796820999,-42.065382346378556,-6.947094211505373,0.6717685,0.0,1.0
0.7181106,0.018210994,1.0883346,1.0514215,8.376564,5.82085,7.9599,0.3704732,1.0072156,1.4719139,1682.5656193490963,-130.38137293702994,-6.9856297089750115,0.5958261,1.0,0.0
0.31515107,0.042433266,0.9337367,0.91911876,8.716421,5.1920743,4.169746,0.5409557,0.8050668,0.27930716,1447.6311776124662,-55.669541856514115,324.5062042202085,0.66940033,0.0,1.0
0.5260223,0.011025684,0.9909266,0.95981854,8.702007,5.9139442,7.4250636,0.7457044,0.87742764,1.2162769,1019.4825483989193,140.99248786495764,181.1796214690039,0.80952024,1.0,0.0
0.30264118,0.08830462,1.0621859,1.0194525,8.929117,7.081579,4.2295303,0.27746177,1.291883,0.45728496,2296.326909919025,-29.733254051141557,54.00653108151914,0.59247786,0.0,0.0
0.5372948,0.01811555,1.0554789,1.0324146,7.3102226,6.46516,8.598637,0.7111292,1.116545,1.6315639,99.01401329316423,-39.85476775440884,-22.223382650981875,0.6655661,1.0,1.0
0.4805651,0.012649044,1.0297041,1.0589215,7.865312,5.250505,3.5475376,0.74697405,0.90841633,0.39718345,447.1715262610983,-175.47395153462912,-136.0209020552884,0.5376374,0.0,1.0
0.5540225,0.013690756,1.0706948,1.0225923,9.132422,4.7553887,3.7660236,1.000702,0.6647257,0.35470322,832.7417759840982,-46.98087260107263,-2.2958857804972013,0.69423866,0.0,1.0
0.5869021,0.029579196,0.94202185,0.9712151,7.8335376,6.828703,8.899417,0.53022414,1.2092502,1.671517,869.1461281496504,-26.932322081922848,15.717179113516522,0.6478821,1.0,1.0
0.83897436,0.017650139,0.99149376,1.0172708,9.810151,5.4006715,3.735143,0.353493,0.90583307,0.2953139,2353.8663824093637,-119.58969195730151,91.38406186707357,0.60048294,0.0,1.0
0.34201524,0.018274182,1.084912,1.0706387,7.5130963,5.9503765,9.616265,0.008847951,0.9601566,1.8256361,2258.5335889647213,18.15914308117499,47.85565087730902,0.71761936,1.0,1.0
0.45756269,0.0066253264,0.9295419,0.9635648,7.3201866,4.7278323,5.4907274,0.06337445,0.5351392,0.78320885,1911.8187138262213,104.24483496367861,146.26910500082295,0.79564047,0.0,1.0
0.49325612,0.021395452,1.0635958,1.048591,8.117475,5.8822894,3.6620579,0.64734197,0.97885066,0.42236236,836.5084456752406,-45.88599843177508,-159.72501695753522,0.66607106,0.0,0.0
0.5658896,0.016097873,1.0686346,1.0653996,8.456949,3.2894216,3.557389,1.0732045,0.054595195,0.24276644,388.01976940779787,920.6940232241789,174.41606696576764,0.6691344,0.0,0.0
0.60986286,0.024629207,1.0194775,0.99204975,7.771649,6.0272074,9.198773,0.40326968,1.0501155,1.748677,1168.234955214461,-102.09549958924435,22.451993034702355,0.6041063,1.0,1.0
0.43783417,0.0579161,1.0671222,1.0655371,8.837994,3.2401514,4.217814,0.3233923,0.035574842,0.29990157,2113.197046543999,998.3375509666705,299.61397696506197,0.6603958,1.0,0.0
0.7512173,0.16492131,1.0047755,0.9915934,8.348557,5.309331,3.6004593,1.0165881,0.8436667,0.41647345,385.2000520122997,-64.22278657310562,-167.99673480061233,0.6581116,0.0,1.0
0.5402906,0.05854303,1.0061746,0.9822748,9.646791,2.4201531,3.9169354,1.270033,0.020386295,0.29769927,736.8600049584038,306.02274251321654,158.57217421997325,0.49357334,0.0,0.0
0.59746027,0.011465361,0.9908579,1.0236189,7.4394417,4.973557,3.2693563,0.19715863,0.7824349,0.27816918,1546.9779791107421,-98.50865992089143,-27.577401269969187,0.62686926,0.0,1.0
0.41434756,0.052937023,0.9703021,0.9769389,8.787007,4.923699,6.100233,0.6788532,0.7544209,0.9816196,1189.2344560495876,-89.31884287960042,88.32723715656948,0.64595014,1.0,0.0
0.6917297,0.017020615,0.9504228,0.99224806,7.6365643,4.964978,3.6809096,0.3361335,0.832904,0.44751018,1277.4513941728378,-164.656813158128,-178.24428538901384,0.5518069,0.0,1.0
0.5160303,0.0351883,0.9846794,1.0237337,7.8652916,6.3713775,4.200312,0.12616383,0.92450625,0.43333486,2113.6022748678447,264.36516652974797,56.54670088554212,0.89504784,0.0,0.0
0.5360785,0.0822132,1.071865,1.0846579,8.450515,6.0441484,4.2217674,0.4869093,1.0543015,0.4745511,1410.7744277047996,-104.80614853256247,16.717177748028917,0.60356367,0.0,0.0
0.89638174,0.12603,0.9353968,0.95664835,7.060825,5.5595126,3.3974974,0.4937061,0.85669464,0.22414617,351.5437258708221,22.269110223253392,176.14108324055883,0.7234189,0.0,1.0
0.59318644,0.0067921537,0.96458393,0.9336289,9.991414,7.3773165,8.713239,0.95916045,1.3624964,1.6087204,1120.0960859135948,-29.997147711051184,44.94056244724197,0.57788724,1.0,0.0
0.5821715,0.029987412,0.9647089,0.9857449,7.7231383,5.2417517,3.5021758,0.5822644,0.8427085,0.44328606,688.8957843188587,-85.25172167877372,-227.3278908791915,0.63646215,0.0,1.0
0.44362056,0.019117456,0.93621916,0.9972094,6.762329,3.9284616,4.8982515,0.52789116,0.017398419,0.7603513,-0.23182757470749493,1462.5597808225257,-55.60875264604192,0.8016972,0.0,0.0
0.5494229,0.0423784,0.9402646,0.9168726,7.675037,5.688752,8.412676,0.09989871,0.9197193,1.5987377,2076.324281444145,-24.010989843938205,-29.20574716056899,0.6835817,1.0,1.0
0.56808335,0.036334682,1.0249097,0.9843305,8.313271,5.869504,3.939792,0.10878345,0.964092,0.41176245,2490.8762644934973,-31.46470054513884,-20.226649898600954,0.6835643,0.0,0.0
0.6661179,0.02199887,0.9649506,1.0426345,8.842117,6.534614,3.6138055,0.3551777,1.1199874,0.491018,2010.9065425612857,-23.7100922260679,-262.8647948010828,0.6874435,0.0,0.0
0.42269537,0.02308047,1.0457387,1.0267315,9.417318,5.828872,3.6494052,1.1397812,0.9662967,0.46910426,785.7993266513745,-60.43576543947074,-223.42913185978182,0.6655987,0.0,1.0
0.40523535,0.018673535,0.96395016,0.95160174,7.1368775,5.8772707,6.48713,0.04032966,0.9743495,1.149493,1850.2832451339295,-42.03067396011602,10.131286959651788,0.6710808,1.0,0.0
0.2633851,0.0043368237,0.8974861,0.89354753,8.473371,5.999755,3.9346285,0.3530143,0.9706814,0.35065618,1811.1907912644922,25.766780300206847,86.4114950038811,0.71999705,0.0,0.0
0.5659819,0.02144993,1.0424502,1.0772591,8.866497,4.9439692,4.798902,1.2316061,0.7467569,0.7174238,485.63243076417984,-71.57925883061398,-34.092750096695,0.6614909,1.0,0.0
0.5162996,0.021366786,1.0275779,0.98106164,8.11823,4.475075,6.603471,0.25197095,0.7186431,1.1014348,1891.0890766472476,-173.44731200065917,84.14892245006467,0.5444835,1.0,0.0
0.49140152,0.017667051,0.91671365,0.936417,7.3799872,4.733878,7.7642503,0.4868122,0.8042774,1.349879,641.4366321323641,-196.72741206785076,85.02547401717447,0.5098222,1.0,0.0
0.39797363,0.0323561,0.94768226,0.9534095,8.792669,4.969874,3.803933,1.126345,0.8265292,0.47759983,525.381210775095,-158.80148868646938,-186.07380852652705,0.5635041,0.0,1.0
0.600336,0.02202687,1.0610363,1.0756872,7.3891215,3.6660948,2.375198,1.0578984,0.10598904,0.17502685,-356.46528005501796,870.4486315432498,-246.76747342524527,0.74047875,1.0,0.0
0.42078987,0.011420958,1.025242,1.0027033,8.529713,6.5592427,8.651593,0.3551732,1.1416779,1.611972,1837.5687469888499,-39.01564969003175,28.045069309963765,0.65948087,1.0,1.0
0.6831251,0.038385265,1.0338656,1.0688965,8.974987,6.5179143,9.360307,0.70444214,1.0726466,1.7941658,1242.9069195547058,37.293385482827944,-2.126713632278097,0.7560571,1.0,1.0
0.657097,0.06341807,1.0503645,1.0178281,6.631004,3.182807,3.5238805,0.47377288,0.15653256,0.2883583,11.898035800318667,355.1037058469302,41.00783716127421,0.6297386,0.0,0.0
0.33583468,0.14479627,1.026185,1.0085627,7.486224,5.843901,8.213372,0.52678734,0.9555126,1.441811,625.4036034182423,-32.101272869838795,85.30372362451499,0.68696404,1.0,1.0
0.43123093,0.014813652,1.0144161,0.9925637,7.9614305,6.187071,8.639214,0.841185,1.0725347,1.5104094,362.56687250080995,-75.73554962284015,132.7459183300789,0.6298672,1.0,1.0
0.31350926,0.024985164,1.0086765,0.91138685,9.035862,6.1572533,4.2065554,1.1058271,1.0409017,0.35635692,668.2473436020218,-35.35591554025768,188.74591696459152,0.671592,0.0,1.0
0.620725,0.030185524,1.0176747,0.99734503,8.546646,6.0667467,3.8527646,0.6185627,1.068784,0.5622647,1178.1336175906363,-123.96703046818538,-262.00457264463057,0.58622867,0.0,0.0
0.3922015,0.1781082,1.0131166,1.0272441,8.738321,10.032382,9.97022,1.3066182,1.9005461,1.9350935,365.9804854141694,125.13473041620682,3.1613336214568335,0.65659475,1.0,1.0
0.1332302,0.09589238,0.9589599,0.9081121,4.060423,9.74959,10.657858,0.08540095,1.8214072,2.0656815,-917.0237732058447,141.89747629026715,74.3096030316442,0.71052814,1.0,0.0
0.7416419,0.09020558,1.0315982,1.0357337,4.373408,8.085559,7.6921315,0.10242282,1.4771817,1.3847104,-860.973353976369,34.67761070880715,36.757022056228834,0.6715846,1.0,1.0
0.50997376,0.08590279,1.0309132,1.0442774,4.351189,4.639294,2.708184,0.08665047,0.624862,0.3727069,-824.9836130539229,-43.254017250472316,-510.7106473492538,0.70005167,0.0,0.0
0.22791292,0.077394985,0.9685733,0.9189655,6.569452,3.618558,2.4584944,0.70545006,0.40895396,0.2461398,-543.4041025831152,-75.00514786064741,-436.312215191155,0.6094013,0.0,1.0
0.41585028,0.1361317,0.9311766,1.0667845,5.2233143,10.220586,10.429039,0.23858511,1.9506654,1.9779601,-760.4896798367195,123.54907288505183,157.20966813080895,0.62359786,1.0,1.0
0.17870665,0.08596554,0.9805814,1.051086,5.727185,3.387228,2.6328642,0.4433814,0.014845352,0.061440237,-841.731139913124,1202.1546893431714,505.46505383225343,0.69124895,0.0,1.0
0.7005537,0.21848021,1.0478938,0.96146965,7.5758963,4.9592214,3.6771567,0.4498567,0.7931599,0.35435125,889.4295006945636,-116.21930886420978,-34.337688525586145,0.6078072,1.0,0.0
0.32861704,0.044364747,1.0181557,0.89861953,4.5322547,9.730469,9.280823,0.43521762,1.8575433,1.7444559,-1831.1894159413255,54.18334963805319,49.30568342689139,0.59232414,1.0,0.0
0.37896103,0.082445756,1.0345342,1.0025736,4.3242116,3.6887531,2.6890082,0.11672768,0.054209124,0.04860994,-933.0032550507369,1145.6072179071743,632.6257330483456,0.75092816,0.0,1.0
0.37192816,0.14378266,1.0130612,0.9556413,5.5026135,2.58421,2.0502307,0.20915526,0.14163385,0.11365138,-384.7676732604191,-138.80601112716943,-237.66166048276807,0.5073065,0.0,1.0
0.31714627,0.11346129,1.0196583,1.0157958,7.612463,7.0492616,5.962928,0.8409578,1.2305367,1.0216341,107.55348578350277,18.588509820104264,10.205094803434804,0.70227534,1.0,0.0
0.18304734,0.06453991,1.0081996,1.0697724,5.344498,10.665698,9.275492,0.15428996,2.0333078,1.7899712,-351.40398041166236,149.03053655472286,-17.356628730266493,0.6582362,1.0,0.0
0.46599367,0.07511965,1.0969305,1.0884446,11.509422,6.695079,4.7483444,1.9633673,0.96800494,0.5459111,729.41286416605,283.6799749832021,184.68190676720315,0.94424224,1.0,0.0
0.39841166,0.10304097,1.036021,0.9723926,6.923523,2.8154435,2.0564451,0.5886566,0.23623905,0.1395292,9.016264774624233,-267.4183081922945,-368.69366558146226,0.521676,0.0,1.0
0.6409709,0.09276626,1.0381194,1.0203199,8.596211,8.78492,8.53002,1.155927,1.6476974,1.6450652,402.2308292449611,39.07226906147389,-68.84715794518252,0.6225665,1.0,0.0
0.29911613,0.058521256,0.97831327,0.9368995,6.1620903,2.7913635,2.59356,0.24449807,0.16458498,0.1061559,221.29300504661023,-36.0282409830246,245.4813832429112,0.5444609,0.0,1.0
0.21080631,0.068765655,1.0524118,1.0191919,5.5920944,8.167178,7.425912,0.039749354,1.5179095,1.389428,305.25647169931506,7.124365992216099,-39.075766963415845,0.6158179,1.0,0.0
0.2902965,0.10870671,0.9456988,0.95221287,5.289209,4.775243,2.5389645,0.507992,0.65140116,0.28413373,-1476.5664955073898,-28.328093869090708,-477.18027519162547,0.7128247,0.0,0.0
0.41584373,0.067772284,0.9755743,0.85497713,5.6045895,9.152107,9.433196,0.074324585,1.7570268,1.8047152,193.42424374480288,1.1648476590726204,9.186806955888187,0.5237084,1.0,1.0
0.20402631,0.067506865,1.0818735,1.0468447,4.0800157,3.6075034,2.3589456,0.03847972,0.26793447,0.22403221,-751.1080973077353,239.47520237452295,-436.9007195045299,0.6837202,0.0,1.0
0.40679908,0.059009846,1.0317552,1.0367441,5.2982516,2.464832,2.4619007,0.21524829,0.024243897,0.18155196,-614.9849883770894,332.57250952091186,-211.05682675873538,0.5025229,0.0,1.0
0.27501714,0.084160425,0.9776305,1.0299081,4.6132493,9.794208,9.599508,0.2552296,1.849732,1.8446683,-1250.4794207591658,116.54677731335323,7.587198916363377,0.65792555,1.0,1.0
0.623037,0.07074039,0.9704287,1.0560378,7.220718,3.5498586,2.0095975,0.43196076,0.26535124,0.12216264,668.4192416170099,210.27265663484582,-317.5956904830033,0.6720991,0.0,1.0
0.18702303,0.06280523,1.0459214,1.0393065,7.29179,8.638696,10.207386,0.7943017,1.6006385,1.9987874,-67.2796183293026,60.16255208737448,-26.640756379248614,0.66382664,1.0,1.0
0.18826008,0.064479396,1.0280014,0.99428064,5.4022155,6.7234054,5.724832,0.72207934,1.175621,0.9563601,-1815.4875505267123,-21.916115674640878,11.930111078225764,0.66621006,0.0,1.0
0.1595967,0.08178324,1.0615436,0.9878234,5.4141054,3.8583374,2.458839,0.13811179,0.3383688,0.2492111,-221.7788084962665,170.94393734580808,-443.1450042107997,0.7078262,0.0,0.0
0.38152683,0.059720155,1.0849786,1.0628912,11.6050205,5.494739,3.9242132,1.8586583,0.69507706,0.4159177,755.3057704275916,173.82931035763636,-39.05943891824563,0.86876005,0.0,0.0
0.37839207,0.076997325,1.0296229,1.0814004,5.21518,9.084222,9.843303,0.3821841,1.6905973,1.9218283,-1200.5446020291154,83.86624561290091,-35.40300343724175,0.67915684,1.0,1.0
0.1976531,0.09084574,0.9434507,0.9539783,7.123903,5.168899,3.6310785,0.46206146,0.6760567,0.4730528,504.30589259904445,70.27954334994115,-232.3246249970598,0.7982063,1.0,0.0
0.52163893,0.1629519,0.9673743,1.0363941,3.8551254,4.009843,2.4413812,0.2311343,0.20318486,0.2433222,-1468.299138154664,620.3120248672017,-441.5003275440547,0.79180014,0.0,1.0
0.7510756,0.13118793,1.0548527,1.0247294,12.657141,5.6532087,4.16468,2.0554867,0.6608681,0.4708505,773.8309800423294,265.90338697625475,-11.366427742148744,0.936307,0.0,0.0
0.48461318,0.07023,1.0515641,1.0725806,5.8878126,3.9272778,2.1046035,0.5882951,0.14195302,0.10501794,-1015.6593263702471,835.2229239784988,-151.68582773744413,0.7884517,0.0,1.0
0.23700254,0.056029085,0.9392933,0.881948,5.022379,7.6586657,6.183381,0.106600575,1.3949027,1.1547709,-472.8528735206032,5.04451609300304,-77.61789656981546,0.64586246,1.0,0.0
0.3371469,0.060667947,1.0614524,1.0051098,5.122861,2.979093,2.636459,0.44932026,0.19242214,0.27435893,-1470.583886022744,49.00994511213378,-366.82821774050217,0.57551926,0.0,1.0
0.06530532,0.08004101,0.85062814,0.74417305,5.7561383,3.3116848,2.6366756,0.65928996,0.2840244,0.26018363,-1308.3175269997646,29.83515234092738,-334.47616028937864,0.6106865,0.0,0.0
0.4198009,0.13206773,0.97640866,0.95682806,3.758446,3.564939,2.8516018,0.29854447,0.41381964,0.30139986,-1688.2848752790633,-115.77366701530195,-301.281516172216,0.5925799,0.0,0.0
0.66617566,0.08245386,0.96904606,1.0304272,5.9349356,3.4666154,2.514678,0.29174766,0.21621281,0.050994933,-153.78331145918673,313.7877152562787,492.8347467737897,0.67233187,0.0,1.0
0.27352187,0.06985306,1.0650555,1.0072383,5.1178193,10.445274,9.161446,0.17370667,2.0029783,1.7818716,-633.9220585885998,104.62892278426443,-32.73285343606585,0.6057261,1.0,0.0
0.42853728,0.07916825,0.99683225,1.0287838,5.0233264,3.8315313,2.3987792,0.20318936,0.2022267,0.27013484,-807.2527227232354,556.196284444529,-549.9327246032242,0.7543828,0.0,1.0
0.14055322,0.06716457,1.0382993,0.48380008,5.499211,6.364619,5.8776016,0.2575626,0.6230834,0.9335025,-540.0880783175007,617.7170476438596,63.4075767646159,1.1328899,0.0,0.0
0.4826821,0.12619168,0.9491601,1.0587028,5.995616,8.276355,9.118758,0.68555504,1.5602012,1.771889,-1101.6718369292612,-5.5156840413797,-34.98366990659861,0.5642975,1.0,1.0
0.3230251,0.08292988,1.0832909,1.0767459,5.7304816,4.394631,2.464468,0.8942372,0.32361016,0.2386112,-1761.5063163652335,395.87333843608576,-404.87655224985406,0.8340336,0.0,0.0
0.4001541,0.07183021,0.9952062,0.96106416,8.201073,4.116618,2.6365767,1.1406314,0.47950557,0.31786677,156.4749177962458,14.611740347874502,-462.7589818586057,0.6830814,0.0,0.0
0.14983483,0.070651226,0.9908425,0.99685776,4.441918,4.0989246,2.5634766,0.35432744,0.32581484,0.295953,-1650.7824353008932,292.104819281431,-475.5532340152931,0.76777005,0.0,1.0
0.1766835,0.070031166,1.045238,0.99677724,8.054026,8.639984,7.097156,0.82578343,1.6148313,1.3226442,456.73064074825106,41.77018930640588,-51.831482257146035,0.6277383,1.0,0.0
0.4092857,0.07855399,1.0426936,1.0184962,7.381191,4.152314,4.2191358,1.138468,0.3301996,0.5238074,-447.2140600659327,302.4520405494493,-48.92423303658461,0.7777081,0.0,0.0
0.12898725,0.052322324,0.92995185,0.90344876,4.121356,7.7499557,5.181778,0.44615236,1.3872387,0.89057505,-2041.3264107541518,37.78410014198971,-114.6583932351491,0.7056625,1.0,0.0
0.30232912,0.070392855,1.0790954,1.0656759,7.794842,7.7209406,7.1278,1.0374247,1.359125,1.2745861,-25.96371623514142,63.82924165493978,13.956238135278454,0.74812007,1.0,0.0
0.3195882,0.0705549,1.0069989,0.97839105,8.668568,8.148665,8.311952,1.2722659,1.4447592,1.5230303,349.21118724814687,86.60701179908483,26.080340290789536,0.7696729,1.0,0.0
0.39989898,0.07990307,1.0059093,1.0251533,5.330871,4.08488,2.4638393,0.34089127,0.18604735,0.3044486,-951.1037165162682,711.3444376817658,-576.2397134271271,0.811914,0.0,1.0
0.29387206,0.06915517,1.0491987,1.0025663,6.771459,6.03566,4.321917,0.2724446,0.74647087,0.3481781,733.8820206081311,354.3918060637179,264.32788951370344,0.96821827,1.0,0.0
0.39922965,0.071309775,1.0071151,1.0457542,7.978779,9.641016,9.23087,0.43028057,1.7821597,1.7851232,1241.3790814650874,162.55373273114492,-14.58654382825489,0.75130045,1.0,1.0
0.50382006,0.10503753,1.0548617,1.0611306,9.918001,9.199546,10.062888,1.4898959,1.7131284,1.9673171,693.2450921205618,98.93684452262323,-17.33376755534573,0.6850004,1.0,1.0
0.2918958,0.13087913,1.0117114,1.0505302,9.18704,5.5679235,4.7895308,1.2592267,0.7970144,0.46150956,605.4552757994315,105.89643155846306,318.2155448069632,0.793751,0.0,0.0
0.3719088,0.179801,1.0129367,1.0203804,5.381566,8.737721,8.790729,0.25866646,1.5959945,1.6149622,-662.399100455322,95.93107124202879,55.19137891777473,0.72651607,1.0,1.0
0.26945087,0.091146156,0.95641345,1.0676144,4.496208,9.013581,8.780217,0.055731185,1.7130165,1.6835606,-641.9907444917231,27.87897431128704,-39.8647934355954,0.5731497,1.0,1.0
0.29913697,0.0715092,1.00472,1.1146324,4.607019,3.9833865,2.9658115,0.3203733,0.4004198,0.18320568,-1442.545478187409,102.56082555433,131.068581476531,0.7029393,0.0,1.0
0.39407724,0.07324326,1.0368414,0.97438544,4.2503004,3.7153258,2.944355,0.16689107,0.42830214,0.38911346,-1141.4472682033377,-65.90561384525654,-383.29261989836573,0.61973035,0.0,0.0
0.36964163,0.10596605,1.0660839,1.05835,8.176513,1.7481917,2.4011014,1.3920192,0.079138905,0.13058779,-31.71162008776264,-419.486542827622,-38.80143832631586,0.34758693,0.0,1.0
0.5010857,0.11635264,0.99258363,1.0069385,8.631679,3.4891174,4.419262,1.409041,0.42336443,0.55038315,260.3285400641589,-178.16602979627032,3.7864136299253914,0.56616414,0.0,0.0
0.6224516,0.08757366,1.0261374,1.0592026,8.373084,12.865248,11.682739,1.2199677,2.525408,2.3078005,197.55211046033628,65.63928720825606,38.65904832325759,0.5030097,1.0,1.0
0.40981442,0.17043677,1.003194,1.0374769,6.6479845,11.764137,11.089064,0.6011681,2.3095,2.1812334,-266.10734332089487,62.601101113097684,21.6845216576894,0.45871913,1.0,0.0
0.20449321,0.15405929,0.9461355,0.9396193,6.7889385,1.8417013,2.3873148,1.0680331,0.05011929,0.04286658,-899.0337774614313,-224.28977036853905,439.7060726563917,0.37243932,0.0,0.0
0.35019892,0.14656106,1.0043296,1.00521,7.7153244,9.876875,10.201352,0.8632368,1.9153914,1.9965338,151.1322422674698,5.973848480583911,-22.74526324197086,0.49305806,1.0,0.0
0.5742289,0.09834707,0.97830087,0.99940777,8.879256,6.166773,8.599781,0.8567615,1.1073862,1.5807424,925.0653086809334,-139.11518370542217,38.50163362380954,0.5542068,0.0,1.0
0.5002792,0.14490965,1.1226948,1.0846165,9.617283,1.9239911,3.229641,1.7418358,0.043002795,0.19063763,543.1317431025968,-153.24462885558887,216.84193226067418,0.39027292,0.0,1.0
0.34180304,0.17720959,0.9738465,0.9591173,7.9259896,10.220482,10.311178,1.1898905,1.9547552,1.9837035,-78.6085301473513,113.80948883606516,78.56499146406395,0.61003923,1.0,0.0
0.27606794,0.16629997,0.9687127,1.0038745,8.222067,10.486327,10.543602,1.0974629,2.04218,2.048745,212.50481887061414,24.84071951343185,28.431745384779333,0.487365,1.0,0.0
0.566613,0.12591502,0.92117447,0.9807921,6.325735,4.2201986,5.4923654,0.4656604,0.67000943,0.9134594,-259.60040037980434,-201.89406728406811,-18.19856303917186,0.523898,0.0,1.0
0.38310358,0.12494077,1.0660715,0.9878342,8.519955,1.917636,2.7102447,1.4609082,0.13276172,0.14512238,158.8135895269752,-601.9344802482283,120.84977010469231,0.3672355,0.0,1.0
0.5718034,0.1558832,0.9977679,1.0129534,6.9841914,5.5002975,7.734055,0.65674907,0.93254113,1.3891824,-80.69548272412248,-122.25867709656586,38.9033316640398,0.5955546,0.0,1.0
0.7307179,0.11694944,0.9967459,0.9733604,7.753444,10.851258,10.603928,0.7179616,2.136785,2.0746229,433.7966981764939,18.743481069739573,4.853038717798881,0.38748863,1.0,0.0
0.597486,0.13590305,1.0891603,1.1009922,6.761792,2.5818384,3.3673975,0.15069124,0.25284865,0.29002842,1125.8401081396223,-542.8558124862129,-17.90855734854813,0.4595096,0.0,1.0
0.38776162,0.11898407,1.0367103,1.0416762,7.3915176,10.533399,10.570514,1.0621201,2.0651312,2.0412495,-357.4385066204036,-4.6546549918230085,72.93011244371337,0.4249177,1.0,0.0
0.38940057,0.1439801,1.0642467,1.0247566,8.367116,3.283671,4.509504,1.2668688,0.3826366,0.5456655,153.15764037891768,-216.56764356672875,65.64010402211443,0.5447563,0.0,1.0
0.1793466,0.14226072,0.95922625,0.9743411,7.4994884,12.902618,11.411592,0.7986262,2.5519474,2.2192273,87.4495196847979,65.66822231392325,97.39843420633042,0.39086956,1.0,1.0
0.37727982,0.15551592,1.0456799,1.0043554,8.48506,1.7713704,2.776769,1.2322936,0.14351934,0.13037844,270.3080219090516,-710.6034653874922,240.1567589285953,0.3305808,0.0,0.0
0.3306256,0.14102271,1.0333674,1.0488087,8.412583,11.007242,10.981064,1.2681385,2.1684806,2.1591258,191.83323152378944,34.36384698715665,22.36773518739028,0.38738853,1.0,0.0
0.5934112,0.14727716,1.0574675,1.0253432,8.962957,9.818877,10.808008,1.5218664,1.92479,2.1166456,378.6765947141489,-40.244903666375194,14.465710285850037,0.39738396,1.0,0.0
0.4439372,0.1611711,1.085399,1.0501993,7.0659127,1.5424038,2.20419,1.0513886,0.05081399,0.09042525,-627.1676446345041,-298.08722462886186,-4.2116279331858095,0.31054106,0.0,0.0
0.8078085,0.11569619,1.0366642,1.0336863,7.4043236,10.914835,10.553298,0.87465745,2.1658974,2.0572562,-97.08507284920051,-1.8965689638553158,20.76616734548952,0.27807707,1.0,0.0
0.22347902,0.16020752,0.9738294,0.9771203,5.9360256,2.899916,1.8065524,0.51231647,0.29990762,0.063693866,-786.1617663484176,-365.83383279833674,-159.17962283449162,0.50665975,0.0,0.0
0.47602978,0.14081812,1.1032448,1.0881013,7.0089965,4.3937035,5.629248,0.5845389,0.72492504,0.9787335,93.26035332590891,-207.1868960496456,-36.735466961063594,0.5068992,1.0,0.0
0.33655083,0.15488102,0.9933601,1.038155,8.738457,11.473466,11.14597,1.1685064,2.238915,2.1843047,469.6221716866262,72.48883839932023,42.914436755676434,0.51323813,1.0,1.0
0.58471894,0.15311109,1.0526354,1.0252783,6.535457,6.7029524,8.248685,0.5520401,1.205469,1.5191759,-269.16802162792465,-55.07699761026379,13.975833428067745,0.59863317,1.0,1.0
0.6085087,0.1605289,1.0191442,1.0314665,6.6997886,1.9835199,1.7822264,0.9244341,0.20994875,0.01326529,-818.8204661428081,-864.1671432307712,135.21554344147566,0.3435349,0.0,0.0
0.26149863,0.13745023,0.9401192,0.96554154,8.072453,6.9730296,7.7207727,0.84455675,1.2244895,1.4620408,439.2692370802961,4.4148991860952265,-60.111037944241616,0.68126065,0.0,1.0
0.68706965,0.198274,0.9645407,0.97440344,9.115156,10.826948,11.042729,1.5377525,2.103731,2.1784158,437.37895929363503,69.92056941264445,3.4964093047892675,0.52363765,1.0,0.0
0.4384218,0.19814579,0.9507833,1.0033828,7.3310757,6.902106,8.146278,0.7488685,1.2396779,1.464243,34.522708550841344,-28.180009334550505,45.9307648008471,0.61977905,1.0,1.0
0.3563496,0.12959777,1.0257338,0.9771398,7.7105165,10.4493475,10.379221,0.71832305,2.042499,2.0401115,395.4722893213657,1.869654619099947,-41.153493046464064,0.45156178,1.0,0.0
0.44200024,0.1412257,0.9125086,0.9086161,8.910568,3.0530636,4.8216834,1.2000176,0.50564337,0.78032273,533.796199011621,-627.0572447913894,-130.77269774426577,0.3493636,0.0,1.0
0.6147531,0.120144114,1.0638543,1.0374306,6.950725,10.5821495,11.2134695,0.85729796,2.0929682,2.2094524,-468.2591001741953,-38.773873123391695,33.93860401035272,0.32074118,1.0,0.0
0.49581414,0.16839236,1.0907618,1.0412698,6.740482,11.517955,11.252455,0.64732826,2.1845706,2.1952772,-282.82934989719524,163.174029945867,71.39516832419758,0.74594975,1.0,1.0
0.37730622,0.18412353,1.042831,1.0291182,7.9850645,11.738255,11.411635,1.0080738,2.3143656,2.2364933,145.1331184257633,52.74577664143726,64.12998224538387,0.40204653,1.0,1.0
0.7911764,0.22689593,0.923479,0.96198606,7.470512,10.714216,10.159908,1.0148705,2.1167588,1.9860885,-245.4755391325716,-10.413923156987948,-15.267797555580728,0.34020314,1.0,0.0
0.52864474,0.12739539,1.0756857,1.0562383,9.404444,1.5430907,2.9056385,1.4803249,0.10243218,0.15322196,567.5561142583829,-568.0143301474409,211.45590990848007,0.29712653,0.0,1.0
0.741318,0.17257927,1.0357139,0.9764984,7.921411,10.698868,11.162255,1.1034288,2.1027727,2.2052283,-9.117225405028421,8.746958778635417,14.792294402541302,0.4043736,1.0,0.0
0.3702084,0.10662274,1.1233474,1.1590663,6.7441673,7.365044,5.8820024,1.0490556,1.2774627,1.0015911,-915.2078047864261,33.948459786508465,6.661659117280124,0.7485014,1.0,1.0
0.5213214,0.14253694,0.9890479,0.93925303,5.3486385,2.7026966,2.1728458,0.6210632,0.340345,0.16320458,-1666.501813402313,-658.911387125851,-373.83344342501005,0.42859757,0.0,0.0
0.3787932,0.17363974,1.0245994,1.055522,6.4950953,11.51389,11.107934,0.412381,2.2241564,2.1737049,50.42236925676298,104.85226607462027,53.287395579345684,0.608889,1.0,1.0
0.6149954,0.14777824,0.9975873,1.0000794,7.538389,12.060275,11.430487,0.16598675,2.3800516,2.2529604,1742.1747760723047,54.22146703051476,37.86153028443914,0.3996921,1.0,1.0
0.34345222,0.16858163,1.0275984,0.9992408,9.160151,11.396814,11.274177,1.6609457,2.226361,2.2310467,412.66008035708774,68.02587670862886,8.90006714739502,0.49876094,1.0,0.0
0.43511266,0.15951546,1.0550611,1.0452513,6.7004704,2.9214103,4.4639387,0.48083478,0.28571478,0.61244935,49.005129538777055,-304.9912370250636,-61.290660095989324,0.52016884,0.0,1.0
0.36763754,0.13483717,0.9802075,1.0069042,6.0084257,11.360988,7.5594487,0.16815014,2.2307458,1.4112861,310.25509637614846,53.228422448306446,-21.595035394894694,0.44094524,1.0,1.0
0.42785758,0.13795918,1.0373291,1.04057,9.790649,3.5772746,5.904288,1.7527705,0.51330733,1.0445186,576.145129819904,-275.681088417703,-38.18876539277744,0.5086658,0.0,1.0
0.4615884,0.16816409,1.0798109,1.115862,6.4342446,3.2996159,4.795339,0.26919347,0.5414211,0.6605075,433.13949587672323,-475.4368788739714,39.193337354663754,0.38508895,0.0,1.0
0.47758758,0.1549715,1.0303271,1.0712457,6.180128,3.2152605,4.007791,0.034352243,0.45578685,0.41206327,953.7981956711137,-405.4588585618478,12.794251473943405,0.46297765,0.0,1.0
0.44773018,0.16625045,1.0626942,0.984887,9.456132,10.719032,11.346727,1.6475095,2.0865934,2.2395422,526.9711024949092,56.70529497458119,28.338995970827455,0.50211453,1.0,0.0
0.4424943,0.109501906,0.98215365,0.9743585,9.639144,6.63596,8.531784,1.5790628,1.1540753,1.5869155,596.4592795974786,-24.72629863334987,3.627041859075689,0.66891474,0.0,1.0
0.3771737,0.13644023,1.0586534,1.0704653,8.899682,2.028026,2.455393,0.87633765,0.11838644,0.14997037,903.9283138681071,-470.98887275066863,-89.81580793459716,0.39594328,0.0,0.0
0.59999216,0.1835783,1.0731585,1.0648986,4.99616,1.9845513,1.8744379,0.1832777,0.18741761,0.032223493,-756.7346445462977,-787.4240814728888,78.66100402917132,0.3570895,0.0,0.0
0.4697433,0.20523304,0.9889052,0.9401487,6.097881,6.4418364,8.358855,0.047391552,1.1035317,1.473584,818.4572724589244,-29.40453476210405,86.07707440865806,0.678623,1.0,1.0
0.36690032,0.066750705,1.0465225,0.99240434,7.475574,2.3897424,3.9223819,1.0479517,0.30455166,0.32013133,-280.2211915037333,-885.3998062133139,128.34552500411633,0.37594748,0.0,0.0
0.3142751,0.14377025,0.9646381,0.978998,8.468104,2.2610683,3.025395,1.3623494,0.18752961,0.251533,173.53246846352204,-621.3951463672206,-70.97779323044438,0.41998246,0.0,0.0
0.4000175,0.15213525,1.0634549,1.069309,9.411218,11.69267,10.97336,1.6269915,2.300966,2.1182992,511.6199202051662,61.311750056414894,101.57021714857183,0.4260981,1.0,0.0
0.67154455,0.13442521,1.0397533,1.017617,8.417656,11.84376,11.735254,1.1397271,2.3288481,2.324207,300.4615310789386,55.12193301512343,37.93076616633516,0.44188467,1.0,1.0
0.606596,0.028858038,1.0556916,0.96705806,3.3492768,3.0651007,4.8725824,0.017021874,0.34422556,0.6809709,-797.292383710284,-324.73777649184194,56.67406892318513,0.51770973,0.0,1.0
0.64582723,0.07399394,1.0067501,1.0307564,4.7357693,12.432492,12.303449,0.17205141,2.4462693,2.4383883,-906.6511966027006,68.1184553062285,47.4356649895326,0.45465323,1.0,0.0
0.3248983,0.06724357,0.9268712,0.99655175,7.0688477,11.366437,11.744128,0.79085106,2.2303612,2.3118212,-254.98198290878872,58.17055223697025,49.72175244089158,0.44875392,1.0,1.0
0.33978948,0.08644944,1.0591213,1.0010906,4.484521,1.8866673,2.8072047,0.32398605,0.12925819,0.08772121,-1525.424997731643,-596.5131823615917,474.5375555962813,0.36181378,0.0,1.0
0.20373264,0.07220202,0.960823,0.97989523,5.7898426,9.695852,10.812675,0.52878237,1.8362526,2.1271217,-990.5562364298357,83.67872414330805,-6.053558145628813,0.63619846,1.0,1.0
0.7175336,0.199992,1.0855876,1.0256463,7.0715055,6.000697,9.052839,0.53525764,1.0282474,1.71133,261.22644845349396,-81.02142297062574,13.741346368192353,0.6316663,0.0,0.0
0.29376495,0.0301363,0.9903985,0.9311593,3.2626905,2.1010222,3.0991688,0.34981665,0.03613611,0.32122543,-1902.8761423220442,-12.517773504988554,-199.61267225079496,0.4272806,0.0,0.0
0.5060745,0.07205334,1.0444762,1.0940999,4.897286,9.887177,10.888232,0.20212862,1.8756163,2.1142912,-890.2794961578497,111.13820812510312,69.34030205058343,0.6392661,1.0,1.0
0.46887237,0.20455924,1.0648315,1.0207092,6.1951056,10.1168785,11.178526,0.2945562,1.9630411,2.1793327,103.97259998952859,34.503931372101306,78.5800147949667,0.50054073,1.0,1.0
0.3786467,0.06197828,1.0187624,0.97541195,7.0727615,3.8382947,5.9218636,0.92635876,0.5908705,1.0440472,-473.1448749979363,-259.41142147719916,-31.230568137866157,0.5001794,0.0,0.0
0.20738137,0.0325662,1.0014012,0.9917335,3.938182,2.3683898,3.0142093,0.06888902,0.2119006,0.27571017,-900.3718278558342,-623.7620517514167,-138.70280950523556,0.43237346,0.0,0.0
0.61060804,0.06469454,1.0127181,1.05369,11.324642,5.208697,8.422377,2.0487683,0.85340226,1.5197703,705.1553888974577,-109.87556530508755,58.9967348006121,0.6097518,0.0,0.0
0.35908702,0.13506567,1.0688862,0.9948477,7.3684263,10.56338,11.284671,0.67405754,2.0576463,2.2052104,225.5053180354871,28.998123740158917,65.77139302999785,0.48893204,1.0,1.0
0.6185239,0.04902732,0.9275317,1.0277035,8.481264,2.7238476,3.4590776,1.2413279,0.17370975,0.42061624,254.0505466404593,-128.92870696763396,-223.80862244771265,0.52697915,0.0,0.0
0.2884226,0.069532536,1.0120504,1.0288757,5.8917775,10.231658,11.187051,0.329899,1.9859922,2.1718373,-316.6556995656206,34.384713240533074,102.20379008916643,0.50343376,1.0,1.0
0.30972755,0.04709814,1.0128306,1.0198331,4.9632673,3.5660307,4.5089173,0.1251503,0.3034977,0.67625326,-575.4244985667701,111.54232357534966,-121.38863519444817,0.65871733,0.0,0.0
0.2676414,0.11547526,1.0391884,1.0428016,5.9624395,12.499777,11.934907,0.59339297,2.4728084,2.3498151,-952.9168016388394,63.40780636290947,57.34879361722233,0.37499374,1.0,0.0
0.49767345,0.056536745,1.0006316,1.0209539,5.869098,1.9801879,3.3930018,0.15972553,0.06438044,0.26096624,192.7165000441032,-238.85922149241236,57.586543828254435,0.3988276,0.0,1.0
0.3261884,0.027720535,1.0060253,1.0305524,5.782172,10.661881,11.642461,0.12388066,2.0893416,2.2897136,227.19754570887244,11.02358113693117,52.17831675473644,0.4350287,1.0,1.0
0.53126264,0.049360693,0.9548956,0.8571399,5.0460224,9.550986,11.480486,0.12984733,1.845651,2.2472334,-539.2906313936971,-4.6557684263239025,74.54800969627286,0.50252044,1.0,1.0
0.443002,0.06317424,1.0153922,1.0394448,4.8581533,1.628097,3.0961406,0.34063053,0.02832491,0.22101304,-1343.792694378447,-158.84878836572463,61.785759907304055,0.33107418,0.0,1.0
0.65441686,0.049473222,0.99594635,1.0111161,6.731335,10.615361,11.157876,0.5173617,2.0867584,2.187844,-8.081446044573568,-7.26576991975071,46.06074636348785,0.399055,1.0,1.0
0.24949321,0.05452275,1.0500151,1.0415996,7.1435046,2.460872,1.6962982,0.8797027,0.22076872,0.06689393,-327.3425481177924,-566.7493230530306,-247.7615953836035,0.44895345,0.0,1.0
0.25827995,0.034692105,0.9031338,1.0317863,6.502975,4.377017,6.3749633,0.8074803,0.64578617,1.1093212,-801.1323644389227,-134.55957471443594,19.27433068533128,0.6031959,1.0,1.0
0.25883555,0.06358818,1.0246246,1.0266263,6.223703,10.980499,11.735354,0.22351272,2.159776,2.3148925,344.5536079549556,31.929820402134283,47.74265381343503,0.40597415,1.0,0.0
0.4789213,0.046434663,1.0495682,1.0555942,11.525231,6.5734196,8.856011,1.9440593,1.1263301,1.6497637,734.3994774487423,-22.391806063717922,22.299151662628447,0.69204867,1.0,0.0
0.5640674,0.058765255,1.0687368,1.0259818,4.4278164,1.9049313,2.0801446,0.46758503,0.13080984,0.14385308,-1988.2358313727545,-594.3106366219145,-370.317440875663,0.36520445,0.0,1.0
0.24776292,0.09031578,1.0252403,1.0300764,7.2536836,6.694806,8.590626,0.5474624,1.1453505,1.5926286,394.7382713509246,2.0422205213048983,21.710647349253577,0.70783514,0.0,0.0
0.65448666,0.109428264,1.0470763,0.98631305,4.5727415,10.432228,11.717409,0.14573336,2.0245922,2.3090036,-908.9291900264002,37.422899335691454,44.67994969580104,0.51466244,1.0,1.0
0.7264302,0.120091744,1.0746918,1.0546477,12.740948,6.5782194,8.595195,2.1408877,1.160539,1.5948309,768.8845269115586,-54.379077365331796,24.752450094342294,0.63251144,1.0,0.0
0.54939884,0.021526882,1.0539922,1.0275264,6.6870317,10.129229,11.099313,0.6736961,1.9633602,2.1706994,-378.5080686818201,37.53286647776986,57.036579108811566,0.5095622,1.0,1.0
0.34629014,0.07067902,1.0521594,1.0314697,5.1984625,3.0157456,5.1575727,0.19200152,0.42650446,0.91091055,-623.8448659245096,-520.9924191622611,-141.28216852934975,0.4352715,0.0,0.0
0.40624717,0.04393181,0.98841137,0.97893345,6.2157598,10.369886,11.883102,0.5347212,2.0138292,2.3400402,-552.4491426913773,39.49697595430962,50.18158263686746,0.50608075,1.0,1.0
0.21130268,0.0696496,0.9722266,0.98212177,5.9699955,11.178552,11.754113,0.7446909,2.1054316,2.325865,-1247.2064294632592,202.9784396239811,39.97256891142388,0.7675437,1.0,0.0
0.41103286,0.11225523,0.95573235,0.9891583,5.054972,11.431176,11.965335,0.3839454,2.2352269,2.3670812,-1337.8422374496292,71.34416287097883,43.78772244065476,0.49014544,1.0,0.0
0.7675746,0.118180275,1.0394258,1.0167073,5.377591,10.421365,10.782822,0.3771486,2.03762,2.1166763,-1026.3139001951379,5.233082294399992,-3.513388341605605,0.4475613,1.0,1.0
0.22361177,0.033909608,0.92250526,0.9409015,5.948034,1.8143095,3.2346985,0.08830572,0.18157108,0.28380975,525.0431603806919,-839.2921346429341,-57.222077936714186,0.320645,0.0,0.0
0.39908022,0.0669446,1.06333,1.0572366,5.8278255,10.35039,11.846204,0.2885903,2.023634,2.3358161,-259.18804061815877,1.3360940186867083,48.09797714669003,0.44502938,1.0,1.0
0.17070436,0.052214388,0.9712355,0.77060413,4.454276,6.886207,6.518609,0.34296355,1.1983237,1.1321789,-1610.3611917848602,2.720456650059077,36.77596362639679,0.6928308,1.0,0.0
0.44580778,0.06626949,1.0004005,0.99451286,5.4798717,2.4884472,2.6435382,0.770956,0.2612061,0.29379237,-1831.2229438203203,-668.1034997388404,-410.6995436231041,0.43237013,0.0,1.0
0.37199873,0.070460215,1.0654745,1.0359688,6.8728905,11.154337,11.721304,0.97963816,2.1450174,2.3042927,-707.4322513408965,116.38005339443953,50.59634420562361,0.625558,1.0,0.0
0.5121591,0.061967846,0.96737194,0.9984802,8.695591,11.656526,12.092629,1.2260324,2.3009129,2.383548,404.9300661846937,55.28281495074771,48.05944028373233,0.38294926,1.0,0.0
0.19060665,0.06040632,0.9256873,0.9351194,4.294015,11.005847,11.941429,0.2689265,2.147222,2.3616345,-1456.5360952681485,63.43792360577572,45.66231420538861,0.49432653,1.0,1.0
0.26423526,0.059255306,0.99596256,0.98118967,7.7170477,2.8881183,4.8693347,0.9111844,0.20657589,0.74303716,67.38346225655505,-90.45649428745287,-44.25669519491862,0.55054474,0.0,0.0
0.3317735,0.0424361,1.0680088,0.9415091,8.16596,10.961297,8.11672,1.223869,2.1516068,1.5418739,57.91667946738653,39.49579381711192,-34.543435003411105,0.42889127,1.0,0.0
0.14429411,0.038996384,0.8777613,0.82151735,3.9111106,3.3110955,6.449017,0.3607514,0.43416846,1.1751063,-1855.2973858380772,-293.55839257723846,-41.05355951111642,0.5103429,0.0,0.0
0.4231382,0.06006784,0.9914231,1.0447394,7.8570104,3.0297492,5.1132793,1.1228256,0.4622822,0.7910953,-83.29438036977672,-570.1695075051662,-15.459177156099486,0.3998312,0.0,0.0
0.29191568,0.057973627,1.0396478,1.0643737,8.236742,2.9911542,3.851783,1.3576669,0.37664795,0.54265106,25.843490601343092,-447.8280595177423,-245.38079735042993,0.4743597,0.0,0.0
0.28088877,0.069567926,0.97973907,1.0147448,4.805952,10.361401,12.032385,0.25549033,2.0074546,2.37013,-1133.4660340418586,52.94720894661441,47.871327930832194,0.5248719,1.0,1.0
0.39500996,0.053044032,1.0695844,1.0904415,5.7763677,6.3765497,9.297584,0.18704367,1.0749363,1.7175033,-0.9653463802751503,-0.5908740944992132,76.8458532309146,0.7003923,0.0,0.0
0.46469778,0.039501198,0.9658084,1.0107148,8.0716,1.6846747,3.065955,0.5156815,0.039247535,0.28055817,1088.8783938035044,-216.8812011802887,-129.3892889170695,0.34154183,0.0,1.0
0.4337585,0.08984608,0.9173411,1.0339959,9.560094,2.3420722,2.1045852,1.5752969,0.108278714,0.0983643,582.4458928801714,-221.34882271707295,-120.37557303140954,0.46512523,0.0,1.0
0.4033203,0.12063292,1.021929,1.0537543,8.928829,6.1718206,8.933556,1.3446276,1.0243928,1.6041718,445.1277393045498,2.718161078360481,114.83605558451973,0.70287675,1.0,0.0
0.4464072,0.1553115,1.0589577,0.95381594,5.0485,2.7942965,3.663167,0.3440674,0.22541274,0.45071912,-1227.6454404880667,-257.2574262566716,-184.18158127138054,0.5219283,0.0,1.0
0.24436781,0.066425346,1.0261296,1.0696297,4.11569,2.4847217,3.2713048,0.029669758,0.108390704,0.3821208,-711.9844892122162,-92.31988761140474,-216.52253499635412,0.49498013,0.0,1.0
0.41545743,0.0600953,1.0310696,1.0376996,4.783309,11.2847805,11.454654,0.23497236,2.221827,2.248887,-1087.9211824303065,46.736525651947886,57.65251655899374,0.40483516,1.0,1.0
0.3951846,0.06155079,1.0210097,1.0187331,5.64217,11.5212555,12.347874,0.252292,2.2497094,2.454795,-364.2219454905737,76.7781894560012,46.477467734621314,0.50865513,1.0,0.0
1.1277553,0.07134182,1.0645875,1.0908424,3.5698633,10.922793,9.357577,0.18907328,2.1020436,1.7574173,-1372.262981800789,116.68908856729922,54.640105387602034,0.6069982,1.0,1.0
0.8443603,0.048726525,1.0762645,1.0756106,6.9632673,9.744437,8.835971,0.8078729,1.8861356,1.6308502,-376.11897772161547,-0.9648035991835968,41.755715976473766,0.50068176,1.0,0.0
0.5513517,0.087200806,0.9592027,0.96935606,4.7671866,3.3088522,4.8798146,0.34100795,0.47348374,0.5932497,-1420.090329798961,-363.59080539180263,188.04049598258962,0.47186828,0.0,0.0
0.59506845,0.049915355,1.0095643,1.0171287,5.6348767,8.368449,8.057318,0.5458042,1.492027,1.4461507,-1210.6129109388185,115.08270218816142,43.47093460487031,0.7739866,1.0,0.0
0.84167206,0.21008895,0.91210914,1.0358056,6.148438,4.44319,6.449109,0.55227953,0.6840218,1.0303591,-673.154634910617,-149.48897580471362,127.37230578379013,0.5789645,0.0,1.0
0.8365293,0.034337617,1.0755883,1.0098312,3.4805858,3.612728,3.2819831,0.3327948,0.38036165,0.3597455,-1829.9265615515199,-22.654448883733266,-183.14957617268647,0.6269945,0.0,1.0
0.65971017,0.056045778,1.0176553,1.0077115,4.855109,8.111747,8.06025,0.2191505,1.5313908,1.4333204,-989.5400990661951,-22.35480210575679,71.92749891871563,0.54663724,1.0,0.0
0.48027426,0.19982238,0.94942784,1.0551789,6.1179433,8.41115,8.198122,0.3115781,1.6188155,1.4983618,-31.706118795096245,-36.17194048225747,27.49510185954614,0.4669653,1.0,0.0
0.85321224,0.022043487,0.99564195,0.9710544,7.1769924,3.3170676,4.452847,0.94338065,0.24664499,0.3630763,-395.68659896973486,140.62335561175973,287.9967334351245,0.62855965,0.0,1.0
0.69304514,0.018220095,1.0145564,1.0215098,3.8319407,3.876773,4.335778,0.051867146,0.5561262,0.40526074,-862.7466559404384,-193.82924165493978,169.43892814068863,0.55141723,0.0,1.0
0.82760096,0.04935308,1.0314807,0.9985658,11.383824,4.60883,6.678633,2.0657902,0.50917673,0.83879936,708.5065711872007,97.17423605395607,394.96211617692006,0.7842138,0.0,1.0
0.85889506,0.14408386,0.97515136,1.0050828,6.7393603,8.900682,8.401783,0.6910794,1.7134206,1.5242397,-367.9426989151607,-19.005285266040573,46.12214303587825,0.4927338,1.0,0.0
0.80003476,0.029892184,1.063616,1.074925,8.815405,2.4787998,3.9333167,1.2583498,0.17051579,0.2603547,432.1174802269961,-362.36273355265655,266.5447410831657,0.47511217,0.0,1.0
0.49808,0.057172943,0.973831,0.94758433,6.106485,8.63888,8.278931,0.34692088,1.6417667,1.4908663,-158.57850690153032,6.782918004792009,55.26518676155774,0.5494427,1.0,0.0
0.72046006,0.022043869,0.9882277,0.9075942,5.712777,3.425779,4.222775,0.14217217,0.040727846,0.0047176313,74.31489852488448,1082.3502796650566,1599.9405597162668,0.6980477,0.0,1.0
0.41973323,0.10746897,1.005429,1.0047739,5.9039645,10.866637,9.049502,0.6104148,2.1285827,1.6688442,-1047.0002495824365,37.45413001305769,61.675376368427806,0.44778076,1.0,1.0
0.6993941,0.040018648,1.0670992,1.0505464,5.606012,2.6451886,4.537592,0.17674741,0.27984512,0.4200047,-161.50394271232017,-559.4831338214226,240.17047617974276,0.45822075,0.0,0.0
0.68714947,0.025592433,1.0583817,1.0915942,5.604469,9.207757,8.803803,0.14090253,1.7451161,1.6087426,-37.36069261998705,48.55721044004122,68.96146381978633,0.600244,1.0,0.0
0.92469925,0.026007425,1.0464998,1.0417571,5.6197014,8.153523,8.617794,0.11282547,1.5014255,1.5662624,85.59201579029082,25.545663878852338,67.02090205528793,0.649454,1.0,0.0
0.974274,0.050150424,1.0109031,1.0240206,4.803188,3.2024071,4.6211777,0.35765243,0.37255046,0.45995787,-1444.0532972867925,-262.97273504608324,236.11103794424116,0.5317254,0.0,0.0
0.68246824,0.0390228,1.035902,1.0834224,6.633633,9.024176,8.334018,0.5343836,1.7425328,1.5068731,-127.78693826381323,-16.67427040530447,48.70411558499018,0.4798104,1.0,0.0
0.5948628,0.03528031,1.0186507,1.0392785,6.643589,2.8329833,4.767096,0.8967245,0.12345682,0.614077,-811.4527694960043,184.618764468363,95.75114264909962,0.5643859,0.0,0.0
0.6927966,0.021627793,1.0547608,0.97273874,6.2460413,3.1450734,4.7646384,0.8245021,0.30156058,0.42835036,-1085.620541541492,-156.7180923756639,345.4003912777314,0.56339806,1.0,0.0
0.74763393,0.046030175,1.0342008,1.0423831,5.706259,9.288913,9.012603,0.2405346,1.8155504,1.6339215,-260.1384975469764,-54.50761518908712,88.8393214666512,0.40199068,1.0,1.0
0.927949,0.03433015,1.1095086,1.0911452,11.268634,5.2745337,7.0820827,1.9610811,0.7821046,0.96879274,711.0750685936141,0.43346986777214624,368.11822343112544,0.72251046,1.0,1.0
0.8091277,0.042304717,1.0032762,1.0075208,5.0362115,2.566065,4.586874,0.48460692,0.2134157,0.53711784,-1638.6035280195583,-438.47270069473507,111.43109029667039,0.47635916,0.0,0.0
0.6234802,0.078759134,0.99974173,1.0767922,7.607052,5.0278597,5.801551,0.5644843,0.801125,0.91165763,632.6548234073271,-104.95889291319622,79.75963421573897,0.62029374,0.0,1.0
0.93539345,0.14205104,0.9634303,0.94388336,4.0250034,8.967549,8.882133,0.12871148,1.6803665,1.6280327,-1082.6685871180548,63.345413710873345,62.63030774120716,0.63986176,1.0,0.0
0.6113819,0.10155436,1.0359485,0.9954713,12.769718,5.4044213,6.7139964,2.1579096,0.8163135,0.91385996,772.5601180564299,6.7644847285082506,320.84323970591686,0.7230887,1.0,1.0
0.6866089,0.019261472,0.9819732,1.0168165,5.6529765,8.803931,8.377326,0.69071794,1.6191347,1.4897283,-1482.9560856324679,89.85699462341063,83.22338401646903,0.70620096,1.0,0.0
0.7710448,0.03434285,0.9286985,0.95428795,5.4926624,2.4181314,3.7541013,0.20902339,0.08227892,0.22993964,-397.10546883285497,-28.052516242599324,282.49640657381383,0.4864032,0.0,1.0
0.8862764,0.029352415,0.99243927,1.009366,5.909081,8.791541,8.956165,0.5517431,1.6696038,1.6590694,-911.5192039176673,11.027127548523822,49.40365852535024,0.56279707,1.0,0.0
0.86792994,0.05492584,1.088133,1.0686252,6.527834,9.611203,8.90906,0.76171273,1.761206,1.6448941,-698.6678331312141,180.4252636100864,48.131940682273125,0.7860516,1.0,1.0
0.57593006,0.054955043,1.0318809,1.0834526,4.872062,9.724186,9.139526,0.40096727,1.8910012,1.6861103,-1524.49418279964,-21.64651743683362,57.19791068203767,0.46380013,1.0,1.0
0.96029174,0.14052819,0.9758838,1.0055971,5.240168,8.906211,8.082243,0.39417046,1.6933944,1.4357054,-1218.263480965662,20.924115824237106,69.07380852652659,0.56387687,1.0,0.0
0.6704822,0.008729534,1.017517,0.9847852,4.9886484,3.6861334,4.11206,0.07128385,0.5257966,0.39716116,-380.9804854141694,-244.98664588166685,90.95819657216725,0.52741617,0.0,1.0
0.6484921,0.050565016,1.0163578,0.98071396,5.7710185,8.94631,8.870647,0.30561218,1.6794083,1.6548452,-376.48880367842617,56.31647860520525,24.340954407717163,0.63001806,1.0,0.0
0.7357373,0.04116255,1.1635425,1.0648873,4.1753116,5.8980136,4.616898,0.3599854,0.8540982,0.45120794,-1774.6619548451276,161.15336980058055,245.83932010116382,0.83039826,1.0,1.0
0.6013741,0.0448259,0.95121324,0.8897606,5.5976477,2.123483,3.8075376,0.7879779,0.083019465,0.38717854,-1728.3465519158394,-246.9657109255948,-30.355324015998804,0.42509186,0.0,0.0
0.56267655,0.05747663,0.9563014,0.9420299,7.282186,9.609965,8.901522,0.99666005,1.8007919,1.6233217,-366.31177088513095,110.47965611252675,74.48399813339665,0.68557024,1.0,1.0
0.7292024,0.046839796,1.0254356,1.078306,8.537039,10.203345,9.191266,1.2430543,1.9566872,1.7025772,292.38834221289517,97.04096968141084,64.51143127020396,0.5913486,1.0,1.0
0.5673898,0.04231134,0.9352136,0.96216863,4.4578605,9.715966,9.000006,0.25190464,1.8029965,1.6806635,-1329.2487189251883,161.6822018522039,31.009798329137993,0.7396536,1.0,0.0
0.6976854,0.041365407,1.0422866,0.96356237,7.824328,3.1655161,4.8035336,0.92820626,0.13764966,0.062066253,112.86851171937087,423.64422186513525,1530.5486593224311,0.6307009,0.0,1.0
0.33413,0.029764373,0.8978577,0.87312955,7.9741354,9.452625,5.924485,1.2408909,1.8073813,0.860903,-95.62504450441202,38.97155290888577,162.67276284343006,0.56592304,1.0,1.0
0.74683857,0.03013407,1.0649827,1.0218585,3.5556962,2.2633824,4.2519345,0.34372953,0.08994291,0.4941354,-1859.9966227778098,-203.69256627619507,5.1979093165502945,0.4527995,0.0,1.0
0.77531445,0.043199807,1.0479891,0.99761486,8.275553,2.4022322,4.9178762,1.1398475,0.11805666,0.11012439,201.13712222381037,-214.04674296200506,1332.9621148114325,0.4753194,0.0,1.0
0.75098,0.028773384,0.962147,0.90371484,8.678051,2.134508,4.8802333,1.3746887,0.03242241,0.13831985,300.57262861544405,32.87458927597976,1162.2645316734488,0.43444622,0.0,1.0
0.42917338,0.046870545,1.0030309,0.9955294,4.5440044,8.947017,9.040841,0.23846845,1.663229,1.689159,-1234.8274754091553,73.82458180884623,32.239713427126844,0.6736356,1.0,0.0
0.818125,0.042916607,1.0098742,1.015786,5.453895,5.529842,6.6839266,0.17002179,0.73071074,1.0365324,-302.3669478994939,155.8999092673589,179.58131950923416,0.84731674,0.0,1.0
0.66594285,0.012396173,0.9804465,1.0460075,8.4205475,3.2267191,3.5936034,0.5327034,0.304978,0.40041277,1283.8484927291365,-95.37087110764583,-133.7700855847554,0.58046055,0.0,0.0
0.8893334,0.07009004,1.0698092,1.0870032,9.829821,3.529142,4.3057017,1.5923188,0.23594682,0.5826066,632.1616441769647,292.5238215963691,-86.37753146829846,0.67894125,0.0,0.0
0.9029402,0.10396537,1.0622197,1.0542798,9.068428,4.6880026,6.6263475,1.3616495,0.68016726,0.9232009,497.8568773186503,-82.57578112171814,277.1567602940827,0.6586501,1.0,1.0
0.60312706,0.16569825,0.9207794,0.9310675,5.3834424,3.074762,3.2228706,0.36108926,0.1188128,0.23025179,-972.28399912077,426.04006235499946,83.53820931890255,0.6158074,0.0,0.0
0.56285244,0.044130117,1.0171518,1.0355701,3.5331154,2.2830222,3.8439865,0.046691634,0.23583484,0.29885012,-888.5695009756902,-764.0485161678014,128.5930755925176,0.39904773,0.0,0.0
0.6460627,0.038805015,0.9916805,0.9645672,4.362947,9.784155,8.550977,0.21795048,1.8776015,1.5679162,-1274.8912813559382,49.76841610060956,38.10450754546537,0.56254673,1.0,0.0
0.7462657,0.050260592,1.0629729,1.0329114,5.022475,9.810697,9.511382,0.2693139,1.9054837,1.7738239,-1015.5227085508411,-1.6048536327793954,92.09993558357883,0.47775763,1.0,1.0
0.38688,0.05335595,0.95134467,0.9400626,6.1515718,2.6368446,2.268894,0.6187996,0.21590805,0.12656708,-810.5285868369278,-375.2412198493894,-121.11495891448203,0.4910678,0.0,1.0
0.6341588,0.12773181,1.0698175,1.0772929,4.9489384,12.950633,12.039867,0.15193465,2.5755274,2.350667,-681.78193613602,65.69715741959226,74.3696949897676,0.28028047,1.0,1.0
0.6081537,0.051789477,1.0503864,0.96446353,4.465201,4.3163247,2.8527772,0.35673094,0.61001664,0.31126663,-1645.0666840040997,-114.716978941163,-309.9888969565943,0.6234197,0.0,1.0
0.7553269,0.09759603,0.99086905,0.99555534,5.421926,7.5212274,4.7300177,0.36320624,1.4180219,0.7270581,-937.5682478239764,-55.26104137096081,-91.73742676344,0.5123152,1.0,0.0
0.6720907,0.046420395,0.9767699,1.0584892,4.17795,12.531506,10.918775,0.52186805,2.4824054,2.1171627,-2219.3255345958587,63.46567657424566,74.52841440348311,0.35238627,1.0,0.0
0.5206898,0.05829878,0.99620855,0.97166,4.036289,4.157293,2.955364,0.030077215,0.5706529,0.32409695,-734.3088980673447,-111.10586401323553,-277.38275715280633,0.6171833,0.0,1.0
0.63376904,0.14403503,1.0240214,0.9842197,5.406736,3.9104736,2.5552378,0.12250479,0.48322815,0.2590555,-173.19379673279263,-65.12784370111171,-398.497061661923,0.62763005,0.0,1.0
0.5468723,0.08453015,0.9794827,1.0195346,7.481401,9.524717,7.3857746,0.7543073,1.8553987,1.394341,151.25184656494184,-35.01919610162395,-57.95035872814924,0.4405315,1.0,0.0
0.57967305,0.040575176,1.0305269,1.0434128,4.523621,13.416555,11.106959,0.24094044,2.6581697,2.162678,-1253.462906402105,65.87076805360084,78.72305852064528,0.37401414,1.0,0.0
0.59558874,0.044579428,0.9923765,0.99590516,11.009098,8.558267,5.7135086,1.8767169,1.5928669,0.91861796,702.6569527173347,48.81533081935595,53.989549313727366,0.6394432,1.0,0.0
0.83133954,0.08261337,1.0834291,1.046967,4.8218884,2.8912904,2.2415502,0.5020061,0.38862297,0.23317768,-1835.335793673412,-569.0178765590335,-562.2945797007421,0.43702903,0.0,1.0
0.63112646,0.073488444,0.99290854,0.98094267,9.094498,11.6662655,10.310624,1.0692765,2.2725594,2.017772,738.6552004007476,76.67517773171494,-7.637490497117142,0.53962106,1.0,0.0
0.7874777,0.04083718,1.0351292,1.0294958,4.6460323,3.2080975,2.9448934,0.1578476,0.46027702,0.26655096,-906.6748423975616,-416.2563128221707,-152.2044424463013,0.45623076,0.0,1.0
0.5325134,0.047470655,1.0105153,1.0867838,5.839839,11.121439,9.183794,0.046901114,2.1427715,1.7621349,553.4438857416171,118.11963744342575,-1.150880886953928,0.6089491,1.0,0.0
0.6645358,0.06429907,1.0292428,0.9740783,5.119895,2.3630254,2.2319984,0.42134154,0.026539162,0.08857315,-1392.4571502874714,227.7750552605891,35.68386520409217,0.4815894,0.0,0.0
0.41384727,0.04346087,0.95652205,1.0228744,5.796314,12.1226635,11.163103,0.012325878,2.3818889,2.177422,627.9249314063862,62.27933724185095,79.45460655970055,0.4620664,1.0,1.0
0.5091493,0.042903647,0.8102365,0.92556953,4.834633,2.770609,1.7738857,0.04817075,0.35692754,0.14867467,-418.1781585340252,-635.8697233217968,-616.9203147973192,0.43259594,0.0,1.0
0.617267,0.04276801,0.9897436,0.92056865,4.538401,3.8089511,2.0653362,0.30189875,0.6006181,0.19115491,-1426.231328409834,-286.0063299978449,-579.0744622491484,0.47825882,0.0,1.0
0.53882265,0.05982385,1.0513076,1.0505105,4.976499,12.658033,11.3279085,0.16857913,2.474594,2.2173753,-720.3937213341085,67.43674146857848,59.356631461241705,0.54526013,1.0,1.0
0.73733014,0.038926218,1.0516943,1.0090687,5.410381,2.957499,2.4180026,0.34531027,0.35951078,0.25054422,-896.2808714810164,-451.6961126877875,-485.0195959755333,0.479392,0.0,1.0
0.5478913,0.04096319,0.9176424,0.9788608,6.2631474,11.360703,11.941307,0.70765126,2.2255006,2.3714943,-853.3773291485004,61.939071391625475,32.91313067592273,0.46745223,1.0,1.0
0.58770025,0.041046254,1.0212203,1.0809814,5.98667,9.539021,7.3344684,0.63542885,1.8004831,1.329067,-1009.6789683670613,88.45072100685866,-0.5388630415245643,0.6438632,0.0,1.0
0.48919177,0.05911662,0.9577646,0.9633723,5.3073435,2.9277244,1.69852,0.051461317,0.2864932,0.12349577,-45.76004265774577,-300.9333668137274,-540.4702822477369,0.52120095,0.0,0.0
0.5568873,0.039700534,0.9453903,0.97791034,10.842459,7.0852,4.9608397,1.7720078,1.319939,0.7886246,712.8474943993901,-52.00987640943731,-72.56368401882173,0.52615273,0.0,0.0
0.61036336,0.053812254,1.000565,1.0429492,5.390606,11.705217,11.566545,0.29553363,2.3154593,2.2945352,-758.3518088655997,48.77471174710627,17.366429107636577,0.3522735,1.0,1.0
0.50169134,0.055020172,1.0447476,0.9582045,6.5935388,7.443541,5.018136,0.375411,1.3009187,0.8457597,261.32153079781165,42.44035658286748,-130.84977147018026,0.7387086,1.0,0.0
0.5568331,0.18583705,0.9657611,0.9353825,3.658903,3.6985505,1.8268,0.31778476,0.42167714,0.12938468,-1757.9234339117666,-61.28177021894294,-488.92684656158235,0.62028164,0.0,1.0
0.78907937,0.10878102,0.98443377,1.0400755,12.194888,7.032066,5.259277,1.9688362,1.2857301,0.84355736,769.0884553109213,-34.96473489648724,-20.891574215268975,0.5817503,0.0,0.0
0.5482438,0.047844913,0.98267126,0.9790083,3.8565316,3.403971,2.2818584,0.5016447,0.482909,0.26768893,-2251.6735892458482,-319.15677880678004,-632.9954287208573,0.48976997,0.0,1.0
0.5637241,0.085127905,1.0789785,1.0989761,5.3865113,10.422503,7.8760185,0.019950107,2.0197647,1.5274777,153.81471002817443,45.07567806767338,-82.79425147394386,0.5260838,1.0,0.0
0.61159176,0.03756174,1.0097531,0.9978312,4.8861346,3.2915666,1.494676,0.3626698,0.43243986,0.09834794,-1396.5816345412838,-303.7609383169158,-514.3964744039539,0.50659424,0.0,1.0
0.5109609,0.04718074,0.99590224,0.9739795,4.87486,4.2806587,2.1447115,0.57263947,0.34083763,0.11252326,-1952.2380828542146,319.1175479798171,-166.7661673454902,0.8015553,0.0,0.0
0.7073031,0.10798512,1.0190926,0.94102883,3.6697621,2.6310515,1.694925,0.21189399,0.21104237,0.07130701,-1444.362944101447,-353.0514028080984,-272.2599624425377,0.49197564,0.0,0.0
0.91055554,0.125962,1.0511597,1.0602615,5.449103,3.348325,2.7756405,0.20509718,0.4086492,0.32171193,-428.8747669988775,-217.0340829663155,-384.5290667606173,0.54146504,0.0,1.0
0.73985684,0.047761675,1.0260192,1.0658127,5.410693,13.299847,10.970607,0.26035714,2.6278403,2.1545784,-637.6833491585285,65.78396273659564,21.200524207035414,0.420679,1.0,0.0
0.9720958,0.05493693,1.0639464,1.0976636,5.0669627,3.4406977,1.2549745,0.1165389,0.42263532,0.10257205,-467.67884619560846,-198.25283511327484,-609.8948414628882,0.5542595,0.0,1.0
0.5597179,0.02447583,0.96586376,1.0466846,4.6754456,7.71107,7.0917177,0.17091213,1.2479454,1.3062094,-937.6779700373152,152.13827682779947,-28.374917943300716,0.92480636,0.0,0.0
0.7306225,0.11013166,1.1228113,1.101778,5.446865,11.120782,10.855907,0.5989046,2.1850631,2.1445959,-1533.4719123279451,47.20296505153419,-15.259305988941378,0.42373714,1.0,1.0
0.6739777,0.058224928,1.045297,1.0274254,5.935532,3.004528,1.8406518,0.8075867,0.30125183,0.13409567,-1385.7945688664868,-270.8048976926684,-509.2371012676168,0.53065884,0.0,0.0
0.7966887,0.04331221,1.0100095,1.0242461,7.1417913,1.9653546,1.6761775,1.053981,0.14535645,0.054840118,-554.1542579171969,-635.2562441194741,-175.62181754005576,0.37273794,0.0,0.0
0.5510808,0.046616808,1.0359133,1.0261208,3.7908313,2.6860983,1.33174,0.44097793,0.29904717,0.076753855,-2108.744526630431,-571.9495732210094,-459.69562538383866,0.45549396,0.0,1.0
0.5601536,0.046152316,1.053432,1.0857078,8.399759,11.51795,8.924236,0.73913294,2.2396934,1.6953511,836.726636950204,82.54670861065642,-9.593075592517835,0.54990596,1.0,0.0
0.91352427,0.053297497,1.0715961,1.1529531,6.3889875,3.1631668,5.2773004,1.0518175,0.29466242,0.8965143,-1255.8298490620682,-120.23892427769101,-77.55388637242686,0.5713644,0.0,0.0
0.5335771,0.055425026,1.0261354,1.0323998,4.256757,10.551148,6.67552,0.5328028,2.0121007,1.263282,-2221.813711698428,142.35230042596868,-98.54539480578751,0.6491342,1.0,0.0
0.54511666,0.046267442,0.90844554,0.96963584,8.007749,10.185444,8.7960825,0.95077425,1.983987,1.647293,225.70474347192976,16.153232395187388,10.1946447999062,0.47161746,1.0,0.0
0.7807623,0.04649617,1.0609951,1.0776885,8.725255,10.714114,9.902151,1.1856155,2.0696213,1.8957372,452.3646964180343,86.66363117052697,42.61463205317068,0.56674993,1.0,0.0
0.88861305,0.053703237,1.0771843,1.0574155,4.462973,3.5788815,1.6351657,0.42754173,0.43881467,0.068258286,-1854.0122609765772,-152.32691173189323,-283.63618714833706,0.57714945,0.0,1.0
0.52325904,0.020603547,0.993954,0.92582434,6.1923904,7.730791,4.782995,0.35909507,1.3713329,0.720885,-96.68872827974201,55.147527817289756,-52.946440488884036,0.72890574,1.0,0.0
0.5620075,0.04903313,1.0237397,1.0333594,8.224648,12.2399435,10.99559,0.34363008,2.4070218,2.15783,1678.3277860773187,67.62655850986994,36.305031069758115,0.45517343,1.0,1.0
0.60427755,0.08206663,0.96084756,0.95301354,9.368242,11.905916,11.822439,1.4032454,2.3379905,2.340024,597.3151533468517,59.382348966137215,39.16068126432401,0.46079025,1.0,1.0
0.5079181,0.10511229,1.0219035,0.9538773,8.967246,7.77052,5.3773165,1.1725762,1.4218764,0.8342164,583.9733539763693,10.88363415738013,40.77400382402038,0.64023674,0.0,0.0
0.58172303,0.082183845,1.0409688,1.0090429,5.351625,11.479804,10.300526,0.17201598,2.2208564,1.9876691,-402.98899217513645,103.67865544061169,57.815807934596705,0.59444743,1.0,1.0
0.48671305,0.0678742,0.94884646,0.9797453,3.9482813,11.898047,10.599797,0.14238165,2.3378785,2.0562675,-1148.671714757808,58.35341386047003,54.724364600400804,0.45284435,1.0,1.0
0.61951244,0.036438067,1.06436,1.0682374,3.7616942,2.803359,2.476584,0.40702376,0.2244422,0.1895012,-2023.6847244816954,-246.43103689068062,-240.28347597459242,0.5243832,0.0,1.0
0.6619452,0.02317577,0.96472317,0.87686396,3.6278265,2.5256534,1.1685398,0.0802406,0.19655989,0.016406583,-993.4418890821241,-413.4981580915072,-139.26192224491416,0.47491357,0.0,0.0
0.43149933,0.10061855,1.0689049,1.0842198,6.5128717,11.98526,11.423349,0.46686497,2.3596194,2.2240999,-81.24921809006173,62.7295702341562,91.64925067686272,0.4306672,1.0,0.0
0.3384494,0.03637062,0.99256295,1.0408198,7.194896,3.799467,2.0579953,0.2620687,0.3941086,0.18469955,1150.343424276086,36.242539391980245,-549.7851089156582,0.66310227,0.0,0.0
0.7858002,0.20147009,1.071673,1.0780499,7.6418715,6.728657,4.4331474,0.2555934,1.2021139,0.60049105,1517.2095571030131,-43.22167313860473,-63.68778617433304,0.6173829,1.0,1.0
0.4950149,0.03003494,0.98392045,0.98226684,7.854457,11.547195,10.403438,1.1406677,2.2664974,1.9905957,-100.18728663131833,64.38582667503397,103.98301891495203,0.4524228,1.0,1.0
0.520661,0.03750868,1.0164092,0.9530154,5.680522,3.5341113,2.3075798,0.5887224,0.35474482,0.19752985,-1251.3081440805045,-20.07226906147389,-393.55192793553806,0.6239606,0.0,0.0
0.35288224,0.18419813,1.0068961,0.9637305,6.2510214,2.6686585,2.0727048,0.49629483,0.2673201,0.13248841,-413.0917051221277,-505.58266783681324,-318.4879177381498,0.47148862,0.0,0.0
0.31545544,0.055914577,0.99360895,1.0059447,7.577069,8.5328,6.9559994,0.13550773,1.6394906,1.2677739,1870.50544020694,-18.303887312212282,-15.35728245288783,0.48349583,1.0,1.0
0.3184171,0.023153426,1.0241319,1.0153984,7.6529684,12.41551,10.497937,0.85974,2.4422617,2.0361109,107.10546883285542,68.0605850948923,41.57478911045837,0.45774952,1.0,1.0
0.61972696,0.027053917,1.046203,1.0724813,9.996297,7.867498,5.229122,1.2579172,1.3769588,0.7920509,822.7796846545602,88.37900866263499,34.58262558898923,0.7772047,1.0,1.0
0.7569173,0.14763513,1.1046734,1.0946097,6.5878987,2.1896288,1.7739216,0.1167935,0.17271492,0.10661059,1092.3345405216987,-607.0733824959748,-403.4559126394556,0.41072667,0.0,0.0
0.5558239,0.045695957,0.97668386,0.9693384,9.189089,10.674239,9.789504,0.45047688,2.0566514,1.891205,1893.118478556742,87.88238331748607,6.280210092460493,0.5843088,1.0,1.0
0.5487435,0.052120786,1.0587666,1.0062786,4.800271,2.277168,1.923278,0.460952,0.24436897,0.13998388,-1748.3696985458273,-802.521319916581,-486.6100600912847,0.3922472,0.0,0.0
0.3875546,0.022139337,1.0259678,1.0568569,7.481051,10.067381,8.753259,0.66570073,1.9268634,1.6355679,323.7494065867718,88.87083675629765,11.88112421174037,0.5962412,1.0,1.0
0.38624835,0.08999363,1.0525964,1.0291996,5.377278,2.822147,1.6164355,0.19745807,0.24244721,0.037993938,-478.3464297443861,-281.78173586759453,-96.85826440230733,0.52021617,0.0,1.0
0.3067439,0.021269096,0.8301757,0.7048126,7.6342716,10.985153,10.593584,0.6311255,2.1659808,2.050855,514.2540980464019,26.132366141811872,59.55715362004548,0.37565377,1.0,0.0
0.26029646,0.023695495,0.94244826,0.96643937,7.0981164,2.8859274,1.8537247,0.6669704,0.1410195,0.022107579,9.762793304079423,158.96250802748523,120.4905271666845,0.5712346,0.0,0.0
0.53037465,0.018705063,0.9503243,0.9390166,6.5239625,3.1367886,2.0153146,0.92069834,0.38471007,0.064587824,-969.5228307222942,-343.3940329327197,-6.116918716858436,0.50577486,0.0,0.0
0.2836071,0.036133476,1.0560809,0.9981546,6.0598145,11.546676,10.697726,0.4502205,2.258686,2.0908082,-506.2193170156934,70.18328093535638,27.9608114626526,0.49092346,1.0,0.0
0.6676837,0.032741643,0.88935894,0.9944181,5.4052224,2.354984,1.925347,0.27348933,0.14360273,0.12397715,-685.7534103848184,-370.54559517615587,-402.38667675755926,0.4578212,0.0,0.0
0.24402519,0.015062505,1.02167,1.0369952,6.970618,10.257656,11.372323,0.08885163,2.0095925,2.2449272,1530.7321382428706,-10.90811552504465,29.50620695118414,0.42120698,1.0,0.0
0.2954765,0.019672811,0.9000861,0.93382096,5.377598,8.477271,6.6144795,0.016629227,1.584575,1.2024999,160.69422957240874,33.43917444566978,-32.28020872697334,0.61550015,0.0,0.0
0.2888681,0.03416521,1.038224,0.9266847,8.039067,2.7031946,1.9925665,0.5673383,0.07058515,0.003071312,943.6949835592495,309.2692476286465,351.66884187318954,0.5470643,0.0,1.0
0.48583612,0.020144055,0.9959011,1.042225,9.322473,6.5559688,4.7142963,1.1532083,1.104031,0.66205746,749.5418513827822,2.653335449232145,-5.764859900247529,0.7219366,0.0,1.0
0.47893187,0.03202018,1.0819882,1.0994524,7.226844,10.68576,11.062162,0.323266,2.0995512,2.167968,1004.8592509715634,3.6022832502944766,41.911170873545416,0.40735772,1.0,0.0
0.2579868,0.060098678,1.0074443,0.96466273,7.35634,6.2363644,4.4079823,0.24338861,1.0850106,0.71919256,1337.9150493222528,-78.18578261514494,-242.0718487241504,0.6278614,1.0,1.0
0.56267875,0.18642022,1.0384216,1.0180725,7.110833,3.1479583,1.9793572,0.93658435,0.2057691,0.0028175875,-440.4157369838358,143.4567003955426,344.6270391281007,0.6072862,0.0,0.0
0.7907653,0.081777826,1.050481,1.1152459,10.590421,6.314825,4.7964525,1.3500366,1.0698221,0.7169903,841.141126021857,-23.90916025684919,-37.155454214328074,0.68508005,0.0,1.0
0.51928735,0.027815681,1.0476182,1.0135863,5.5384145,3.1965454,2.235557,0.117154956,0.26700094,0.14112185,-19.976481616122328,-11.611602942481568,-230.56825734619588,0.59286255,0.0,0.0
0.4237425,0.061799984,1.0690697,1.0490191,7.5331655,9.215591,7.3541703,0.59884953,1.8038567,1.4009106,496.190292099619,-52.25992793645992,-73.80404912033873,0.3862026,1.0,1.0
0.3772324,0.031400774,1.0412458,1.0443434,4.8582597,2.7878058,2.2143707,0.25612983,0.21653181,0.028219145,-1096.4526473245512,-237.1833496380532,364.15937108810556,0.5243929,0.0,0.0
0.2734264,0.036665775,0.96220946,0.91611606,6.3087077,3.7334187,1.4980028,0.046160143,0.12492956,0.014043833,1048.7549078794382,825.792375102372,-35.59634420562469,0.75133854,0.0,1.0
0.40009856,0.06912727,0.9888862,0.92491424,6.0490212,2.268396,2.2523317,0.40690562,0.004865676,0.055260077,-396.02252005413084,256.65006384842616,252.5453934402995,0.46300778,0.0,1.0
0.9028858,0.13029183,1.0781868,1.0958029,6.9316173,2.2432408,2.20575,0.41370243,0.19274116,0.19514486,448.43575597407016,-648.961119782198,-488.80274440607104,0.41349128,0.0,0.0
0.41309157,0.02348896,0.9834551,0.98163676,8.166009,12.309845,10.463815,0.87915677,2.4119322,2.0280113,444.9818607373363,69.71336382687332,46.01045205175933,0.50402,1.0,1.0
0.87244236,0.013395372,1.0438092,1.0063664,5.311006,3.022192,1.9913762,0.50226074,0.20672727,0.023995036,-1437.9979981009765,34.60137592388355,208.69954089212857,0.57969964,0.0,0.0
0.25758198,0.027043343,0.8551115,0.7919745,6.9623885,6.7934737,6.7562623,0.44788748,1.0320374,1.1796423,387.38934054264155,199.12325255771475,39.1136514692389,0.9019367,0.0,1.0
0.53304416,0.09005645,1.0793115,1.1020792,5.824124,10.02526,10.262856,0.019895032,1.9691551,2.0180287,624.4769144557387,-39.14884735988062,-32.61658912457278,0.38549462,1.0,0.0
0.4116738,0.035010677,1.0691966,1.0729618,5.711455,3.6076832,2.321788,0.18878713,0.08534379,0.0075285784,-88.6007773732249,945.4683156594278,607.2749816769773,0.73124576,0.0,1.0
0.6543281,0.013114639,0.9992024,0.91192347,6.4108205,2.3599584,1.9174134,0.43518138,0.070551604,0.07172697,-81.52721151376136,-24.759687477021657,-136.15545557981568,0.47631246,0.0,1.0
0.22468595,0.00446997,0.88367414,0.85271627,6.8315973,2.7922046,1.490807,1.0597775,0.08313913,0.049813233,-840.1140977652749,332.06322418007335,-240.26976008893234,0.5636046,0.0,0.0
0.26402926,0.020788573,0.98966986,1.0383378,8.44551,10.479759,8.3007345,0.120333344,2.0237854,1.568784,2545.1038386877212,67.3650291243548,-26.85368970944546,0.5565028,1.0,1.0
0.5933114,0.030184088,1.1049571,1.0496716,6.2715006,2.4614177,4.6639414,0.43301797,0.07875437,0.76994723,-222.55398494837573,32.42665185537351,-202.0862183324316,0.49596372,0.0,1.0
0.28247902,0.035558045,0.94661933,1.011606,8.075217,9.445219,6.209862,1.1516024,1.7961926,1.1367148,57.528464665474985,62.13243484450868,-44.140430883425324,0.5970223,1.0,1.0
0.3745447,0.012958505,0.95371777,0.9798791,8.96394,9.23028,8.254136,0.33197463,1.7680789,1.5207258,2155.7088694414297,20.77248487810448,14.017636173156461,0.5418134,1.0,1.0
0.60120267,0.014924607,1.0565248,1.0459789,8.661153,9.649662,9.380467,0.56681585,1.8537132,1.76917,1368.0060056970706,28.691452841694172,47.953625975767864,0.5480902,1.0,1.0
0.58028233,0.010111462,1.0317569,0.981456,7.771895,3.425233,1.3030193,1.0463413,0.22290662,0.058308803,-46.572373793476345,271.48215779231487,-362.9320722460903,0.66112393,0.0,0.0
0.41192803,0.028392876,1.0752877,1.0510434,9.148653,6.8958178,4.6838684,0.97789466,1.1554248,0.5943179,866.8921575142322,53.331571577986324,80.08229872767856,0.7685792,1.0,1.0
0.4150523,0.023400562,1.0062228,1.0441176,9.089682,11.232832,10.381077,0.27516952,2.1911137,2.0312629,2377.273363049796,70.57912142522036,-13.717830105163102,0.50629574,1.0,0.0
0.50314754,0.057696484,0.9372188,0.957459,8.748872,10.92106,11.163895,0.7844458,2.1220825,2.2134569,971.2754923598031,76.84649279402583,2.1267163632528536,0.5279166,1.0,0.0
0.4436392,0.07627555,1.0172973,1.0329504,8.586188,6.9433465,5.312623,0.55377656,1.2059684,0.70764935,1335.5477296688691,11.980872601072406,221.51012382496128,0.7027052,0.0,1.0
0.43721387,0.15639853,1.1339499,1.0789142,7.5859003,10.354917,9.95036,0.44678363,2.0049484,1.861102,908.7003626804626,56.77359831260537,127.27694421032902,0.52949804,1.0,0.0
0.25489077,0.043150377,1.0340344,1.0432491,7.510119,10.758849,10.015171,0.7611813,2.1219704,1.9297004,160.99437129634998,7.817557688358647,37.952319896012796,0.3642267,1.0,0.0
0.39606506,0.025517384,1.1076143,1.0655257,7.348485,2.6699111,2.4044259,1.0258234,0.008534145,0.062934116,-360.7062409665491,614.113025539117,312.7367716753307,0.5449237,0.0,0.0
0.5986429,0.032015678,0.9505301,0.9866027,6.2146273,1.9720489,1.8682822,0.538559,0.019348169,0.14297368,-566.0444135324051,-1.0640628037879765,-529.4010463658406,0.40205815,0.0,1.0
0.40794852,0.094388194,0.9842074,0.94291896,6.149703,10.234883,10.477409,0.20479628,1.9655107,2.0394003,327.44964185625076,95.64860690044225,15.825605580991578,0.5835245,1.0,0.0
0.59031165,0.24398844,0.94667244,0.99419683,6.649264,6.1899915,8.74886,0.21127158,1.1575055,1.623609,816.6102824639383,-179.58162310500893,26.52580087848537,0.4481684,0.0,1.0
0.42959616,0.08748068,1.0980115,1.0822369,5.2152724,1.4312408,3.7376022,0.67380273,0.09312208,0.2335042,-1898.1702731093847,-536.3742801138452,265.7263216718022,0.27625903,0.0,1.0
0.47748214,0.11363793,1.013193,1.044379,4.8872724,10.321842,10.467903,0.121857435,2.0048745,2.02657,-609.8693878776642,37.744663206937275,55.843241071404464,0.5021778,1.0,0.0
0.44041356,0.23936751,0.98698336,1.0524234,5.5703897,10.694254,10.800614,0.029429853,2.0922992,2.0916116,312.67771521534803,26.081451348267365,72.06531832537439,0.45296106,1.0,0.0
0.5352985,0.10321012,1.0408031,1.0357665,6.5103083,4.174123,5.658899,0.6023727,0.7201287,0.956326,-403.4317521760231,-268.33157157798655,-8.090790294318595,0.43101954,0.0,1.0
0.35063618,0.07546494,1.006018,0.9072733,5.680769,1.0975056,3.34532,0.39287508,0.08264242,0.18798895,-757.6280499727127,-499.02358113693117,281.57021441759684,0.20754258,0.0,1.0
0.7335763,0.09870578,1.0524052,0.9779226,9.910528,5.790232,7.947237,1.7247821,0.9826605,1.432049,609.4561519577251,-100.68345269209794,39.90659754617127,0.6253748,0.0,1.0
0.63726133,0.19407773,0.98231214,0.94593626,5.574306,11.082464,10.868685,0.35007146,2.1869044,2.1174893,-738.5383467496085,26.347640579875588,46.54931577602747,0.36839977,1.0,0.0
0.55922747,0.087176554,1.0002755,0.969896,8.596682,2.6111915,3.4787087,0.9173418,0.30296794,0.332895,668.1126002706555,-660.5444817416549,-53.1737434273623,0.4341458,0.0,1.0
0.3389654,0.12212552,1.0080775,1.0191257,4.9635015,10.756896,10.758866,0.0059129545,2.1152503,2.084116,-161.87114019425098,17.49927152600867,75.52188263922017,0.40071368,1.0,0.0
0.47227305,0.08617953,1.0348927,1.0859524,6.4008493,3.4755669,4.4495873,0.19883576,0.4327559,0.5885321,615.3425481177924,-197.6741329999113,-35.126714997765475,0.55518854,0.0,1.0
0.21419425,0.16388224,0.9261874,1.0373547,5.736374,13.142607,11.85649,0.26940688,2.6020665,2.2620938,-314.5093218335337,65.72609252525945,139.19595224514887,0.37965775,1.0,1.0
0.44353354,0.07575093,1.0726882,1.0630039,5.918188,1.8336008,3.607425,0.16426052,0.19363862,0.17324503,240.45902477551135,-876.9032495708616,445.0026114767662,0.31785047,0.0,0.0
0.44442832,0.08769043,1.0505105,0.97728866,5.9450173,11.220662,11.225446,0.2001054,2.2185998,2.2019923,130.69373040753544,33.5339799122703,49.68778753982042,0.34451848,1.0,0.0
0.5063421,0.0937248,1.0281956,1.014296,5.605538,10.06708,11.042756,0.4538334,1.9749093,2.159512,-1006.152383429157,-33.512275035180664,56.38863655993555,0.39996988,1.0,0.0
0.40844345,0.09821148,0.99602807,0.92859656,4.025022,1.9757484,3.3036041,0.016644476,0.10093328,0.13329183,-690.9679748551555,-430.21687588711814,495.6165891245722,0.38991952,0.0,0.0
0.883608,0.09371908,1.0525336,1.0433578,5.9557858,11.212778,10.877858,0.19337563,2.2160165,2.1001227,163.19529422741243,33.447174595266915,98.546049893896,0.35107845,1.0,0.0
0.26429722,0.08983601,0.99010587,0.92607915,6.0182996,2.7099702,2.609423,0.5557166,0.3500269,0.020827284,-812.1010880413878,-669.3616201181555,736.260612068696,0.42234308,0.0,0.0
0.5054329,0.087358974,1.1296508,1.1066544,5.9265966,4.8330164,6.476731,0.4834942,0.7750443,1.0216001,-727.2791191644296,-136.65333544923237,145.18419343089045,0.5895162,1.0,0.0
0.37984923,0.08652233,1.0429542,1.0236791,5.8150325,11.572757,11.459329,0.10047334,2.2890341,2.2271712,338.35105487875944,47.08026921107012,101.75375753958542,0.34980753,1.0,1.0
0.5486261,0.07478953,1.0300983,0.97289884,10.679763,6.783139,8.52132,1.6200732,1.2555883,1.5620425,731.9309423429872,-84.60130722118674,33.91639519256614,0.52434194,1.0,1.0
0.6430673,0.100264125,0.98212266,0.99133915,4.6600394,1.8847526,2.8461683,0.14359897,0.26006803,0.056131873,-853.6583280405009,-1077.2481752671813,682.6499003030215,0.27849355,0.0,0.0
0.2789143,0.09489354,0.96281505,1.019971,6.074476,7.1163564,8.154559,0.22347635,1.2746087,1.5049074,179.87801681008432,-9.13834553049628,14.620510094812744,0.6463631,0.0,1.0
0.6407654,0.17450027,0.93805677,0.9472459,4.8870997,11.072652,11.359352,0.4697194,2.1538503,2.2212822,-1697.5468535105756,78.6694044511205,74.48203969650785,0.52546954,1.0,0.0
0.31586385,0.110315375,0.9901952,0.9758324,11.386243,6.989302,8.095243,1.8169016,1.2897973,1.5071096,746.5900191307978,-48.8779295794825,-3.2749830424654647,0.550035,1.0,1.0
0.46493375,0.07594054,0.99004143,0.9339996,6.704285,10.665289,10.642664,0.34971002,2.0926185,2.082978,431.78606210551993,9.139321559604014,5.438277149042278,0.42190546,1.0,0.0
0.4073247,0.09984441,0.952652,1.0164664,5.6666074,3.4369743,5.258271,0.13198455,0.55576265,0.8231893,53.43850662040359,-416.8871118662762,7.460483235854099,0.4128654,0.0,1.0
0.6590924,0.10026589,1.0776805,0.99172795,4.6742563,10.895614,11.521589,0.21073513,2.1430876,2.252319,-1080.0653086809332,22.17750765476194,72.79882616680516,0.40279245,1.0,0.0
0.5043364,0.1173644,1.0809418,1.0644249,5.440411,11.7415905,11.607339,0.4207048,2.2346897,2.2381437,-1092.7949458599069,136.31522776531165,130.23448910810657,0.7365174,1.0,1.0
0.38629425,0.14199887,1.000017,1.0335308,5.32387,11.908688,11.841117,0.059959333,2.364485,2.27936,-46.923810905186656,41.93211597383379,102.86479616657016,0.29205412,1.0,1.0
0.97927505,0.18127073,1.0173125,0.9926692,6.292884,10.999494,10.438826,0.053162538,2.1668782,2.028955,1009.6179130666119,33.190236353148066,20.17766303211465,0.3875581,1.0,0.0
0.4885754,0.08398812,1.1044334,1.066383,5.5868597,1.3877103,3.4708805,0.4122918,0.05231289,0.19608854,-912.2532218881083,-326.7978735721801,294.3435652017399,0.27818787,0.0,1.0
0.746696,0.10285318,1.0089366,0.974057,5.6356406,10.972494,11.435731,0.035395753,2.152892,2.248095,357.16276467816397,40.64046934545331,52.61071381390502,0.4340707,1.0,0.0
0.3152675,0.09892635,1.1887844,1.1615522,4.2769256,7.758137,6.7190127,0.018977487,1.327582,1.0444577,-618.2254501237475,95.19266933023982,184.7903332346782,0.8197267,1.0,1.0
0.49890867,0.12005768,0.88743967,0.976827,4.6587954,2.6523001,2.9619412,0.44696993,0.39046428,0.20607117,-1798.9618417471015,-813.8732010306926,37.99150775061639,0.36646608,0.0,0.0
0.49354848,0.10777061,0.9545338,1.0046935,5.9660325,11.558906,11.619213,0.6556521,2.2742755,2.2165713,-1078.384460586301,55.73304794305113,178.33573008869644,0.4232846,1.0,1.0
0.80421776,0.0993809,1.0426154,1.0285751,7.9871864,12.2973385,11.751979,0.9020463,2.430171,2.295827,272.6275508078397,62.88697446088372,64.42913322526874,0.38628945,1.0,1.0
0.3415904,0.10049781,1.0103505,1.0806824,4.8087926,11.640277,11.548555,0.59291255,2.2764802,2.2739131,-2050.9301883561466,68.81985326005633,42.655782441126576,0.49736732,1.0,0.0
0.43513843,0.08438199,1.0718808,0.9853448,7.2669067,2.6981978,4.67621,0.5871983,0.3358341,0.65531594,320.3139001951381,-649.2875434995372,-15.952972253147209,0.43111575,0.0,1.0
0.30765262,0.09393391,0.97104704,1.0481352,6.0499444,11.672837,8.094543,0.899883,2.280865,1.4541527,-1426.0748137716464,70.93559368272872,42.700849702858704,0.5081215,1.0,1.0
0.47835064,0.08469023,1.0468847,1.0014614,5.2610865,3.6987016,6.0657907,0.68473744,0.5634266,1.0873852,-1879.347428074133,-289.4530852812536,-34.20640088319033,0.4892236,0.0,1.0
0.52557504,0.10179456,1.0868552,1.0840925,7.844235,3.565338,5.072031,0.79883957,0.5915404,0.7033741,337.7873152572338,-395.38248637153106,114.3847155896949,0.40638822,0.0,1.0
0.45673284,0.09452673,1.017733,1.016587,8.523099,3.3023727,4.208272,1.0336808,0.50590616,0.45492986,479.0095103302442,-420.02830968572107,41.92292559134148,0.43335608,0.0,1.0
0.43925944,0.10413158,1.0302858,1.0429859,5.5635486,10.985427,11.627018,0.5794764,2.1367128,2.2824087,-1358.1309891157562,74.71454596407148,58.927500284202324,0.52205783,1.0,0.0
0.5142264,0.100445054,1.0096929,0.99203527,5.805676,6.903922,8.889024,0.5110297,1.2041945,1.6297821,-925.188539783032,6.8072619670633685,59.71391323138505,0.689566,0.0,1.0
0.3967131,0.08694419,0.9848445,0.98901355,7.464778,1.9906815,3.22754,0.19169544,0.16850573,0.19283694,1585.1283606408758,-708.6231495036701,203.07184735866258,0.3681575,0.0,0.0
0.47183996,0.13141012,1.0647806,1.0890815,8.247405,2.524459,2.4142375,1.2513108,0.2375369,0.010643089,94.75291121994542,-557.2446975582855,640.9020228533095,0.45471135,0.0,0.0
0.45693082,0.14911008,0.90968925,0.93600744,7.891644,6.4331303,8.549202,1.0206416,1.153651,1.5164506,64.57800773665713,-85.81310395035416,92.89222793788986,0.5813921,1.0,1.0
0.32618067,0.19764382,0.92469907,1.0209191,5.234498,2.9094853,4.1915627,0.020081325,0.35467094,0.36299792,-0.8341076820825037,-481.101204167142,172.97583206258014,0.47082898,0.0,0.0
0.2626817,0.10431627,0.94321454,0.9641761,4.5858417,1.9810972,3.6236923,0.2943163,0.23764889,0.2943996,-1383.365195582907,-965.186827346949,59.36316049452921,0.32357517,0.0,0.0
0.3933342,0.105788946,0.87355757,0.98485893,5.3575873,11.95178,11.086874,0.5589584,2.3510852,2.1611657,-1523.3987234619017,59.55595960014762,70.59765028537913,0.4404078,1.0,0.0
0.65237963,0.112632655,1.0660363,1.0432669,5.797191,12.00781,12.102768,0.071694046,2.3789675,2.3670735,415.3706968755737,52.163596819178565,62.76682106811131,0.33543095,1.0,1.0
0.6653682,0.17886505,1.0395535,1.0131497,5.2545533,5.1900425,3.425923,0.0064752903,0.8080052,0.41579148,71.48004209549208,-62.49593122250553,-225.08034029079,0.6650416,1.0,1.0
0.46339366,0.039197735,1.0984297,1.0902544,5.991586,9.758817,9.487317,0.878599,1.8723886,1.8058962,-1446.6937304075354,46.93566238542553,25.27041244606562,0.5623062,1.0,1.0
0.29796934,0.0216132,1.0006006,1.0728441,5.548948,3.4739869,2.1475084,0.32665372,0.039363775,0.012830302,-695.3714508624139,1114.1477339253795,403.131937951298,0.70798564,0.0,0.0
0.3126857,0.1847153,1.004631,1.0245292,7.1344085,3.2848642,2.1360505,0.23422614,0.12678851,0.052211143,1189.7276352799504,567.1395963703901,167.9392536365117,0.65791494,0.0,0.0
0.36180943,0.05292787,1.0090526,0.9964112,7.0186486,7.054442,6.3113065,0.39757642,1.2453821,1.0830743,570.7766791862596,6.02253640512663,32.70999362663224,0.6767183,1.0,1.0
0.2395133,0.02831062,1.0314566,1.0414517,5.1181602,10.624334,9.603378,0.5976714,2.0481532,1.8514115,-1831.1742769074312,76.30368120412277,-6.0783791229259805,0.57746553,1.0,1.0
0.40825886,0.017598404,1.0149105,1.0415912,9.915886,6.300982,4.8211627,1.5199859,0.98285025,0.60735136,679.0010035692771,122.43228773057444,134.54212892365558,0.8049977,1.0,1.0
0.4501506,0.13796277,1.0016034,0.9232708,6.331132,2.902754,2.4830475,0.14527518,0.22139369,0.07808896,738.0574232562926,-132.69145284169417,290.53428971414974,0.54774547,0.0,0.0
0.6226865,0.04903862,1.0285475,1.0638812,8.108352,8.7677145,9.03272,0.7125456,1.6625428,1.7065054,702.3651955829073,13.737776491841942,14.59503676038139,0.5690489,1.0,1.0
0.28755018,0.057300005,0.93989307,0.9866513,6.1460037,2.458364,1.9513023,0.19888334,0.14973964,0.044715665,334.68034369022826,-306.64860690044236,66.01959324455777,0.47797337,0.0,0.0
0.23326482,0.030936506,1.0346355,1.0753771,6.876279,8.328165,8.013854,0.40363204,1.5327549,1.4508684,428.5861375042041,45.703068105579405,26.63814558522563,0.6653602,1.0,1.0
0.24402332,0.09476724,1.0180712,1.0368825,6.034074,4.429986,2.5654547,0.0646106,0.63655585,0.22269349,692.8454872608359,-106.90679598245424,-264.04702911234085,0.6289772,0.0,1.0
0.36702955,0.017751727,1.0666252,1.0733782,6.950939,9.339736,9.995615,0.36905682,1.7718722,1.8661554,601.2077437006997,52.00396572344971,143.4650565632287,0.60354537,1.0,0.0
0.21868768,0.03082713,1.0819757,1.0338207,6.034196,2.8138785,2.2734609,0.40490168,0.25308913,0.16259196,-410.7114979163098,-322.79794227487673,-265.89614754264323,0.51302046,0.0,0.0
0.5051638,0.028742673,1.0636498,0.9952351,5.6407533,2.57398,2.5340064,0.6586297,0.009398545,0.120111726,-1435.6820960068148,519.2287659617897,111.1743944190082,0.5253239,0.0,0.0
0.38383394,0.02232408,0.9970151,0.975873,6.2845917,9.799845,10.003006,0.1881518,1.8645774,1.9061085,543.0614270543394,88.44376558906652,77.94905401388132,0.6164662,1.0,0.0
0.6611501,0.028161874,0.99091977,0.99164504,6.8121305,2.9761503,2.2194023,0.011420654,0.2505059,0.060722403,1656.5737491166433,-151.08729333155839,179.29784285189817,0.5510838,0.0,0.0
0.22460823,0.025480123,1.0461333,0.99517906,6.909002,8.810748,10.502764,0.35092032,1.6154838,2.0602276,612.8128355401345,94.79912441207398,-22.024818929065987,0.7183482,1.0,0.0
0.23348416,0.026378006,1.0691938,1.0569705,6.8710938,6.6990185,5.9207015,0.2786979,1.1904664,1.0178003,805.3536833536398,-40.5978295122909,-0.8994120592874424,0.6273819,0.0,0.0
0.18939596,0.022178583,0.9870967,0.96824056,6.214422,4.118723,2.4679453,0.30526963,0.32352346,0.18777086,94.49780960426642,309.84440333041744,-235.4715883274921,0.77317506,0.0,1.0
0.47954047,0.0212203,1.04726,1.0469106,9.31841,5.117788,4.2770643,1.4152769,0.7099224,0.47735792,577.6931090712096,20.35014225966347,31.905290100928596,0.75255144,0.0,1.0
0.37719885,0.034104567,1.0053735,0.9821955,5.9041147,8.972168,10.212548,0.061197307,1.7054427,1.9832685,569.1163492467351,28.444947726264218,13.523188718975234,0.5695916,1.0,0.0
0.20694394,0.04697466,0.92434984,0.967538,5.782606,5.065896,3.865083,0.018680062,0.69090205,0.534493,590.4233675865095,21.713569934963743,-225.6316138209629,0.7563526,1.0,1.0
0.4940741,0.18470763,1.0087063,0.9392378,5.036547,3.1582797,1.970925,0.6745157,0.1883395,0.18188196,-2052.14349967477,214.6627238441157,-617.035925386191,0.6153568,0.0,0.0
0.6899824,0.048800625,1.0177493,0.95659125,10.883285,5.051934,4.411982,1.6121053,0.6757135,0.53229076,756.9041689083729,35.250608244272826,21.32658343394837,0.76668435,0.0,1.0
0.3967482,0.032079536,1.0165637,0.99616385,4.2587986,2.8860466,2.200502,0.14491372,0.12710766,0.043577697,-1062.6181678885791,219.19746658172653,269.81057951911373,0.57465047,0.0,0.0
0.28695002,0.066696495,0.9903016,0.971268,6.8346367,7.659921,6.625811,0.33678085,1.4097481,1.2162111,610.8025764625809,-6.579327533310334,-51.84127990354091,0.6120204,1.0,1.0
0.3922137,0.03818159,1.0057164,0.96162707,5.5870442,2.30152,2.5004704,0.0059388434,0.1775768,0.2129187,416.4666553781848,-547.5814856996158,-293.63226754358425,0.43342903,0.0,0.0
0.24425992,0.04593843,1.016399,1.0634043,5.305547,4.146305,2.2359276,0.21590853,0.26917905,0.19874339,-611.9582149424748,462.6198779028639,-471.4056183277273,0.8005314,0.0,1.0
0.35445863,0.07760424,1.0106606,1.0120213,4.678498,3.7053106,2.6321876,0.14483695,0.39897427,0.23995963,-841.2937590334504,-14.554914868342621,-280.77204538713204,0.63737136,0.0,1.0
0.6573572,0.13656792,1.0321895,0.97035366,5.3059874,3.4753168,1.6692333,0.15163375,0.20136745,0.010445305,-388.45752728089155,380.0805440218563,80.86022010822074,0.6789731,0.0,0.0
0.5126444,0.02993213,1.0510083,1.0614964,7.6019835,10.369683,9.724194,0.6170881,2.0178237,1.8433118,511.78243530089367,23.93100253933244,66.54539617127466,0.48904824,1.0,1.0
0.4562281,0.038660184,1.0140349,0.9236836,5.4547167,3.2562218,2.3972707,0.24019204,0.18738134,0.20869459,-532.4762931194123,295.546983421443,-364.92488675920595,0.63656586,0.0,0.0
0.27712804,0.029907636,1.165582,1.1357119,5.72976,5.970818,6.125307,0.1858188,0.6379288,0.9949427,-56.66771095976128,431.1800093345505,87.53625088201352,1.0303081,0.0,1.0
0.42257884,0.09241698,0.9463774,0.9642035,6.418623,8.4668865,9.497046,0.24217364,1.5750464,1.8333292,510.21268474276667,40.1208882833198,-10.893532652157774,0.6347204,1.0,0.0
0.3190252,0.04758364,1.0395083,0.97792846,5.6797643,3.8880742,2.9151292,0.45085582,0.30876482,0.17717098,-924.192543581079,259.86060973769963,127.44154030019877,0.72840375,0.0,1.0
0.333207,0.03303527,0.92604923,0.9988468,6.9318266,3.5155044,2.549282,0.69725007,0.4646602,0.2564265,-198.86237861131667,-233.05376708249332,-400.6224698971896,0.5385569,0.0,1.0
0.19044067,0.0321497,1.0439053,1.0570055,6.1533074,3.1692412,2.392954,0.79770887,0.31096947,0.23451278,-1148.2260714600734,-154.99471473395965,-449.2109742105645,0.56371313,0.0,0.0
0.22168392,0.015242525,1.0211346,1.0258391,7.810782,8.63162,7.522793,0.38240203,1.6296767,1.3840845,1252.4687846881918,17.348891419769643,-0.2638793163155242,0.58126026,1.0,1.0
0.38669148,0.027169695,1.0493433,0.9694318,6.298046,3.8138194,4.128719,0.69508666,0.31535423,0.58524764,-791.5513564734956,210.29463632272223,-170.27302460557644,0.70884323,0.0,1.0
0.21963657,0.04389761,0.9025621,0.9862004,6.1947618,7.787384,5.5271254,0.88953376,1.4020841,0.9520153,-1253.2220676620268,34.33386714968492,-54.195297157040386,0.6921391,1.0,1.0
0.29578814,0.03048036,1.0729061,1.0399365,6.7649474,7.321506,7.4709225,0.5940433,1.3739704,1.3360263,-142.5790060664035,-52.707796654369304,33.67015068391947,0.51678455,1.0,1.0
0.32104862,0.022325853,1.0331928,1.0427202,7.2786036,8.043381,8.4408245,0.82888454,1.4596046,1.5844705,-133.22919909982693,42.09890859544339,-11.414760886013028,0.69025445,1.0,1.0
0.37987056,0.03864577,1.018761,1.0139576,5.826381,2.8587718,2.41541,0.7842727,0.17120199,0.24300835,-1467.0623032126327,2.753006870016179,-461.5421302891434,0.55676985,0.0,0.0
0.22947556,0.03010505,0.9711614,1.0445167,7.143988,5.950044,4.207077,0.71582603,0.76131624,0.40961835,-43.581257547863515,296.7968975430722,101.62704049358831,0.93347394,1.0,1.0
0.39997327,0.02791154,0.96635973,1.0155991,8.164817,9.61927,9.643223,0.013100851,1.797005,1.8465635,2721.9517048410007,124.21924016151297,27.649903033996452,0.7011803,1.0,0.0
0.67057294,0.054843567,1.0532051,1.0418615,8.525158,9.13506,10.383476,1.0465145,1.7279738,2.0287573,468.76542177895954,44.689157269995576,-4.843238340429707,0.60559833,1.0,0.0
0.35249567,0.05549881,0.9949968,1.0216454,7.5955987,5.692486,5.326591,0.81584525,0.8118597,0.5229498,132.96134258222855,127.59087409449921,482.05486559087103,0.81461877,0.0,1.0
0.36408454,0.1430295,1.0186672,1.0147777,5.535752,8.79017,9.047482,0.18471496,1.6108398,1.6764024,-262.6944843943759,92.56764356672875,51.863488721327485,0.718707,1.0,0.0
0.27876717,0.035054516,1.0120217,1.0246376,5.4809575,9.196647,9.144583,0.4991126,1.7278619,1.7450008,-1266.0247715355908,72.66022216432748,7.32658479943575,0.6435788,1.0,0.0
0.22200264,0.03239159,0.97743946,0.9178872,5.8454933,3.5424209,2.418356,0.7637547,0.38557446,0.121765435,-1409.6276729792921,-79.19148719304258,13.362506771907874,0.6066319,0.0,0.0
0.48298323,0.037669666,0.99888057,1.0012786,5.325541,3.644099,2.5473478,0.27649033,0.41345677,0.32767323,-769.6998635155894,-69.86047233230647,-560.2991516626287,0.6125695,0.0,1.0
0.89298165,0.18795466,1.0785916,1.0488551,7.133614,5.9334474,7.636359,0.8850743,1.0643834,1.3901047,-346.26222781394836,-173.31425173620346,13.945134409128514,0.53552914,0.0,0.0
0.54706013,0.206661,0.98844004,0.99821657,6.232081,5.279475,3.9589329,0.33312902,0.847369,0.4029612,33.08682516578733,-78.13598125610133,7.355322650510971,0.642975,1.0,1.0
0.77356976,0.30183783,0.88299716,0.98500466,7.4061832,5.4870124,4.005477,0.24070144,0.9347938,0.46800265,1396.1992980254593,-134.17187177956112,-70.47093460487076,0.586704,1.0,1.0
0.6230764,0.19748528,0.983336,0.99156284,7.8655176,3.7635248,5.2355323,0.39110112,0.43737677,0.6672829,1267.3184031580586,-56.38478194322943,233.42325245265215,0.6252219,0.0,0.0
0.85696733,0.1884018,1.0158954,1.0217314,6.458637,6.649684,7.974878,0.60414666,1.240148,1.43562,-454.729387596537,-105.15107422888241,42.05290715398223,0.49028584,0.0,0.0
0.70547116,0.19346425,0.97156245,1.0041552,9.654665,3.5617979,4.910163,1.5135106,0.17484504,0.19155984,621.98761685197,518.2449036663752,951.9673404959406,0.7048089,0.0,0.0
0.724106,0.090359725,0.9463156,0.95662296,6.536535,5.8095765,4.3804483,0.13879989,1.0293989,0.49388045,961.5723737934766,-179.99248786495764,65.17700794400594,0.5499858,1.0,1.0
0.87759,0.20684288,1.0270478,1.0275649,9.768815,4.7541437,7.335313,0.70607024,0.85453755,1.2907139,1493.9336929893207,-255.7887599880828,58.248857350899925,0.42553997,0.0,0.0
0.881669,0.20453258,1.0544261,1.0370854,6.097259,5.513216,3.9736128,0.20535862,0.9577449,0.46050715,271.4630285735582,-155.95659734149785,-70.80535656558118,0.5576614,1.0,1.0
0.6771854,0.19561328,1.0247849,1.0090195,7.798261,4.8069654,6.129238,0.41010734,0.7247496,1.0350769,1165.3554356702266,-94.21583115531394,41.560418136689805,0.64470166,0.0,0.0
0.6222282,0.21903336,0.9598383,1.0118313,7.9016514,7.6287327,4.722201,0.058135312,1.4445611,0.63848495,2380.049415660199,-52.42192330658372,40.357282452887375,0.5011922,1.0,0.0
0.86495596,0.19295624,1.0788658,0.95892394,7.254546,5.3702426,8.445306,0.37553212,0.9638669,1.4503639,852.6593263702475,-235.49363565080694,131.5754414675921,0.48362866,0.0,1.0
0.69649386,0.189248,1.0241228,0.9673747,7.367525,5.8552732,3.8889666,0.41137698,1.0610944,0.57838345,835.3822091048414,-210.4589272645444,-276.4611369584761,0.5056428,1.0,1.0
0.7250177,0.19252363,0.99001855,0.99629784,6.9474235,4.851158,4.4913235,0.665105,0.8174038,0.5359032,-125.92618455809952,-179.20658016582365,64.38928755158145,0.5334639,1.0,1.0
0.8025291,0.20351243,1.0331457,1.020825,6.565409,6.061167,8.650705,0.1946271,1.0565722,1.4903171,792.8976588068986,-101.69040810988963,158.24428538901338,0.60653114,0.0,1.0
0.8917864,0.16744447,1.087629,1.0103784,6.389357,5.79681,4.397269,0.017895944,1.0585111,0.4765139,1234.0721852967663,-230.66147300422153,86.84258598329552,0.4826949,1.0,1.0
0.8418304,0.19148198,0.9835896,0.9628805,6.8319225,5.2459154,8.761132,0.34444502,0.80747855,1.6444361,573.3679462292405,-39.55380143384173,6.111039309728767,0.6837119,0.0,1.0
0.97457516,0.18781215,1.1489487,1.071399,7.2173533,3.8715131,5.4147315,0.2722226,0.38246116,0.6020088,1140.5442250356955,97.40342132760316,398.3958193158446,0.68713474,1.0,1.0
0.65656316,0.20211494,0.9652072,1.0123078,6.691639,6.344896,4.39496,0.31174493,1.1315287,0.60356236,543.6316767773394,-100.27606564104508,-82.56237793906644,0.5862585,1.0,0.0
0.7924769,0.18964006,1.0299042,1.0026307,9.168546,3.2626326,4.282213,1.4088016,0.09808286,0.061566424,517.9907444917235,678.2044219995183,1272.4859552047978,0.65841556,1.0,0.0
0.7475584,0.20173046,1.003552,0.94129175,7.0205865,5.099218,8.371722,0.067672595,0.89743745,1.567477,1641.9124208473722,-210.99478343665623,-4.916393827078991,0.49443468,0.0,1.0
0.57084984,0.21081334,0.9779953,1.0128094,6.822373,3.216905,3.8142972,0.012204772,0.11710321,0.11870155,1666.5871358339505,562.7507112983177,756.9444793210197,0.64567953,0.0,0.0
0.49454972,0.25407943,0.9659651,0.9596604,6.054622,5.8088803,4.3588805,0.680991,0.99634475,0.5976735,-1025.0765660882334,-116.9022048390575,-88.79229303705506,0.60983336,1.0,1.0
0.4654857,0.23171763,0.97424006,0.9786798,10.960136,3.395797,3.88789,1.60563,0.13229176,0.11649925,764.2285777635011,611.9497793290991,796.6100573603092,0.67988694,1.0,0.0
0.78789717,0.19463205,0.99030924,1.0136418,5.6311355,5.91259,3.9211824,0.13843843,0.9351129,0.45936918,-3.44101292383084,41.85706332610698,-95.93076480084756,0.73874384,1.0,1.0
0.64537495,0.21039537,1.0053252,1.0145282,7.9463754,3.9877224,4.9683094,0.34325612,0.60174286,0.80041957,1478.3143993600113,-213.97739489217656,-85.18745931302237,0.5342272,0.0,0.0
0.79525167,0.1952415,1.0514743,1.0131015,6.590105,5.3547754,4.456758,0.000536447,0.98558205,0.6287102,1488.0217660672906,-277.4230367410846,-83.97713950782304,0.42765456,1.0,1.0
0.7908974,0.20067425,1.0782189,1.0505081,7.2866716,6.597965,4.3792143,0.20943324,1.0771843,0.61453485,1382.9079178844522,58.49593122250553,-104.22795597835602,0.777951,1.0,0.0
0.46163693,0.24374464,0.99058676,1.0226905,6.473479,6.5585556,4.5055046,0.15131225,1.2069795,0.6557511,856.8668815742369,-107.9901922932595,-96.93207088060285,0.5241923,1.0,0.0
0.6168607,0.23769519,0.9377661,0.9628501,6.648485,5.858314,3.924273,0.15810904,1.0093727,0.40534618,1005.0007487473099,-112.23669740868945,-15.54017048676701,0.6072139,1.0,1.0
0.80512184,0.19271487,1.0842042,1.0598041,8.008467,6.5575995,8.050317,0.62356335,1.2098184,1.4275204,796.5383467496085,-112.87445187058665,73.78118931090467,0.51682526,0.0,0.0
0.6890427,0.20211008,1.0192204,1.070289,7.194344,6.0220385,4.260737,0.24666733,0.9953866,0.6244861,1197.6843474882753,-7.989010156061795,-163.08164637054506,0.6920707,1.0,1.0
0.9065078,0.1393607,1.1178948,0.964711,5.399678,4.380495,5.102388,0.19229409,0.17007647,0.5791513,-432.8314792072024,872.5215260246707,305.55976441406847,0.8771542,1.0,0.0
0.6764281,0.23606616,0.96912885,1.0278089,7.491261,4.6328363,7.7776747,0.23569836,0.7670412,1.4175377,1469.7544087145652,-191.97162161158235,19.53037284037191,0.5305016,0.0,1.0
0.561789,0.20800404,0.95677894,0.9863918,7.7657533,6.3406906,4.8234544,0.44438052,1.11677,0.59296244,1058.2956335214903,-83.82583264874029,163.9986932375009,0.6132215,1.0,0.0
0.6400537,0.18761998,1.0255845,1.0328965,8.467849,7.028621,4.338321,0.69077474,1.2726655,0.672218,986.381709939968,-28.196215741832475,-206.47224068462583,0.6092886,1.0,0.0
0.8371563,0.1969976,1.0529617,1.0649621,7.4040413,6.663909,4.5742135,0.80418414,1.1189747,0.65030426,10.5030665540271,19.260972668264003,-56.182887351135605,0.7389484,1.0,1.0
0.88983876,0.1958602,1.0838405,1.0848558,9.704935,5.1607356,6.181664,0.37592673,0.8216714,0.96829295,2261.334917515119,-90.03296953181462,121.09732205858109,0.63752764,0.0,0.0
0.8958537,0.18960018,1.0477248,1.0445834,7.168761,6.484253,3.8962724,0.6886114,1.1233594,0.16945617,39.017140932917755,-46.507546486390765,566.626386770967,0.66134715,1.0,0.0
0.69363254,0.1923369,1.0547538,1.0386095,7.03601,4.1127505,4.4035177,0.896009,0.59407884,0.53622377,-461.1417473581828,-161.20887573752202,14.410188924126032,0.5806417,0.0,0.0
0.9277516,0.1964539,1.0689536,1.0532917,9.311686,3.8224485,6.1602116,0.58756804,0.5659651,0.9202348,1616.9894913400094,-236.30840975291267,165.0522534313609,0.52453154,0.0,0.0
0.88545203,0.19472297,1.0672107,1.0422204,8.524636,4.2530065,6.9929824,0.8224093,0.65159935,1.168679,776.3526850238936,-178.29915876342238,130.7583281359839,0.55802935,0.0,0.0
0.9749061,0.20188089,1.0493839,1.080544,6.9075904,5.8517423,4.4562955,0.790748,0.9792072,0.6587998,-407.3197784812246,-66.82812822043888,-136.86936676296955,0.6542082,1.0,1.0
0.61225706,0.1374928,0.90472776,0.9296946,7.078423,4.072811,4.2933455,0.7223013,0.046689015,0.006173162,-121.14975495427689,1346.2762030464382,1620.1495734417108,0.8299923,0.0,0.0
0.88808733,0.19067413,1.0523808,1.0375211,10.218335,5.849917,7.8888493,0.019576142,0.9889998,1.430772,3524.4635277384314,-92.24942610707558,29.88569617362691,0.63798237,0.0,1.0
0.83267736,0.21098518,1.055586,1.01509,9.944133,5.5062113,8.5687475,1.0400392,0.9199686,1.6129658,1019.7252616270375,-95.83737920992917,-6.871325199858347,0.61778533,0.0,1.0
0.43109056,0.24435744,0.97385865,0.9663724,8.188568,2.6764305,5.555786,0.80937,0.0038545004,0.107158296,579.8944089956922,642.5343234257534,1606.585890105633,0.5463099,1.0,0.0
0.6089836,0.058699515,0.8319462,0.83826077,6.378221,5.0499673,7.237478,0.19119026,0.8028346,1.2606109,617.4527694960043,-98.81421738485551,75.3500983314907,0.62545276,0.0,1.0
0.69793797,0.19861504,1.0312092,1.0126871,7.179413,5.1054378,7.2831893,0.5055879,0.9198566,1.3292093,436.0555487682527,-241.953119632602,-16.51796166897975,0.45240515,0.0,1.0
0.6850896,0.19395538,1.0027548,1.073703,6.8878922,6.5644574,3.9769595,0.77023,1.1935797,0.53755695,-385.56073939275575,-88.45315398394996,-174.5271069582409,0.5581325,1.0,1.0
0.7544139,0.16026223,1.0724338,1.033659,7.341613,6.5967693,4.7449393,0.28296563,1.221462,0.7434647,1195.407230222869,-107.61403591957287,-105.19399107728532,0.5090076,1.0,0.0
0.5706179,0.034762725,1.0973842,1.0895555,4.516102,9.995152,9.415614,0.55194527,1.9117525,1.7930659,-2140.843612772796,69.71343252957058,25.747878132455753,0.5962782,1.0,1.0
0.692074,0.17412382,1.0736953,1.0742307,6.370175,10.338021,9.704673,0.6443729,1.9991771,1.8581073,-624.8695100491168,65.33957172758255,29.151535975062416,0.5383984,1.0,1.0
0.5583469,0.060770396,1.0647309,1.0005288,8.046914,3.8818982,4.9330907,1.2761754,0.62700665,0.72282183,-68.45101717941725,-282.1093417221314,23.11626362874904,0.46729273,0.0,0.0
0.22501288,0.014692629,0.94215536,0.9556965,3.0415025,1.881173,3.5663736,0.28092763,0.1757645,0.045515254,-1703.2817476393097,-796.6682910166203,1080.1450014798243,0.33951455,0.0,0.0
0.7491795,0.028209595,1.0051353,1.0532286,12.814134,5.5261445,7.801127,2.3985848,0.88953835,1.1985449,759.6538250775811,-38.370939810342406,303.5943830377605,0.6694622,0.0,0.0
0.38520062,0.12428452,1.0257849,0.98850816,7.3367505,10.649449,9.949538,1.0238742,2.0937824,1.8839852,-368.0708099735998,-5.744938017723598,92.00849224938293,0.3985736,1.0,1.0
0.60658836,0.04085479,1.0236709,0.9520461,9.835402,2.7283268,3.208963,1.5911446,0.20984587,0.099390805,634.8238486045288,-251.1960783364393,629.7289338313125,0.5140884,0.0,0.0
0.39730942,0.042610336,1.0273707,0.98256934,5.795245,10.314876,9.743882,0.6797157,2.0221283,1.8506118,-1299.427748377976,-15.808581509654232,61.85891675944049,0.41691318,1.0,1.0
0.420022,0.020435074,1.0163325,0.9453546,5.111419,3.0320692,4.129799,0.47496697,0.3396338,0.35502785,-1557.7507819099383,-336.9692573371874,159.72501559204716,0.51274043,0.0,0.0
0.5331483,0.08226439,1.0607914,1.0405506,6.759115,12.829823,10.572586,0.9432096,2.5089445,2.0285897,-775.3621901146066,67.55248189125086,116.09405754193722,0.5490255,1.0,0.0
0.6206823,0.019739686,0.9809157,0.9843908,5.2862635,2.0886786,3.7197788,0.50954217,0.10051654,0.06025919,-1483.539722072775,-360.3904865211272,1028.235138734265,0.41382307,0.0,1.0
0.54528683,0.011750719,0.97467935,0.9850045,5.3234744,10.809701,10.171173,0.47369733,2.1254778,1.9684881,-1356.4397597721172,21.135843850707715,34.770739307376516,0.40353814,1.0,1.0
0.25272185,0.01815336,0.9396605,1.0473979,3.694043,9.530273,10.066676,0.21996932,1.8817872,1.9260079,-1465.526712348888,-83.45670039554261,72.78510891565793,0.30943677,1.0,1.0
0.44384432,0.03435603,0.9391174,1.0041012,5.085506,1.9546047,3.5890398,0.6904472,0.0078112,0.10021238,-2037.6316767773392,56.968350010776106,772.8125393214901,0.3989024,0.0,1.0
0.846974,0.026826814,1.0340668,0.972676,6.773273,10.810022,9.861979,0.8671784,2.1228945,1.8666186,-641.8409842979154,29.90436300536203,72.48595793577306,0.4178094,1.0,1.0
0.27400377,0.01711272,1.0866011,1.057312,7.8016148,2.8341322,3.2378867,1.2295194,0.25690484,0.2543315,-206.71875152556322,-312.47965611252675,19.210319122455303,0.51568335,0.0,1.0
0.4010642,0.011966064,0.6879903,0.90379256,7.470459,4.5415897,5.2999372,1.1572969,0.68192226,0.78809583,-402.431375182603,-126.54684601604981,76.39451323608955,0.6123925,1.0,1.0
0.5125841,0.033682432,1.0417758,1.0450871,5.784394,11.239759,10.434668,0.5733294,2.1959121,1.993667,-1093.224696136907,63.81060227056696,118.06662440512946,0.49080905,1.0,0.0
0.5219728,0.011379996,0.95368993,0.92842156,12.625206,6.4184675,8.142954,2.293876,1.1624663,1.3285383,752.2892560705309,-104.3212071539956,207.44023558593108,0.55578506,1.0,0.0
0.76315236,0.028034205,1.0875245,1.0389433,5.464711,2.1216445,3.2619374,0.8174017,0.16694596,0.17737234,-1923.0252707004643,-625.7967601376791,290.4833430452876,0.39815205,0.0,1.0
0.45018223,0.055617433,1.1062198,1.0532448,7.9512954,6.921889,7.127153,0.8972791,1.1814866,1.2714032,256.23620836617465,33.17068964236341,18.83082990001185,0.7363982,0.0,0.0
0.8500709,0.119193144,1.0843891,1.1081029,3.4023743,10.642417,10.327777,0.20408331,2.060728,1.9877782,-1445.9015404334923,60.171734374167954,70.83670930714106,0.5437536,1.0,1.0
0.8346864,0.08579158,1.0805378,1.0811235,13.955106,6.6467853,7.865761,2.4907043,1.1966752,1.2736055,770.6672117948883,-67.33741356127757,209.87263264510057,0.59086686,1.0,0.0
0.5683181,0.013890017,1.0158869,1.07519,6.8896575,10.238634,9.85986,1.0235127,1.9994963,1.8494738,-753.4086055460352,6.368506833250649,104.77531126926306,0.45092472,1.0,1.0
0.30561325,0.037404858,1.0856153,0.932823,5.722641,3.171936,4.3689485,0.5418182,0.46264058,0.58968514,-1100.6932312426625,-450.11163729382974,-68.08491225267676,0.44301385,0.0,0.0
0.46788737,0.02200982,0.9451996,1.0077895,6.406343,10.484269,10.454362,0.8845379,2.0499654,2.0188148,-1018.9378189588201,4.361551415458962,68.42521362051593,0.4500433,1.0,1.0
0.29144573,0.033330683,0.90803343,0.8820666,6.986495,11.334415,10.405582,1.0945076,2.1415677,2.0046396,-746.8597501364366,186.03283212642145,74.6309614638285,0.7585941,1.0,0.0
0.68475217,0.08769841,0.98271704,1.034318,5.3934426,11.4794655,10.619321,0.7337621,2.271363,2.0458558,-1844.6780922087682,37.617307520378745,98.28543577696837,0.34161872,1.0,0.0
0.86235106,0.07142959,0.9694097,0.96779877,5.6885858,10.553594,9.538118,0.72696525,2.0737562,1.7954509,-1526.08282136774,-7.162758195463994,65.91508911281062,0.4013899,1.0,1.0
0.3174665,0.018423801,0.8335763,0.8962742,4.793045,1.7644991,3.2975166,0.26151094,0.14543496,0.03741567,-1163.6699624412213,-727.2273090138059,1030.0999328526038,0.32816875,0.0,0.0
0.58690697,0.030969685,1.0066379,1.0778196,5.488975,10.526882,10.399618,0.638407,2.05977,2.0145907,-1561.6254214978326,1.0849290571632082,48.111693032350104,0.44482854,1.0,1.0
0.17356113,0.023716636,0.38713917,0.6011271,4.8421564,7.540322,5.22408,0.6927802,1.2344599,0.81095344,-2227.915925480546,119.67531513710856,8.084258530055195,0.8840996,1.0,0.0
0.68091106,0.07474421,1.0782408,1.1095095,6.7392755,2.6622078,2.5565267,1.1207726,0.29734218,0.027433045,-1006.6455626595198,-598.0074434323458,653.0966669704724,0.45078826,0.0,1.0
0.67373186,0.03561103,1.0586319,1.0616264,7.967655,11.220137,10.330555,1.3294548,2.1811535,1.9830672,-153.60139870955118,85.94254910052041,89.50228734643088,0.5383505,1.0,0.0
0.70240843,0.026352176,0.97212327,1.0065733,9.6697,11.859081,10.714051,1.575849,2.3370488,2.0623226,606.7836884526068,53.32447875480102,127.05878656111145,0.41296044,1.0,0.0
0.4273246,0.022484517,0.9826549,0.9916121,3.0834718,11.20822,10.536216,0.08089016,2.1833582,2.0404088,-1035.7529112199454,75.11615973453081,52.867408326080295,0.51832557,1.0,1.0
0.3531762,0.021889653,0.93675894,0.882167,8.7473,2.4857585,4.4676776,1.261001,0.24271199,0.42181176,397.1308669443033,-615.69493055059,196.23318029737607,0.44282556,0.0,0.0
0.41303107,0.026140908,1.1208146,1.0130997,9.06818,11.308989,7.240006,1.5736856,2.187743,1.2206485,410.10809730773553,100.43444589688079,126.30502970427005,0.58586675,1.0,0.0
0.39936885,0.011652954,0.93288285,0.92731583,1.7924601,3.7119658,5.353407,0.010934738,0.47030455,0.85388094,-804.4396376006641,-136.8222862371481,1.5055518630747429,0.58626753,0.0,0.0
0.43597585,0.022214387,1.0257766,0.9883257,9.02118,3.545254,4.690229,1.4726423,0.4984183,0.46986988,423.5293408237685,-269.4623362707439,246.59176951276254,0.514713,0.0,0.0
0.29104078,0.022985483,0.8981187,0.975144,9.772294,3.3769846,4.066872,1.7074835,0.41278407,0.22142565,580.4293785231107,-212.88940743797457,453.84846402493713,0.54559827,0.0,0.0
0.4228359,0.033272162,0.88835573,1.0045995,3.8873909,10.63966,10.592342,0.09432633,2.0435905,2.0489044,-989.4851768737994,95.04326525310898,61.47354812986805,0.60538536,1.0,1.0
0.4822158,0.024490573,1.0589386,1.079872,4.8971524,6.549305,7.880619,0.162773,1.1110724,1.3962778,-750.2299530866676,-10.99944328274978,64.09144401693948,0.70802987,0.0,0.0
0.36253318,0.01944046,0.9945923,1.0165291,8.167789,1.8375,2.9199722,0.8654982,0.07538364,0.040667266,470.82122012964874,-369.97843962398093,831.4552561858588,0.36710232,0.0,1.0
0.46099362,0.058216065,0.9544821,1.0008923,10.642193,2.14841,2.8905199,1.9251136,0.14441483,0.22286113,661.7104995865639,-524.4009196478149,-53.026127739796266,0.41303122,0.0,1.0
0.57432866,0.0862332,1.071298,1.0889161,10.121882,6.210268,7.6628747,1.6944443,1.0605289,1.2829463,648.3892183711887,-41.545732581549146,151.14435048817813,0.6598419,1.0,0.0
0.48543394,0.15027772,1.0430863,0.9882628,5.493365,2.5558958,1.9802624,0.6938841,0.26154885,0.1294937,-1664.226947618367,-594.0456295275042,-377.9059451890379,0.44825628,0.0,1.0
0.5173858,0.04430002,1.0937604,1.0754184,3.7524302,2.334129,3.2654784,0.3794864,0.14452681,0.060895376,-1939.5981488983446,-395.3719845421467,860.3605469695315,0.45304337,0.0,1.0
0.5308277,0.023876695,1.0558331,1.0599145,3.7771885,11.574384,9.974065,0.1148443,2.2579632,1.9276617,-1078.3678240577874,81.09647561835118,20.868714405835362,0.5206738,1.0,1.0
0.49559325,0.027510295,0.9098923,0.9381207,5.463801,11.565502,10.997976,0.60210866,2.2858455,2.1335695,-1517.769547748459,47.99346389406492,89.23906106999311,0.36134082,1.0,0.0
0.29460394,0.18879125,0.9814317,0.9345584,3.4617727,3.0933676,1.5816864,0.09242758,0.08742473,0.065041445,-1049.863132598157,582.844472033114,-300.01241185413636,0.6250949,0.0,0.0
0.51791716,0.07713797,1.0502126,1.0690196,7.2764893,7.067822,6.2323155,0.7242301,1.2847458,1.0702441,44.228200770081,-24.99367000215534,26.45917715609903,0.60172707,1.0,1.0
0.35929343,0.028736945,1.0434724,1.0309794,5.372215,10.753537,9.663439,0.27101764,2.087517,1.8385811,-710.8069572540476,70.84997050292213,51.294579700741906,0.5281805,1.0,1.0
0.20022203,0.032968886,0.8629249,0.93481994,10.971063,6.4898896,5.236067,1.8466396,1.022214,0.59452105,706.292383710284,120.57348555001954,343.1032001002229,0.8163851,1.0,1.0
0.5419346,0.15236993,1.0464684,0.9925538,5.7238035,2.8719633,1.7800171,0.4719289,0.18202992,0.09091926,-927.8311022137823,-20.205329325929483,-320.1071210704638,0.55602014,0.0,0.0
0.7563562,0.057291243,1.0818639,1.0967948,9.258326,8.919158,8.83419,1.0391992,1.7019066,1.693675,841.0496704821662,16.27133709225518,-33.655779710151364,0.54540586,1.0,1.0
0.4618546,0.056751717,0.975853,0.99985975,5.0167494,2.8040435,1.2401146,0.1277704,0.11037586,0.057545967,-554.681973835362,210.96946344527703,-371.07838185390113,0.5611777,0.0,0.0
0.18898602,0.030189099,0.98012394,1.0331793,5.9285407,9.035129,7.77306,0.076978326,1.5721186,1.438038,550.126608324289,232.0340829663155,-11.842585983295976,0.909318,1.0,1.0
0.3455334,0.094865695,0.9749033,1.0012265,6.014952,3.8309257,2.7752922,0.39126432,0.59719205,0.23552379,-388.0060056970701,-272.1510055261856,-173.06466460275374,0.48989934,0.0,1.0
0.28957778,0.024983626,0.93213665,0.9075237,4.7625833,9.477979,9.841875,0.042403094,1.8112359,1.853325,-448.66320799684127,40.2319688598991,85.00522636725145,0.5707339,1.0,0.0
0.29049197,0.02856743,0.9116176,1.0000812,4.55593,3.0759275,2.3545213,0.078247964,0.21372534,0.17542227,-680.1710270962249,40.58516951660158,-262.72567068015644,0.5887616,0.0,0.0
0.45669085,0.028320141,1.0343139,1.0428742,4.0402255,3.292779,1.713438,0.33197597,0.02996523,0.13294202,-1725.9533349861345,1065.4984329022934,-579.4670163656053,0.6714396,0.0,0.0
0.4629735,0.042013038,1.0649372,1.0455834,3.2847645,10.071352,9.899033,0.13850191,1.9039413,1.8932782,-1224.103217351395,145.30834105021586,51.384716955182284,0.6710476,1.0,0.0
0.6715422,0.04035667,1.0438411,1.0616059,4.9470677,2.8772833,1.885874,0.31523308,0.21114211,0.073552705,-1204.6124117739453,-122.02246770243028,-164.98824459946042,0.5463605,0.0,0.0
0.34855354,0.023504445,0.9999777,1.0308733,6.1841035,8.756672,10.535403,0.67757404,1.6548476,2.0473974,-880.116726240155,27.274814801151024,28.369041267145803,0.5851026,1.0,0.0
0.38829792,0.02477061,1.1023953,1.0410764,4.777534,7.3232865,5.8017826,0.6053516,1.2298301,1.0049701,-2111.3782053067944,74.55957471443617,-14.212932647453272,0.81185156,0.0,0.0
0.27823535,0.039565973,0.9511838,0.88260627,5.0864444,3.4592783,2.711936,0.021384101,0.2841597,0.20060116,-129.14512981990367,106.86408744659548,-107.238407347372,0.64381474,0.0,1.0
0.43281698,0.018643303,0.99974835,1.034766,10.673079,5.471034,4.6454415,1.7419306,0.7492862,0.4645276,699.4695386750323,105.44967627505412,235.29915029714084,0.81385064,0.0,1.0
0.27852726,0.036710486,0.9805244,1.0431458,5.054765,9.171297,10.234079,0.2654564,1.7448064,1.9704382,-984.5628687027629,34.47040512303647,61.81254205246523,0.5774928,1.0,0.0
0.31126907,0.049309272,0.99309194,0.9554716,6.21986,5.2839284,3.9831126,0.34533378,0.7302658,0.5216627,-30.943075908580568,58.87097416169058,-148.07054264439535,0.7796286,1.0,1.0
0.6211433,0.19490123,1.0530733,0.99314296,3.644401,3.784476,2.2374501,0.34786198,0.14897573,0.19471227,-1863.5651201842231,736.2645877825531,-447.84454715115976,0.75739175,0.0,0.0
0.5263723,0.08644684,1.0025414,1.0124348,12.257372,5.3344636,4.5425653,1.938759,0.7150773,0.51946044,776.3860907314352,92.46588268233631,117.80404912033805,0.8081129,0.0,1.0
0.27176103,0.030992957,0.9453349,0.9589695,5.4095955,3.309203,2.4878843,0.47156745,0.08774389,0.056408,-1259.8444889310895,759.9602124557869,424.7335057931992,0.6695256,0.0,0.0
0.35099462,0.075376265,1.0463866,1.0213462,6.399639,7.764598,6.4869432,0.010127109,1.4491118,1.2033807,1275.5469756820285,-23.16150735556994,-68.21750460934027,0.56975317,1.0,1.0
0.45521593,0.036234215,1.0765032,1.0150737,4.08733,2.9983404,2.4602473,0.33259258,0.13821301,0.225749,-1715.2643571239557,277.7020920764717,-365.7753112692635,0.59555554,0.0,0.0
0.44830945,0.041430846,1.0110593,1.01756,5.4194345,4.152726,2.4431577,0.54256225,0.22981527,0.21157369,-1419.342048952919,585.0608599056784,-334.7576757788506,0.8145745,0.0,1.0
0.5779281,0.096019655,1.018746,0.99361444,4.7434273,2.948452,3.089511,0.18181677,0.3596105,0.2527899,-938.0858268360407,-462.6671775821194,-48.9150891128113,0.476986,0.0,1.0
0.64251024,0.13505271,1.0618315,1.0345935,5.545116,3.1480184,2.1461227,0.17501996,0.16200368,0.0023849967,-226.2196940091137,302.74027817163005,473.6061377555563,0.62094986,0.0,0.0
0.71285313,0.032399245,1.0700065,1.0879956,5.755061,10.606779,9.535995,0.29043436,2.0571873,1.8304815,-345.8100848938011,49.94025352882272,13.00196048511998,0.5284908,1.0,1.0
0.6108341,0.038825512,1.0342987,0.9819252,3.9092855,3.1870673,2.4031725,0.086461686,0.14801757,0.2215249,-960.9969997712301,390.1777824655486,-397.1306346025185,0.63277394,0.0,0.0
0.4713537,0.033343185,1.048558,0.9627124,5.089326,5.951512,6.1005855,0.14083493,0.6772925,0.98211247,-540.0362837648586,382.33741356127734,87.36903990165865,0.9990071,0.0,1.0
0.5196372,0.09524629,1.0686265,1.0466374,5.579089,8.489641,9.407444,0.5688274,1.6144103,1.820499,-1318.264856288829,-6.287680904930312,-22.29065873050149,0.53681123,1.0,0.0
0.3505756,0.041862335,0.9462716,0.9745612,5.694498,3.901071,3.17247,0.7775095,0.26940104,0.19000128,-1602.1560102337835,373.648813008532,189.77922814304088,0.7473267,0.0,1.0
0.47563186,0.034738008,1.0282443,1.0341337,6.953052,3.6629324,3.2444394,1.0239037,0.42529643,0.26925683,-691.7330144011639,-87.05028937359748,-18.953625975768546,0.6087948,0.0,1.0
0.38174736,0.030135863,0.99707407,0.98801625,3.8668447,3.575297,2.2054532,0.47105512,0.2716057,0.24734308,-2173.182284503525,208.79348853687293,-655.2704124460661,0.67510825,0.0,0.0
0.3568331,0.027224464,1.0262444,1.0672805,8.471537,8.8643,7.4456635,0.7090557,1.6690404,1.3712541,948.649444286114,37.940322231519076,-5.661005394659242,0.61010313,1.0,1.0
0.5654471,0.03898036,1.0180414,0.9723019,6.407157,4.053219,4.528072,1.0217404,0.27599046,0.5724174,-1192.084196690907,398.2275151218955,42.246243825902184,0.777933,0.0,1.0
0.49157065,0.042238925,1.0954704,1.074219,4.5427265,7.825088,5.3519964,0.56288004,1.4414479,0.93918496,-2143.0475411721586,6.433401165075793,-95.46701500011795,0.6220833,1.0,1.0
0.26820272,0.029725194,0.8748233,0.9307923,8.8605795,7.756556,7.638956,0.92069703,1.4133341,1.3231959,803.1393737052704,12.6232182063668,96.21032048794268,0.65276104,1.0,1.0
0.5393433,0.030226553,0.97722715,0.9857574,8.98269,7.913729,8.61628,1.1555383,1.4989684,1.5716403,605.5552381000898,-33.685816966492894,55.25081715327633,0.5185901,1.0,1.0
0.61551917,0.041122433,1.0059773,1.0119056,4.3257837,3.412685,2.2353253,0.45761895,0.13183822,0.25583866,-2006.7610409874924,622.8629740120946,-646.7060753873673,0.6834924,0.0,0.0
0.15250628,0.033675518,0.85113114,0.921013,5.524163,5.9942727,4.7288013,0.3891723,0.80068,0.39678803,-912.7351437111708,281.9832368754676,390.9372951996229,0.9106795,1.0,1.0
0.35818473,0.033327993,1.0359962,1.0483799,8.345834,9.836968,9.6223955,0.3135529,1.8363688,1.8337331,1845.009632501697,170.70765924897614,38.127368720386585,0.72052306,1.0,0.0
0.8361077,0.06620931,1.0965604,1.0792196,9.555034,9.753964,10.345839,1.3731682,1.7673376,2.015927,661.2348330430082,252.71461466676783,17.216199895071895,0.84293056,1.0,0.0
0.35471442,0.08913691,0.9959659,0.9824697,8.652271,5.4225335,4.9738603,1.142499,0.8512235,0.5101195,446.488304513553,-29.991305727759936,352.53233127726094,0.685849,0.0,1.0
0.36959544,0.16330752,1.0105929,1.017321,4.8064914,8.739739,8.935872,0.14193876,1.6502036,1.6635722,-753.0228970475512,22.15907437847818,38.487264015528126,0.58820885,1.0,0.0
0.4419332,0.053485952,1.0238981,1.0716779,5.012953,9.138889,9.144564,0.17245887,1.7672256,1.7321705,-713.3000143129575,-20.314320438900268,17.096669701447354,0.47618857,1.0,0.0
0.23296423,0.031847794,1.0083253,1.0248364,3.9763725,3.8822606,2.2421863,0.43710098,0.3462107,0.13459574,-2061.1492557894035,172.406899036499,-193.1325944048948,0.70932484,0.0,0.0
0.6513283,0.036750022,1.1023595,1.0520589,4.4591694,3.2881815,3.103628,0.05016339,0.374093,0.3405035,-654.773429375053,-200.91486483474682,-226.9438283293739,0.55202276,0.0,1.0
0.5597026,0.21754587,0.98172235,1.0498756,8.239773,7.3741255,6.445957,0.63180256,1.3721706,1.1352855,955.5918936188377,-37.82353707704215,10.817766371485504,0.55175596,1.0,1.0
0.36981222,0.16095863,1.0299611,1.056309,7.1218915,11.127944,9.88246,0.36344522,2.1749418,1.9036226,776.4451388933307,65.71106825517563,24.781843033526002,0.48183036,1.0,1.0
0.39674407,0.17737594,0.93913215,0.99566245,11.079852,6.777021,5.2807274,1.754212,1.1096388,0.65956247,733.4829253923399,62.942686505914025,266.17243598211917,0.794396,1.0,1.0
0.848817,0.21499638,0.9598511,0.98786014,6.53403,2.1174397,1.4506134,0.3795013,0.094605185,0.02587782,187.73964667409132,-316.17173437416795,-121.13324812751617,0.42129746,0.0,0.0
0.74010605,0.2001935,1.0118438,1.0464662,9.896201,9.234755,9.049807,0.9467717,1.7893313,1.7587165,1119.3401744648795,-19.01224068383226,-31.31809186730925,0.46717358,1.0,1.0
0.44130364,0.0706059,0.9949879,0.9661792,6.326207,2.1190233,1.70825,0.03534281,0.022951124,0.007495474,1113.824969105728,68.39889888690283,132.25408030443293,0.43190908,0.0,0.0
0.37710804,0.17885707,1.0053382,1.0584954,7.40346,8.794158,8.022296,0.1694059,1.6595434,1.5030794,1624.619665383199,30.47736054082816,-14.442194022820331,0.59459764,1.0,1.0
0.2768895,0.080942966,0.9604467,1.0038759,7.2295036,3.3912127,2.2670734,0.29883674,0.5097673,0.17048234,1076.728511438244,-373.7678937347075,-307.2273036212222,0.45660684,0.0,1.0
0.2476124,0.17314076,1.0106922,0.8982554,6.7056913,9.631684,9.984059,0.13483067,1.8986607,1.9183666,1120.154257917197,-88.1546206404746,44.471588327491645,0.3320729,1.0,0.0
0.198835,0.17599486,1.0359983,1.0006822,5.5579896,2.4945643,2.1050901,0.17067555,0.12630062,0.11038083,-195.01576560975082,-157.00507915795072,-183.95427969838977,0.49261442,0.0,0.0
0.6540479,0.16873066,1.0093137,1.0196621,6.086792,2.1990125,1.3946205,0.42440355,0.11738996,0.06790058,-411.7146255560633,-367.1335482790096,-399.6570885208815,0.4325865,0.0,0.0
0.3757714,0.18851212,1.0405854,0.9963129,5.071481,10.2241955,10.08673,0.04607433,1.9913659,1.9583197,-227.92068326543324,18.760869614219246,16.18550087613312,0.4741533,1.0,0.0
0.6328232,0.16988511,1.0460294,1.0804876,6.112095,2.328522,1.3318832,0.22280549,0.123717375,0.008511261,226.18903894790537,-302.2654951089643,-46.495103225034185,0.45822868,0.0,0.0
0.22670785,0.17236118,0.98757035,0.9872272,7.4448347,9.047825,10.788376,0.5851464,1.7422724,2.112439,467.2737400432161,-7.703205510972566,14.193992442772469,0.49897027,1.0,0.0
0.34899673,0.17443477,1.1131303,1.0470139,5.6019087,7.296344,6.0513916,0.5129241,1.3172549,1.0700115,-1157.8239707759817,-10.096681726441602,-20.561724216445327,0.64088535,0.0,0.0
0.25832292,0.18650459,1.0015839,0.9982805,6.72433,2.5555491,2.2148895,0.071043484,0.19673495,0.13555972,1357.343923440959,-379.469222985839,-234.02808754217278,0.48145676,0.0,1.0
0.59170115,0.17327046,1.0394987,1.0821195,11.482901,5.447152,4.5172544,1.649503,0.8367109,0.5295691,792.3088980673447,-3.5410727354556,87.22207657122635,0.7120784,0.0,1.0
0.35107383,0.18302108,1.036545,1.0573869,6.1916485,9.4633875,10.477467,0.17302884,1.8322312,2.0354795,483.38896354922144,-6.523821596369089,31.512084992825294,0.4842921,1.0,0.0
0.33404642,0.105174,0.9709978,0.90465593,6.33924,5.269468,4.263295,0.2529062,0.81769055,0.5867042,385.14262351647676,-47.177645060155555,-108.21032048794314,0.6785968,1.0,1.0
0.6875685,0.31144243,0.98721915,1.0014443,5.2435985,2.556325,1.705695,0.44028956,0.061551,0.12967081,-1338.420117775303,216.82249234523772,-564.8850438164935,0.5180124,0.0,0.0
0.5957156,0.2278565,1.0246124,1.0197089,13.005007,5.320965,4.618592,1.8463315,0.802502,0.58450186,816.9545881378485,-1.9299578075278987,65.7060740218792,0.71333814,0.0,1.0
0.22425821,0.17635994,0.9509244,0.99445456,6.149997,2.8748722,1.8437837,0.37913987,0.00031915805,0.008633443,-207.2737400432161,840.1871021577354,204.56760089259905,0.58683074,0.0,0.0
0.49741903,0.19125868,1.0188599,1.0314162,6.9449525,8.002661,6.7804,0.10255469,1.5365366,1.2684222,1461.3644415960669,-60.152256366079655,-74.33638108034347,0.45729992,1.0,1.0
0.5342291,0.11330516,1.0440313,0.9540069,5.670566,2.3903842,2.0439537,0.24016498,0.050788283,0.16070755,-294.81408869184816,114.88384026546998,-462.06335852299856,0.48517397,0.0,0.0
0.4614283,0.18364064,1.0652262,0.99984205,5.832985,3.654237,2.1779253,0.45013466,0.14239053,0.14653224,-738.8949081605651,702.3097292955033,-314.06662440513,0.73162407,0.0,1.0
0.47484574,0.22725071,1.0266374,0.92842674,6.2152853,2.5851095,2.864337,0.08938919,0.27218577,0.18774848,802.0833205326137,-597.0907710404542,48.50751029996354,0.44863975,0.0,1.0
0.81753033,0.24666712,1.022912,1.0325179,6.911908,2.411972,2.2402139,0.08259239,0.07457895,0.06265645,1484.9494533595407,0.8479497420099733,189.6322648126087,0.48642224,0.0,0.0
0.63561314,0.17899734,1.0993085,1.0879793,7.078226,10.945484,9.748507,0.38286194,2.144612,1.895523,675.8065802606277,39.29324807743433,-12.448072064462394,0.44812506,1.0,1.0
0.74874896,0.1861192,1.0061466,0.97634184,5.3636937,2.5469425,2.0932999,0.0059658997,0.06059284,0.15648344,179.80445095062055,211.70675192256505,-414.25147087589824,0.5162012,0.0,0.0
0.43574065,0.15698183,1.0779971,0.9736666,6.350444,5.8648443,6.349748,0.048407342,0.7647173,1.047154,1085.4974326108463,252.97050817708146,77.89484009739999,0.90775794,0.0,1.0
0.39157754,0.23188631,1.0241984,1.051839,6.2092676,8.862743,9.662073,0.47639978,1.7018349,1.8855404,-425.0618040477593,-6.757598013412917,-32.9497050055279,0.50588906,1.0,0.0
0.23796463,0.18670087,0.98354435,0.9711282,6.024242,3.7117488,2.5493438,0.68508196,0.18197632,0.12495983,-1068.0096325016966,580.7657355684023,95.80143559534042,0.7345405,0.0,1.0
0.5438257,0.15039618,1.0083842,0.9236167,7.8940754,3.349668,2.7392678,0.9314762,0.3378717,0.20421538,168.89528515398524,-79.08499775986002,-100.11299911210563,0.59042156,0.0,1.0
0.24555291,0.17947766,0.9946153,0.9976734,5.387696,3.2066963,1.967768,0.5634827,0.18418097,0.18230164,-1499.3719500272873,273.1708270477568,-623.9732212685578,0.62699133,0.0,0.0
0.35116205,0.17634794,1.0368639,1.1275477,9.330991,9.042179,7.6012263,0.61662817,1.7564652,1.4362956,1558.106844156022,-35.893022552263574,-45.90529010092905,0.4393065,1.0,1.0
0.43980297,0.18560015,1.0084238,0.9702581,6.1306877,3.2548544,4.3270383,0.9293128,0.18856573,0.6374588,-1395.118101563322,287.7495291611202,-153.72632303729029,0.63590986,0.0,1.0
0.42709258,0.18246035,1.0444105,0.9792858,6.2364316,7.988936,5.6929426,0.6553076,1.5288726,1.0042264,-784.0600517311723,-52.49947763409773,-39.25473539254199,0.47376204,1.0,1.0
0.29072794,0.17900829,1.0426663,0.9796269,9.33998,7.9724793,7.818155,0.8282694,1.5007589,1.3882375,1168.41961861043,-23.541141438151953,59.84062754640672,0.5497536,1.0,1.0
0.6427483,0.17787689,1.0549085,1.0481199,9.844866,8.251173,8.757563,1.0631107,1.5863931,1.6366817,971.574880096904,-47.44508513165738,12.90202558428473,0.46394086,1.0,1.0
0.51605254,0.18420762,1.0412636,1.0384634,5.848503,2.7708488,2.0050378,0.55004656,0.04441348,0.19079721,-971.883772924718,508.0736573067611,-627.1162649942371,0.56377774,0.0,0.0
0.40440044,0.16287845,0.96078384,1.0042619,7.344758,6.001605,4.8189144,0.48159987,0.88810474,0.46182948,613.0185162560842,170.54225487265285,333.23644617950754,0.82414126,1.0,1.0
0.40499088,0.18152438,1.0316905,1.0576619,9.508574,10.026144,9.881187,0.22112529,1.9237936,1.8987746,2687.824469940855,70.63935591095196,27.67733617080421,0.5773151,1.0,0.0
0.84823537,0.20909652,1.0690395,1.0617298,9.843262,9.78665,10.6108885,1.2807406,1.8547623,2.0809684,773.2379606827617,103.77825815869846,-3.812539321490476,0.63819194,1.0,0.0
0.5730584,0.22913854,0.9853548,1.0068777,8.720923,5.80807,4.9549184,1.0500714,0.9386482,0.5751609,580.8189686481887,-15.940390934215884,255.3716520611688,0.6984258,0.0,1.0
0.37641007,0.22572652,0.9925537,0.9978411,6.1705775,9.228053,9.222175,0.04951118,1.7376283,1.7286136,887.1997971903324,74.1231838550184,46.05486695635864,0.63486075,1.0,0.0
0.33677614,0.19485076,1.0303336,1.0405289,6.6298695,9.521015,9.404858,0.26488644,1.8546504,1.7972119,627.0725622901866,-28.250676946969634,9.97779323044415,0.44047982,1.0,0.0
0.25296453,0.16482238,1.005159,0.9849799,5.0682554,2.667787,2.151631,0.52952856,0.25878596,0.06955429,-1723.2050541400927,-481.3349805841858,63.489221086929376,0.47621924,0.0,0.0
0.7889419,0.1688604,1.0249094,1.0313473,6.095813,2.9052248,2.672542,0.042264193,0.28666827,0.2754621,832.9989964307231,-323.87549660239097,-343.76551362286887,0.5158271,0.0,1.0
0.43470073,0.04443598,1.07398,1.005958,7.476037,4.6506734,4.8945146,0.9952478,0.80277115,0.7683371,-213.98736203000226,-221.8720875961917,-75.2116265676982,0.47948426,0.0,0.0
0.5340351,0.062060487,1.0140446,1.0223637,8.252704,4.0825734,3.834092,1.1224095,0.26253173,0.47572303,204.3678240577874,451.0701108951687,-166.22011813433778,0.7891011,0.0,0.0
0.5477655,0.15518054,0.99014246,1.004641,8.030586,7.6145487,6.4031663,0.25230125,1.4667757,1.1611633,1818.115850081862,-87.58280524220663,-35.40888284437142,0.4181096,1.0,1.0
0.6128603,0.041953772,1.0129007,0.9408532,7.0248175,3.3921854,4.3365936,0.31496915,0.41716078,0.623431,832.0497926536191,-211.5421861699565,-132.10254774308964,0.54605955,0.0,0.0
0.64015776,0.082024,1.0630885,1.052744,7.452877,7.2252145,6.388935,0.59645975,1.3951217,1.1277901,441.4745408028257,-99.92654880132886,3.671456763674996,0.38430738,1.0,1.0
0.5057194,0.043409098,1.0716841,1.05149,6.9499803,3.7697585,3.6570802,0.80120844,0.28737283,0.36779395,-378.5370935978949,260.26917892595,-62.83605558452018,0.71141,0.0,0.0
0.4502174,0.12684798,0.9995727,0.98960865,7.670182,9.704141,7.1965327,0.33296582,1.8819379,1.3057679,1315.4112340209158,-8.427765289874515,6.583279311610568,0.48425573,1.0,0.0
0.5020716,0.058931984,1.0813558,1.0573812,6.7536902,3.440054,5.278772,0.7666332,0.5264901,0.783081,-497.60089954467776,-378.9287756703304,73.24820362827859,0.45204058,0.0,1.0
0.4481408,0.046697266,0.98691225,1.0448279,6.81702,7.828395,6.6555233,0.8024781,1.4984711,1.2456664,-497.86150245302315,-51.71475207216099,-79.08883049194219,0.4631581,1.0,1.0
0.5694469,0.046806052,1.0571595,1.0059595,8.379388,6.622994,6.563815,1.0562061,1.2547805,1.2031862,357.52133322767486,-130.6881125381915,-49.238405981884625,0.43311805,1.0,1.0
0.4152854,0.06514313,1.0631012,1.0377918,6.5484934,4.128998,5.3156924,0.5857282,0.61919546,0.82303417,-323.7128732394767,-180.39869277881303,38.43958186330974,0.5576568,0.0,1.0
0.74129415,0.05360767,1.0116098,1.0243336,8.2856,7.8882036,6.339104,0.40899706,1.4958879,1.1437968,1514.666457808048,-33.85942760050193,-25.952318530525645,0.51160467,1.0,1.0
0.46472618,0.050525818,0.95643836,0.98740643,5.3997498,2.3339214,5.575624,0.046656102,0.3701018,0.9771533,74.09270345187406,-1078.0595403630878,-50.77726970615231,0.2903163,0.0,1.0
0.48747373,0.044730246,1.1065332,1.03211,7.1248784,3.5074658,3.9994605,0.118878506,0.05491561,0.06527405,1578.0770652531069,1045.7518934355153,1119.0293908909525,0.71376127,1.0,1.0
0.32652298,0.059050158,1.0447365,1.0486066,6.9490957,8.2639675,6.6744475,0.70284605,1.5689055,1.2708452,-193.13324059721617,-22.11059256202543,-115.21097284507687,0.53058726,1.0,0.0
0.4762458,0.05697129,1.0593404,1.0419041,8.186796,4.1446676,4.56197,1.0177004,0.53545964,0.60571647,281.88902987447864,-65.69729482498519,2.47942480602228,0.64583105,1.0,0.0
0.50657964,0.06490929,1.0663351,1.0284518,6.6040263,3.2641923,5.237143,0.45877373,0.4600607,0.90019417,38.265732447122446,-376.3141830335071,-97.47028088224943,0.47273833,0.0,1.0
0.31386942,0.09754895,1.0038421,0.9983356,8.590244,4.5453334,4.4121556,0.37889636,0.55448,0.5485813,1809.0506688119124,22.05501792238738,2.7446108848364474,0.7352396,0.0,0.0
0.39546734,0.15673374,0.8959022,0.93731284,7.5493627,7.759728,6.8170424,1.0720922,1.4337215,1.2649564,-251.65582173707344,-4.798079680269893,-54.482690688154435,0.6063704,1.0,1.0
0.7554899,0.08221742,0.9636266,0.9636727,9.156677,4.0642805,4.175901,1.2145289,0.56966853,0.55078363,627.8631325981573,-154.16373422457173,-109.19268499753025,0.5917953,1.0,0.0
0.712752,0.047039177,1.0273517,0.9983641,7.0998197,7.360242,6.1876774,0.2526627,1.3724897,1.1266521,1096.467032371605,-43.76566686570595,-40.370345981414175,0.5431375,1.0,1.0
0.35927045,0.042011466,0.99014264,0.96126854,8.020581,2.1572802,3.205025,0.73435724,0.16436607,0.13313667,589.3352945085394,-598.0571760886927,447.5747863794835,0.40714723,0.0,0.0
0.4454741,0.056683443,1.0341216,1.0270592,6.5711284,7.5460215,6.8608203,0.39163756,1.4229589,1.2959931,191.33178987536576,-57.00062541994703,-79.58393166874475,0.5132473,1.0,1.0
0.32335374,0.07668742,1.0480206,1.0796957,7.0703316,8.249834,7.0094376,0.18166788,1.514561,1.2818178,1298.5629908742162,36.95075535820661,-22.876550884366225,0.66809356,1.0,0.0
0.4680469,0.048087984,0.994336,0.99613726,7.868159,8.592193,7.0464983,0.54241335,1.6443563,1.323034,875.3201554746452,-9.130276678203245,-64.81058088460168,0.5094151,1.0,0.0
0.5757931,0.16093196,0.94710815,0.9826059,6.25341,7.7140894,6.0438867,0.5492102,1.4467494,1.0726291,-535.9105463593323,-31.364053095247073,-26.499020098811798,0.54696405,1.0,1.0
0.46385214,0.027343776,1.067711,0.99674255,7.754691,4.40185,4.534243,1.0146645,0.7724416,0.76023746,-16.48892584987925,-252.7112056605688,-242.62965401858673,0.43106616,0.0,0.0
0.6450215,0.06514278,1.0203245,1.023268,7.242307,7.5751734,6.8206196,0.63776845,1.4327633,1.2917689,197.36119178486024,-57.85594989160609,-89.70933990401136,0.5026173,1.0,1.0
0.43486342,0.05734282,1.1234865,1.0803752,5.7237186,5.692134,4.0220532,0.5833952,0.6074532,0.088131614,-1187.7530333913983,342.16728063616415,1017.5793583413702,0.98267066,1.0,0.0
0.57753867,0.07435079,0.97494155,1.0064969,5.4622645,2.6064932,4.5999246,0.15540276,0.32966444,0.75025487,-241.71500254948342,-734.6058296618871,-191.96407597929692,0.41215092,0.0,1.0
0.60060465,0.078139275,1.0704206,1.0122279,6.756541,8.530929,6.893347,0.0532794,1.5541469,1.2602453,1450.9557086390478,97.22390000760652,-17.670803041054114,0.7185761,1.0,0.0
0.47898826,0.057594966,0.9671307,1.0192813,7.8135104,8.861283,7.124285,0.29967365,1.7100422,1.3395009,1512.741898155551,-19.410376745394842,-76.1626383357252,0.47505394,1.0,0.0
0.45995808,0.055390604,1.0162485,1.0169874,8.407295,8.078196,6.9903746,1.1952853,1.5563515,1.3175871,242.4316300045707,-56.66035956972064,-67.06139735513443,0.4426012,1.0,1.0
0.42891967,0.05671471,1.05582,1.0644379,4.749591,3.168925,3.267091,0.015174393,0.38429463,0.30101007,-355.33254386220574,-307.48083824972423,-90.30241754476037,0.5143778,0.0,0.0
0.6600564,0.039560907,1.0092714,1.0374048,7.0118566,8.385285,4.7190986,0.29751024,1.5607363,0.4978267,871.3639424311937,34.542186169956494,226.34421892436126,0.6263507,1.0,0.0
0.30256528,0.056393925,1.0291163,1.0300041,8.288329,3.3278925,2.9382975,1.2871102,0.15670207,0.13105911,94.92693854494019,467.19051116393473,337.2612657913173,0.6602077,0.0,0.0
0.52713436,0.056994565,1.0784503,1.0326495,6.631671,2.8221147,2.2840517,0.1964669,0.12858832,0.25295192,847.2890012485634,146.42894742707188,-585.8732863677224,0.56091285,0.0,0.0
0.5875369,0.031282768,1.0235645,0.9892017,6.6019664,2.5402253,3.7581978,0.43130815,0.21422258,0.5013962,114.40585489970226,-463.3569602720622,-225.59307695800567,0.47017115,0.0,0.0
0.6577979,0.04778852,1.0304102,1.0247966,8.304309,7.691183,6.983621,1.1818491,1.416584,1.3260827,193.01351412829126,-4.289976476628908,-85.70607402187943,0.61191446,1.0,1.0
0.37488395,0.05680332,1.0205864,1.0308735,8.382407,4.370985,4.798126,1.1134024,0.4840658,0.673456,293.300890471251,80.9589616158928,28.548660687918527,0.74295354,0.0,0.0
0.5433391,0.019316806,1.0224978,0.984144,6.4623814,4.0204186,4.553465,0.41067725,0.551623,0.76348907,30.368822387534237,-133.11859271162166,-238.46244303823096,0.5970961,0.0,1.0
0.5556315,0.06344931,1.0266763,0.98322743,8.202177,3.8471518,5.356831,0.64893806,0.4825918,0.94568294,890.8730146822909,-96.21464901811623,-97.34160676485135,0.6116305,0.0,1.0
0.4113468,0.09586853,1.013083,1.0283581,6.556648,4.0688214,4.0994143,0.41826883,0.43352228,0.5601246,97.48930284329981,62.41267231709321,-150.02547401717516,0.7028741,1.0,0.0
0.4424483,0.16432561,1.060444,1.0223895,6.8986444,3.3863857,4.71671,0.58229136,0.36545777,0.5933281,-0.7664201087054607,-122.40676163110584,97.0613973551342,0.5819731,0.0,1.0
0.41130793,0.046893254,0.9247596,0.95141447,6.7627025,3.334075,5.046266,0.896689,0.4824798,0.66192645,-707.7905650684397,-355.24358412378456,160.2142387272081,0.46976882,0.0,1.0
0.4308723,0.05751091,1.0802981,1.0519791,8.2739105,8.723673,6.4649844,1.1613312,1.6309565,1.2048398,183.58201153470418,39.46463184244203,-76.15480049170674,0.63252133,1.0,1.0
0.5261827,0.06942447,1.0215856,1.0397838,8.240547,8.753711,7.3730445,0.6740667,1.6588387,1.4107476,870.843113607923,19.44842543516006,-77.63683813998341,0.5713215,1.0,0.0
0.42093876,0.02042508,1.0459063,0.97321343,11.973683,6.319903,7.2168083,2.1176572,1.0653028,1.24406,740.1955490493797,-10.227446419199168,91.8693667629691,0.69430465,0.0,0.0
0.3098633,0.123542964,1.0148314,1.0233113,7.424608,11.504381,10.017567,0.74294657,2.2695467,1.9295003,134.44238824699778,47.47263199203917,40.93141852346844,0.3862058,1.0,1.0
0.5577539,0.020296842,1.003033,0.98693365,8.5680895,3.1326044,2.8347483,1.3102169,0.38561037,0.14490606,269.993872131477,-356.16255208737425,199.80796735960348,0.50397694,0.0,0.0
0.20631675,0.028291622,1.005045,1.0545226,5.787346,11.206477,9.895495,0.39878803,2.1978927,1.8961271,-649.1965473791261,46.89740758757034,37.635533425715494,0.4479959,1.0,1.0
0.18746293,0.004480908,0.88750595,0.941826,5.471672,3.8502498,3.1967516,0.19403931,0.5153983,0.40054312,-371.11572791040885,-154.44960757235776,-291.74918421221105,0.58393556,0.0,0.0
0.32209557,0.07285483,1.0468636,1.0343719,7.0022073,13.558885,10.754859,0.662282,2.684709,2.074105,-79.62854913758565,65.92863826493704,105.83213734525452,0.39007404,1.0,0.0
0.31687427,0.010165604,0.89957565,0.981139,5.3194466,2.206441,3.5573564,0.22861455,0.27628106,0.014743937,-631.690480596329,-945.7435497724362,1245.5290640296419,0.35119444,0.0,1.0
0.18201485,0.008912319,1.0223675,0.9692738,5.4813223,11.689651,10.400072,0.19276968,2.3012424,2.0140035,-355.15588806233063,58.36962026775109,51.090791659805745,0.42106158,1.0,1.0
0.3118,0.006831009,0.944368,1.0146607,4.445763,10.467647,10.2565,0.06095832,2.0575516,1.9715232,-693.5592418981363,-24.03081136550918,75.9588516602762,0.39442238,1.0,1.0
0.27599606,0.0247507,0.9330602,1.0315589,5.663122,2.299392,3.03766,0.40951955,0.1835757,0.054697126,-827.6579510470806,-571.0027835862523,814.315478342311,0.43034396,0.0,1.0
0.5634811,0.017162899,0.9607545,0.9362316,6.9120293,11.60573,9.841278,0.5862507,2.298659,1.9121338,-0.03728209460496146,51.16707452807532,-22.737425397952393,0.32895952,1.0,1.0
0.12932637,0.010203702,1.0654218,0.98563755,6.85612,3.2392485,2.4816334,0.9485917,0.43266934,0.20881625,-691.6464388178133,-343.7320032112475,-299.9039853866616,0.49213237,0.0,1.0
0.08417821,0.0029242022,0.9201875,0.90742123,7.833212,5.2811146,5.4722786,0.8763693,0.85768676,0.83361113,207.26610944054255,-93.64408445974232,71.75310245147602,0.6291365,1.0,1.0
0.23264968,0.019393826,0.97808397,0.9719713,6.543032,12.067085,10.522289,0.29240176,2.3716767,2.0391822,466.2568486927353,61.076791502173364,45.78380283590241,0.45612973,1.0,0.0
0.31610903,0.0073673707,0.98008907,0.9774121,11.233684,7.293801,7.5969253,2.0129483,1.3382307,1.3740535,701.1152287455357,-25.662655141419236,27.48530421315172,0.59259295,1.0,0.0
0.38286808,0.018272635,0.97919965,0.968576,5.127322,2.410492,2.7804575,0.53647405,0.34271047,0.13185708,-1688.7467781118912,-954.76671159751,233.38667402658382,0.34606174,0.0,1.0
0.30680192,0.038156364,1.0583571,1.0651673,7.9184046,7.6279635,7.491441,0.6163514,1.3572512,1.3169184,747.4312530111501,38.80030654927168,76.91770127232121,0.7110017,0.0,0.0
0.66968364,0.16026148,1.0956862,1.0222197,4.428568,11.53561,10.449239,0.076844335,2.2364926,2.0332935,-753.5489828205825,92.40203308231503,17.36577538501433,0.5781734,1.0,1.0
0.72323954,0.07266022,1.0584762,1.0276922,12.767385,7.524932,7.393712,2.2097766,1.3724396,1.3191206,767.2490959186089,-1.7946019713740498,38.022208135043,0.6303053,1.0,0.0
0.37792808,0.005509586,0.9706147,0.9864176,6.6079507,11.090746,9.70434,0.7425851,2.1752608,1.8949891,-578.8954073254381,50.74000336084282,-37.48987480955111,0.44303238,1.0,1.0
0.21333411,0.04589026,1.0192916,0.9954402,6.5483913,3.9426236,4.2807646,0.26089054,0.6384051,0.6352004,559.9922419863428,-265.7621204541133,-168.768125782379,0.4723723,0.0,0.0
0.27412647,0.008186697,1.0162476,1.0724332,6.7248087,11.2993765,10.646839,0.6036102,2.22573,2.06433,-211.40497874140874,46.96800649729266,71.18419479637805,0.39943042,1.0,1.0
0.19127595,0.02822341,0.9368141,1.0392833,7.066542,12.232895,10.641751,0.8135799,2.3173323,2.050155,-297.05204413507863,126.83258195844246,93.53625224750112,0.80085915,1.0,0.0
0.57978106,0.08019741,1.0302082,1.0488951,5.193565,12.325401,10.787079,0.45283443,2.4471273,2.091371,-1420.8279745740283,56.17632551756469,67.02351558028568,0.3030876,1.0,0.0
0.84072965,0.11565237,1.075303,1.0506786,5.5702825,11.36444,9.440655,0.44603762,2.2495205,1.8409661,-1022.6642063265876,36.74925435033401,-44.559110691447586,0.331783,1.0,1.0
0.3057748,0.0041978112,0.9583694,0.996295,5.675836,1.3906903,2.139213,0.019416701,0.030329537,0.008099583,460.1257321659956,-204.414761780702,428.4212912847882,0.2821807,0.0,0.0
0.4898674,0.025449406,1.054216,1.0270802,6.185473,11.424334,10.587065,0.35747933,2.2355344,2.060106,-95.72888843166402,66.37309797664784,36.93337832584484,0.4819675,1.0,1.0
0.07943137,0.015590172,0.9559318,1.0682894,4.322944,8.071646,5.6189632,0.41185257,1.4102244,0.8564687,-1882.9421997502873,104.44960757235776,81.58915735325218,0.8019026,1.0,0.0
0.34644145,0.0449063,1.0732114,0.98762214,6.3273687,3.0911753,3.0152128,0.839845,0.47310668,0.018082207,-1017.1354920786762,-545.6197404974707,996.0934010883408,0.40618226,0.0,1.0
0.41798517,0.03164601,0.9628267,1.0056528,8.014944,11.9732685,10.524794,1.0485272,2.3569179,2.0285823,123.1166040687026,62.671700022820005,80.07315616939286,0.432175,1.0,0.0
0.5770237,0.017750513,1.0558726,1.047483,9.269543,12.751795,10.865753,1.2949214,2.5128133,2.107838,618.602529689812,65.58141699691987,65.11038695259504,0.44499522,1.0,0.0
0.14537697,0.016556967,0.9872601,1.007074,4.464894,12.103197,10.708275,0.20003748,2.3591228,2.0859241,-1164.6440651649002,77.70063512848719,50.6054881293976,0.55343217,1.0,1.0
0.09314563,0.0123050315,0.9704337,1.0153246,8.088245,3.1152236,3.8051856,0.9800734,0.4184765,0.467327,255.24333980397523,-432.455380852952,-164.51273734995948,0.47110486,0.0,0.0
0.26516747,0.014303745,1.0026145,0.99559534,8.780219,12.123025,7.3715177,1.292758,2.3635075,1.2661637,387.26473411737607,77.84531065682859,98.5800134294791,0.55202454,1.0,0.0
0.24152184,0.014109428,0.96931916,1.0184224,3.415788,4.233976,5.469739,0.29186237,0.64606905,0.8993962,-1709.107720314315,-175.53063960876784,-11.491182254793785,0.55869716,0.0,0.0
0.13923535,0.01701312,0.8913925,1.0130847,8.083438,4.1202745,3.9864347,1.1917146,0.67418283,0.51538515,32.06706099752,-236.80726196706337,-138.25865499729503,0.48363215,0.0,0.0
0.29427493,0.015164695,0.99909186,1.0414938,8.336357,3.6801944,3.26735,1.4265559,0.58854854,0.2669409,53.71988250582399,-329.5560970055401,-4.120836956123867,0.45111418,0.0,0.0
0.2252996,0.025868248,0.9903446,0.98173404,4.618002,11.428402,10.734967,0.18660131,2.219355,2.0944197,-1021.3165286700182,94.59185012360649,36.190726560641,0.5578953,1.0,1.0
0.24593885,0.017557647,1.0215762,1.0147951,5.6671157,7.5228834,8.27549,0.118154645,1.286837,1.4417931,115.37470067362074,68.0931353148494,100.28282225197063,0.7956927,0.0,0.0
0.21792859,0.010386068,0.9342434,0.89012635,8.370336,2.4462235,2.8992386,0.5845705,0.25114813,0.004847986,1129.5981488983448,-672.029423120222,1027.9614610888111,0.42852095,0.0,1.0
0.45446146,0.05059592,0.9924014,0.9709828,9.808652,2.9362261,2.9458404,1.6441859,0.32017934,0.17734587,607.2955113500375,-385.3002721979233,145.46244167274324,0.50243384,0.0,1.0
0.40193626,0.07690409,1.0389409,0.9956736,9.4756975,6.8678617,7.79495,1.4135166,1.2362934,1.3284616,624.0175179263379,-39.2378795458867,122.41933421338672,0.6109074,1.0,0.0
0.3001984,0.14259583,0.9494968,0.9504791,5.7149105,3.2255285,4.357655,0.41295642,0.43731335,0.17500895,-779.2398351708011,-365.41371704889775,753.2116252022104,0.48403513,0.0,1.0
0.21743295,0.025819167,1.0317162,1.0286343,4.4720216,2.4391441,2.8727903,0.098558776,0.3202913,0.10641063,-797.0536742802128,-875.2713370922552,427.523185988,0.3755419,0.0,1.0
0.21952993,0.014880244,0.9233379,0.9768444,4.697318,12.340395,10.224617,0.16608334,2.4337275,1.9731768,-904.8118372103881,64.9737797778871,47.06335852299799,0.4188081,1.0,1.0
0.43991032,0.01951247,1.0512979,1.0820724,6.173167,12.450905,11.152997,0.32118103,2.4616098,2.1790845,7.143499674770055,66.29206594023708,65.53821204987798,0.38389158,1.0,0.0
0.5787966,0.14295475,0.9791432,0.9795643,10.056837,7.078125,4.869709,1.3747107,1.204244,0.6854403,762.9104241878795,49.836197072731466,48.79947715845151,0.7595165,1.0,1.0
0.8267112,0.04426493,1.0316652,1.0073591,8.5798025,4.668006,6.690382,0.80744034,0.6796925,1.099154,840.5298399886415,-91.60471622738623,114.0862183324316,0.65322065,0.0,0.0
0.5822126,0.048324384,1.0108877,1.0352583,11.21874,6.8243127,5.2586646,1.7188692,1.1325899,0.652067,748.4427652404179,47.781804570291115,270.8589153939531,0.77734184,1.0,1.0
0.33949178,0.023100268,0.9700923,0.9840166,11.2351265,4.7114267,5.9940667,1.923618,0.5499046,0.843517,714.0349084416921,82.76566686570573,210.08752441218667,0.78096265,0.0,0.0
0.5462698,0.08562573,1.0364118,1.0353268,10.708606,8.64668,5.85879,1.4553753,1.6194061,0.8300448,806.1379983821034,38.885929729078725,189.64859558875378,0.619246,1.0,0.0
0.42092234,0.0102985,0.994243,1.0361687,10.8306055,5.1382947,7.1747704,1.8890427,0.78902185,1.2588041,689.332543862206,-53.2771790755462,60.26649284131281,0.6720053,0.0,1.0
0.33430353,0.021489168,0.8921887,0.9389744,11.7315855,6.8561373,5.137984,1.9248875,1.2359394,0.7699433,750.372704014128,-42.266814651554796,28.892880295024042,0.60614777,1.0,1.0
0.6125374,0.019956194,1.0887549,1.03355,12.656718,6.1478004,5.2415514,2.1786156,0.99224883,0.72746307,762.8979136288658,46.92418452693346,148.3252773541933,0.74110013,1.0,1.0
0.5117076,0.006141391,1.0703965,1.0222944,10.473507,5.296201,7.445141,1.7081378,0.88172716,1.2987572,690.7671740955461,-120.71816107836048,80.47877244888832,0.5990854,0.0,1.0
0.5299937,0.01262416,1.047487,1.03763,10.770179,6.895677,5.0228004,1.5314065,1.2333561,0.6680737,780.3521858590202,-25.353619968559542,141.4441538251965,0.6298538,1.0,1.0
0.5317322,0.017426128,0.90684664,0.9734068,8.172818,4.770991,8.143765,1.1690656,0.6326335,1.4528763,111.95996725906207,-8.964666193790435,56.679948330314346,0.7290612,0.0,1.0
0.40307063,0.016825961,0.9967819,1.0647575,8.323377,3.8588462,5.0368524,1.241288,0.20761612,0.41044897,145.71275106802386,551.6592461352197,508.6897446112214,0.7586469,1.0,1.0
0.24846512,0.00979542,0.94819486,0.99932384,10.914775,7.4118423,5.14545,1.8252555,1.3063737,0.7951222,705.6034058481055,27.58503211120842,-1.3337689208333359,0.7150203,1.0,0.0
0.4531922,0.014649144,0.9183117,0.9400574,5.534431,3.5759664,3.1016827,0.104708984,0.2729279,0.12999341,13.09357961016758,202.05390448788648,423.13585755605095,0.6747004,1.0,0.0
0.20806614,0.023778994,0.9454376,1.0293255,9.52032,4.786417,7.7322536,1.5811832,0.7225924,1.3759172,567.4726663147858,-96.24476626098203,56.50620558569608,0.64084226,0.0,1.0
0.44584757,0.045006175,1.0510994,0.99707747,10.3958845,3.834816,4.36532,1.5013058,0.29194826,0.07285829,752.9608434173551,272.67427040530447,1234.9699526554507,0.7238488,0.0,0.0
0.6244471,0.18669002,1.0823373,1.0600001,12.1208515,6.7907033,5.1918364,2.1945016,1.1711898,0.78923327,741.5735047737371,1.9102736913500848,21.478118726266985,0.70182836,1.0,1.0
0.8016017,0.04828017,0.97758037,0.9891445,6.6311955,3.4736433,2.8422008,0.092119426,0.3071368,0.07506059,1216.4612762569714,50.80273952636321,565.1162622632617,0.63599896,1.0,0.0
0.4019617,0.023647396,1.0088575,1.022349,9.440351,6.456287,4.537586,1.3750721,1.1099579,0.65092903,626.2482197603154,-38.02837838841788,-73.16198597859125,0.6734078,1.0,1.0
0.4403517,0.06795399,1.0465013,1.0230571,11.108666,3.966075,5.109889,1.8567667,0.4268978,0.6088597,714.9679748551557,49.065451049075136,259.60483304128866,0.6823277,0.0,0.0
0.45922148,0.028915992,0.9774934,0.9653746,10.45708,6.601516,5.3084035,1.514047,1.1604271,0.82027,755.3254124244058,-42.43694757666799,37.376877745676666,0.6427557,1.0,1.0
0.5148772,0.03383309,1.0551418,1.0699966,8.845148,7.9774446,5.728164,1.3040774,1.2520293,0.8060947,420.9670986968622,220.25401725047232,201.93794892224423,1.0093354,1.0,0.0
0.7211873,0.08748113,1.0453199,1.0285236,10.530274,7.7342315,5.7921953,1.6648228,1.3818246,0.84731096,708.3356715019595,43.58155440231258,152.19203127490846,0.70952904,1.0,0.0
0.5595847,0.12768325,1.0396535,1.0137447,10.194775,6.8401012,4.340037,1.6716197,1.1842177,0.596906,668.3490582192667,3.2574949593681595,-93.85499715468814,0.6990379,1.0,1.0
0.84181505,0.024336228,1.0019928,0.9962457,12.466854,6.1062317,7.200004,2.137074,1.0349734,1.2359605,758.2089357666869,-49.645266596939564,96.68125441006941,0.6616527,0.0,0.0
0.63431054,0.029723551,1.0612799,0.95416915,11.333169,6.734979,5.2224064,1.760178,1.1702316,0.81604594,754.4963121096471,-11.118661414318012,-1.7276291170455806,0.6808051,1.0,1.0
0.58263105,0.018628586,0.92864805,1.0259708,9.477623,4.6801004,4.734359,1.7058047,0.3449215,0.38759142,515.7537873782389,422.3200937194945,409.66557735654555,0.8880941,1.0,0.0
0.4612604,0.087675825,1.1263,0.97431195,8.25941,4.6389427,6.998405,1.2778122,0.59219617,1.2259779,84.88677839301863,-8.324616160194637,55.4095365669923,0.72893703,0.0,1.0
0.46715018,0.036862444,0.9862269,0.9509369,8.90103,7.4762774,5.625781,1.0691301,1.2916151,0.7845223,649.9796092558763,56.208875737521794,191.33180911845648,0.7688732,1.0,0.0
0.51221603,0.024346802,1.0467284,1.0526172,8.725799,8.037272,5.311195,0.82273585,1.4475105,0.8637779,899.0282761687649,50.69381711608912,-26.222730293848144,0.71343017,1.0,0.0
0.45044166,0.023206705,1.0775508,1.0978116,13.038768,7.406335,5.289937,2.3176947,1.2938198,0.8418641,767.3026427878381,35.29568105452654,-2.9751797054468625,0.7361091,1.0,1.0
0.41830218,0.0065341853,1.0075016,1.0095168,8.659992,4.857036,4.852924,1.1375839,0.6468264,0.7767331,459.4481443616314,1.4982954969002549,-110.91900735207673,0.73968434,0.0,0.0
0.697552,0.016150096,1.0251076,1.0222163,7.603724,7.277228,4.1486564,0.8248992,1.2982045,0.02210367,126.05504960337976,-1.617513628469169,1441.46962579414,0.67158616,1.0,0.0
0.52223504,0.03456948,1.0823894,0.99600613,12.745298,4.079504,3.9353366,2.4095197,0.4192338,0.34466392,753.9916206500166,95.63142446405254,97.20248127843706,0.7143887,0.0,0.0
0.2860658,0.02170553,0.9265895,0.94038355,7.6019096,3.40823,4.797065,0.9259426,0.39112005,0.72867495,-43.48267057037219,-160.84426592502427,-58.65382127326234,0.56978285,0.0,0.0
0.695634,0.01598218,1.0256315,1.0041373,6.9407525,4.10134,6.1921926,0.6911013,0.4767543,0.9771192,-183.60490334272436,12.467064819533789,122.20182892130333,0.68125564,0.0,0.0
0.6255162,0.031616323,1.0506654,1.0277832,12.746899,6.450685,5.398947,2.3042586,1.1540523,0.8503597,759.6270516429663,-82.75523373901797,22.33834088271942,0.588622,1.0,1.0
0.2265385,0.020362483,0.7747363,0.8566025,12.159975,3.0226493,3.35961,2.235812,0.22153406,0.197733,740.6002782083519,-24.604647524689653,241.48987480955066,0.57407445,0.0,0.0
0.52630126,0.026028275,1.0629333,1.0746893,12.069549,4.9286413,7.209322,1.5330868,0.81415474,1.2392122,866.3655725763274,-153.32232058849604,96.74395852770249,0.5671679,0.0,1.0
0.8765927,0.053732138,1.0232494,1.0655109,7.145494,4.904434,7.830749,0.47347137,0.74512357,1.4214059,482.22244465544736,-81.6949992532866,24.6139783305498,0.6510648,0.0,1.0
0.429492,0.03264343,0.98642045,0.995545,6.3040204,2.95759,3.6286452,0.70414066,0.17099054,0.08440155,-803.4442627350372,108.69513665867976,867.1822322630264,0.5779416,1.0,0.0
0.51534367,0.14430517,0.97126603,1.0268824,9.761878,4.7360287,7.3267565,1.7047008,0.62798953,1.0690511,582.4026050884959,-17.051471510794954,326.3755716659216,0.72372574,0.0,1.0
0.51869124,0.024715561,1.0277882,0.9746308,11.293779,5.14992,7.286815,2.0190985,0.74501157,1.1376494,706.4664110352787,-0.7239343589549208,246.9013718616634,0.7258794,0.0,1.0
0.37232372,0.022686042,1.0352719,1.0449127,12.711019,7.53995,5.5685363,2.2837405,1.3684248,0.7291168,757.6136649256591,3.118592711621659,264.3879814718264,0.6466641,1.0,1.0
0.75044245,0.02758839,1.056944,1.0250763,11.276862,7.7642207,5.62834,1.7964762,1.3963071,0.93502456,740.5498589788763,34.10238630433969,1.4284781371602548,0.69346017,1.0,0.0
0.8438753,0.14393435,1.0963086,1.0290647,9.570009,9.729397,9.169002,0.5672704,1.8839365,1.7845943,1736.3571879868132,-2.1673493388607312,-34.60744520079925,0.49710596,1.0,1.0
0.42561957,0.114788696,0.93757886,0.90164524,5.659814,1.4142183,1.9432626,0.3441585,0.07165406,0.033373296,-633.307644915631,-433.55714173734447,119.78641226443779,0.27925912,0.0,0.0
0.39988834,0.13051285,1.0607655,1.0579981,7.4064736,9.094839,8.134988,0.5489072,1.7541485,1.5289572,523.7516580682318,-17.037698080604514,-21.689744611222068,0.4911793,1.0,1.0
0.6012706,0.16611554,0.9735796,1.0225501,5.731793,3.1009076,2.373299,0.080664575,0.41516215,0.14460452,305.90929320761893,-435.628991486961,-131.2547367580297,0.47022325,0.0,1.0
0.74109375,0.13727312,1.0926461,1.071918,7.1686907,10.103303,9.951704,0.514332,1.9932657,1.9442444,406.86500708619724,-55.15232506877646,-24.44154030019945,0.338441,1.0,0.0
0.5529324,0.13524681,1.0920528,1.0553894,7.0245357,2.127915,2.0048552,0.55017686,0.03169543,0.08450301,176.7918182201538,33.78778395897524,-128.77596499188485,0.43315253,0.0,0.0
0.4322906,0.11087153,1.050331,1.0233648,6.4566154,1.9877387,0.98985964,0.8039049,0.21199514,0.042022765,-836.1725245908442,-875.7331166457484,-292.37753283378595,0.3432417,0.0,0.0
0.7136442,0.14771591,0.91336095,0.90853995,5.8724937,10.704253,10.1392145,0.33342698,2.085971,1.9841975,-356.23758368934114,48.676359868913096,-25.41410716339169,0.49156,1.0,0.0
0.7147133,0.12589672,1.068039,1.0375639,4.0260053,1.9028448,1.1065612,0.15669583,0.029112192,0.01736656,-1175.3638202597404,-81.64624262604741,-161.99020440183688,0.38727844,0.0,0.0
0.5770371,0.12539884,1.0728247,1.0109652,6.0223756,9.413695,10.878743,0.20564513,1.8368775,2.1383166,195.1386197184297,-39.26340564535576,11.448074795437151,0.42153943,1.0,0.0
0.42309046,0.12842411,1.1148218,1.0636775,7.041201,7.4343204,6.1116557,0.13342273,1.4118601,1.0958893,1432.1274844825825,-62.463587110637945,-31.039189902835005,0.47589365,0.0,0.0
0.5430272,0.14305922,1.0149646,1.0226104,6.5708556,2.5036616,1.8362082,0.4505448,0.10212977,0.1096819,22.794069701613807,-43.10113546444552,-378.14239205128945,0.50031483,0.0,1.0
0.3733622,0.13162082,0.9922704,0.951794,10.131586,5.461609,4.134747,1.2700018,0.9313161,0.55544686,831.5222093859679,-141.34548241357015,-126.10907950735259,0.5825743,0.0,1.0
0.6354182,0.14248642,0.99419475,1.0090874,6.058063,9.832214,10.518561,0.20647249,1.9268364,2.0613575,225.84098429791584,-36.15809834937045,-13.003917556521628,0.4007796,1.0,0.0
0.5450595,0.15489109,1.0204699,0.9999473,7.349991,5.6989512,4.208664,0.12659511,0.9122957,0.612582,1721.277866012716,-9.300340900620085,-182.26975872344474,0.6973449,1.0,1.0
0.75492287,0.21497601,0.9693429,1.0079054,6.462301,3.1247816,1.7102108,0.8197909,0.03305418,0.103793,-854.6740884107212,904.9613945929843,-426.7694332276217,0.6369506,0.0,0.0
0.7977278,0.19445711,1.004972,0.9902353,11.52757,5.502457,4.25649,1.4668301,0.8971072,0.6103797,868.5025673891541,-59.05265364799243,-154.33246284107804,0.65054464,0.0,1.0
0.78160965,0.13277148,1.0414172,0.98604155,6.0390334,2.364917,1.6072291,0.00036145336,0.094286025,0.034511264,926.3461749224192,-138.28747479684068,-95.1090808728402,0.473048,0.0,0.0
0.30148402,0.14425701,0.9131244,0.9388083,8.171889,8.3670845,6.8343787,0.48205602,1.6311418,1.2943,1237.3696985458273,-67.50643305188987,-87.64663578637783,0.38147268,1.0,1.0
0.49063742,0.121963575,0.98646057,0.95476645,5.6397943,1.9439138,1.7277025,0.13933633,0.0438169,0.13482973,6.585760510783757,-150.07101822157983,-591.0698902872616,0.39427164,0.0,0.0
0.38008672,0.14965998,1.0230036,0.9909547,5.590343,3.2326753,2.2733665,0.07063335,0.047785357,0.12065442,194.65494557878037,920.4498136804474,-86.74200009081426,0.6580623,0.0,1.0
0.80541337,0.19638269,1.0613084,1.039547,5.5718184,2.03654,2.7631688,0.29011214,0.1775806,0.16187066,-549.8234716111085,-715.5525505939477,91.06204971226794,0.37411693,0.0,1.0
0.7036372,0.13491853,0.86022186,0.899101,7.6726055,2.2757668,1.9828485,0.29690894,0.020026233,0.088534266,1425.6883512863221,184.99380740754836,-169.3370361684523,0.4640891,0.0,0.0
0.41816697,0.13023278,1.0683097,1.0746632,6.91912,11.336468,9.81241,0.76236326,2.2392173,1.9214008,-347.9788552690352,36.517773504989236,-45.44480618233092,0.3630402,1.0,1.0
0.20780444,0.14896643,0.9219558,0.9350974,6.535737,2.4120395,1.6774031,0.38546723,0.03401234,0.13060562,172.8601271298569,228.10607012132516,-588.7805369537715,0.4911302,0.0,0.0
0.3977374,0.11005169,1.0193384,1.0342374,6.680795,6.236288,6.2675953,0.33109397,0.8593224,1.0730317,473.371073868994,304.38485064592624,33.52188127373256,0.92264146,0.0,1.0
0.6383156,0.1638476,0.9982367,1.0504142,6.2707767,9.178418,9.700739,0.09689847,1.7964401,1.9114182,844.9061655678654,-52.83863004982322,-72.80012951558592,0.38532573,1.0,0.0
0.67298037,0.1507062,1.0045023,0.99789965,5.439784,3.0171044,2.5023024,0.30558065,0.087371126,0.09908201,-742.8265992508618,526.8155369274459,207.68713108622376,0.60937387,0.0,1.0
0.56618834,0.14036915,0.9331137,1.0065804,6.117726,2.2282822,2.5094395,0.5519749,0.24326652,0.17833756,-706.5058172003601,-837.6659954449219,-157.37034734690155,0.38110453,0.0,1.0
0.5299651,0.14168462,1.0651785,1.0735276,6.3325796,2.5436592,1.5415198,0.94298404,0.08957579,0.15642382,-1176.6999856870425,56.24956351246851,-777.2723722484426,0.5111102,0.0,0.0
0.44255123,0.13961731,1.0594845,0.99278766,9.025257,9.490321,7.7243094,0.23712684,1.8510704,1.4621733,2464.1323644389227,-36.36641736964202,-58.09013657169726,0.42840087,1.0,1.0
0.5369811,0.13405743,0.91339207,0.9782682,5.4975657,2.919697,4.3565536,0.5498115,0.093960546,0.66333663,-1363.5593640695893,407.6835900974911,-186.74395852770317,0.5882147,0.0,1.0
0.4140453,0.1262837,1.0811039,1.03925,7.3413353,8.5442,5.618744,1.0348089,1.6234778,1.0301043,-381.6393073800127,5.030605257419666,-95.64859558875423,0.54433995,1.0,1.0
0.54549676,0.14113076,1.0464674,1.0358546,8.286881,8.308222,7.8579273,0.44876814,1.595364,1.4141153,1407.7405228323846,-40.097863863639304,37.44676735019448,0.47420475,1.0,1.0
0.38707975,0.14083998,0.9528607,0.9896033,9.26285,8.727879,9.031144,0.68360937,1.6809983,1.6625595,1399.3013896361244,-22.625651183458103,66.46636264298377,0.48010367,1.0,1.0
0.43268612,0.14994536,1.0195359,1.0303506,7.29585,2.785261,1.6246188,0.92954785,0.0501917,0.16491939,-287.78030599088606,496.7391647371291,-757.7080351897436,0.5662265,0.0,0.0
0.41357428,0.111988045,0.9616066,0.9933534,8.656787,6.157613,4.5348287,0.8611012,0.98270994,0.4877073,802.1188555501626,76.34548241357015,149.05159970873956,0.75755155,1.0,1.0
0.62586266,0.13604954,1.0517198,1.0623379,9.258085,10.403621,9.879103,0.15837602,2.0183988,1.9246525,2824.676339892181,40.01780785633673,-21.319397947064317,0.5158724,1.0,0.0
0.55370075,0.16981746,1.078359,1.0740132,8.487579,10.0315075,10.649375,0.90123934,1.9493675,2.1068463,622.6141640905325,14.404397356710888,-58.97321853758285,0.48435098,1.0,0.0
0.48526648,0.19378372,1.0171282,1.0195354,8.865887,6.227067,4.6253953,0.6705701,1.0332534,0.60103875,1251.4651578835656,7.181122769051399,38.3540165707559,0.70963734,0.0,1.0
0.57114285,0.12062912,0.9609267,0.955546,7.074685,9.493836,9.403724,0.32999015,1.8322334,1.7544914,839.6820960068151,2.505113509299008,72.59830264251332,0.50850815,1.0,0.0
0.5541568,0.14309363,1.0741156,1.0751052,6.429755,9.879193,9.501878,0.6443878,1.9492555,1.8230897,-560.5317144766814,-73.62453774895721,7.772045387131584,0.32967982,1.0,0.0
0.5019913,0.14143202,0.8808619,0.9191818,6.818871,2.6825097,2.3923209,0.9090299,0.16418077,0.043676473,-676.967720033188,-133.0861111943609,436.8523822642025,0.5212955,0.0,0.0
0.41211665,0.11806409,1.02714,0.96869594,5.269318,2.1754785,2.4202838,0.4217655,0.1920631,0.24958426,-1263.4437635701643,-684.0768602048707,-475.12410283825534,0.3984606,0.0,1.0
0.55738115,0.062463585,1.0848968,1.0485506,9.588812,9.350793,9.175633,0.91142887,1.8122824,1.7512211,1092.7212578289905,-21.710160928764253,8.51469715233543,0.4711748,1.0,1.0
0.7522139,0.013992348,0.99985015,1.0699999,8.638396,3.330792,2.8323352,1.1161776,0.12978794,0.25563705,462.6520727609941,591.5157527440764,-198.72697675991162,0.6668662,0.0,0.0
0.59227514,0.10995236,1.0136226,1.0819898,8.450183,11.636238,9.966309,0.647935,2.2990987,1.9291989,1049.5352191098555,55.196009633742506,12.910517150924079,0.36831182,1.0,0.0
0.626014,0.03632116,1.031892,0.9924534,9.3225765,2.1787126,2.5360804,1.0816023,0.10932932,0.15965,820.0733162770271,-343.1752120830639,-61.105161268087386,0.4305019,0.0,1.0
0.70140535,0.03164997,0.9775191,0.9975035,9.2861,9.751965,9.578201,1.1174473,1.9156319,1.8690974,764.6654594783013,-62.93934620241134,-45.43043657404951,0.37414792,1.0,1.0
0.7458836,0.028985342,0.8852028,0.96132284,10.416275,8.691871,9.375102,1.3711753,1.6719413,1.8266171,814.5592418981364,-23.886067134471887,-43.123447750146624,0.48579457,1.0,1.0
0.67478645,0.04361097,0.99681807,0.9252162,8.050289,2.4348085,2.5836084,0.90069735,0.20203467,0.19960319,323.6007773732249,-522.8615857668074,-192.32201283754966,0.4522095,0.0,1.0
0.7882939,0.034623876,1.0223514,0.98403984,10.438818,9.746556,9.12397,0.7239662,1.9130486,1.7672278,1560.8904051976451,-56.25763236476132,-29.088176769320853,0.38196218,1.0,1.0
0.49788937,0.03689241,1.0255561,1.0026195,7.501584,2.7796,2.8167164,0.36162525,0.04705897,0.3537223,1086.3915920241016,506.33407325777466,-412.3585898981305,0.56534696,0.0,1.0
0.6271839,0.020856043,0.98426557,0.93156457,8.178479,3.8720932,5.0857143,0.43384767,0.4720764,0.688705,1378.7971973413673,-63.76441602581167,141.90398402117353,0.6265548,1.0,1.0
0.6708745,0.02371215,1.0249012,1.0431372,9.235233,10.196854,9.748166,1.0178152,1.9860662,1.8942763,849.2268254469145,14.413648346201171,-8.552578927184186,0.47277296,1.0,0.0
0.61672217,0.03429405,0.9376913,0.9609399,8.720944,5.7036595,6.904172,0.7027313,0.9526204,1.2291474,1120.1911682579125,-77.24594839817973,24.493142057169734,0.6404618,1.0,0.0
0.8803404,0.040375665,1.0177646,0.98388785,7.422325,2.0539236,3.0335214,0.77374285,0.042899903,0.27676314,74.81721633160168,-78.27356396125703,-127.59830264251354,0.41696286,0.0,1.0
0.69955575,0.074191414,1.0057305,1.0320505,10.006992,5.6881237,6.753146,0.6938655,0.97164077,1.1720123,1569.4352568091972,-120.17534948845696,48.84193362616179,0.6038974,0.0,0.0
0.6335578,0.17654862,1.0396934,0.9988984,10.148247,9.507859,9.712196,1.3870612,1.8508823,1.8883873,772.2749931949302,-28.395352475310574,-15.824296770261753,0.4451247,1.0,1.0
0.77749074,0.073400915,1.016832,1.0253168,9.452125,5.8197074,6.627491,0.89955974,0.9868293,1.1742146,1077.5873906559177,-99.33623142407987,9.883736371250507,0.62992036,1.0,0.0
0.8070849,0.028051518,1.020208,0.9687395,8.634536,9.496583,9.076812,0.56763184,1.7896504,1.7500831,1344.032779131685,89.01669442183584,-14.527105592753287,0.64916205,1.0,1.0
0.5486389,0.055214863,1.0754309,1.0446637,9.332972,2.327955,3.3076222,1.0493264,0.2527947,0.49029434,861.143377503317,-785.8847475918813,-365.9274989187161,0.3990481,0.0,0.0
0.6569979,0.036959384,1.0293514,1.0138998,8.953137,9.4417095,9.878315,0.7066067,1.8401196,1.919424,1224.9470797066278,-35.00298969434198,-14.486608927419638,0.43276578,1.0,1.0
0.598561,0.057223275,1.0443186,1.0814794,7.578787,10.363644,9.91694,0.49663702,1.9317218,1.9052488,773.5838860227441,242.3337984469881,33.928152641336965,0.7669305,1.0,0.0
0.5310914,0.10275212,0.8928472,0.9501837,7.8511076,10.549445,10.186114,0.85738254,2.061517,1.946465,251.41649097067648,8.287474796840797,97.62116381743408,0.45846114,1.0,0.0
0.86538965,0.1446954,1.054161,1.0485255,8.59147,9.658835,8.944473,0.8641793,1.8639102,1.6960601,758.8078334123416,11.385895377730321,-2.5721742199734763,0.51797146,1.0,1.0
0.62018347,0.019561725,1.0051012,0.97048396,10.099724,2.7165613,2.058117,1.3296336,0.35528082,0.13680647,792.0741924353206,-674.0143988501375,-355.88177793436193,0.41952816,0.0,0.0
0.9542506,0.04990092,1.0588082,1.0696155,9.658057,9.618912,9.762182,0.95273757,1.8499241,1.9152,1059.3803346168015,10.575712419021329,-45.67472128031932,0.53882515,1.0,1.0
0.52067626,0.03965886,0.9358808,0.993996,7.627539,6.6991777,4.837712,0.89836437,1.024614,0.71156263,15.91179951104641,183.74709618402858,-4.364467939772339,0.8811246,1.0,0.0
0.61802,0.014684327,0.9353132,1.020052,6.37445,2.1003664,2.3825068,0.4703719,0.087496325,0.12682384,-228.53346679326842,-296.09765775554956,-41.09405754193756,0.41933224,0.0,1.0
0.91506994,0.056644432,1.0280609,1.0210826,7.8432693,10.4030285,9.756347,0.26168975,1.9713076,1.8836763,1640.6678331312146,168.11156859113316,15.987590876838567,0.6792048,1.0,0.0
0.7837125,0.041385677,1.0296994,1.0458522,9.03884,10.909739,10.091789,0.0152955055,2.127203,1.9629319,3230.343047282666,54.3673246960534,10.35271185648844,0.49571434,1.0,0.0
0.6130676,0.0427277,0.9749488,1.032717,10.316203,10.308596,9.937231,1.5102544,1.9735123,1.9410181,734.6498212795341,113.2851792251422,-24.5669485354656,0.60890526,1.0,1.0
0.5393419,0.036474705,1.0389132,1.0814008,7.2629185,2.712351,3.0458982,0.33014354,0.032866128,0.32242095,1002.019891579251,532.9035243816479,-226.44546127043964,0.55263925,0.0,0.0
0.6419837,0.023862941,1.1390221,1.0813091,8.067394,10.252525,6.6564107,0.017458899,1.977897,1.1212577,2641.734389724331,66.69027070449647,81.50424578331967,0.55198,1.0,0.0
0.6332256,0.018440798,0.91951025,0.9613373,9.875157,2.2073047,4.4904838,1.6020793,0.2604587,0.75449014,635.5529866186298,-895.2192401615132,-253.83866774403032,0.36378944,0.0,0.0
0.66924435,0.043229245,1.0112783,0.940898,5.5117893,2.3878207,4.176256,0.118502244,0.28857246,0.37047908,-51.61191260907208,-844.6729508627138,152.24754990565725,0.3883639,0.0,0.0
0.87721765,0.03717728,1.0827999,0.9956217,3.051682,2.24515,3.4620986,0.116339,0.2029382,0.12203485,-1146.0166417680443,-685.7747804498028,614.3834081444522,0.40881443,0.0,0.0
0.6249319,0.047892448,1.0311695,1.043285,10.432954,9.556301,9.974315,1.4968182,1.8337448,1.9495137,759.6096611276121,24.5919188263033,-22.19072382966624,0.5499012,1.0,1.0
0.6310982,0.043918815,1.047172,1.0905403,10.203095,5.735249,7.479254,1.4283715,0.9012266,1.296887,760.7332692231312,21.178827197352803,93.45787107634396,0.7242194,0.0,0.0
0.47587404,0.024666648,0.94570273,0.8715724,9.516302,2.904078,2.8599827,0.7256464,0.13446222,0.14005807,1392.5659963425169,209.21019528011266,237.41084128125976,0.57668835,0.0,1.0
0.39001432,0.05600607,0.7648566,0.8448958,7.261819,2.9270992,2.7935927,0.33396894,0.065431036,0.32225192,989.1002118830947,560.372259352933,-373.466362642984,0.593748,0.0,1.0
0.6356508,0.08537364,0.9768644,1.029686,7.6246896,5.066377,6.833909,0.103299685,0.85068303,1.1835556,2022.71562388581,-154.0202408334285,57.23905970450551,0.5618658,1.0,0.0
0.38609642,0.16602467,0.9839626,0.98989254,9.252884,2.63923,3.3560693,0.89726055,0.05170299,0.030102897,1006.8984127937388,355.14425621648354,1091.3265820684608,0.5361399,0.0,1.0
0.465128,0.01498687,0.981021,0.9485463,9.020435,2.1192312,3.0056095,1.2116581,0.06531905,0.038495425,571.5253370257215,-163.6566757527351,890.2044397153259,0.4274184,0.0,1.0
0.6494719,0.047093578,1.0437529,0.98415476,10.608151,10.544619,9.55651,1.4763002,2.0481172,1.8282708,784.2049319686398,38.27474609845467,26.918354994942547,0.5131345,1.0,1.0
0.5225639,0.052439045,0.9749701,1.021835,9.877556,10.656299,10.454152,0.9890359,2.0759995,2.0341785,1068.3102733905116,38.06872264988124,21.407578130103047,0.4921188,1.0,0.0
0.2968798,0.039521996,1.0108904,1.0408946,6.3607507,8.871389,8.116054,0.20474872,1.6824945,1.495584,559.1118462838151,25.43221902787809,13.411496369368706,0.5748861,1.0,1.0
0.30364975,0.03803418,0.9682421,1.001116,5.8147182,3.4442983,2.397432,0.26349393,0.4868162,0.17797782,-210.95421114442797,-305.9542330671027,-246.43305146453474,0.4974284,0.0,1.0
0.4806282,0.041189667,0.98743886,0.9819427,6.86006,9.7813015,10.185841,0.17017348,1.9216118,1.910871,1148.970847672942,-59.50531961738898,165.15806773932536,0.37411335,1.0,0.0
0.35302776,0.03989336,1.0746671,1.0755327,5.510731,1.824269,2.2677097,0.20601836,0.103349485,0.117876306,-363.8479935642631,-515.8407195134318,-71.20183028679116,0.35712567,0.0,0.0
0.5389468,0.031105982,1.042687,1.0060564,4.2940717,1.9968827,1.9939343,0.45974636,0.14034109,0.07539606,-2022.3830852631345,-584.1242972895193,-89.86283636419398,0.38161662,0.0,0.0
0.4426132,0.0570084,0.9237111,0.9151729,5.20896,10.403116,10.248212,0.010731521,2.014317,1.9508243,16.222566826900106,52.583781271314365,119.87198028796684,0.53182083,1.0,0.0
0.71204793,0.044599425,0.97366935,1.0527885,4.439135,2.1547625,1.995252,0.18746269,0.10076625,0.016006736,-1131.2897552354036,-323.30368120412265,261.6753736374526,0.42764643,0.0,0.0
0.20711601,0.037109893,1.0641738,1.0669892,6.7344747,9.062006,10.820848,0.5498037,1.7652235,2.1049433,-82.89715964202514,-46.40112575590456,50.81776773697311,0.4193055,1.0,0.0
0.25757548,0.03539734,0.9865185,0.97782207,7.0124645,7.206194,6.130467,0.47758123,1.340206,1.062516,339.95158266954786,-50.517979613078296,10.250163430654993,0.54104173,0.0,0.0
0.352083,0.055133168,1.0227091,0.99920404,6.2687626,2.9437878,2.6392512,0.10638629,0.17378382,0.1430552,804.8093309069609,77.12916324370246,86.6198550067038,0.57412493,0.0,1.0
0.5028198,0.03800193,1.07794,1.096048,10.508956,5.3300138,4.7694774,1.6141602,0.859662,0.52207357,718.5931467705514,-78.58621424840567,225.99216147323773,0.6433499,0.0,1.0
0.51486593,0.049148876,0.98834085,1.0224556,6.663162,9.457506,10.53724,0.13768603,1.8551823,2.0279841,1080.8700092139904,-58.077066312960596,94.98955067921497,0.37649062,1.0,0.0
0.41293594,0.02658819,1.0465553,0.9840502,6.5137677,5.1853824,3.973885,0.21756339,0.8406417,0.57920873,660.7575363543187,-103.39639720711466,-228.41933421338717,0.61985314,1.0,1.0
0.78826725,0.19553404,1.0061172,0.97119474,5.1682763,2.6353936,2.018168,0.47563237,0.03859988,0.13716629,-1503.0751907650665,420.03199350270677,-391.8608765618176,0.53650296,0.0,0.0
0.61799616,0.106218845,1.012425,1.0358326,11.395264,5.174473,4.66278,1.8109887,0.8254531,0.5770064,749.5766324134906,-91.85935889780558,96.45525755134622,0.6370782,0.0,1.0
0.48029456,0.03896061,0.9694044,1.0405536,5.989919,2.3597522,2.4888737,0.34379706,0.022631967,0.0011379686,-267.32103163293823,239.34102867556646,766.4807295202899,0.48112822,0.0,0.0
0.34167448,0.073270075,0.98991656,0.9608663,6.864965,8.010092,6.8105006,0.13789749,1.5594877,1.2609267,1266.8833959312979,-78.54461914704825,-50.608098923420584,0.37425038,1.0,1.0
0.62178046,0.009659962,1.0607033,1.0184047,4.2166386,1.9564326,2.5000994,0.20482218,0.027837157,0.16820303,-1283.2125625713134,-42.02239899973367,-113.49902146429952,0.39834324,0.0,0.0
0.36077446,0.054443892,1.0055672,0.95860386,6.325878,3.3105376,2.0209944,0.41479188,0.119439416,0.15402772,-116.88865288105808,624.0689974606677,-454.48138597388663,0.6646746,0.0,1.0
0.5220002,0.10636871,1.035898,1.0243208,5.8178344,2.5366583,2.7591536,0.05404638,0.24923465,0.19524395,497.3068909287907,-578.1451635428948,-59.781843033526684,0.45100296,0.0,1.0
0.86739844,0.12726547,0.99848026,0.98963964,6.013428,2.5112257,2.1572347,0.04724958,0.051627826,0.055160973,730.7816813140529,225.1153211108154,162.4617879501219,0.5098864,0.0,0.0
0.4777777,0.038859997,1.0678662,1.0643628,6.8202677,10.999391,9.821991,0.41820472,2.1675632,1.8880275,345.81371169842805,31.219171458817073,22.15480185719389,0.3834242,1.0,1.0
0.4963011,0.05346618,1.0098438,0.93925655,5.4218955,2.4047816,2.3072548,0.04130871,0.03764172,0.16397892,118.31001856854425,197.742642446025,-244.74983793483239,0.4893683,0.0,0.0
0.24014255,0.038461562,0.978189,1.0398171,5.555102,6.173589,6.515545,0.0130645335,0.7876684,1.0396584,352.61390926856507,376.6070805017812,133.64402362686724,0.97045237,0.0,1.0
0.4336347,0.09117928,0.99750197,1.0040959,6.091538,8.875404,9.731589,0.44105697,1.724786,1.8780448,-447.4067310579958,-41.542323575349656,11.841281269027604,0.4282049,1.0,0.0
0.5101818,0.058419123,0.9942927,0.96859026,6.7527866,3.3054514,3.082668,0.64973915,0.15902519,0.1324553,-275.11359860040193,438.4219920092801,397.49118088930584,0.65491045,0.0,1.0
0.5845476,0.032704905,0.9927281,1.0138575,8.258633,2.626032,3.030614,0.89613336,0.31492057,0.21171086,482.19604821425264,-672.7632338886142,64.26322559369373,0.42898476,0.0,1.0
0.2206165,0.044806506,1.0024772,0.9057958,4.5112224,2.210355,2.2379138,0.5988255,0.16122985,0.18979712,-2246.1475034728164,-554.3175920397064,-428.2416732295037,0.42010874,0.0,0.0
0.22407177,0.04347625,0.9706249,0.98919165,9.190315,9.113596,7.7216954,0.58128536,1.7794163,1.4288001,1582.2201931739874,-53.56200769152747,-10.156106571461805,0.40309107,1.0,1.0
0.23827891,0.04845397,0.96788627,0.9426425,6.9781585,3.1608932,4.8490644,0.89397,0.1656146,0.62996334,-506.8441119376689,302.0874994396481,123.06466323726568,0.62268037,0.0,1.0
0.43912643,0.049067076,1.0582438,1.0571097,6.2206426,8.204193,5.726005,0.6906504,1.5518237,0.9967309,-868.2938812049033,-19.80503509806158,-17.42194637289731,0.5440919,1.0,1.0
0.3337899,0.044483896,1.0173206,1.0063549,9.181517,7.9784555,7.7115006,0.79292667,1.52371,1.380742,1158.3691993809543,-48.702023373774864,43.65251519350704,0.48362577,1.0,1.0
0.33083048,0.045089997,0.8601606,0.8976606,9.037475,8.438571,8.782947,1.0277679,1.6093442,1.6291862,759.644941323194,-14.548096855944095,28.69301185884069,0.5188034,1.0,1.0
0.17022093,0.053510234,0.82787853,0.87446517,6.115086,2.4431326,1.9654473,0.5853894,0.021462357,0.19829269,-775.388464384348,325.1384829358892,-696.4683224453604,0.49822107,0.0,0.0
0.46753126,0.040104046,1.003818,1.0318227,6.964936,5.91293,4.8058105,0.5169427,0.91105586,0.454334,215.24296281055467,84.61285378237562,345.9020242187971,0.7695284,1.0,1.0
0.32611695,0.043678444,1.016244,1.0770725,8.239886,10.173917,9.841486,0.18578248,1.9467447,1.8912791,2182.994493467803,109.20185161703375,23.30111146500485,0.6042633,1.0,0.0
0.59475195,0.07892664,1.0705625,1.0583998,9.406879,9.749377,10.6154785,1.2453978,1.8777134,2.073473,692.0639333577669,25.340753864780254,25.74853185507709,0.5363908,1.0,0.0
0.4946751,0.106090285,1.0012522,1.0199527,9.313081,5.945819,5.3063073,1.0147285,0.96159935,0.56766546,897.1866652949925,10.303818609515929,424.0790328455471,0.7140241,0.0,1.0
0.3611301,0.15444435,1.0480086,1.0338433,6.7675476,9.244763,9.367424,0.0141683705,1.7605795,1.7211181,1605.9784782756155,39.39632850441831,89.95036009363639,0.5764346,1.0,0.0
0.30628037,0.06229767,1.0566912,1.0947216,6.3019476,9.591147,9.472885,0.30022925,1.8776015,1.7897165,204.41748930042286,-57.23158389939044,49.62246989718915,0.40080288,1.0,0.0
0.37939894,0.03271748,0.9643215,0.9104155,5.408101,2.9199665,2.057769,0.5648714,0.23583484,0.07704977,-1485.0073810202366,-153.04851616780138,-45.57021714857228,0.54527336,0.0,0.0
0.52124345,0.038212653,1.058468,1.0166088,6.0157638,2.6015382,2.8945014,0.077607006,0.26371714,0.28295755,628.815586186468,-559.8430837878268,-225.30568342689185,0.45777234,0.0,1.0
0.34884992,0.08425591,1.0215642,1.029031,7.335054,11.428972,8.965912,0.46824265,2.1693106,1.6735618,642.7775553445531,169.39278209282566,32.7798832311496,0.7352348,1.0,0.0
0.29247123,0.01258128,0.99044764,0.98973984,5.7114577,2.9022694,4.157999,0.034575235,0.23911726,0.41528705,446.13599124354937,-188.1000220299445,67.87785696412107,0.5398202,0.0,1.0
0.17156416,0.014371963,0.9546698,0.96976274,6.14344,9.456571,8.421224,0.0012696342,1.785844,1.6134603,1020.3729483570338,78.8141486821587,-42.85042382731399,0.6356019,1.0,1.0
0.4291769,0.007926949,1.0012282,1.0280682,5.206642,8.037586,8.351378,0.25499764,1.5421534,1.5709801,-821.1550119040373,-59.007580837738715,-17.790985591812387,0.46309015,1.0,1.0
0.37174344,0.027973745,1.0271871,1.0277951,6.0397696,3.1244006,4.197752,0.21548024,0.3318226,0.45524025,183.36619391265367,-258.40328392221,34.94382696388584,0.5404174,0.0,1.0
0.558796,0.020764204,1.0364823,0.92721,6.9857106,9.361089,8.059628,0.3922114,1.7832607,1.5115907,556.0207677375442,42.640538048149665,-15.233180297376293,0.58200467,1.0,1.0
0.2452897,0.010254076,1.0640864,1.0574645,6.651266,3.5240347,4.109967,0.75455236,0.082728975,0.6093594,-566.3969711453151,912.0053539687369,-223.3533642136224,0.714368,0.0,1.0
0.18611602,0.0046919486,1.052046,0.89830047,7.3599515,2.8606784,4.7605066,0.68232995,0.34228843,0.433068,200.27461620150962,-511.82458180884646,338.52579951299776,0.4679052,1.0,1.0
0.25587797,0.01697536,1.0242076,0.9952857,6.0079446,9.798986,8.592215,0.09836243,1.8562783,1.6386392,552.6085301473515,101.03867410971225,-35.035270298082196,0.64147943,1.0,0.0
0.41728187,0.009941298,1.0012445,1.0146747,10.354317,5.010968,5.9386334,1.8189089,0.82283247,0.9735104,651.9278147032337,-143.91722910914177,51.160026176214615,0.5839331,1.0,0.0
0.27710107,0.017965825,0.95613325,0.9609483,6.0857673,2.8108666,3.9695709,0.34243473,0.17268784,0.5324002,-167.05016964703896,-47.102317601642994,-176.65251519350727,0.54602516,0.0,1.0
0.30645338,0.050116055,1.0463535,1.1063825,8.365005,5.5132747,5.9415154,0.4223121,0.84185284,0.9163753,1524.9074187195793,25.661473004221534,109.92684519609429,0.72681653,0.0,0.0
0.6347932,0.17403351,1.0691319,1.0876298,5.247315,9.289018,8.693202,0.27088365,1.7210944,1.6327503,-830.1447528264835,119.3419360019775,-3.181579905893159,0.71390086,1.0,1.0
0.70147055,0.07683104,1.0626295,1.0425844,11.583263,5.307352,5.49797,2.0157373,0.85704136,0.91857755,731.4530243179715,-82.70195467107851,-25.031352058816992,0.6391722,1.0,0.0
0.32449856,0.012228746,0.9285675,1.0618321,7.1121755,8.805568,7.8873477,0.5485458,1.6598625,1.494446,279.0760669233605,34.53523075216481,-40.63030637572001,0.6006744,1.0,1.0
0.3591188,0.0416355,1.0541835,0.9816831,6.8775406,3.0012624,2.6039064,0.06685122,0.12300677,0.23465726,1523.547851840322,355.47408894002217,-276.16917146547576,0.5996287,0.0,0.0
0.32866398,0.015973113,0.99192077,1.0027679,7.0629597,8.913846,8.745866,0.4095709,1.7103317,1.663787,580.6798445253553,1.647493465941352,-21.470933239383157,0.5133953,1.0,1.0
0.26725522,0.030208273,1.0542272,1.0209525,6.838856,9.867185,8.822551,0.6195406,1.8019339,1.6496117,-130.5152001196202,250.6243316408677,13.278250290084088,0.82125884,1.0,0.0
0.5754158,0.07806756,1.0329883,1.1207712,6.1577516,10.05648,8.975476,0.2587951,1.9317291,1.690828,169.27649068954952,63.362733552656664,9.323318917304277,0.5716698,1.0,0.0
0.8001817,0.12316561,1.0626259,1.0658684,5.2407017,9.14607,7.7542853,0.2519983,1.7341223,1.440423,-775.2353322078811,39.94957322100936,-19.779881865662446,0.5941061,1.0,1.0
0.468316,0.004701068,0.9328332,0.7219615,5.4901037,3.7034507,2.9124343,0.21345602,0.48506877,0.39244354,-414.34955738413964,-168.0121032784391,-410.1881130356437,0.57130164,0.0,0.0
0.51464105,0.026696939,1.0707114,1.0661918,6.40379,9.198384,8.698077,0.16344,1.7201362,1.659563,750.7834336306396,87.25513068497321,-29.575440102105404,0.66578794,1.0,1.0
0.26400074,0.018485164,1.013076,0.83335876,5.148691,6.5252075,4.663464,0.21781325,0.89482605,0.45592555,-757.56687250081,353.8894761406709,261.9647283364302,0.96954656,1.0,0.0
0.46646854,0.037313405,0.98784906,0.9959964,6.3801847,3.0298471,3.6066751,0.6458057,0.042291615,0.38246092,-618.8561233318096,780.6106956160703,-94.50163362380977,0.6169569,0.0,1.0
0.30429646,0.033029635,0.94779223,1.0192578,7.6973515,9.754024,8.7148905,0.85448784,1.8415197,1.6280392,155.37633081875447,107.08381562266231,12.65120911375152,0.6570485,1.0,0.0
0.47807258,0.022485653,1.071668,1.0716712,9.077952,10.44742,8.994379,1.100882,1.9974151,1.7072948,702.5315923052285,125.16596109357351,-1.3422591219850801,0.6260627,1.0,0.0
0.18756622,0.016387882,1.0131118,0.9944911,5.3029103,9.858774,8.816535,0.3940768,1.8437244,1.685381,-1161.9390721105337,163.19955604533516,-28.843892063051044,0.7133385,1.0,1.0
0.16927017,0.014299452,0.8917756,0.8219837,6.753833,2.9503753,3.0274596,0.78603405,0.09692181,0.06678388,-529.7111209228897,424.0018762598411,720.1966018713076,0.5940633,0.0,0.0
0.45482332,0.016912416,0.97072905,0.9258026,9.037702,9.800645,5.9536138,1.0987188,1.8481091,0.8656207,681.1804100154854,122.48890710201704,163.83997382378539,0.66661334,1.0,0.0
0.30107307,0.010879474,0.9239791,0.9407524,4.947495,3.501093,3.8981931,0.48590168,0.13067076,0.49885306,-1701.2523457298148,673.6604282724173,-168.63487970309438,0.70210344,0.0,0.0
0.17617416,0.017774696,0.93880516,1.0067232,7.1657934,3.1347818,3.4171834,0.99767536,0.15878451,0.11484202,-462.6361797402592,299.36412179794377,637.4637477524983,0.61902285,0.0,0.0
0.38046867,0.013403844,1.043204,1.0059793,8.281236,3.6297517,3.3759177,1.2325166,0.073150255,0.13360222,130.9836130539229,1014.6743391080009,518.7001946147499,0.7371489,0.0,0.0
0.43092135,0.023289112,0.9573817,1.0127494,5.206588,9.205189,8.840563,0.38064063,1.7039568,1.6938766,-1204.9091710361656,119.41601262059612,-30.634878337607006,0.7114768,1.0,1.0
0.19183204,0.021767601,0.99247104,1.0189605,7.113166,5.3924537,6.9465675,0.31219396,0.7714386,1.04125,939.3072679222109,47.23092412809501,258.68582637195595,0.76921546,0.0,0.0
0.3206807,0.010465845,0.8991144,1.010385,9.133416,2.9148536,3.7596676,0.3905312,0.26425016,0.39569512,2037.967220868315,-249.8141486821587,-59.10450754546605,0.5303563,0.0,1.0
0.70969284,0.05156547,0.99234,1.0123063,10.287118,2.157405,4.18117,1.4501466,0.19521898,0.57788897,761.1246116647962,-706.7585740425208,-137.50293970356483,0.39272732,0.0,1.0
0.31554303,0.077582344,1.0361563,1.0824155,8.711973,5.204941,6.306956,1.2194773,0.7208951,0.92791855,420.2143148879004,37.697363527681546,190.30306990189365,0.76646274,1.0,0.0
0.4004528,0.15275325,0.92605823,0.9208452,5.74463,3.4217322,4.021248,0.21891709,0.07808495,0.22553416,-148.55348578350254,876.3977167497053,425.20378735819213,0.6938966,0.0,1.0
0.3369363,0.020945555,0.9859675,0.98829085,5.123878,3.1518433,2.987515,0.09548054,0.19510698,0.2941325,-353.107221149442,191.18355574614293,-200.65774087801515,0.61177504,0.0,1.0
0.26587632,0.019678008,1.0070555,1.0238785,5.8065186,10.018577,8.282088,0.36012265,1.9183294,1.5726337,-508.9863637002561,71.26319953726579,-39.68647872909014,0.5906279,1.0,1.0
0.52515054,0.02537016,1.0790341,1.0250762,6.410858,10.071722,9.318189,0.12714171,1.9462116,1.7785416,884.3046394473308,50.1729165113652,15.204442446301073,0.53017634,1.0,0.0
0.3926644,0.08033578,1.0463436,1.0821046,7.7704606,12.172724,10.87782,0.43366742,2.408428,2.0888488,1085.121606196496,58.655493615537125,131.81450185484164,0.3629784,1.0,1.0
0.30033296,0.08055933,1.0648321,1.0778475,7.0039682,2.8111546,2.2211258,0.46951228,0.38346672,0.060101517,358.115350916989,-635.5387084610607,188.19333598917615,0.41964382,0.0,1.0
0.5779882,0.078333825,1.0333638,1.0053911,6.34931,4.0779433,2.3450975,0.7232403,0.6271573,0.10258176,-803.7851859472262,-218.08040661646328,66.1260599096563,0.53215224,0.0,1.0
0.43070087,0.09706914,1.0586327,1.0628854,5.342102,12.71002,10.995496,0.2527624,2.5011332,2.128802,-681.1951720559591,65.52354678558368,92.05094871709343,0.46336251,1.0,1.0
0.68804115,0.08311738,1.0443746,1.0642412,6.13525,2.4946141,2.0707598,0.07603125,0.38604996,0.16197108,753.775426034546,-957.1336169817062,-439.9170489151877,0.32257017,0.0,1.0
0.22203188,0.07699848,0.99169236,1.0413756,7.5852942,11.47397,11.573396,0.28630972,2.2520397,2.282921,1389.7851859472266,59.89392987867541,38.94840165674759,0.4499968,1.0,1.0
0.36283717,0.078340724,1.1106871,1.0523969,5.5890794,9.687476,6.999,0.21408731,1.8270222,1.2404938,-302.33617066683246,95.18682734694903,37.80666264533602,0.6581838,0.0,1.0
0.2405435,0.09627625,1.0176976,1.0621511,6.472051,2.7783213,2.0497186,0.36988023,0.31303236,0.034922622,156.22782377666067,-527.8789743112868,201.91182049970416,0.46856776,0.0,0.0
0.54704845,0.07813488,1.0385617,1.0630552,10.804983,7.487057,4.984976,1.3506663,1.3464782,0.7000514,862.4789215942928,10.626695915262644,86.28020872697289,0.66867197,0.0,0.0
0.48902866,0.090238556,0.9510115,0.968507,5.7166204,11.853267,11.295017,0.12580791,2.3419986,2.205962,137.26447929540882,45.49808938881142,67.85499852017529,0.3750559,1.0,1.0
0.20258413,0.058129884,0.9853809,0.99479544,6.921318,7.411523,4.840822,0.04593054,1.3274579,0.75718653,1626.741521162131,7.163734224571726,-76.75506225385288,0.67320937,1.0,0.0
0.56859577,0.23221391,0.9972062,0.97605354,6.5285687,3.437351,2.3287382,0.7391263,0.44821632,0.040811524,-655.6111586222314,-249.83501493553422,412.49705893094756,0.5320141,0.0,1.0
0.42854172,0.14403744,0.8880758,0.9290186,11.590303,7.2800756,5.30273,1.5474946,1.3122693,0.75498426,838.4057327282494,-12.241357254782542,133.2031350010584,0.64382416,0.0,0.0
0.42951655,0.08322762,1.0224159,1.026785,5.867333,3.8541675,2.6345115,0.080303125,0.5094482,0.17911579,458.8959064903115,-140.79682884037584,-67.28674185672389,0.5904155,0.0,1.0
0.35922375,0.11552053,0.9638046,0.9322855,6.0157785,10.43552,7.4615893,0.40139145,2.046304,1.4389045,-413.81859165476817,-20.812059218550075,-86.82168461075162,0.4191305,1.0,0.0
0.56956893,0.049553506,1.0950391,1.0452502,4.8720613,3.1372473,2.5525708,0.058671758,0.45897904,0.009774792,-419.6127887673655,-477.3431181391752,753.7766146180431,0.43664327,0.0,1.0
0.40279806,0.050681103,1.0314896,0.98022246,5.288824,4.2956557,1.0037946,0.15129793,0.36737677,0.023950104,-403.47091399819874,268.7089787915668,-199.32136048041582,0.7926358,0.0,0.0
0.33728772,0.14155622,0.98051775,0.94936115,4.405454,2.5776362,1.8288478,0.20944756,0.23758154,0.01726614,-1221.754286543112,-499.21576245261735,126.96799285307432,0.46695307,0.0,0.0
0.840687,0.16997257,1.0033495,0.9651627,7.259197,3.1404152,2.9635408,0.21624435,0.43518835,0.23313878,1341.3795806299609,-436.47158726023395,-40.31548107328649,0.46221772,0.0,1.0
0.45324266,0.08470506,1.0999312,1.1088691,6.718002,13.3796625,10.618961,0.6816987,2.6543794,2.0660052,-372.4009749433617,65.84183294793365,48.33050440418856,0.34593534,1.0,0.0
0.57691777,0.09168019,1.0171496,1.0394963,5.5998125,3.3453512,2.3259542,0.30480266,0.44917446,0.0139989,-561.5155771130408,-293.8060798298659,557.3827544218309,0.5061057,0.0,1.0
0.3183828,0.07048349,1.0793543,1.115344,6.567242,7.405243,6.9808173,0.2504294,1.2744846,1.2176362,620.0756899299402,49.83271936383562,57.22142421409262,0.7700068,0.0,0.0
0.44206718,0.14514787,0.9620168,0.9696489,5.414287,11.207248,10.544819,0.17756304,2.2116022,2.0560226,-361.82835156744886,34.30249906692552,17.682561855312088,0.37208816,1.0,1.0
0.31905368,0.09554198,0.94784814,0.89699274,4.4706173,3.560256,1.583026,0.38624522,0.327791,0.045522515,-1730.126486152836,45.27842991544003,-166.83409714763138,0.6451501,0.0,0.0
0.5686057,0.0679286,1.0310427,1.0245415,7.0538964,2.3003511,2.2295816,0.63263947,0.17189561,0.033733033,38.280871481016675,-530.1601878129793,354.82821500952656,0.43555102,0.0,0.0
0.23523147,0.0833849,1.026318,0.98983777,6.2110023,3.123506,2.1173124,0.86231947,0.32558635,0.011819296,-1192.205553304966,-240.9530509299052,384.06923383366484,0.54414034,0.0,1.0
0.32678074,0.082944386,1.049981,1.0006324,8.279356,11.693565,8.619706,0.31779143,2.2662325,1.6067779,1797.4143616606693,94.35689156936496,27.877858329608443,0.5896408,1.0,0.0
0.29647103,0.092268474,1.0121533,1.0720469,6.062317,2.9488227,4.9501486,0.63047606,0.3212016,0.80794114,-919.4214930984695,-375.2424019865871,-105.9993469601227,0.5048224,0.0,0.0
0.299374,0.091671884,1.0683427,1.0540389,7.201445,10.454022,6.5793037,0.95414436,2.03864,1.1747087,-385.5928919485841,21.377757822740932,-6.095362256205135,0.47369373,1.0,0.0
0.41686806,0.08299189,1.0845355,1.0558503,7.708606,10.223092,8.500859,0.5294327,2.0105262,1.5587198,790.4571502874714,-33.73450489103561,37.79098695729954,0.37948555,1.0,0.0
0.43388426,0.08334806,1.0691221,1.0241234,8.326667,10.610387,9.510132,0.76427394,2.0961604,1.807164,739.385713738015,-30.600262489382658,32.31221519115434,0.3374591,1.0,0.0
0.36269787,0.09126609,1.0292315,0.99251235,7.524569,3.3921347,1.8649025,0.8488833,0.46535385,0.020314867,28.97160165978221,-297.0248319768252,141.2397106961516,0.5038486,0.0,1.0
0.39140356,0.0734281,0.9705678,0.9580638,8.561515,7.903998,5.2486224,0.78043664,1.3978721,0.6323118,874.8975366354457,69.18919162134398,300.14826872744334,0.7533819,1.0,0.0
0.34870467,0.086196385,1.0394455,1.0441715,7.6663237,12.438529,10.611894,0.077711456,2.4335608,2.069257,2143.1533817589034,75.94484467221992,29.539518129632597,0.5268434,1.0,1.0
0.534999,0.11776275,1.0493523,1.0575894,8.135533,12.183489,11.452036,0.9819039,2.3645296,2.2514508,292.91893094884654,84.96105107950098,51.73612204917117,0.6007765,1.0,1.0
0.37399283,0.1429813,0.9490776,0.968465,8.992651,7.804326,5.6689696,0.75123465,1.4484155,0.74564326,1151.2250731303275,-8.248312672574684,279.86871304034776,0.5937105,0.0,0.0
0.31909594,0.16484146,0.94374377,0.9671831,6.8867793,11.5349655,10.068695,0.24932556,2.2473955,1.899096,909.373325350454,81.69138413899782,124.69823754334857,0.5317326,1.0,1.0
0.2129229,0.10597157,0.9929256,1.0168693,6.0041246,11.991361,10.291067,0.5637232,2.3644176,1.9676943,-843.3585633099801,57.90318086816478,102.70803518974299,0.40982565,1.0,1.0
0.2723725,0.06950669,0.9999439,1.0220202,7.346722,2.411297,2.4294846,0.8283653,0.25098136,0.10092805,-88.90479024469869,-709.0583582258903,139.85434206657897,0.42029566,0.0,1.0
0.608861,0.06691843,1.0449907,1.0156372,4.0326867,2.8597088,1.9318564,0.34110093,0.22309905,0.10497974,-1757.752534226525,-189.48890710201704,-286.7067291099885,0.53749436,0.0,0.0
0.20269275,0.0134329805,0.93441516,0.9978023,4.8642583,10.304314,10.48403,0.03584487,2.0249612,2.0287473,-343.49943974940027,-31.51923045297235,54.135860287025935,0.3908955,1.0,0.0
0.62274355,0.01204763,0.93407637,0.98789155,5.6120715,9.107941,10.217178,0.28957286,1.7812706,1.9862671,-500.17465390085135,-60.504137480191275,6.75310381696363,0.38898706,1.0,0.0
0.43739364,0.017544717,0.9739153,0.9947181,5.3575497,1.8675836,1.8368399,0.180905,0.09270535,0.039953187,-429.11260027065555,-444.4032152195134,17.43435481331437,0.3692905,0.0,0.0
0.6694441,0.019611517,0.94974726,0.989872,7.201661,10.2761135,10.015945,0.35763615,2.022378,1.9268777,871.6089071407719,-37.69284108698139,44.826911660746646,0.37350795,1.0,0.0
0.25500193,0.007921237,1.1300032,1.0491645,5.2278686,2.0121534,3.0267987,0.71997714,0.15638828,0.1940723,-1988.1765283888913,-649.925229258738,113.1136501037513,0.37844688,0.0,0.0
0.28357354,0.008363113,0.84581745,0.931795,6.5670557,3.870036,5.393366,0.6477547,0.5814057,0.84835505,-436.809269821234,-234.72970763954913,24.212932647452817,0.52147084,1.0,0.0
0.31628963,0.013228698,0.9806838,0.96400225,6.223448,10.687653,10.61019,0.06378719,2.0953956,2.0539262,896.4943049710928,13.341867299281148,67.64075911022337,0.43102804,1.0,1.0
0.35570285,0.0036136257,1.0103165,1.0404494,10.39581,6.094639,7.5823665,1.7843337,1.0619497,1.3887974,667.8608811166973,-97.37212194754011,6.882430291495439,0.61070967,1.0,1.0
0.39366403,0.016302016,1.0870005,1.1012112,5.168531,1.8589449,2.8773584,0.3078595,0.066429414,0.11711315,-1002.1108479540685,-314.36732469605334,377.67276147794234,0.3733494,0.0,0.0
0.36910036,0.036820065,1.0414444,0.9947929,8.166495,6.278304,7.466353,0.3877369,1.08097,1.3316623,1494.2514695715217,-60.35939324915398,38.544742448653324,0.6520702,0.0,1.0
0.72501004,0.18026853,1.1152896,1.0632001,5.0003614,10.160923,10.584544,0.30545887,1.9602116,2.0480373,-1135.1643948232977,64.30138563242417,58.410844012234975,0.54709923,1.0,0.0
0.6794309,0.051561307,1.1321427,1.0768367,11.912953,6.298891,7.4042664,1.9811621,1.0961586,1.3338646,751.7640464557926,-75.69388581878593,15.58654519374204,0.63367105,1.0,1.0
0.2769384,0.013984762,0.9860874,1.0164771,7.2161283,9.810373,9.926673,0.51397055,1.8989798,1.909733,448.52721151376136,12.932184676529687,28.137166366781003,0.50374925,1.0,0.0
0.52130723,0.059266638,1.069752,1.0634432,7.09453,2.4744434,4.3777056,0.032275986,0.36212403,0.6499443,1839.420239946756,-933.5803722651149,-154.20378872367996,0.34427008,0.0,1.0
0.4585615,0.020716662,1.0102675,1.0444335,6.26925,9.935922,10.699512,0.37499565,1.949449,2.0790741,-60.354060347059885,-42.566667537621015,68.124756560876,0.39337018,1.0,0.0
0.44227225,0.026645707,0.82323945,0.8109746,6.8295574,10.701022,10.83903,0.58496535,2.0410511,2.0648987,-57.06405552921933,145.75391419642756,191.22599754146677,0.6571601,1.0,1.0
0.6565146,0.08099181,0.9865352,0.99241775,6.4933906,10.98679,11.125077,0.22421986,2.1708465,2.106115,622.2291990998274,17.479587409830856,216.0058800898728,0.34732231,1.0,1.0
1.0474821,0.12108466,1.0609368,1.1206686,6.5586042,10.029839,9.807857,0.21742307,1.9732395,1.85571,709.081945209447,-49.743755880525896,67.08883185742934,0.36831862,1.0,0.0
0.59584033,0.015850965,0.9521489,1.0291579,5.599359,2.122636,2.6705031,0.24803126,0.24595152,0.022843521,-397.3022657944175,-905.4345145995765,762.5741326568622,0.3531572,0.0,1.0
0.90407115,0.0230339,1.0641032,1.024743,6.1647935,10.072034,10.6433325,0.12886478,1.9592534,2.0748498,612.3447995992526,17.243515421087977,31.894841462887598,0.47779962,1.0,0.0
0.38718185,0.016867528,0.7775701,0.91563576,4.3208575,6.979809,5.0647345,0.18323801,1.1339433,0.8712126,-1172.0724401187335,92.83967478162731,-152.03461794094846,0.83096445,1.0,1.0
0.5273456,0.076693594,1.103586,1.0763824,6.1051908,1.8647987,1.7782382,0.6112305,0.19682564,0.032826144,-842.3246584375647,-882.4113527745027,14.72370814680454,0.32332683,0.0,0.0
0.4712695,0.02930359,1.0335082,1.0694716,7.6610875,10.816944,10.606074,0.8199126,2.080637,2.0433264,183.66370716171468,121.27126838955837,86.16002754170177,0.60484284,1.0,1.0
0.7631001,0.018754495,1.008428,0.8678114,8.445486,11.422675,10.940274,1.0663068,2.2365322,2.122582,391.9394491039543,62.430968187984035,71.80013224656022,0.47546455,1.0,1.0
0.24064861,0.014985241,0.87406075,0.8827538,5.6342716,10.75255,10.74503,0.42865205,2.0828416,2.1006682,-909.6476919695269,83.41594391789931,21.587852638984714,0.54626,1.0,0.0
0.30208817,0.0014712278,0.99541557,0.995288,7.263452,2.5314138,3.795931,0.7514588,0.14219545,0.48207092,-18.09933572480122,-191.7192058101649,-191.0320057814381,0.49592367,0.0,1.0
0.5515008,0.018388746,1.0578976,0.995782,8.490315,10.699428,7.08247,1.0641434,2.0872264,1.2809078,431.25047124177536,41.79210029158594,-4.897452256911038,0.48153025,1.0,1.0
0.4363949,0.024889104,0.9682652,1.02857,4.9298944,3.1950827,5.5641165,0.52047694,0.36978802,0.9141401,-1796.0145124580372,-264.1752807857604,5.864141078461216,0.5318981,0.0,1.0
0.24936458,0.014361097,0.93222594,1.017745,8.250098,2.8897479,4.9785914,0.96310014,0.39790177,0.5301291,389.4472682033379,-586.5838499740107,319.26387931631507,0.4278092,0.0,1.0
0.6681569,0.012544397,0.9484056,1.0225674,9.061222,2.7551725,4.480117,1.1979414,0.3122675,0.28168485,603.7828122943138,-547.9368445226232,466.63161245547485,0.4633753,0.0,1.0
0.6020639,0.025408082,0.9243664,0.969554,5.5592756,10.115346,10.836805,0.41521585,1.9430741,2.1091638,-954.5508573086222,85.94143566601997,51.131288325139394,0.5748838,1.0,0.0
0.30527228,0.017791467,1.0277457,0.95676327,5.9702153,6.1743736,8.058745,0.34676918,1.0105559,1.456537,-299.91630247396597,34.8211728026472,29.784455193036592,0.7243478,0.0,1.0
0.29656875,0.017477281,0.9875581,1.0033854,8.410877,2.2747133,2.855014,0.35595596,0.0251329,0.019591924,1755.919929278593,161.65931483791638,904.156105205974,0.4636148,0.0,0.0
0.70297796,0.04972955,0.97807664,1.0178188,10.072748,2.3051176,2.2359407,1.4155713,0.04389828,0.16260193,746.030904643645,75.95791688408838,-307.8752461700989,0.46839222,0.0,0.0
0.59747374,0.060941864,1.0762118,1.0729485,8.328575,5.7114596,7.5243363,1.1849021,0.9600124,1.3432056,202.68910527316257,-83.8987271301612,40.879164409363966,0.6318022,1.0,1.0
0.30532128,0.14784263,1.1171603,1.0435265,5.814281,2.2713099,3.8006504,0.18434185,0.1610323,0.18975289,47.62992446075259,-512.3465271453745,430.73742539795194,0.43352064,0.0,0.0
0.2689639,0.029428361,1.0848126,1.0841945,5.8248844,1.3127452,3.1785333,0.13005577,0.04401027,0.12115457,244.3849597511744,-292.98421290457526,496.2789012817302,0.26417145,0.0,0.0
0.2922388,0.01676936,1.0664614,1.0645161,5.404105,10.969499,10.643758,0.3946979,2.1574466,1.9879208,-1057.5878898207907,32.814079979461894,270.8576106796854,0.40648422,1.0,0.0
0.6491902,0.021851607,1.0476278,1.0245625,5.9265733,11.119004,11.288669,0.09256648,2.185329,2.1938286,495.47466297427854,43.26083526287039,87.37426695165414,0.4203514,1.0,1.0
0.502546,0.012291911,1.0324421,1.000928,5.310122,2.3542252,1.8465062,0.253728,0.24369058,0.042480245,-722.843989766216,-740.5791901279174,16.643368538758466,0.41118473,0.0,0.0
0.31066746,0.027406834,1.1006529,1.05361,5.2936296,10.820089,10.675932,0.21674988,2.1176665,2.0687006,-623.9448282251674,41.70181726568535,83.45591263945516,0.4546766,1.0,0.0
0.502749,0.01857708,0.9905276,0.9339993,7.0568414,1.8767886,2.2499132,0.39348105,0.0025832355,0.10186957,618.7097455997232,35.3896478974126,-5.999348325610185,0.3830888,0.0,0.0
0.18526532,0.010121562,0.87355316,0.95003575,6.624201,9.651921,11.250582,0.755822,1.868573,2.2228196,-593.7213800004433,-4.266883354251604,14.565645186685288,0.4945729,1.0,0.0
0.15450212,0.0043008346,0.92679423,1.0173404,6.927264,7.795815,6.8010664,0.6835996,1.4435555,1.1803923,-177.03640593631144,-1.4797935179199158,51.15545421432762,0.60133255,0.0,0.0
0.18896368,0.027202202,1.0539275,0.9689597,5.1866784,2.4777849,1.6271913,0.09963206,0.07043434,0.02517889,-308.0135141282908,85.18244231164198,-31.195952245149385,0.5006409,0.0,1.0
0.398207,0.008576041,0.9396225,0.9493308,11.1907015,5.563731,4.3067093,1.8201786,0.9630115,0.6399499,724.2656102756696,-149.58044096781168,-169.58001342947932,0.56900233,0.0,1.0
0.2952553,0.0214992,0.9976943,0.9795309,5.9833865,9.950731,10.887626,0.34370437,1.9585319,2.1458604,-271.33441835024564,-61.84328989591677,-3.1338977536743187,0.3606062,1.0,0.0
0.2775573,0.051371317,1.1018611,1.0303788,7.330626,5.6435127,4.2259536,0.42358175,0.9439911,0.697085,762.6097832990654,-87.6221047718659,-284.8033967632048,0.6315079,1.0,1.0
0.5731082,0.13954198,1.0280752,1.0486947,3.6983755,2.126349,1.8689661,0.269614,0.064749606,0.01928999,-1616.171526261098,-150.801351281076,149.13520383342959,0.42897877,0.0,0.0
0.6884762,0.07260233,0.9842755,1.0124481,12.348541,5.367703,4.458327,2.0170069,0.9288026,0.6948827,768.7908198904074,-173.37441751923825,-180.86610088083808,0.5494458,0.0,1.0
0.3018212,0.0033608533,0.94060284,1.020859,6.133366,2.243588,1.7880497,0.5498154,0.12598145,0.11901427,-685.2215684971534,-376.062949369287,-460.0137179338915,0.43955013,0.0,0.0
0.36779678,0.053433415,1.0896025,1.0721452,6.609307,8.590277,7.159595,0.06812085,1.6628371,1.378803,1278.2636031371153,-43.204353296821864,-98.43109029667085,0.44098178,1.0,1.0
0.3198828,0.017754028,0.98419905,1.0076777,5.010266,2.1726625,1.8058931,0.41084054,0.07551233,0.050326724,-1457.9555864675945,-187.92056941264462,-64.22795734384357,0.43674505,0.0,0.0
0.27164888,0.027396806,1.0529294,1.0484868,6.597031,3.8682969,1.9981337,0.6208102,0.016089927,0.036151413,-351.1774045471848,1437.4151052941847,158.99542598988182,0.789442,0.0,1.0
0.49549213,0.0760996,1.08639,1.0313628,5.9718575,2.2631495,2.098679,0.26006472,0.14588517,0.077367656,-34.02114473096435,-458.1694388024696,-24.50751303093898,0.43731108,0.0,1.0
0.8140134,0.11903431,1.1048388,1.059552,5.764768,2.4773,2.4112215,0.25326794,0.05172166,0.17303728,-231.5195809110876,185.17319132215175,-209.0391912683226,0.5029139,0.0,0.0
0.4481288,0.010573659,0.9202599,0.9414841,5.657403,11.462419,10.260073,0.21218638,2.2709126,2.0059037,-232.0251485290114,32.58837241471156,-1.3272357910823303,0.32021663,1.0,1.0
0.6150792,0.023879008,1.0941606,1.0898588,5.308514,1.865891,1.2740817,0.16470964,0.065707766,0.046102617,-424.203179652053,-309.4541300130579,-284.7295902849093,0.37492287,0.0,0.0
0.26291814,0.018272633,0.9097876,0.9607236,5.3802686,6.015711,6.612623,0.21908289,0.8910179,1.1575347,-543.2156902110669,166.74480061233044,27.42390617527326,0.8251504,0.0,1.0
0.33747435,0.06621436,1.1246822,1.0455097,6.5717425,9.446755,10.1002035,0.64707536,1.8281356,1.9959211,-424.8427366145024,-6.755302441714775,-75.76616461451522,0.48687726,1.0,0.0
0.25207558,0.031267397,1.0268217,1.0348414,6.6892204,2.6542766,2.119058,0.8557575,0.0556757,0.014579001,-707.9480780363738,341.8097636468516,366.48726128455297,0.5388139,0.0,1.0
0.5274818,0.018595936,1.0770421,1.0346091,8.853936,2.4436007,1.4110624,1.1021518,0.2115711,0.09383455,586.8693878776644,-544.9067272797574,-530.7726991097533,0.4496353,0.0,1.0
0.13375427,0.016015284,0.98011655,1.0486438,4.5885677,2.1936107,1.3397717,0.39280716,0.057880364,0.07192081,-1687.965845545148,-78.78514487379397,-437.11365283472685,0.44385502,0.0,0.0
0.19118886,0.015307632,1.0350944,0.99052656,8.302727,9.672004,8.096448,0.7873037,1.8827658,1.5466764,691.6400613668534,-25.36989507853832,-41.43892814068886,0.45311356,1.0,1.0
0.43490186,0.017704539,1.0013889,1.0399996,7.599907,2.937077,4.875963,1.0999883,0.06226512,0.7478396,-244.80620326720737,580.9382327679104,-46.06858284201894,0.59615076,0.0,1.0
0.2547252,0.02051607,1.03114,1.0172241,5.00991,8.61884,6.0801473,0.48463207,1.6551732,1.1146072,-1660.265732447122,-20.63837988184423,-60.60026107940257,0.49136072,1.0,1.0
0.17915173,0.015808754,0.8907629,0.9587716,8.355866,8.362413,8.005484,0.998945,1.6270595,1.4986182,410.70161583217623,-62.708978791567006,-18.483996767909503,0.3951212,1.0,1.0
0.4617482,0.015308306,1.0367936,1.0570995,9.239687,8.847104,9.179293,1.2337862,1.7126937,1.7470624,639.9969997712301,-32.14996079438151,14.410190289613638,0.4536088,1.0,1.0
0.42799854,0.026617713,1.0877657,1.0757345,5.448545,2.0460036,1.1105592,0.379371,0.081887126,0.08041638,-965.9359444707802,-286.1393215596039,-531.0685842075065,0.40919095,0.0,0.0
0.23630866,0.01533725,0.9733492,0.98050636,6.4879975,5.9932065,4.2604322,0.31092432,1.0144054,0.5722103,361.26710777028916,-59.860541035002825,-84.77465754664217,0.65169877,1.0,1.0
0.3381888,0.010096887,1.0308279,1.0266199,7.4758387,10.555539,10.240048,0.39180082,2.0500941,2.0091555,972.3451765926729,43.39048652112706,-24.180926183271822,0.5142655,1.0,0.0
0.65200925,0.045794744,0.9492079,0.99842095,10.222913,10.22673,11.050321,1.4514161,1.9810629,2.1913493,754.800202809668,45.00855686684645,-25.79294402870073,0.5192444,1.0,0.0
0.3764544,0.07936343,1.0401573,0.9781025,8.978231,6.2004886,5.101314,1.2207469,1.0649489,0.68554175,553.2277016052076,-53.256381524867265,150.82037853099587,0.6484969,0.0,1.0
0.35756198,0.1465049,1.0335839,0.98237795,6.0308003,9.661881,9.628372,0.22018673,1.8639289,1.8389945,149.8110832235477,11.414830483398418,31.336382445830623,0.5202636,1.0,0.0
0.20935093,0.036009423,0.9462591,0.9664174,5.5525146,10.153969,9.852353,0.09421091,1.980951,1.9075928,69.50143640889314,3.9796217611783504,-7.946439123396431,0.456386,1.0,0.0
0.20879778,0.016249187,1.0824246,1.0711097,4.1617455,2.4605756,1.9689596,0.358853,0.13248535,0.040826537,-1773.3643194246135,-223.9923504595646,104.51796030349203,0.48371923,0.0,0.0
0.5909229,0.021860307,0.9989783,1.0400491,5.4082804,2.576301,1.6226131,0.12841135,0.16036765,0.16508125,-197.3441782629261,-224.4622675680472,-759.6871338171992,0.49976587,0.0,1.0
0.4020803,0.027553584,0.978473,0.9773507,5.1935277,9.600438,10.354547,0.47047788,1.873976,2.0262203,-1466.195671220832,-45.91966208623353,-2.219463046229066,0.42689618,1.0,0.0
0.7793591,0.01931174,0.9817044,0.9793171,5.2252097,2.4092915,1.4359503,0.64720905,0.24110734,0.059389323,-1844.504941042067,-684.9264113959355,-326.8902695010015,0.42580152,0.0,0.0
0.42942286,0.0059015886,1.055326,0.9812503,7.543714,8.492959,11.086413,1.00955,1.6248823,2.1803393,-173.5290860018008,-21.795784108571297,19.663620285144134,0.50515217,1.0,0.0
0.42326638,0.006391434,1.0202254,1.0530696,7.3773413,6.6489353,6.4182725,0.93732756,1.199865,1.137912,-225.07794141139993,-69.25060824427283,0.9222732342077506,0.58510834,0.0,0.0
0.49462286,0.022838693,0.9389755,0.99721277,5.9067154,3.1136346,1.8674961,0.35336006,0.3141249,0.06765913,-378.47141316307193,-220.8500392056187,-140.71979263851466,0.54878116,0.0,1.0
0.44880337,0.00945249,0.9567939,1.0178932,11.891128,4.674149,4.346139,2.0739067,0.71932095,0.5974696,737.8443667596366,-129.38944178932297,-93.81319440959942,0.60937476,0.0,1.0
0.5460651,0.020559568,1.0145956,1.0037764,6.260413,8.853031,10.740043,0.5974324,1.7148412,2.1033802,-636.8498680523026,-35.976350160372476,11.755063619340035,0.44996095,1.0,0.0
0.45058244,0.0440651,1.039523,1.0370816,6.5046234,5.010666,4.4436693,0.67730975,0.7003006,0.6546048,-551.4545218125909,-8.968143902686279,-136.0156763707805,0.73161495,1.0,1.0
0.60832095,0.17141286,1.0403274,0.81707,3.5319276,2.8164814,1.6942961,0.015886016,0.17894097,0.061770234,-778.3191571448986,-66.37893995993863,-215.49314342265774,0.54513264,0.0,0.0
0.71662647,0.07658915,1.0337054,1.0455819,13.24578,4.7183986,4.5586877,2.270735,0.685112,0.65240246,773.2758693532232,-75.4600406990453,-65.12018323350253,0.66234505,0.0,1.0
0.5185905,0.013075705,0.9894862,0.97761947,6.388998,2.3696918,1.6930759,0.8035434,0.11770912,0.076534025,-905.848115735716,-242.10461317334136,-299.71652675638313,0.4685551,0.0,0.0
0.23650627,0.044694196,1.0707443,1.052045,6.639169,7.4174914,7.062491,0.32184887,1.4191467,1.3363228,481.15688639207724,-79.20317115962416,-85.30894794353571,0.44110423,1.0,1.0
0.3917528,0.014771775,1.0458437,1.0088756,5.4795327,2.1505678,1.6106114,0.66456854,0.16817825,0.092806965,-1626.9395712754067,-614.6520846093383,-426.93991009010847,0.40403402,0.0,0.0
0.35571823,0.027482372,0.99025005,1.0448277,6.5001087,3.72088,2.134478,0.87453824,0.2597805,0.078631654,-907.4228684216359,318.7228896271504,-6.361203423128245,0.71174085,0.0,1.0
0.7340398,0.06784283,0.87582403,0.87423784,5.2549796,2.816917,2.558069,0.51379275,0.38957575,0.1198479,-1516.810584058674,-649.9600063476971,139.15349304646372,0.41537082,0.0,1.0
0.838117,0.112327844,1.080254,1.0284808,6.0887547,2.2086914,2.3705819,0.5069959,0.19196892,0.13055703,-623.2554733695688,-663.1057953105388,-59.82233969886033,0.40604883,0.0,0.0
0.5924578,0.008316998,0.9369472,0.970624,5.856725,10.270617,10.030192,0.041541617,2.0272222,1.9634236,588.3234052858515,-51.37455492463141,-23.605485398422843,0.33818275,1.0,1.0
0.63091505,0.021806037,0.9958996,1.0449781,4.4365034,2.2790992,1.5423405,0.41843766,0.1779828,0.08858286,-1844.6729015842648,-569.4368101712749,-446.29523342336347,0.42828855,0.0,0.0
0.32458016,0.016476862,0.935747,1.0115972,5.561893,5.5481915,6.501966,0.4728109,0.6473273,1.1150545,-1113.1287376342962,241.52723060256858,46.42064029314179,0.91984177,0.0,1.0
0.603176,0.059497207,1.0608343,0.9985028,6.9443583,8.249183,9.943303,0.9008033,1.584445,1.9534409,-554.0614270543392,-47.58976065999832,-47.06531559440009,0.4693689,1.0,0.0
0.61562175,0.030645357,0.9768421,1.027443,7.2801065,3.479509,2.2626724,1.1094855,0.29936627,0.057059243,-505.71249624605616,78.13723209599516,250.79620991083237,0.6411734,0.0,1.0
0.68248266,0.015723253,1.0518713,1.0267894,8.88195,3.2924552,2.4954922,1.3558798,0.45526168,0.1363148,416.1678994564718,-343.54566387885234,-5.944482051995124,0.48557022,0.0,1.0
0.5011579,0.013025027,0.89351296,0.8979298,2.8171284,2.9996254,1.4411442,0.13907917,0.30157092,0.11440106,-1246.752035061652,-277.6891572699958,-617.5989563651349,0.52931273,0.0,0.0
0.40371874,0.013438424,0.9536847,1.0531514,9.108682,8.440795,8.025394,1.0410317,1.6390752,1.5041962,778.4008527719093,-54.332822417880834,-13.421292650275973,0.41245353,1.0,1.0
0.49900004,0.01876665,1.0984259,1.0405742,8.411666,3.327348,4.6670284,1.3537164,0.3059557,0.7053594,139.49230831160003,-21.284065790641307,-84.57348166521638,0.6031522,0.0,1.0
0.49389496,0.018756894,0.9887002,0.9618613,4.0855284,7.615949,5.864309,0.23090406,1.4114827,1.072127,-1413.6369337270999,-22.492522216306043,-82.51992147135661,0.58436584,1.0,1.0
0.39774263,0.013293592,0.93219244,0.99602467,9.274285,7.423543,8.071935,1.252673,1.3833688,1.456138,646.4285023648172,-38.302705175015035,34.74265244794742,0.55023676,1.0,1.0
0.4348674,0.011874271,1.0322256,1.0321392,9.99816,7.7823086,9.1652565,1.4875143,1.4690031,1.7045822,705.9072965481259,-39.52493503086998,49.553234015292674,0.52500296,1.0,1.0
0.56942254,0.021766184,0.95969194,0.97320753,3.939863,2.9963183,1.5570579,0.12564299,0.16180344,0.12289663,-1089.7489074218984,174.71134306596184,-619.5329863653701,0.58890486,0.0,0.0
0.42414516,0.01777752,1.072577,1.0722204,6.1621385,5.4121895,4.7545266,0.057196323,0.77071476,0.5297301,855.3604377980199,61.20198902242669,209.2429779437707,0.77571905,1.0,1.0
0.3813989,0.011429408,0.96457684,0.99856204,8.546001,9.3274355,10.136785,0.64552885,1.8064035,1.9666752,1125.8060810957545,-18.144187513787074,15.624429699565553,0.47538152,1.0,0.0
0.63908124,0.049770344,0.9355489,1.0025737,10.530588,8.976695,10.891398,1.7051442,1.7373724,2.148869,698.7404006609318,-24.934686356317798,-7.966686773319452,0.46185723,1.0,0.0
0.46052986,0.074738994,1.0062051,1.0230627,9.828121,5.238048,4.7184253,1.4744749,0.8212583,0.6430615,674.8671363962044,-59.09083974315081,29.524493433242696,0.6638121,0.0,1.0
0.45395204,0.14788859,0.99090356,1.0055519,5.5711775,8.502606,9.546609,0.4739147,1.6202383,1.7965142,-1103.7641686272455,-8.05620005958508,68.93599048535543,0.52698094,1.0,0.0
0.5759111,0.030064791,1.0432243,1.0249081,5.2780056,8.997939,9.745169,0.1595171,1.7372603,1.8651125,-437.29688667320397,-13.96362146198635,36.42325381813953,0.47919497,1.0,0.0
0.38847864,0.011835051,1.0286988,1.0433965,4.1252193,3.123111,2.0075634,0.10512502,0.3761759,0.001653708,-966.2308292449609,-345.8569946234106,377.5225322653787,0.5089251,0.0,0.0
0.6377303,0.019084457,1.029297,1.0031502,4.925797,3.2121243,2.2828717,0.38213935,0.40405822,0.2075615,-1420.8823976015512,-313.29449891732907,-442.987590876839,0.5097453,0.0,1.0
0.83212465,0.022230249,0.95336664,0.99989957,5.2853227,10.734103,10.113937,0.17673115,2.1150832,1.966831,-499.84173828475605,3.470336420339663,7.6453310721099115,0.37536243,1.0,0.0
0.25231633,0.026246615,1.0642011,1.0221437,5.768072,2.8093822,2.3571644,0.5390721,0.24909364,0.15411912,-1038.7066179599697,-315.1740986485629,-177.46048460134227,0.51402974,0.0,0.0
0.3463323,0.022012874,1.0189008,1.0038383,4.6135845,4.1876554,5.1958346,0.4668497,0.67411107,0.8883082,-1875.5870136624972,-213.8361970727317,-107.70019598023782,0.5072728,1.0,0.0
0.21911937,0.008575228,0.984385,1.0100214,4.6748266,11.082984,10.758176,0.11711781,2.1881008,2.0938795,-745.3142771885582,23.463381002547976,45.14892381555228,0.36158714,1.0,1.0
0.53891045,0.021948876,0.98006177,0.9097965,10.478395,6.625845,7.920428,1.6034287,1.1546551,1.4287506,722.8907821910652,-28.697363527681773,39.822992055993836,0.6636738,1.0,1.0
0.3396723,0.027960822,0.98271906,1.0339957,4.8411837,2.0640357,2.6300635,0.12695451,0.15913476,0.07715996,-676.3843384148481,-637.5490728850517,410.4506842239721,0.38875583,0.0,0.0
0.3474092,0.05282662,1.0665407,1.0095626,6.929633,6.6964054,7.553239,0.20683187,1.1736754,1.3716155,1077.5165754427874,-28.002920991645624,25.380797350429475,0.6584071,0.0,1.0
0.5615123,0.18550435,0.98323977,1.0038133,4.791521,10.562966,10.662876,0.4863639,2.052917,2.0879905,-1822.2389590125076,39.65090247214084,11.709994992119391,0.50886166,1.0,0.0
0.737453,0.046844967,1.0256323,1.0756035,11.543544,6.7265906,7.7970967,1.8002571,1.188864,1.3738178,760.9010412686193,-30.626764617958997,74.46440284060736,0.64265347,1.0,1.0
0.3774289,0.02688288,0.9350488,0.99003184,6.325449,10.230108,10.083749,0.33306554,1.9916852,1.9496863,132.74902959335168,19.789804719887343,29.83017754287812,0.4780546,1.0,0.0
0.3512157,0.073196694,1.003389,1.0299008,6.192292,2.9592912,4.5684943,0.14862902,0.45482937,0.6898975,569.813334705008,-617.5745989845207,-111.05421323373776,0.38652623,0.0,1.0
0.45817083,0.035273787,1.002388,0.96504307,4.00355,10.450664,10.825113,0.19409065,2.0421543,2.1190271,-1318.7779323379732,4.811784407763753,16.65382263874926,0.45444646,1.0,0.0
0.2888427,0.04416117,0.94427115,0.9802089,6.047581,11.29031,10.945143,0.40406033,2.1337564,2.104852,-391.06268020605285,185.65667575273528,121.79686636442875,0.75410485,1.0,1.0
0.5571431,0.09700094,1.0576166,1.043902,4.677172,11.495463,11.180967,0.04331486,2.2635517,2.146068,-493.64982127953385,51.327956463697774,159.88700361886913,0.4109953,1.0,1.0
0.78027457,0.13540247,1.0274339,1.0029361,6.0527525,10.464064,9.85353,0.03651806,2.065945,1.8956633,812.1895381127786,-41.62571988615491,14.593730680626322,0.3411636,1.0,0.0
0.6078327,0.029395932,1.0305669,1.0173327,5.076574,1.9300337,2.613699,0.42893624,0.15324616,0.06279671,-1451.309896397091,-684.3592558437606,485.6740675576975,0.3615891,0.0,1.0
0.8285878,0.038204778,0.93810236,0.9244286,4.5695047,10.488292,10.820864,0.05204023,2.0519588,2.114803,-592.0710647955668,0.5930322608041934,26.36120342312779,0.44445112,1.0,0.0
0.270908,0.03261017,1.0682789,1.0125012,4.3690467,7.1098504,5.393924,0.0023330126,1.2266487,0.9111658,-523.2624826359158,33.50170450309952,-46.26126715680539,0.7340896,1.0,1.0
0.4965679,0.08284621,1.0151877,1.0634882,5.318718,2.5972042,2.2168567,0.43032545,0.289531,0.072779335,-1238.2831229624762,-640.557210440041,98.92814991036192,0.4401593,0.0,0.0
0.4765143,0.046476245,0.96367115,0.98438025,5.748,11.298463,10.696264,0.6390076,2.1733422,2.0832796,-1270.9498303529608,124.62426293817043,49.480079894130995,0.6314616,1.0,1.0
0.60038567,0.034576364,1.042382,0.99347985,7.85963,11.913148,11.11073,0.88540184,2.3292377,2.1625352,209.07556775848707,69.15086812079244,84.68125577555656,0.5119157,1.0,1.0
0.31172872,0.032357093,1.0003929,0.99574643,4.8948913,11.267515,10.887263,0.60955703,2.175547,2.1406214,-2020.6758407273082,105.76893846651183,9.552581658158942,0.5997145,1.0,0.0
0.28203106,0.011393955,0.9816914,1.0359243,7.8815184,2.6102164,3.9495544,0.57055384,0.23490079,0.5220241,822.0863260009141,-461.5919188263035,-164.02873989930663,0.4758225,0.0,1.0
0.54484826,0.02113923,0.9391668,1.0407821,6.3244343,11.089632,7.2071557,0.8832385,2.1799316,1.3208609,-1101.6134101036914,43.884678889184215,-13.915087747323923,0.4172023,1.0,1.0
0.39279917,0.03795488,1.0112768,1.0378388,5.001106,3.2987437,5.562942,0.7013819,0.46249336,0.9540933,-2122.4978096042664,-352.14057239949784,-42.13259303940731,0.48019993,0.0,1.0
0.25379205,0.031214893,0.9719881,0.9510477,8.602873,3.266914,4.9095364,0.78219515,0.4906071,0.57008225,900.9109233527529,-422.80955753876196,239.16263833572452,0.4404232,0.0,1.0
0.4766153,0.025132095,0.9008335,0.9722421,8.103564,3.1459298,4.0194235,1.0170363,0.40497285,0.32163802,224.55123430204276,-373.23662870599264,179.429130494294,0.49146035,0.0,1.0
0.5671911,0.042158272,0.9699897,0.9661937,5.5126367,10.536422,10.999006,0.5961209,2.0357795,2.149117,-1446.5388459144815,74.0884067660595,53.054214599224906,0.5555118,1.0,0.0
0.42261887,0.034292195,1.0521075,1.0237838,5.4917727,6.440341,8.364864,0.5276742,1.1032612,1.4964902,-1319.9074187195788,-28.462404973440243,69.45329911445742,0.6784898,0.0,1.0
0.36512038,0.031411994,0.93897754,0.967456,7.1891074,1.4185704,3.0204515,0.17505096,0.067572445,0.05954511,1424.118101563322,-408.2515842733807,763.1515332440873,0.28123176,0.0,0.0
0.6685764,0.06066833,1.0278207,0.973201,8.3581505,2.1778882,2.4060597,1.2346663,0.13660362,0.122648746,169.67259091610185,-465.558323874542,2.425210889541063,0.42213163,0.0,0.0
0.39727095,0.035030093,1.0138779,1.0448289,8.101303,6.066823,7.6629148,1.0039971,1.0527177,1.3831588,239.1063449911485,-90.92188895523532,31.715219311140117,0.6157982,1.0,1.0
0.4457914,0.16117199,1.0089282,1.0574646,4.6944046,2.4661639,4.079954,0.0034368492,0.25373766,0.22970608,-346.91130034617277,-664.6822018522039,430.4546038287249,0.4316825,0.0,0.0
0.40122887,0.026472125,1.0201534,1.0819541,4.893058,2.349876,3.155657,0.31096077,0.13671562,0.16110775,-1223.0573010848393,-342.5293887688738,310.9575428495459,0.45892254,0.0,0.0
0.3466743,0.034311384,0.76202077,0.860654,5.6888094,11.413219,10.731966,0.5756029,2.2501519,2.027874,-1210.5357182747284,44.80712456167021,231.94774793412626,0.39168403,1.0,0.0
0.75843614,0.039017398,1.0462025,1.0251721,5.24361,11.601465,11.410804,0.088338524,2.2780342,2.2337818,-219.61904404687243,59.87772347139253,67.02547538266299,0.44990772,1.0,1.0
0.719606,0.022497302,1.0759257,1.0682584,6.4539776,9.679003,10.754034,0.36234096,1.8659897,2.12095,161.0805698862805,13.530570906071262,-31.26257187107285,0.52579916,1.0,0.0
0.47616908,0.017281618,0.93498313,0.951241,6.7924986,7.645872,6.025288,0.29011855,1.4409723,1.0785227,706.5143239613271,-42.59553394059276,-41.37361186354565,0.5223875,0.0,0.0
0.62753725,0.018320303,0.9973135,0.98657435,6.5698185,2.3717008,1.7576344,0.29384896,0.073017575,0.12704846,492.6214176997855,-28.354595997667218,-526.0731561693932,0.47835115,0.0,1.0
0.6762888,0.020543944,1.0029179,0.937925,10.077701,5.518388,4.1845646,1.4266975,0.96042824,0.53808033,744.0576780782599,-158.8119218131569,-88.5062055856963,0.5549791,0.0,1.0
0.5574128,0.02807823,1.0139838,0.91786784,6.417129,9.908398,10.449769,0.049776655,1.9559486,2.0439909,1150.2131839076396,-70.0458356355939,-19.798169713209063,0.3248705,1.0,0.0
0.7208707,0.047283426,1.0121515,1.0470649,7.1924477,5.6322255,4.348101,0.030100716,0.9414079,0.59521544,1937.0288975050912,-84.76678030020685,-89.87589852723272,0.631326,1.0,1.0
0.6418722,0.15206923,1.0492871,1.0268116,6.1991086,2.2000194,1.730117,0.66309506,0.062166374,0.12115956,-842.9529579927143,-99.09070233775776,-511.7001973457254,0.4445723,0.0,0.0
0.8993398,0.066204704,1.0414474,1.0465024,11.72728,5.438599,4.4405417,1.623526,0.92621934,0.59301317,813.606533487859,-140.5480281532473,-45.98040538995474,0.58206904,0.0,1.0
0.6979342,0.018242443,1.0319475,1.0095024,6.3304524,2.635288,1.5413778,0.15633439,0.123398215,0.017144704,701.6227930229522,-2.410170637305214,-37.094711264558896,0.52297485,0.0,0.0
0.65683043,0.056743585,1.0017047,0.998936,8.194682,8.468793,6.7769523,0.32536018,1.660254,1.2769334,1717.2639801305356,-74.4358341421671,-91.00195911963283,0.3421358,1.0,1.0
0.5268103,0.025866196,0.99679136,1.0326841,5.412156,1.7881852,1.9391829,0.017359497,0.07292909,0.15219629,194.39659415189487,-374.38353110333543,-520.6276955816975,0.35734203,0.0,0.0
0.6561779,0.037270598,0.9870372,1.059642,6.693205,4.194963,2.064466,0.22732918,0.018673163,0.13802098,792.6339282587996,1545.762326562203,-359.7772710716399,0.8560811,0.0,1.0
0.7562537,0.08508856,1.0112122,1.0403107,6.3194685,1.794092,2.53303,0.1334163,0.1484684,0.17923722,756.7896889101467,-726.7643473231151,-152.2240377390907,0.3333976,0.0,1.0
0.955224,0.1216586,1.0055895,1.014983,7.08537,1.680492,1.802567,0.1402131,0.049138423,0.07116771,1452.6125339453984,-269.37657568554357,-202.32266656017094,0.33934304,0.0,0.0
0.7048533,0.019382974,0.99801916,0.9770392,7.2111053,11.436209,9.730154,0.6056674,2.2683294,1.9040343,232.2973858380774,36.414761780701156,-38.13455147629611,0.29957613,1.0,1.0
0.70429015,0.035214417,1.0279988,1.0618017,5.679004,2.039638,1.9962702,0.22877139,0.06312453,0.14797218,-259.0148894514573,-194.94602680941688,-456.962117542408,0.41132435,0.0,0.0
0.68178046,0.01055615,0.9986436,0.99566567,6.6016736,5.743759,6.3245015,0.17439815,0.88843465,1.0556651,900.4291237011432,43.6001250839895,68.0202483326666,0.7432436,0.0,1.0
0.44659296,0.06669145,0.99651307,1.006174,6.686805,9.320911,9.69976,0.2535943,1.8255523,1.8940517,709.8182146613481,-59.98678328706001,-37.573480299728544,0.3853218,1.0,0.0
0.55181754,0.04287625,1.0345265,1.0151559,6.5194497,2.7345552,2.2585106,0.46227646,0.058258936,0.11644857,-57.018516256083785,406.30166044321055,-69.4108440122352,0.55501276,0.0,1.0
0.7759461,0.024573172,1.004469,1.038383,7.27065,2.279942,2.6456156,0.7086707,0.21415433,0.19570412,80.29826199637091,-704.3858953777303,-127.71913891589338,0.41087222,0.0,1.0
0.48212478,0.029024638,0.9948761,0.9975764,5.7315674,2.8287754,1.8922971,0.7862882,0.0604636,0.17379038,-1583.035529778018,482.6488817112287,-629.9346844056005,0.5741143,0.0,0.0
0.55640125,0.018805569,0.9554242,0.96374935,9.615956,9.710437,7.6792064,0.39382267,1.8801825,1.4448068,2186.3853367445945,-0.5435057125473577,-44.57086814021841,0.4964635,1.0,1.0
0.69423807,0.015119216,1.032968,1.038726,6.9219246,2.6539056,4.2416883,0.7065073,0.064848356,0.64597005,-230.7285114382439,293.22758382459216,-206.35009833149093,0.53766793,0.0,1.0
0.5548848,0.026152585,0.9978105,0.9861179,7.1052594,8.591564,5.701758,0.8781131,1.6525899,1.0127376,-356.36932155240675,-20.811990515853267,-42.04572166709795,0.4803921,1.0,1.0
0.52302325,0.027341656,0.9944154,0.99232846,9.641008,8.340504,7.7235627,0.605464,1.6244762,1.3967487,1660.959590265642,-62.91152453124414,25.112345389483835,0.38680977,1.0,1.0
0.8678631,0.021163153,0.9792149,1.0584161,9.742513,8.702258,8.803937,0.8403052,1.7101104,1.645193,1249.2156902110669,-69.38144163972675,13.173743427361842,0.33023718,1.0,1.0
0.6274975,0.035120916,1.0126289,1.030973,6.7874417,2.3715055,1.9165355,0.772852,0.07930389,0.18228595,-480.5339659581414,-60.42867261628561,-659.9941226411022,0.477267,0.0,0.0
0.5770904,0.0117477225,1.0368173,1.0449165,8.03823,6.099597,4.7970934,0.70440537,1.0118221,0.47034073,664.56912398227,-5.092021880348511,304.6126708853069,0.6955359,1.0,1.0
0.66699326,0.025626795,0.9520666,0.9626731,9.449885,10.443293,9.827703,0.001680197,2.0475109,1.9072858,3430.3863350743413,-17.75418900721388,-16.96734049594079,0.42105186,1.0,0.0
0.7255283,0.05603876,0.942787,0.9181167,8.8481245,10.149586,10.634777,1.0579351,1.9784797,2.0894797,633.8725155174179,7.748140915833119,-16.164596772614004,0.46343598,1.0,0.0
0.6432652,0.05115857,1.0146086,1.0006405,9.266522,6.005932,4.823208,0.8272659,1.0623657,0.58367217,1139.7440274655582,-133.34318684187156,178.6642712767905,0.57211965,0.0,1.0
0.71158093,0.109539814,1.0875361,1.0560175,6.554883,9.526421,9.339797,0.1732943,1.8613456,1.7371249,850.7401458389645,-42.72984504494252,71.15937381908043,0.4152055,1.0,0.0
0.5058438,0.020996418,1.0143188,1.0397819,6.7986155,10.094553,9.441569,0.48769194,1.9783677,1.8057232,128.12560999454263,-22.280794189834978,12.249511073521262,0.41086915,1.0,0.0
0.5830661,0.024227744,1.0257719,0.9932088,6.592584,2.1437864,2.243656,0.75233406,0.13506858,0.06104303,-618.4237445799295,-479.76086961421913,205.4023497146202,0.41531777,0.0,0.0
0.666546,0.027398728,1.0513272,1.0823097,5.668198,2.0307174,2.3966992,0.2650697,0.16295089,0.26695082,-380.5896421373777,-664.1439814056973,-546.0790342110349,0.3796922,0.0,1.0
0.18802129,0.007051487,1.0658957,1.0818532,6.183354,3.9033577,6.0269575,0.072222404,0.42501742,1.0424273,821.0596747377526,30.8918404150661,1.727629117045126,0.6683377,1.0,0.0
0.24328242,0.024009138,1.0587476,1.0210912,6.7196555,9.995939,11.328356,0.6561899,1.9390073,2.2479985,-324.70886944142967,4.6810197150066415,2.5898124413615733,0.49686784,1.0,1.0
0.44053513,0.005614381,1.0032121,0.97984284,7.324885,5.6866508,8.485522,1.0643566,0.90556145,1.5828698,-424.41173318578876,-5.618627062970063,-0.43566225855738594,0.7022868,1.0,1.0
0.4739973,0.019400854,1.0590688,1.0679239,6.0438066,2.3180287,1.5894866,0.41211763,0.08995888,0.076959155,-413.5910174605442,-161.66363117052697,-360.6120198936611,0.46417227,0.0,0.0
0.25647467,0.04457649,0.99262345,1.0173862,7.753759,5.6896524,8.130912,0.33224025,0.92458177,1.5257347,1385.0600517311727,-36.605898364583936,-14.856955591576934,0.67702955,0.0,1.0
0.7144359,0.16798794,0.8595001,0.9898522,7.059203,9.598038,11.339557,1.025436,1.8038234,2.2421095,-602.3818321114209,99.71113695787199,18.422601461006707,0.67013246,1.0,0.0
0.6474966,0.07245966,1.0241382,0.99689275,8.681925,5.7560873,8.289852,1.261185,0.93977034,1.5279369,369.4686625167392,-38.795715405874944,10.268452643689216,0.67864245,1.0,1.0
0.32232788,0.013832691,1.0155754,1.0005804,6.403919,9.07985,10.666146,0.20600659,1.7425915,2.1038053,598.8142108633012,-0.6453352996363719,-36.22403500811561,0.52153856,1.0,0.0
0.28693706,0.049396608,1.0155501,1.0419956,7.9859953,2.2515707,4.697545,0.68770117,0.20573574,0.8440166,660.0037542156106,-690.5722347101256,-290.8706728427246,0.40882918,0.0,1.0
0.44378337,0.01832623,0.9741474,0.9586314,6.1031,9.389337,11.505224,0.34498146,1.7930607,2.2731464,-155.95646262588798,45.07456463317203,30.61397969603786,0.5694655,1.0,0.0
0.22848536,0.023403397,1.0701748,1.0252473,6.0974574,9.9768095,11.452169,0.13501178,1.8846629,2.258971,515.4920534896328,121.89052087247546,39.02874126479401,0.6688884,1.0,1.0
0.42796415,0.072294086,0.9769239,0.99688417,6.710721,10.364926,11.612092,0.49575725,2.0144582,2.3001873,24.232703733001017,33.61271637698246,27.491837342902727,0.49919364,1.0,1.0
0.8424362,0.115522794,0.9739461,1.0428377,6.92326,9.404967,10.460156,0.50255406,1.8168513,2.0497823,206.67759304389529,-2.3918747664142757,-27.484649125043234,0.49706173,1.0,0.0
0.34495798,0.011757031,1.0122465,1.0179931,7.3324122,3.0746453,2.5604124,0.9680084,0.4023398,0.21691583,-302.52595836204773,-433.4102393400017,-249.46505656322893,0.47462755,0.0,1.0
0.66201717,0.020128822,1.0814838,1.0101026,7.4288054,9.330682,11.444714,0.5911124,1.8028651,2.2689223,441.71862935411036,-7.346733253464208,16.46767008822644,0.49174672,1.0,0.0
0.11243065,0.01617824,1.1382177,1.1234245,5.0533676,6.9264126,6.182429,0.5367391,0.97755504,1.065285,-1752.733391394584,343.0561313568883,18.312867548288523,1.0017661,1.0,1.0
0.4559993,0.07781646,0.9162616,0.9895197,4.732619,1.7860341,2.356894,0.10874666,0.04043736,0.22689845,-690.4615310789384,-198.70759054627968,-448.7126071516302,0.3622291,0.0,0.0
0.39167103,0.027327396,1.0576977,1.0041158,6.944175,10.269906,11.318899,0.0999355,1.9242487,2.2373986,1463.9998725890164,211.6972261222886,15.192686363017856,0.73321927,1.0,1.0
0.5682887,0.016048873,1.0163722,0.98490447,6.4888196,10.661842,11.691522,0.34632975,2.080144,2.3166542,245.4081063811625,36.242333283890275,33.82625930361246,0.47870916,1.0,1.0
0.14248694,0.009534913,1.0428367,1.0588878,7.3841453,9.897619,11.582871,1.1486292,1.9264534,2.2947404,-456.8093309069609,-3.187033455039,22.387330480180026,0.46468183,1.0,0.0
0.15758353,0.009629103,1.1385604,1.0732398,6.0875106,2.5849178,4.473225,0.03148171,0.014192839,0.6761432,861.0556709397057,507.95214360349405,-144.40953656699253,0.52744526,0.0,1.0
0.28760093,0.022146134,1.0533282,1.0295919,6.7499766,10.023054,7.8020806,0.34416634,1.9308381,1.47498,491.03015065680484,45.24699312998382,-46.90202421879758,0.54993284,1.0,1.0
0.29448283,0.02313851,0.9748779,0.990413,7.6228113,3.294544,6.0847774,1.2404541,0.21339974,1.1082124,-350.9628400768479,227.49836419959684,-52.746570687213534,0.6362499,0.0,1.0
0.22181751,0.010780002,1.088371,1.0871701,7.217357,2.9859478,4.7822876,0.243123,0.24151348,0.7242014,1236.239458177381,-115.86854118459905,-59.84193362616202,0.55743706,0.0,1.0
0.35026714,0.007901562,1.0403728,1.073017,6.865739,2.6784003,3.5919545,0.47796425,0.15587923,0.47575715,217.62717381441962,-107.98309947007431,-256.1992167617934,0.52306664,0.0,1.0
0.32368386,0.01686552,1.0324366,1.003566,7.1502213,9.437187,11.633893,1.135193,1.7866858,2.303236,-632.5652423556758,69.8430837878268,32.533640087991444,0.6209651,1.0,0.0
0.33999822,0.01603125,0.95665556,0.9944127,7.8368464,5.3807116,9.008703,1.0667464,0.8541676,1.6506094,-40.38495975117439,-53.817695093751354,65.3200530351728,0.66808176,0.0,1.0
0.19515024,0.0114529235,1.0556221,1.0236559,8.546044,2.860679,2.4262934,0.36402115,0.18152119,0.21366423,1822.1207300382023,-24.321069748602213,-356.56956342595095,0.55376494,0.0,0.0
0.51100403,0.04911526,1.0125805,1.0388705,8.018402,3.0231037,1.77488,0.6955942,0.112490006,0.031470373,668.7864390989403,420.2009442906224,19.556497166449276,0.60631424,0.0,0.0
0.46118492,0.07471042,1.0116048,0.9872036,7.0132046,5.2389183,8.594511,0.46492493,0.8036241,1.5372779,377.7106217580167,-35.75634717351886,86.39386087895582,0.68620247,1.0,1.0
0.24948137,0.14858416,0.99413973,0.9776263,6.5892096,2.7089226,3.8124173,0.5356353,0.004644021,0.38382518,-178.42236925676298,671.5921936370898,-21.45983087872105,0.5529362,0.0,0.0
0.22039174,0.036243398,0.92706376,0.9829687,6.8022113,2.0513837,2.9967453,0.8500329,0.112378016,0.31522688,-590.6772160504747,-429.8279908150457,-233.84258734878335,0.40272278,0.0,0.0
0.24735992,0.013118696,1.0155067,0.99861884,7.206891,10.467609,11.156306,1.114675,2.0010583,2.181993,-564.6857228114418,122.57105257292824,60.70542303023285,0.62799263,1.0,0.0
0.5387783,0.018627433,1.0043766,0.99270254,6.9579177,10.519932,11.990871,0.62741065,2.0289407,2.3879008,-39.77267538821252,76.79905570937763,31.122144401366313,0.5684032,1.0,1.0
0.22946009,0.017537544,1.0166698,0.9933143,6.1522303,8.152004,6.7837954,0.5839675,1.5139898,1.2055712,-726.4152378189629,11.892885146870412,11.866100880837621,0.6174894,0.0,1.0
0.357399,0.0050070174,1.0232214,0.9864006,8.860259,4.09082,5.264177,1.136579,0.48054403,0.5404424,559.7725532167597,-1.3593245464571737,429.51469578684805,0.67582494,0.0,1.0
0.30250785,0.015588291,1.1232916,1.0623853,5.9554667,3.6817167,5.6106057,0.33989522,0.51497626,0.9654682,-282.8060810957543,-228.53641288936228,-34.96538205905199,0.53716165,1.0,0.0
0.33614257,0.04749413,1.1633772,1.0519612,6.8059626,4.1953483,3.9665725,0.26001784,0.49956438,0.48330727,799.6410596965998,8.595533940592532,-114.01110440889374,0.6880477,1.0,1.0
0.6704011,0.16270725,1.1359003,1.1138493,6.6310716,7.7639446,6.473058,0.95321363,1.3788059,1.1996822,-901.6062786658913,54.465813979639734,-65.34291284460642,0.7289032,0.0,0.0
0.86088413,0.068104275,1.0639392,1.0623555,9.960645,4.482205,5.4622955,1.3334074,0.5147529,0.48550957,770.4253747250636,67.40571689930152,570.0097969636506,0.74905205,0.0,1.0
0.42197037,0.0050043915,1.0443666,1.0192109,5.4133496,7.208522,6.2763844,0.13378417,1.317574,1.061378,-210.53471994498182,-31.067746620773505,50.20836068556628,0.59731174,0.0,0.0
0.33821937,0.048949786,1.1437908,1.0211314,5.9042463,2.8622305,3.7964778,0.61547875,0.21928167,0.19841073,-1056.9199292785925,-171.8939985813713,390.5734802997283,0.53968555,1.0,1.0
0.26292577,0.012022777,1.0762545,1.0534916,4.942754,7.278843,6.718736,0.27275905,1.3680432,1.230719,-1083.1045926745614,-56.93927749971499,-39.44415382519719,0.507978,0.0,0.0
0.21426313,0.024232531,0.93594015,0.89596635,5.460812,8.249411,6.8451924,0.06278937,1.4596454,1.2165437,75.46753153647819,97.12784370111194,18.200522841548263,0.78498006,0.0,1.0
0.62266463,0.078068614,1.0152725,1.0568318,5.3538866,8.435572,7.1477227,0.42353487,1.5894407,1.2577599,-1182.0658078458064,9.670655291015464,53.224690096224094,0.57738036,0.0,1.0
0.8857049,0.11726544,1.1069247,1.0964566,6.8139915,7.597927,5.638868,0.43033165,1.3918339,1.007355,302.0546726099592,-10.1001594353379,-61.171129902364555,0.6224435,0.0,0.0
0.39603135,0.004880322,0.5038796,0.8269778,7.1861033,4.940734,5.500309,0.895786,0.82735723,0.8255115,-321.81733850305454,-167.7725535808013,91.52318735348763,0.55143195,1.0,1.0
0.5375641,0.020687927,1.0826107,1.092756,5.5853686,7.6002855,6.8891697,0.51888996,1.3778478,1.2264949,-1193.7034903202161,8.436878873971636,20.451339312081018,0.65519494,0.0,0.0
0.13753398,0.013951407,0.3880697,0.5957666,5.974227,5.213486,3.4965844,0.4645167,0.5525376,0.022857564,-631.3027649592905,234.93927749971476,1179.5950340294066,0.9024964,0.0,1.0
0.37392095,0.04993636,1.1241586,1.0742742,4.8591595,3.2756987,4.9161553,0.03652426,0.38458005,0.8155289,-350.47266631478567,-223.45190314405613,-134.74853048958994,0.54131997,1.0,0.0
0.4026235,0.027854718,1.0991876,1.0786546,5.173966,8.153025,6.8982515,0.17215791,1.4992312,1.1949713,-571.3134010302647,31.343118139175203,68.51077754758262,0.65445435,0.0,1.0
0.5797486,0.015815813,1.0499984,1.0309075,6.5978684,8.806765,7.345431,0.41855216,1.6551266,1.2742268,144.16489398817112,42.33268501248722,75.91443539018928,0.6148508,0.0,1.0
0.10756374,0.012289515,0.836447,0.97794884,7.266828,8.317719,6.85886,1.0764067,1.5014359,1.2523131,-480.62904830245907,75.57459898452043,-21.879816766498152,0.73105854,0.0,0.0
0.08002734,0.0099440245,0.7275968,0.8985634,7.598166,3.6901736,3.8587875,0.10370412,0.43921027,0.3662841,1998.729010603117,-97.29797662622491,22.038536180213214,0.6053491,1.0,1.0
0.3237677,0.011551923,0.9698294,0.9961746,5.6543207,8.121224,3.9245563,0.41638875,1.5058206,0.43255267,-850.2130617361863,12.690339407193278,-63.495101859546594,0.62138605,0.0,1.0
0.25549102,0.013694226,0.9716885,0.9608078,7.3009276,3.5025826,3.7065196,1.1682316,0.21161768,0.06578506,-540.7156238858097,357.15114293157876,983.0920950085856,0.68155867,1.0,1.0
0.1211102,0.011882104,1.0013436,0.9304171,8.008443,2.6952026,4.5986667,0.3153454,0.18350394,0.31822598,1608.7253837984906,-193.03171869192045,451.26191951393866,0.51729566,1.0,1.0
0.35741967,0.012020658,1.018007,0.9606679,7.6365676,3.629453,4.9925485,0.55018663,0.2691382,0.5666702,683.1296137925892,244.5909427971958,287.03723010045815,0.68805414,1.0,1.0
0.24963501,0.023298722,0.9391748,1.0098083,7.4015293,7.520755,6.9729986,1.0629706,1.3616683,1.2608087,-347.7629154755318,4.916046971944525,1.3709997040350572,0.65218323,0.0,0.0
0.26445952,0.01504497,1.0923189,1.1049932,7.665553,4.601151,5.1171737,0.99452394,0.42915016,0.60818195,-61.66295317487402,231.12332126041156,268.56303029619994,0.83082145,1.0,1.0
0.26266596,0.007868688,0.9509483,0.90108883,8.783066,4.1323295,5.490024,0.29179874,0.6065386,0.8287631,2177.554484113249,-162.86165446950395,82.60679284366506,0.5729645,1.0,0.0
0.56826484,0.04291303,0.8426881,0.9034269,8.01472,3.5755649,5.9225106,0.7678166,0.5375074,1.010957,523.4124871726294,-313.6104895079807,8.933376960357236,0.48139593,1.0,0.0
0.43923756,0.0712857,1.0535524,1.0658311,7.297435,4.04461,5.2676783,0.53714734,0.37860665,0.49485052,447.9421997502877,159.2876809049303,493.21881068909465,0.72959167,0.0,1.0
0.40028605,0.1457239,1.1683394,1.0653901,5.6231613,3.8228326,5.310367,0.46341288,0.42037338,0.6586022,-1012.3295383939053,-0.3107053246110354,285.1097318644861,0.6517989,1.0,0.0
0.24921496,0.023756858,1.0522372,1.0390141,6.671144,3.8811903,5.022242,0.7778105,0.5373954,0.7272005,-591.4804190889122,-164.63942461364877,52.30437598164872,0.5716858,1.0,0.0
0.2330914,0.014145668,1.0762501,1.0732669,7.424504,8.343633,6.8123026,1.0424526,1.5760409,1.1395657,-306.9235560832194,2.2076936003245464,111.94317460675211,0.5597094,0.0,0.0
0.4796765,0.019157447,0.9327909,0.987259,5.5159273,8.478897,7.380567,0.55518824,1.6039232,1.3454735,-1358.4388836138237,5.3072276157149645,-5.099934218091676,0.561896,0.0,1.0
0.41966325,0.01812454,0.95926136,1.0151033,10.589202,6.120403,4.261902,1.7205465,1.0334458,0.66512877,695.7805608128538,-41.789942125280504,-227.68125441006987,0.6695481,0.0,0.0
0.20831658,0.024777403,1.0126767,1.0760872,5.897654,10.370211,10.970719,0.24407232,2.0289662,2.1710393,-51.05817724313283,-4.172009184954277,-19.90071677355445,0.43892303,1.0,1.0
0.15145457,0.046910964,0.89924115,0.9162928,6.678744,6.0496445,4.630755,0.3239497,1.0144255,0.72226393,492.23720669592103,-32.83160592933473,-133.90463774379532,0.67304415,1.0,0.0
0.5062811,0.18746342,1.0262396,1.0561818,4.604079,2.9123652,1.7092035,0.3692461,0.13518395,0.0058888993,-1610.4477673682109,216.26806549144897,141.08686932407767,0.5782518,0.0,1.0
0.6574915,0.043828093,1.0176294,1.0230165,11.8348255,5.897155,4.5310135,1.917375,0.99923694,0.7200616,756.3593172968208,-76.78646441638466,-177.05094735160606,0.6394845,0.0,0.0
0.33861187,0.025124952,1.0109646,1.0216411,6.358252,3.0818617,1.6320367,0.45018336,0.1964158,0.14419316,-184.55711258812926,118.44397169715648,-675.2965395031185,0.59628683,0.0,1.0
0.30590668,0.06563592,1.0459427,1.0416329,7.106534,8.957894,7.278965,0.03151121,1.7332716,1.4039819,1856.7312620845773,-28.079361884658738,-101.72044363016084,0.46269625,1.0,0.0
0.4064848,0.0332285,1.0085772,1.0190625,5.5023723,2.885889,1.3021319,0.31120846,0.14594667,0.025147833,-691.0439143675321,127.85949630319863,-163.2168536176938,0.56993586,0.0,1.0
0.23103927,0.043052703,1.0022874,0.9926452,6.5992336,3.6978915,2.0357478,0.5211781,0.054344416,0.01097252,-127.00112574073,1147.6650881185108,329.922924225854,0.75278836,0.0,0.0
0.44235176,0.09428299,0.9757433,1.0476639,5.882043,2.1231713,1.7883718,0.16043267,0.07545082,0.05218876,206.72988676141063,-214.94950451831278,-80.08164773603272,0.42649424,0.0,0.0
0.66652864,0.13417955,1.0341916,1.0588725,6.5774293,2.5098286,2.2675858,0.15363587,0.122156,0.19821617,950.5826328710305,-120.64165148265056,-434.489223817905,0.49691495,0.0,1.0
0.545067,0.023987748,1.0679321,1.0596485,5.547891,11.900567,10.3470335,0.31181845,2.341347,2.0310826,-648.0305276502247,55.469154283142416,-30.73873147770746,0.43664682,1.0,0.0
0.5965295,0.036885027,1.0232964,0.99800867,6.0877924,2.762687,1.4171784,0.06507758,0.1361421,0.020923724,742.8588739781432,53.354870808453484,-108.71848655875957,0.5465449,0.0,1.0
0.2655981,0.028177967,1.0332543,0.87088436,5.5248914,6.1683693,6.701979,0.11945082,0.96145225,1.1827136,-42.58513917445748,118.24594839817928,19.197256959416336,0.7889609,0.0,0.0
0.36887378,0.057241343,1.0302914,0.9936846,6.321907,9.75013,10.243337,0.5474433,1.89857,2.0211,-467.5995242215113,-22.1835557461427,-55.49118088930618,0.4541855,1.0,1.0
0.2857774,0.044129387,0.9887334,1.0700811,7.034182,2.8464565,1.9374787,0.75612545,0.014758642,0.010599891,-229.38358442800745,750.096819131835,250.88112148076516,0.5808352,0.0,0.0
0.47600386,0.031925816,0.9873739,1.0247478,8.998113,2.7338505,1.5133259,1.0025197,0.14113675,0.068655655,776.0929582738413,11.049313344489747,-357.5525816581594,0.53913313,0.0,0.0
0.17146897,0.030785039,1.0083996,1.036783,5.6675587,3.3388631,1.733561,0.49243924,0.01255398,0.04674192,-1043.469660846485,1195.6917276524805,-90.62508342218729,0.6814222,0.0,1.0
0.22265196,0.01025924,1.016244,1.0153816,8.407828,10.100492,8.23213,0.68767166,1.9532001,1.5718553,950.6659586431747,45.75161862472896,-51.72828147417931,0.5261958,1.0,0.0
0.4422756,0.013704646,1.0436954,0.95512986,7.6547728,2.4918857,4.685642,1.0003563,0.008169222,0.77301854,-81.93381516077307,444.02622022211244,-195.02351421479852,0.5085857,0.0,0.0
0.24452555,0.025286525,0.96482193,1.0012792,5.5135407,8.885315,6.2646327,0.5842641,1.7256075,1.1397861,-1414.0774422465265,-42.45551825834491,-37.03592402070353,0.43329114,1.0,0.0
0.20899886,0.028948301,1.0144433,1.0432565,8.356176,8.775783,8.013536,0.8993129,1.6974938,1.5237972,528.2495950834818,-28.96014375309005,-42.898758336666106,0.455395,1.0,0.0
0.41540647,0.022285072,1.0188782,0.9972398,8.844316,9.186145,9.245743,1.1341542,1.783128,1.7722414,549.7591664994525,-32.38839705751843,7.0372314659457516,0.45169234,1.0,0.0
0.43223232,0.040001843,1.0424902,1.028116,6.0307293,3.1921704,1.5715744,0.47900307,0.15232147,0.05523749,-617.3594394682732,385.40926331089395,-236.49640930478932,0.63278174,0.0,1.0
0.24711673,0.032723054,0.9609911,0.93361366,5.323931,6.4840307,4.615922,0.41055638,1.0848397,0.5973892,-1176.3067687573375,9.785282279186958,42.16590421785622,0.7251646,1.0,0.0
0.3636953,0.0281678,0.9884118,0.97490025,8.517511,10.787607,10.332311,0.29216877,2.1205285,2.0343344,2020.243461975428,22.78862258268964,-46.57152049735214,0.4060199,1.0,1.0
0.62906194,0.055226695,1.0278906,1.025632,10.125218,10.641327,11.186544,1.3517841,2.0514972,2.2165282,784.1545127391641,79.535162049468,2.314828716152988,0.57813686,1.0,1.0
0.281263,0.033583477,0.99966186,1.0448709,9.248388,6.5622935,5.1411357,1.1211149,1.1353832,0.71072066,738.6922329129161,-33.13139011270414,138.59372931513894,0.67194736,0.0,0.0
0.37181017,0.15951379,0.98737544,1.0211759,5.314376,10.046604,9.831484,0.120554656,1.9343632,1.8641733,-263.5583657398429,58.42060376399286,64.3396483279621,0.55491084,1.0,1.0
0.2470281,0.009699648,1.0420909,1.0540888,5.0589304,10.461287,10.000439,0.19384296,2.0513854,1.9327717,-750.4535234828445,-13.493773056200098,23.0777281312794,0.42001894,1.0,1.0
0.23645903,0.033169713,1.0154512,1.071441,6.147012,2.490501,2.212192,0.4584851,0.062051002,0.06600542,-437.74765427018474,141.88036255657408,128.1338977536745,0.5044112,0.0,1.0
0.6325541,0.038055554,1.0912043,1.0427978,5.3513765,2.2403862,1.3311692,0.028779287,0.08993331,0.13990235,92.66432849804073,-222.72150138186328,-790.6518628363734,0.44801092,0.0,0.0
0.51616985,0.01706058,0.9786048,0.956531,9.858117,5.75049,8.089781,1.4764742,0.9955203,1.5059106,679.8805231135116,-136.9600750503937,-5.316785787554181,0.58777905,1.0,1.0
0.45527533,0.037260033,1.0242448,1.0078386,10.352226,4.1840386,3.9285955,1.3965968,0.019020354,0.05713512,793.3017666295445,1539.8491318792076,1140.8380126559211,0.8538427,1.0,0.0
0.6025567,0.16436918,1.0664302,1.0123549,11.554763,5.4525127,4.5685835,2.0897925,0.8982619,0.6592399,720.1821623320725,-88.96584833098814,-72.84846539042519,0.63107175,0.0,1.0
0.7801862,0.06387043,1.0287852,1.0154574,4.1859784,2.0639842,2.0272312,0.19682841,0.034208898,0.054932825,-1270.035407606565,-24.836059667338475,67.41998520503307,0.41985983,0.0,0.0
0.60845566,0.009675663,0.9785451,0.9778737,8.939865,5.1272902,3.5316238,1.2703632,0.83703005,0.5209356,489.1978005308397,-116.4832025241194,-323.13324676202865,0.6046218,0.0,1.0
0.3050881,0.050700966,1.0605932,1.0556034,11.716235,4.7000556,4.963868,1.7520577,0.6998257,0.73885316,782.8073342474681,-98.0260141140227,15.596995197270417,0.6405278,1.0,0.0
0.36639985,0.017246189,0.95585126,0.99118805,9.751638,5.2135177,4.65656,1.409338,0.88749915,0.6902766,689.6663356365948,-152.48668023301525,-73.03331186119317,0.5586217,0.0,1.0
0.30803826,0.024215357,1.0140219,1.0698212,9.560852,6.8876743,4.9490137,1.1993684,0.9791014,0.6761013,779.4584034391851,326.142936673893,99.56956206046311,0.9889824,0.0,0.0
0.7789417,0.079380706,1.0126426,1.0438693,10.597377,6.153647,5.0264597,1.5601139,1.1088966,0.7173175,752.0813238731207,-147.08624859975407,75.88634853076064,0.5449035,0.0,0.0
0.85997325,0.10824682,0.9896673,0.9970663,9.522001,5.6674447,4.004883,1.5669106,0.9112898,0.46691263,575.7569150179925,-22.35821111195628,-68.53363872250384,0.6879529,0.0,1.0
0.5226719,0.012514904,1.0062149,0.97196335,12.039709,7.181317,7.4179916,2.032365,1.3079013,1.3659539,750.1420021801505,-26.386032783123483,-11.744610884836675,0.6057424,1.0,0.0
0.6458944,0.02137207,1.0257832,1.0324545,10.697419,5.317594,4.45956,1.655469,0.89730376,0.6860525,726.9844892122164,-134.02371854232433,-166.1378187239152,0.58266467,0.0,1.0
0.33921185,0.015979951,0.98962384,1.0107468,9.405423,4.915695,4.797373,1.6010957,0.07199361,0.51758486,521.5395999013222,1458.5007284739918,251.76224637524933,1.0007181,0.0,0.0
0.5639321,0.071289346,1.0241593,1.0611849,8.590961,5.333706,7.493259,1.1731032,0.8651241,1.3559713,386.31114954880513,-81.38366850872853,22.109079507352362,0.6369664,1.0,1.0
0.6944575,0.027777141,1.003284,0.9322018,9.361416,5.931114,4.5593677,0.9644211,1.0186872,0.6545289,970.1228593482092,-101.5711899783214,-68.03657774332487,0.62031657,0.0,0.0
0.68229896,0.017468823,0.9922949,1.0594454,8.628975,6.6428957,4.598556,0.7180268,1.1745826,0.73378444,1030.1344937489298,-47.97398588597707,-169.5075116654516,0.6336718,0.0,0.0
0.39072186,0.012687154,1.0773664,1.0612167,12.55345,6.083392,4.708092,2.2129858,1.0208919,0.71187073,754.5868914910448,-31.455449555648556,-79.30176382213904,0.67552936,0.0,1.0
0.37745962,0.0065592374,1.0461005,1.0506799,8.300173,5.710363,5.5624113,1.0328748,0.91975427,0.9067265,336.67171475780833,-14.982054738270108,14.63422598047282,0.6910001,1.0,0.0
0.5802714,0.01907648,1.0925843,1.0642976,8.799204,6.369595,3.9711428,0.7201902,1.0252767,0.10788974,1103.49906275598,78.86283660670142,886.6694955958109,0.7716847,0.0,0.0
0.39889827,0.017753797,0.96735364,1.0272825,12.505412,5.202368,4.3936586,2.3048108,0.6921617,0.47465736,746.9648472154022,67.77144014629994,89.73807912057327,0.7928701,1.0,0.0
0.4529452,0.012337978,0.983218,0.9356403,8.021143,4.3348503,5.5552707,0.8212336,0.66404796,0.8586684,441.339298306586,-166.00980770674073,58.610058725796534,0.56887805,1.0,0.0
0.6168336,0.012549732,1.0265456,1.0067705,7.0899553,4.7040153,6.676523,0.58639234,0.7496822,1.1071126,168.30051347783092,-146.49245351360946,101.21162656769775,0.5801284,1.0,0.0
0.6345756,0.023790332,1.0473146,1.0581994,12.023525,5.4853516,4.713358,2.1995497,0.8811244,0.7203663,733.911300346173,-48.74709618402858,-89.0300459790617,0.6670701,0.0,1.0
0.3037376,0.015893798,0.9580007,0.9913264,12.139739,3.3269117,4.1537614,2.1311028,0.051393844,0.06773958,748.871140194251,973.057450899479,1169.322010106574,0.67707425,1.0,0.0
0.4400798,0.013749534,0.99052334,0.98137397,12.2915325,6.1506834,7.660013,1.4283777,1.0870826,1.3692055,924.071064795567,-115.15684750947639,50.27629048770768,0.5876219,1.0,1.0
0.4563601,0.048913643,0.9182879,0.9584133,8.255658,5.67437,8.309014,0.3687624,1.0180514,1.5513994,1616.201050342046,-209.6869304009938,-2.334421277967067,0.51184946,1.0,1.0
0.47814658,0.07138015,1.0088619,1.0382942,7.0876985,3.6019852,4.127821,0.59943163,0.10193736,0.04559187,132.86588324449076,861.8699294298864,1303.228606970002,0.7278541,0.0,0.0
0.30656496,0.14888524,1.0025184,1.008093,9.999178,5.574942,7.6799912,1.5999919,0.9009174,1.1990446,665.1884176115791,-33.850107908315294,276.61528441030487,0.67046857,1.0,1.0
0.40294668,0.03301769,1.0386268,1.0201699,11.37499,6.0008903,7.149952,1.9143895,1.0179394,1.2676429,729.0215217243849,-56.71586550666234,36.62181617456781,0.6488986,1.0,1.0
0.38689324,0.013710817,1.0021074,0.9219536,12.25028,6.4709134,4.7108536,2.1790316,1.0954969,0.59912336,748.2357092013017,-8.722820924454027,84.24950970803388,0.7032628,0.0,1.0
0.4466079,0.018116843,1.0168952,1.0239594,11.073361,6.2446594,4.9240155,1.6917672,1.1233791,0.8050311,748.3758316538815,-132.4786113807222,-112.10385382284448,0.5570103,0.0,0.0
0.39023194,0.054053508,1.0082334,1.0394801,7.306695,5.872809,7.839733,0.07987737,1.0145407,1.4487755,1849.8691330556971,-117.80267082366663,-17.44545990495226,0.60406846,0.0,1.0
0.5716266,0.18425368,1.0103246,0.9521057,5.8166537,9.806981,11.009731,0.6133184,1.8937823,2.1651504,-1149.6089071407714,22.584963408511612,23.764861265733998,0.5210809,1.0,0.0
0.744913,0.07425125,0.9835891,0.9670585,11.333465,5.850119,7.9729557,1.6733027,1.0297292,1.4509778,775.3624449365739,-166.96355275928954,12.659046957769988,0.56698537,1.0,1.0
0.35880756,0.02204419,0.9990233,1.0007021,7.033036,9.38817,10.3058605,0.20611103,1.8325504,2.0268462,1171.8275975806087,-38.465951385032895,-33.13585755605118,0.4174191,1.0,0.0
0.46562132,0.06538714,0.941749,0.9720811,6.8517556,2.3849633,4.3780875,0.27558354,0.29569462,0.7670575,797.624545339539,-864.1521189606865,-336.2952320578761,0.38199955,0.0,1.0
0.43122792,0.027166957,1.0367364,1.0515959,6.1768913,9.6211605,11.104624,0.06713615,1.8830194,2.1961873,837.2368297025008,-57.34095997286977,-3.583930303257148,0.40428293,1.0,0.0
0.42206043,0.036855016,1.0788897,1.0762073,5.3169165,10.567062,11.128228,0.27710584,1.9746218,2.1820118,-785.3486812258463,250.45878985915124,44.72632440277812,0.76877975,1.0,1.0
0.67351234,0.0909277,1.0402462,1.0456182,5.083869,10.736153,11.264284,0.083639644,2.104417,2.2232282,-347.37495549558776,21.94950451831255,17.607447931774004,0.4354455,1.0,1.0
0.7396165,0.1298326,0.93884945,0.91161394,6.8031063,9.738469,10.121621,0.09043644,1.9068102,1.9728233,1373.7589116774852,-53.518048315775104,-8.957542849546371,0.4051575,1.0,0.0
0.8043634,0.021868909,1.0639079,1.0653212,6.0343256,2.30045,2.5532203,0.55589074,0.31238094,0.13995667,-797.7632924689524,-973.9079094169551,25.369038536170933,0.34475383,0.0,1.0
0.68287325,0.03349273,1.0275011,1.0273064,6.2724895,9.719208,11.095938,0.17899473,1.892824,2.1919632,561.5228307222942,-30.472906802824582,-3.7302399110685656,0.45154512,1.0,0.0
0.5088089,0.02707481,1.10259,1.1677153,4.4727397,6.4997163,5.898236,0.124621496,1.067514,0.9883258,-885.4512720013845,45.91722910914177,18.473546764380444,0.757096,1.0,1.0
0.3953178,0.07469876,0.93943155,0.96937424,4.3308816,2.0234406,2.0381432,0.30337095,0.13039623,0.1499393,-1542.880146120091,-529.3685068332509,-428.83670930714163,0.39100474,0.0,0.0
0.391784,0.040518172,0.90076,0.9405491,5.5044026,10.427232,11.030611,0.51205313,2.0142076,2.1604395,-1260.837357493289,64.55484616564581,43.5140447952017,0.5515643,1.0,1.0
0.5772055,0.029454462,1.0274104,1.0658599,7.3424616,11.004556,11.349905,0.75844735,2.1701028,2.239695,24.643189006606917,28.45065230416185,28.359897343372722,0.37453207,1.0,1.0
0.32469916,0.025232032,1.0745646,1.0550023,5.8815165,10.282945,11.231259,0.7365115,2.0164123,2.2177813,-1324.9623409119745,-15.184737883340404,20.377532833785153,0.4128659,1.0,0.0
0.31970626,0.017362561,0.995037,0.94929403,7.0106974,2.2809107,4.1978717,0.4435993,0.075766034,0.5991841,437.94445123174773,-117.83376409564005,-166.72958891942176,0.4591224,0.0,1.0
0.6129413,0.026774585,0.9836555,1.1041796,6.5106535,10.335172,7.413033,0.75628394,2.020797,1.3980209,-707.7079932831361,3.104613173341477,-53.86675323797181,0.44371867,1.0,1.0
0.4937747,0.029109238,1.0447778,1.0692618,5.516545,2.6726613,5.672944,0.8283364,0.3033586,1.0312532,-1880.2425858171346,-602.4866115303184,-72.58589147112116,0.44918713,0.0,1.0
0.20942631,0.024688972,0.93746734,1.0012784,6.5278544,2.6292417,4.581097,0.6552406,0.33147234,0.64724225,-490.3978473036086,-710.4611541335462,-48.287394213857624,0.4166365,0.0,1.0
0.63645667,0.024109589,1.0388085,1.0572399,7.377969,2.5988798,3.824388,0.8900819,0.2458381,0.398798,-155.87088537228374,-508.4634497052448,-44.89549382002201,0.46740717,0.0,1.0
0.5842174,0.03603294,1.0005889,1.0669243,6.295121,9.641883,11.271649,0.7230754,1.8766447,2.2262769,-856.4607770920979,-25.803921663560686,17.691053421951437,0.45281607,1.0,0.0
0.30255732,0.02844745,0.9208495,0.98744947,6.278607,5.769168,8.602473,0.6546287,0.9441265,1.5736501,-726.7490295933512,-41.59316966619781,46.355324015998576,0.67697024,0.0,1.0
0.4715169,0.025049964,1.0205885,0.9605439,8.520806,2.0328321,2.3644495,0.048096456,0.091562316,0.13670507,2830.484045893539,-347.54789074785424,-105.9026793069064,0.40429026,0.0,0.0
0.93211967,0.05954723,1.0100557,0.9829254,8.013977,2.04554,1.8546373,1.1077118,0.022531133,0.045488782,48.59852589176489,33.31209356989831,-1.875899892720156,0.4169104,0.0,0.0
0.39519385,0.07541387,0.9443584,0.9722074,7.918967,5.3510704,8.3295,0.87704253,0.89358294,1.4603187,275.6172917302856,-120.13945896499717,85.86806068321403,0.60109943,1.0,1.0
0.5025181,0.15812933,0.9140407,0.97158754,5.2453756,2.520852,3.722,0.123517655,0.09460289,0.30686605,-335.4914321533065,9.799330520163949,60.92749755322825,0.5054269,0.0,0.0
0.4886936,0.036179762,1.0135814,0.9544004,4.881213,1.8265775,2.8242252,0.4379153,0.022419143,0.23826772,-1616.1358690720963,-79.74577664143806,-148.89745362239842,0.37214583,0.0,0.0
0.269863,0.02702686,0.96455806,1.0459368,6.488199,10.632551,10.8286495,0.7025574,2.0910172,2.1050339,-612.8222184593951,-9.947483757400732,55.85957048206183,0.3948796,1.0,0.0
0.7960768,0.032064,1.0715618,1.0668381,5.5547447,10.80447,11.641759,0.21529303,2.1188996,2.3109417,-352.30939723221786,28.759687477021544,26.70085106834631,0.43268517,1.0,1.0
0.5167752,0.21042576,0.99769497,0.99804026,6.2523,5.482518,4.434683,0.69319576,0.8792415,0.716375,-834.2403343356746,-47.86283660670142,-225.69725695941702,0.6686853,1.0,1.0
0.58883137,0.084487475,0.9800933,0.9526936,11.416502,3.5374522,4.0036983,1.5934253,0.015188546,0.0022022952,810.837235321836,1281.2125595545076,1517.585236383012,0.721913,1.0,0.0
0.472949,0.048673138,1.0517678,1.0176526,6.272186,5.567962,4.277149,0.12623367,0.8180097,0.57807076,743.9400704402804,73.88022515118064,-89.48203833102048,0.77119243,1.0,1.0
0.2979751,0.09099348,0.93794364,0.9829545,7.290894,4.706075,4.6104884,0.35546088,0.718846,0.681718,941.5821337061573,-114.41837689499107,-78.28412833172615,0.6201026,0.0,0.0
0.43944773,0.032501195,1.0011005,0.98298,6.0063076,5.39726,4.689048,0.012741219,0.86847883,0.7474117,849.6005225512578,-66.2389929803876,-144.0894842145633,0.6542817,1.0,1.0
0.30428305,0.06300542,1.0583174,1.0569139,5.2103524,6.6430717,4.7003083,0.19722848,0.9600811,0.73323643,-639.684225316822,285.1302079755069,-116.54931441054032,0.9373391,1.0,0.0
0.35309318,0.114958204,0.97639227,0.9974607,6.8142223,6.339561,4.87424,0.16351701,1.0898763,0.7744527,1134.1212292030755,-45.01217198113591,-98.96081009716545,0.6612574,1.0,0.0
0.71138173,0.14941643,1.0108086,1.0390915,7.905382,5.5429544,3.9622223,0.17031382,0.8922695,0.52404773,1996.3086432453777,-37.19732917633337,-166.90333166404025,0.67146367,1.0,1.0
0.46628517,0.05481855,1.0677903,1.0966283,9.068961,7.448369,7.333873,0.6357681,1.3269216,1.3088188,1418.99662277781,21.13479911890363,36.64598342924364,0.69101906,0.0,0.0
0.587774,0.061891943,0.96925366,0.97386324,6.778502,5.554546,4.4419866,0.2588721,0.8782834,0.7431876,778.6142862619854,-8.891771712369518,-267.23579382237426,0.6942754,1.0,1.0
0.27250656,0.04569947,1.1556149,1.0756339,6.918877,4.9593697,4.2167125,0.20449886,0.05297326,0.46044973,1072.7740507113795,1575.4046721674972,39.15284068932988,1.0108823,1.0,0.0
0.48657328,0.1129651,0.9981196,1.0346953,6.593781,5.4439726,6.959794,0.22349358,0.8841444,1.2988362,723.21581238252,-68.63135576135619,-53.50032617856732,0.64852566,0.0,1.0
0.32649678,0.062160946,1.0136425,1.015094,6.53651,6.30684,4.67761,0.43217576,0.99966687,0.711664,41.43262833431709,97.27140579495153,-91.3226651946834,0.7850924,1.0,0.0
0.5438824,0.03827723,0.98244506,0.98000896,8.364969,6.896643,4.7464857,0.67857,1.1555623,0.79091954,932.5588649047163,53.360506683654876,-183.48007852864384,0.76867265,1.0,0.0
0.22565864,0.054530088,1.0323976,1.0669805,6.769055,6.312877,4.5818777,0.8163889,1.0018715,0.76900584,-567.7008618453356,99.35821111195628,-240.1698238226095,0.7841863,1.0,1.0
0.31604338,0.04093431,1.0505579,1.0694098,9.295061,5.7865343,5.5262365,0.36372197,0.93877465,0.8495914,2184.7829344657666,-26.911455828547332,61.31743951017506,0.69075847,0.0,0.0
0.42344502,0.058190566,1.0335603,1.0385098,6.6017094,6.100333,4.027729,0.6764066,1.0062562,0.05075462,-450.1301129574622,8.560756851633414,1242.8138454012453,0.7041624,1.0,0.0
0.2815892,0.06097098,0.9902382,0.94168156,8.082241,4.678085,4.036174,0.9082138,0.71118206,0.41752222,337.6677109597613,-119.6209226346682,17.024166571932028,0.62048304,0.0,0.0
0.39381933,0.05386921,1.0622778,1.0165061,8.601083,4.5495825,5.4325128,0.5753632,0.68306834,0.8015333,1312.1264861528362,-125.51791091038172,101.83344205952199,0.61353284,0.0,0.0
0.3781159,0.051664777,1.0522162,1.0191152,9.151632,5.0371776,6.491624,0.8102045,0.76870257,1.0499775,1111.9211824303065,-71.88481629457783,112.95754421503352,0.6645978,0.0,0.0
0.47043157,0.060970716,1.0936681,0.99787366,6.7870636,5.3312545,4.546549,0.80295277,0.862104,0.7775014,-533.1859113081518,-79.52834403706947,-270.8563032344432,0.6403674,1.0,1.0
0.3120247,0.04694991,1.0209458,0.97593355,7.88777,3.4212348,3.408386,0.7345061,0.0704142,0.1248747,492.6730900809748,917.1535072059737,571.780534222796,0.694649,0.0,0.0
0.40263236,0.056869194,1.0516034,1.0771863,9.976451,6.546024,7.0564923,0.031780913,1.106103,1.3120704,3446.7446488018845,-4.230924128095012,-43.24950970803411,0.71483785,0.0,1.0
0.53439486,0.08773562,1.0742841,1.08264,9.864527,6.3887186,7.864075,1.0278344,1.0370718,1.4942642,1011.9827368956294,64.55727914273757,-46.67210912080918,0.7617901,0.0,1.0
0.34197822,0.09633949,0.9993542,1.0005774,8.159038,3.2653878,4.6429853,0.79716516,0.12095771,0.0115432525,569.760541822619,580.2426080946767,1746.9856283434872,0.65501237,1.0,0.0
0.3687026,0.15677418,0.9752559,0.9812854,6.9605637,5.854689,6.7545037,0.20339502,0.9199378,1.1419095,1121.4228684216364,37.133685684402735,89.98497735184083,0.73937607,0.0,1.0
0.26077613,0.066728696,1.0045209,1.0153865,7.971852,5.97553,6.6857357,0.51779264,1.0369598,1.2105078,1005.6075318176054,-112.47165596293053,-26.008490883895774,0.60638344,0.0,1.0
0.2846867,0.0365135,1.0067675,1.0295987,6.793821,6.5317063,4.6629333,0.78243476,1.0764765,0.65625846,-488.4134855023758,36.438061011168884,-25.911169508058265,0.7553461,1.0,1.0
0.56158084,0.044149633,0.9784227,1.0019029,6.4557743,6.308533,5.06628,0.2951704,1.1043588,0.8621663,377.31039556196447,-81.3177294450993,-137.28543441148122,0.622742,1.0,0.0
0.69071317,0.23333387,0.989916,1.0132036,12.870468,5.1681747,4.844218,2.286621,0.864053,0.7141727,766.951460498095,-142.41260361439663,-4.259961077050093,0.578984,0.0,1.0
0.7664401,0.1407994,0.9698338,0.98513013,5.6395864,3.2753193,1.8797723,0.81942946,0.061231844,0.13830426,-1735.3496795555925,874.7935572395695,-506.75636969909556,0.6656445,0.0,0.0
0.5065224,0.12409028,0.92010236,0.949109,5.7135406,8.396573,7.4534154,0.33773488,1.5980875,1.398093,-543.8462412476761,-13.953188335298364,-40.84585186542745,0.5265983,1.0,1.0
0.5416462,0.17429818,1.0296302,1.0080107,4.7833343,2.6775393,1.2099074,0.68045455,0.010762719,0.03103673,-2250.414361660669,615.4313117014669,-213.54800969627277,0.54644006,0.0,0.0
0.51522547,0.19287655,1.0833199,1.058251,6.509696,4.8161144,2.1660275,0.89042425,0.08083954,0.01686142,-933.5330897998479,1391.687067806387,384.84258461780786,0.9796169,0.0,1.0
0.47695714,0.18128546,1.0149901,1.0000174,5.133949,2.9647565,2.2463908,0.52967876,0.21063478,0.058077663,-1662.8672585676568,-28.08033791376647,223.0470263813653,0.5657077,0.0,1.0
0.63101786,0.11716568,0.9731138,0.93776923,5.103519,2.8238592,1.7545776,0.5228819,0.013027949,0.19232726,-1675.649943450987,741.778532969485,-816.9699553864261,0.57626444,0.0,0.0
0.8103548,0.15497892,1.0891452,1.0898523,4.4844713,11.297598,10.38119,0.057427634,2.2061632,2.0251937,-654.9639710571086,73.12888843291694,14.6969314635935,0.4981982,1.0,1.0
0.7013571,0.18831891,0.9913985,1.0043353,4.3327312,2.4478796,1.3338959,0.43432367,0.0009581597,0.026812624,-1938.8650070861968,428.2449723690717,-163.9660371471609,0.49967033,0.0,0.0
0.6748056,0.1746702,1.1613457,1.1376503,4.85119,5.956914,6.7069187,0.4886969,0.82626826,1.1768247,-1784.8610032881497,224.16957620786252,29.009144606516656,0.87599564,0.0,1.0
0.5134856,0.20148493,0.9067464,0.9534616,6.6700263,9.318633,10.254604,0.91668934,1.763386,2.015211,-824.9141731639588,56.512068927090695,-31.82560285001682,0.61572015,1.0,0.0
0.63678026,0.19160959,1.0318063,1.0312365,6.9170213,3.682773,2.3210273,1.1253716,0.12042531,0.004710991,-849.9565847973408,822.1847378833404,621.9196583437224,0.7416272,0.0,1.0
0.53187734,0.18563479,1.0186987,0.9960353,8.854969,3.3445513,2.2016115,1.3717657,0.2763207,0.07454456,385.8970374705723,71.28538533323194,70.09536089071719,0.6217313,0.0,1.0
0.62105453,0.18219437,1.0465244,1.0009782,2.8930902,3.217714,1.5759661,0.12319315,0.12262997,0.05263082,-1184.8292277257422,542.4162187286857,-208.01894361839948,0.6447781,0.0,0.0
0.6205945,0.18167326,1.0944121,1.0740407,8.392546,9.539698,8.178244,1.0569177,1.8180162,1.5659664,364.8591288001103,45.75280076192621,-45.999999317256425,0.5907713,1.0,1.0
0.7570114,0.16843839,0.9648621,1.0732218,7.8831415,3.3735301,4.815715,1.3696023,0.12701473,0.7671296,-234.1163492467349,622.1685314760583,-112.27433068533173,0.676307,0.0,1.0
0.46442428,0.1402899,1.0484313,1.0035577,2.9952102,8.4156,6.2019596,0.21501805,1.5904236,1.1338972,-1502.3227839495253,0.7574606080197555,-44.203135001058854,0.5622179,1.0,1.0
0.69388044,0.1835046,1.0725263,1.0777553,8.811684,8.1097975,8.180676,1.268559,1.5623099,1.5179082,417.17102709622486,-55.39994361870731,5.913129310434215,0.44480833,1.0,1.0
0.795994,0.1669939,0.9895725,1.0230253,9.864642,8.52734,9.257093,1.5034002,1.6479441,1.7663525,669.298638989791,-36.89879583285801,14.890921858134789,0.44826233,1.0,1.0
0.8367368,0.18435365,1.05809,1.0370934,3.046789,2.4697402,1.7264456,0.10975698,0.01713752,0.06112639,-1134.7725532167597,370.5308457168576,-193.5767489128354,0.5038301,0.0,0.0
0.52136177,0.16894773,1.0511376,0.99159867,5.3502235,6.0856905,4.4955435,0.041310307,0.9496557,0.5915003,44.64781414098002,99.66724628481597,-4.043109507587815,0.7769995,1.0,1.0
0.7402987,0.15198244,1.0256437,1.0138324,8.191321,10.315534,10.453418,0.66141486,1.9853445,2.0284455,858.6958597175426,82.29790792352833,36.0522547968485,0.5726548,1.0,0.0
0.6459802,0.20922646,1.0826902,1.0631657,10.6909275,10.039486,11.212824,1.7210302,1.9163133,2.2106392,706.1183563852892,97.14745911459295,30.001308127986704,0.6118569,1.0,0.0
0.37154064,0.233189,0.9639594,0.99391437,9.180716,6.12745,5.113402,1.490361,1.0001992,0.7048318,482.5828876929977,27.300340900620085,132.40561696223926,0.722717,0.0,1.0
0.51664436,0.250902,1.0182801,1.0378796,4.798076,9.568894,9.872438,0.48980075,1.7991793,1.8582845,-1830.8342298535354,104.33498058418581,91.17243734760677,0.6657574,1.0,0.0
0.5323007,0.19190373,0.8871711,0.98659056,4.136367,10.077165,10.014393,0.17540312,1.9162014,1.9268827,-1210.5441028642422,125.11852400892485,41.847813033291004,0.6374938,1.0,0.0
0.5212056,0.1790951,0.99516517,1.08173,2.5375397,2.8100207,2.3006988,0.089239,0.19723496,0.06011653,-1077.5922706122578,-140.35348256316627,269.21423736172056,0.5371094,0.0,0.0
0.5675898,0.18213345,1.0174906,1.0219103,4.5062504,3.0075424,1.7856672,0.39802536,0.22511727,0.14579126,-1743.5477296688687,-49.3442315736761,-597.1084271502189,0.5692966,0.0,1.0
0.58618486,0.07664364,0.99203485,0.9462822,10.531837,5.0813804,3.9029377,1.4671916,0.80282116,0.5758684,783.8403629615896,-89.84315249052361,-260.5865451937425,0.635983,0.0,1.0
0.6408523,0.12386641,0.99501693,1.0271556,11.86377,4.7015495,4.724991,1.9488862,0.7340346,0.6839203,751.7372730211782,-132.95541520430015,-24.242325586637435,0.5998055,1.0,0.0
0.9490066,0.08648378,1.0554289,1.0418272,10.376704,5.102594,4.8845468,1.6061665,0.85329026,0.74520946,709.566373335937,-144.90450041075565,-35.1521883321966,0.57132363,0.0,1.0
0.8540584,0.092646934,1.0945358,1.096947,10.566049,6.6008987,5.178025,1.3961967,0.9448925,0.7310341,815.9639710571087,296.43576543947074,114.40888284437074,0.940995,0.0,0.0
0.6038264,0.13973029,1.0121715,1.0173733,11.897054,6.1227098,5.353136,1.7569423,1.0746877,0.77225035,791.8207209647753,-111.61980920016731,119.95558441265712,0.5990872,0.0,0.0
1.0106882,0.18015593,0.9756749,1.0051961,11.083937,5.6162505,4.1204157,1.7637391,0.8770809,0.52184546,731.1719032545184,19.96355275928954,-93.04964127185099,0.7161964,0.0,1.0
0.8306441,0.07797478,1.0473051,1.0513784,12.833034,7.290446,7.2442245,2.2291934,1.3421102,1.3110211,769.2624826359161,-32.4890445074102,13.72958891942153,0.5816324,1.0,0.0
0.86024624,0.0823155,1.0606085,0.99979055,11.792663,5.276254,4.6278844,1.8522973,0.8630948,0.74098533,764.6301792827198,-102.44153872006473,-164.29849794000756,0.6196618,0.0,1.0
0.7852503,0.07831861,1.1142306,1.1465217,10.649278,4.3467197,4.774002,1.7979242,0.037784714,0.462652,684.5632456961835,1487.771577551693,307.2782489245965,0.88643193,0.0,0.0
0.66158485,0.120221965,0.92138594,0.9540504,9.700039,5.504545,7.1935673,1.3699317,0.899333,1.3010385,694.221446325701,-61.936913225319586,7.541476566521851,0.64807475,1.0,1.0
0.5415027,0.080247685,0.99701947,0.95445776,10.122272,5.866322,5.1489983,1.1612495,0.9844783,0.7094617,918.2442159622683,-65.5098420580889,145.57282794259459,0.65140224,0.0,0.0
0.90779966,0.06891009,1.0125734,1.092774,10.398115,6.4984717,4.7395144,0.91485524,1.1403737,0.78871727,1230.7480312636053,-57.04458479569985,-184.54278264627737,0.6363578,0.0,0.0
0.7049956,0.080244586,1.0674747,1.1198336,13.676896,5.804072,4.838795,2.4098141,0.98668295,0.7668035,769.3294162224524,-103.36516652974797,-98.33703480296481,0.62412167,0.0,1.0
0.8126798,0.04681871,1.0715723,0.98389536,8.746543,5.8387594,5.226181,1.2297033,0.95396316,0.8517937,421.61904404687266,-32.15914308117499,-55.536250882013974,0.6873853,1.0,0.0
0.6291206,0.052545827,1.0633525,1.0469145,9.695878,6.1479497,4.0326467,0.91701865,0.9910677,0.052956916,1107.7614179809125,50.83737920992917,1231.0855632443227,0.7427961,0.0,0.0
0.8226618,0.09004952,1.0263515,1.0240034,13.843018,5.0809875,4.0573006,2.5016391,0.72637063,0.41972452,769.0050073673242,-13.157960943977514,18.128673434654047,0.72531825,1.0,0.0
0.7774337,0.07749681,1.1123605,1.0504295,9.075248,4.417075,5.195573,1.018062,0.69825685,0.80373555,791.5646210193499,-169.11281943102722,5.854343432066344,0.5523241,1.0,0.0
0.7840806,0.06770128,1.0198433,1.0283934,8.377034,4.768433,6.4307785,0.78322077,0.7838911,1.0521798,739.9243100700601,-161.47972481522334,92.99934696012224,0.5543698,1.0,0.0
0.798991,0.08798844,1.0257623,1.0626606,13.359763,5.196453,4.848806,2.396378,0.8469155,0.7752991,768.3160295051453,-105.16491636176943,-111.93990872462109,0.61479944,0.0,1.0
0.65918505,0.07581501,0.9363765,0.93562555,13.46525,2.9568021,4.273097,2.3279314,0.085602745,0.12267241,770.640438360274,480.49725076509594,942.4461122620854,0.5971977,1.0,0.0
0.65587556,0.069547616,1.0274142,0.9824507,11.96947,6.3744235,7.354022,1.6252061,1.1212915,1.3142726,825.9443290602944,-71.56541669772696,35.83409578214332,0.61916983,1.0,1.0
0.8357599,0.061465245,1.0371387,1.084967,8.297104,6.038823,7.944097,0.5655908,1.0522604,1.4964665,1127.3304145521988,-100.97975916657151,-32.567602258086936,0.6050512,1.0,1.0
0.58820367,0.06193063,0.9372498,0.94136816,7.742956,3.5344598,4.1234684,0.79626006,0.13614626,0.009340957,281.7471551053118,670.3838059141217,1512.6930091278655,0.707961,0.0,0.0
0.53044033,0.19713505,1.0246043,1.044246,11.509438,5.8303537,7.313483,1.7968203,0.9351263,1.1441118,758.8876545513117,-3.1140015682249214,246.0685828420187,0.7109704,1.0,1.0
0.56837946,0.047935706,0.9591217,0.9554136,12.626993,6.227674,6.8374815,2.111218,1.0521483,1.21271,767.8577534769438,-19.00869427223961,22.0542132337373,0.6803344,1.0,1.0
0.5508605,0.08316172,1.026169,1.0548309,13.640878,6.2546954,4.7966895,2.37586,1.061288,0.6540562,770.9782339327094,-30.401057053208206,52.94252088413077,0.675861,0.0,1.0
0.9113206,0.08812871,1.0254735,1.0348749,12.441682,6.1003294,5.2313285,1.8885956,1.0891702,0.85996395,788.9947482897701,-140.041107086804,-60.36903990165911,0.561127,0.0,0.0
0.5228644,0.052893028,1.0616506,1.038323,6.2080307,8.175277,6.7069817,0.48169455,1.5368557,1.2597888,-438.6436881714799,-16.123321260411558,-77.69170441359847,0.5696128,1.0,1.0
0.60612863,0.015171818,1.0457777,1.0167689,5.2281127,2.5265856,1.8796424,0.13897488,0.050469127,0.169341,-417.0898306340878,250.79703494846547,-617.4154159741219,0.5131584,0.0,0.0
0.525038,0.03182289,1.0447592,1.1297008,4.8825073,4.093978,2.4899,0.07099481,0.14207138,0.15516569,-447.33166770391233,889.251859084167,-79.4395832287978,0.8230039,0.0,1.0
0.7269453,0.08070668,1.0679682,0.9491517,4.9516287,2.8606088,2.5597897,0.28975067,0.27186662,0.19638193,-1117.49906275598,-333.17757635745875,-196.63553342571572,0.5137808,0.0,1.0
0.9757696,0.12065566,1.0783575,1.0411294,5.829553,2.6071894,1.9559549,0.29654747,0.074259795,0.054023005,-283.3250354309853,192.79007953067367,13.231872852133392,0.5267658,0.0,0.0
0.8044096,0.008061431,1.0197989,1.0487164,7.6740136,10.944085,9.636157,0.7620018,2.1449313,1.8868896,292.00775801365717,35.35111828877052,-45.86609951535047,0.44510016,1.0,1.0
0.855947,0.028215585,1.0282245,1.0010446,5.0982623,2.068662,1.7751904,0.38510576,0.060273685,0.16511689,-1308.477668442579,-171.40898850010768,-671.6662324446548,0.41775888,0.0,0.0
0.47157717,0.021022217,0.9976361,1.0914602,5.8944173,5.801015,6.2772,0.33073252,0.7650364,1.0385205,-313.3045172758775,218.99944328274955,79.60222088177852,0.8902189,0.0,1.0
0.4363594,0.055308502,1.0182462,1.026855,5.8312206,9.009361,9.620191,0.097259924,1.7021542,1.8769069,375.9195522851728,45.329207303591375,-41.71097216233329,0.60330224,1.0,0.0
0.34219256,0.03555002,0.9114027,0.96835566,5.5351877,3.080765,2.3671403,0.3059421,0.18165715,0.13359328,-642.4754169611188,173.7368004627341,-84.32070675779448,0.6009066,0.0,1.0
0.6911955,0.023958981,1.0585063,1.0907329,6.336774,3.2259002,2.1657608,0.55233634,0.33755255,0.21284883,-464.4790437657457,-171.17180307686453,-576.6531689161286,0.5611703,0.0,1.0
0.34761286,0.020381112,0.9910923,0.9997052,6.55833,2.2613435,1.9109653,0.9426226,0.18386182,0.19093509,-956.3755768319138,-603.8581080579114,-705.0953636216927,0.42172983,0.0,0.0
0.40361726,0.016265102,0.9591116,1.0497749,8.002703,8.979871,7.546941,0.2374883,1.7567843,1.4276621,1838.14575115623,-59.86408744659548,-44.19790931655098,0.38083234,1.0,1.0
0.49618357,0.016302617,0.9931943,0.97846496,5.7849884,3.2865973,4.2391543,0.5501729,0.18824658,0.62882537,-1044.545977352282,316.6337887384475,-179.95623813527868,0.642774,0.0,1.0
0.536903,0.019236403,1.0241342,1.0268925,6.8929014,8.339518,5.6383166,1.0344474,1.5291917,0.99559295,-762.3148985248845,54.558392577238465,-49.44284774544167,0.67967135,1.0,1.0
0.22066656,0.02007143,0.9351161,0.93105865,7.4767976,8.046754,7.472849,0.44912958,1.501078,1.379604,816.0783184048205,-1.5122063324838564,-9.389287551582129,0.59228975,1.0,1.0
0.5798111,0.019235346,0.96393585,1.0052032,7.876303,8.471285,8.638648,0.6839708,1.5867122,1.6280482,589.9769807809957,26.583849974010718,-5.327889513703667,0.6062614,1.0,1.0
0.5898217,0.03125176,0.94404465,0.98969936,6.480056,2.2588844,1.8980755,0.9291864,0.044094324,0.19943066,-1020.4558971357574,33.044722201092895,-744.3638155826384,0.4588914,0.0,0.0
0.38685942,0.019665748,1.0064083,1.0062925,8.087478,5.7576857,4.3826303,0.8607397,0.8884239,0.45319602,421.7810599777267,50.5711899783214,126.88112284625277,0.74773324,1.0,1.0
0.32214954,0.012801332,0.9637626,0.9611477,8.551433,9.893523,9.722946,0.15801458,1.9241127,1.8901411,2486.662953174874,-2.3317089833794853,-12.782494025173037,0.47110537,1.0,0.0
0.95278275,0.05413672,1.0635313,0.98906547,8.530863,9.639652,10.529633,0.9016008,1.8550814,2.072335,645.951959662968,16.86506347570321,-35.39777775273387,0.53579,1.0,0.0
0.5787158,0.079957634,1.0121843,0.98996085,7.5239234,5.838459,4.7275963,0.6709315,0.9389674,0.5665275,348.14074902843686,-9.853585617211138,152.0163287279138,0.70846397,0.0,1.0
0.4598776,0.14972615,1.0165821,1.0563352,6.0898213,9.20911,9.332302,0.32962868,1.7379475,1.7199801,-115.99349513805646,63.152118960686494,80.88765597600332,0.62236726,1.0,0.0
0.46973667,0.03414371,0.9716199,1.0213604,6.1525893,9.668085,9.331938,0.64402634,1.8549695,1.7885785,-853.882896766424,33.83612837003511,1.5597657795560735,0.5571161,1.0,0.0
0.33311728,0.020957826,0.95337695,0.9347332,6.1436477,2.8868344,2.204141,0.90866846,0.2584668,0.078187734,-1349.9811067504957,-264.36391568985414,52.555191086694094,0.5269284,0.0,0.0
0.88840544,0.026613591,1.0361501,1.0274479,5.0010915,3.1661043,2.2282333,0.42140406,0.28634912,0.28409553,-1487.7815591425997,-90.96230191939549,-724.2011765641698,0.5764229,0.0,1.0
0.42872372,0.05548639,1.0339457,0.99540347,6.0520906,8.20055,7.4913306,0.34271967,1.5873249,1.4291297,-194.03678292973177,-68.38721492032118,-62.13520519891745,0.42125848,1.0,1.0
0.22392896,0.073299706,1.1053406,0.98536164,6.146609,9.027067,7.374669,0.5526894,1.6789272,1.4149544,-678.8034526208739,86.28754349953715,-82.5114299047168,0.67755777,1.0,0.0
0.492831,0.05998971,1.0280663,1.0431882,6.148483,9.289816,7.601991,0.19194388,1.8087224,1.4561707,370.81733850305454,-37.91270666844184,-76.23644617950822,0.4336742,1.0,0.0
0.65583265,0.1147011,0.91242945,0.92338055,6.827702,8.308347,6.607346,0.18514708,1.6111156,1.2057657,1072.9811067504957,-62.403421327603155,-43.11299774661802,0.4151451,1.0,1.0
0.48128343,0.034497477,1.0767154,1.0281699,6.146013,3.65252,3.7294378,0.28030723,0.60807556,0.6271008,84.0426612158185,-368.8037842581675,-408.018942252912,0.41316894,0.0,0.0
0.45888975,0.069795296,0.98829025,1.0016776,5.9978724,8.350971,7.4102693,0.09658879,1.5971295,1.4249057,547.5683699954297,-21.98212344096646,-82.28151480672841,0.49867186,1.0,1.0
0.24193381,0.05822382,1.1536505,1.033233,5.6932015,5.7237263,3.151694,0.15096202,0.7718193,0.2212683,27.515699284494076,181.2598592337631,79.80666127984841,0.8628541,1.0,0.0
0.47318676,0.082307324,0.92676455,1.0208213,6.196495,2.016534,3.7449172,0.57895446,0.16529839,0.6171182,-668.8065802606275,-677.9703707716882,-389.20705460581166,0.375462,0.0,1.0
0.5359187,0.07687015,1.0054182,1.0300587,6.806812,9.250054,7.3469744,0.78763664,1.7185129,1.3933821,-485.68434748827485,115.16832536796846,-67.99216147323841,0.6991465,1.0,0.0
0.42711252,0.06482215,1.0194782,0.9750819,9.788316,9.596206,7.6594343,1.0340309,1.8744082,1.4726375,990.3473059026801,-49.89072698056543,-80.9438269638863,0.42091197,1.0,0.0
0.3318166,0.05852696,1.0595309,1.0429502,6.0309677,9.0527525,7.5483003,0.46092802,1.7207175,1.4507239,-563.7074941182627,26.313000896309404,-81.38275578731873,0.5748408,1.0,1.0
0.28968817,0.05979694,1.0668049,0.9666317,8.0509205,2.6234741,3.261806,0.71918285,0.21992858,0.16787338,639.8100848938016,-407.7782581586987,336.480077163156,0.48620132,0.0,0.0
0.4131784,0.06110175,0.92764455,1.0366775,8.057727,8.9356165,4.3535495,1.0318675,1.7251023,0.6309634,170.99612361293703,-20.48445336401346,-135.87263264510102,0.4763488,1.0,0.0
0.31564948,0.026910009,1.0218468,0.9498771,5.9509416,2.2993,2.7251766,0.5527529,0.0076639927,0.2641958,-882.4656570484385,268.9394149051079,-285.3298506815679,0.46927747,0.0,0.0
0.37091655,0.062287234,1.0621016,1.0904855,8.162231,2.082523,3.693096,0.93082416,0.03577774,0.119815245,354.5574895815498,-22.633513927661255,697.1116903013749,0.42352203,0.0,0.0
0.39105374,0.039509088,1.0144476,0.9990397,9.244983,2.188554,4.0735373,1.1656654,0.04985651,0.3682595,700.9331938244472,-29.318705474207263,112.18484578802418,0.44382933,0.0,0.0
0.4284573,0.054043513,1.0428162,1.0540695,6.6592093,8.423886,7.524763,0.44749185,1.58095,1.4592195,114.37595382533436,17.32343402299739,-96.17374206187469,0.59430575,1.0,1.0
0.3224602,0.06103385,0.9887799,0.9824839,7.931072,4.5585313,5.6477256,0.3790452,0.64843184,0.8065927,1359.3884643843483,-93.41489918609523,169.9588502947886,0.6541091,0.0,0.0
0.35937628,0.03148531,1.0367585,1.0680406,7.106678,3.100336,3.7700315,0.32367998,0.38725692,0.6303524,893.5616155510495,-387.10468187603806,-393.8935340176456,0.49425387,0.0,1.0
0.45183364,0.0942277,1.0838915,1.109242,8.872319,2.944638,4.5460086,1.3832953,0.31822574,0.81254625,393.9371976224943,-369.53175304326874,-318.85303735231173,0.5057668,0.0,1.0
0.29612285,0.12268417,0.97875977,1.0028868,8.286201,4.2339363,5.609822,1.152626,0.59788835,0.69326127,200.20405581034674,-123.1220704205175,336.0920963740732,0.6120136,1.0,0.0
0.2687332,0.17496553,0.97135043,1.0016748,6.5218244,2.3561172,3.8537304,0.15206587,0.20109172,0.46019143,897.5558594364156,-589.0062612951482,-125.86806068321448,0.43494934,0.0,1.0
0.34827206,0.067894444,0.9759483,1.0267186,6.3248234,2.3537815,3.5762877,0.16233176,0.31811374,0.52878976,674.7566601960252,-944.5606881489371,-324.798824801318,0.35416436,0.0,1.0
0.28632036,0.056343835,0.99777615,1.0705031,6.387316,9.341363,7.1407638,0.42697388,1.7953225,1.3379765,-91.35005654901306,16.103499738840583,-70.22534245335828,0.52763194,1.0,1.0
0.3958747,0.06841435,1.0407462,1.0190274,6.0044026,9.3591585,7.983392,0.060290497,1.8232049,1.5438843,675.4139846672491,-38.07358860406475,-67.52253363086675,0.4326248,1.0,0.0
0.2831374,0.03474748,0.9979512,0.9823171,5.7660103,3.1867597,2.3563523,0.20996968,0.09160226,0.014175312,-97.0786953982406,647.481044357814,573.4454585394642,0.64374113,0.0,1.0
0.6404665,0.0880209,1.0251915,1.0577711,5.469205,2.3991678,2.0538006,0.1507758,0.22139749,0.02704093,-217.8220962879418,-631.6625177360261,249.0548642253835,0.4344817,0.0,1.0
0.75159717,0.11772327,1.0135268,0.9838664,6.099838,2.5114331,2.0662575,0.1575726,0.023790669,0.223364,445.31177088513095,380.5146393095755,-677.9425222496188,0.5120688,0.0,0.0
0.43910593,0.013880286,0.8112627,0.9414925,6.1388636,11.099376,10.46815,0.6230269,2.1954005,2.0562305,-838.1372443952628,17.781667164897954,-30.296536772143554,0.33550784,1.0,1.0
0.612892,0.032600313,0.9833152,0.9735783,3.6505377,2.6974185,1.0556568,0.24613088,0.00980456,0.0042241076,-1549.3424259463395,639.286636173126,-63.18484851899963,0.5505173,0.0,0.0
0.30414006,0.020985821,0.93354166,1.0339315,5.7637105,5.795425,6.732857,0.19175765,0.81550556,1.2078614,-34.19604821425264,155.73554962284015,-5.0920963740736624,0.8406525,0.0,1.0
0.46284798,0.062691666,1.0301172,1.011682,5.497718,9.041448,10.347046,0.2362348,1.7526232,2.046248,-470.8944089956917,-29.12450339760926,-78.69366285048727,0.45440295,1.0,0.0
0.53380334,0.038396984,1.048359,1.0023224,4.787468,2.957952,2.3414526,0.44491696,0.13118804,0.03574772,-1711.028775333638,275.74723358942185,447.93272187224864,0.58875656,0.0,1.0
0.5532594,0.018736012,0.98157376,0.9709185,6.9558725,2.8087544,1.9750308,0.6913112,0.28708342,0.043507826,-165.26710777028893,-429.81762639105455,98.78967814656932,0.49280992,0.0,1.0
0.3696943,0.023913678,1.0559424,1.0665258,5.189845,2.6998172,1.523794,0.8036477,0.13339269,0.021594087,-2162.51032016328,9.123389963108139,-69.59307832349313,0.5340167,0.0,0.0
0.26397747,0.02274607,1.0226291,1.0611274,7.8843265,9.333079,8.415094,0.37646317,1.8072535,1.5970031,1331.6727130875547,-16.057382196782328,-27.226648533113348,0.47663096,1.0,1.0
0.5478185,0.023791792,0.9460173,1.0055741,5.684103,2.9092226,4.9126725,0.68914783,0.13777745,0.79816633,-1444.6450634946468,196.67315697080346,-113.2710648031998,0.5769536,0.0,1.0
0.2854897,0.026729826,0.9304127,0.93991035,6.487025,8.348224,6.276293,0.8954726,1.5796609,1.1649339,-962.1551340754904,1.2944989173288377,-64.36708009928225,0.5518764,1.0,1.0
0.3296387,0.023575624,1.01602,1.0304049,8.689817,8.038128,8.301431,0.5881045,1.5515472,1.548945,1332.002878057317,-63.83397020372968,-1.3762240230557836,0.42958474,1.0,1.0
0.53895986,0.024076058,1.0487707,1.0244862,8.858417,8.505459,9.506233,0.8229457,1.6371814,1.7973893,963.7038673136367,-28.36175752354893,44.99869460298851,0.4714236,1.0,1.0
0.582854,0.0343007,1.0727756,1.036167,6.1063175,2.3054595,1.5726074,0.7902115,0.0063748,0.030089658,-1186.6575740536605,283.79473937676704,-85.69431930408362,0.47055495,0.0,0.0
0.28084856,0.023542358,1.0654165,1.0292009,7.1329303,6.044538,4.5478044,0.72176486,0.938893,0.622537,-65.16314167158407,100.11747927712076,-22.123449115634003,0.77723974,1.0,1.0
0.4885484,0.02031459,1.0692983,1.0728074,6.740103,10.242622,10.502838,0.019039694,1.9745818,2.059482,1554.4501410211242,75.40091964781504,-16.129325791788233,0.5566637,1.0,0.0
0.5784852,0.0575837,1.0259199,1.029625,8.517929,9.792471,11.330623,1.0405756,1.9055506,2.241676,466.0630571994734,-15.575918527111298,14.401700088461439,0.46162832,1.0,0.0
0.45169336,0.085796505,1.0855087,1.0605618,8.032804,5.7094297,5.130874,0.8099064,0.9894365,0.73586845,464.90779571299936,-142.22049100140703,89.53429107963734,0.58177066,0.0,1.0
0.45557153,0.14620951,1.0227411,1.0103239,6.2260914,9.357592,9.903789,0.1906538,1.7884166,1.8893212,467.10158720626123,25.958824210499643,63.196604602282605,0.56286716,1.0,0.0
0.4609693,0.03835899,1.1068954,1.0481038,6.0395966,9.784979,10.108456,0.50505143,1.9054387,1.9579195,-660.6200423766186,-18.633788738447493,26.16459950358876,0.45544893,1.0,0.0
0.32058537,0.020040222,1.0111442,0.96527624,5.735598,2.3896627,2.2549698,0.76969355,0.20799768,0.09115326,-1543.5741261100634,-588.2828836534438,50.91378030208068,0.4391712,0.0,0.0
0.48239127,0.025987249,0.8291185,0.9286148,4.992989,2.4377775,1.5673419,0.2824292,0.23587999,0.11475453,-1076.2683609220026,-634.505113509299,-565.557153620046,0.4354966,0.0,1.0
0.5409331,0.09468779,0.9953703,1.0177188,4.9610744,3.914698,1.5094835,0.3607455,0.12979524,0.041216243,-1336.635181410513,887.5446878497446,-178.44023695141914,0.7880273,0.0,0.0
0.65892357,0.13282257,1.018475,1.0244694,7.217928,4.287598,2.6830237,0.3675423,0.067811586,0.20918868,850.5120724798674,1304.7773508322875,-146.883084014117,0.87246156,0.0,1.0
0.30621448,0.031305157,0.9666309,0.99992114,8.07199,11.950568,10.563197,0.8329966,2.2870026,2.0420551,458.1353699072233,110.02239899973392,62.992816561346444,0.7087711,1.0,0.0
0.47937647,0.038136844,0.9208215,1.0059972,6.2124534,4.474831,2.1588776,0.45610058,0.0817977,0.009951204,-361.78781442210675,1293.8028082290598,428.7975159905875,0.90959793,0.0,1.0
0.12747881,0.02835415,0.6278908,0.7743605,5.7916822,7.149234,7.0187726,0.40172732,0.90710783,1.1936861,-656.7918182201538,512.4392431483666,105.4689748024939,1.1280593,0.0,0.0
0.5192728,0.09450176,1.0821267,1.0858572,4.3002524,9.800291,10.421176,0.026265113,1.8442255,2.0320725,-633.4026050884958,130.22849115100325,4.323972639925614,0.67751086,1.0,1.0
0.4646979,0.04256681,1.0673819,1.0536131,4.1203365,4.5649447,1.9230783,0.23494728,0.039585773,0.021572411,-1409.2589780027422,1533.1766690310476,169.36511893141807,0.93093914,0.0,0.0
0.41626814,0.032276675,0.99578774,0.87589675,5.6137547,3.7929637,2.2583754,0.4813415,0.19548117,0.057683136,-1069.3192793163516,568.3282312744838,238.98432226373205,0.7480879,0.0,0.0
0.21266,0.029328749,0.97793764,0.90254253,6.3151107,3.7393737,1.8943601,1.0136174,0.041790433,0.0357694,-1280.8401081396223,1241.523890299066,78.953623244793,0.76210386,0.0,1.0
0.18014245,0.028897727,0.9629487,1.0362518,7.293096,10.156416,8.542182,0.16649349,1.8988557,1.5828278,1544.2015495069193,210.8743144651935,12.543436368898256,0.73630464,1.0,0.0
0.44023088,0.03960114,1.0730673,0.92796427,4.771222,3.7312527,4.8772235,0.47917813,0.046175193,0.78399104,-1823.683848323402,1211.218332835102,-107.68909225408788,0.76017934,0.0,0.0
0.14568539,0.040906154,0.9755915,1.0439367,7.2194786,9.210203,6.418224,1.1054423,1.6712631,1.1507586,-542.4282475428495,167.08499775986002,-13.785107550170778,0.79056495,1.0,0.0
0.31680217,0.029047647,0.9782323,0.9788959,6.069839,9.11899,8.333381,0.3781348,1.6431494,1.5347697,-292.62492233295916,168.84078821612866,17.352058133867104,0.8077098,1.0,0.0
0.33979547,0.029788038,0.9782686,0.97180974,7.199082,9.639367,9.36251,0.612976,1.7287836,1.7832139,209.3777061419214,254.74702748133222,23.350752054112036,0.8708251,1.0,0.0
0.47084612,0.03948451,0.95737,0.9973812,6.72659,4.4523764,1.6158968,1.0001812,0.09797706,0.04426497,-871.6094063056448,1208.146551788182,-134.08491361816425,0.90331954,0.0,1.0
0.3079853,0.028419029,1.0751805,1.0325994,7.8039374,7.2041187,5.089064,0.93173456,1.0304953,0.6083617,98.23308072642112,297.06538234637856,251.5839316687443,1.027767,1.0,0.0
0.4089283,0.032457083,1.063751,1.0346895,8.411019,11.2216,10.511513,0.22900939,2.066184,2.045307,2140.99849726585,308.4032152195132,18.243633031879654,0.8943427,1.0,1.0
0.49414918,0.06572417,1.0275611,1.0082437,7.6905017,10.752104,11.322577,0.830606,1.9971529,2.2275007,190.78418761748026,293.1080908822373,34.79556028467414,0.8137424,1.0,1.0
0.33846012,0.09258323,1.0514247,1.0917729,7.123247,6.9940143,5.6630874,0.5999367,1.0810388,0.72169316,170.87926996179795,168.66954185651457,313.0744608836603,0.90600115,0.0,0.0
0.36051002,0.15002595,1.0392373,1.0224127,6.4339156,10.287456,9.933672,0.4006235,1.8800188,1.8751459,32.168021627924645,336.42755918178455,101.67407028867274,0.85317945,1.0,1.0
0.35710815,0.054326065,1.0346774,1.0601681,6.269798,10.510547,10.168218,0.71502113,1.9970409,1.9437442,-863.9324398376066,162.05022067090113,91.51665695471183,0.66980374,1.0,1.0
0.31361297,0.025709085,0.97549015,0.9450793,6.517323,4.036769,1.8626056,0.97966325,0.11639542,0.076977946,-1038.0944557684606,984.6639059813132,-196.59111852111664,0.81539375,0.0,1.0
0.3700475,0.022585303,0.9403121,0.9372663,5.0534625,3.9160645,1.821966,0.49239886,0.14427774,0.12892984,-1641.807456418921,821.5412101408488,-488.9686493066712,0.78568333,0.0,0.0
0.6897664,0.18132691,1.0073359,1.0349673,6.481639,1.9342097,2.8114095,0.006796798,0.19760683,0.25040492,1363.1556332403636,-850.3245474574982,-196.04049734807768,0.3394208,0.0,1.0
0.5740236,0.061583035,1.0263344,1.0722133,6.0091467,12.201346,10.720275,0.47225112,2.4167979,2.0832715,-617.8177154964746,57.80016914387852,64.45917852158664,0.34460402,1.0,0.0
0.70208186,0.0697591,0.98184276,0.99633044,5.482283,2.3241844,1.9325619,0.095355086,0.21159294,0.03126504,-11.120607866749197,-655.8777921740893,124.53559579390486,0.4224208,0.0,1.0
0.5418409,0.08371149,1.0640937,1.0787346,5.315621,6.617302,7.1227326,0.040981848,1.036903,1.2349024,6.634427423672719,130.49940893140138,71.66035303752506,0.8393818,0.0,0.0
0.55923,0.14347994,1.0285491,1.0169542,5.5507016,10.031001,10.6537,0.3870106,1.9740207,2.073289,-881.437508290657,-50.6858856691897,52.72763048253228,0.3652645,1.0,1.0
0.471026,0.09464134,1.0268769,1.0365971,5.2275414,2.417785,1.7745109,0.59569275,0.09020947,0.06278865,-1735.5522326317887,-76.63469606485876,-173.3468338148469,0.48486426,0.0,0.0
0.4807621,0.07402807,1.016523,0.985668,6.7456055,2.5306294,1.98363,0.84208703,0.06568593,0.016466895,-633.4197407818824,164.51693488127393,249.75897912763025,0.5121938,0.0,0.0
0.45794484,0.0660341,0.9732956,0.96201134,5.3135443,3.1261458,2.1127672,0.6528719,0.088004805,0.005446844,-1767.7624163106584,600.1048879841277,430.04506657898884,0.63176894,0.0,1.0
0.52714634,0.08086213,0.9971839,1.0664905,8.202566,10.423172,8.837635,0.52723897,2.028651,1.6240441,1158.7413989906781,22.77012060370953,53.54670225102973,0.4897663,1.0,0.0
0.5570783,0.08807086,1.1146485,1.0496211,6.036199,2.9889195,5.239769,0.8399236,0.08362004,0.8252073,-1333.1221053613685,521.2078997084143,-1.4977140190567297,0.604112,0.0,0.0
0.44521856,0.090250745,0.9955023,1.0362338,5.0841227,9.384287,6.634181,0.7446968,1.8010584,1.1919749,-2152.8686338908237,23.566461429531046,-11.593729315139171,0.5388862,1.0,0.0
0.69672596,0.066644646,1.0033329,1.0166957,7.4013143,9.21065,8.347169,0.7388803,1.7729446,1.5759859,124.0510458053327,1.061835934785904,-29.56107049382399,0.51042295,1.0,0.0
0.6734078,0.048336167,1.0132233,0.98882407,7.5659842,9.489146,9.506856,0.9737215,1.8585789,1.8244301,-120.14800263768984,-56.787715256278716,7.813848132220301,0.39189756,1.0,0.0
0.5916831,0.06674484,0.9581812,0.9866411,5.758082,3.2681322,1.8562073,0.6394357,0.2277723,0.0030487275,-1263.274239208089,159.88724927166936,255.64794050064512,0.6252894,0.0,1.0
0.5913177,0.08130765,1.0494183,1.0826772,7.1456447,6.7866664,5.0163155,0.5709891,1.1602905,0.649578,255.42412157335002,13.534117317663913,166.77530990377545,0.718853,1.0,0.0
0.6522173,0.049924254,1.0744047,1.0365468,8.701734,11.196095,10.652039,0.1317361,2.1959794,2.086523,2658.7629154755323,45.83953737623415,4.689093619575033,0.4469537,1.0,1.0
0.60115486,0.0998537,0.96685934,1.0126721,8.881957,10.952616,11.561075,1.1913514,2.126948,2.2687168,531.7292654250846,75.30945448471721,57.44676871568117,0.53471494,1.0,1.0
0.46127224,0.1358989,0.9937222,1.0055118,8.986943,6.7183933,5.742115,0.9606822,1.210834,0.7629094,822.4338814860307,-58.84551676491856,270.5166555892247,0.5945529,0.0,0.0
0.4307116,0.20110151,0.9708292,1.0730839,5.0215063,10.205037,10.128261,0.03987801,2.009814,1.916362,-245.73014158337764,-40.82131020804036,119.38798283731376,0.36279985,1.0,1.0
0.38701373,0.10171249,1.0329494,1.0225624,4.436386,10.766717,10.35229,0.35427564,2.126836,1.9849604,-1656.1202308733289,-2.748415726618987,96.62769558169703,0.34377837,1.0,1.0
0.5178428,0.06484272,1.0365937,1.018211,5.7967095,2.67287,2.1206944,0.61891776,0.013399821,0.11819419,-1184.190791264492,595.8364031808213,-212.13912616915798,0.54542583,0.0,1.0
0.60220516,0.089576915,1.0357062,0.9533136,4.111568,1.3660349,1.3531008,0.13165338,0.0144824935,0.0877136,-1070.9126756693395,-121.98998618516958,-509.48334577626315,0.27844864,0.0,0.0
0.85304826,0.12298947,1.0700545,1.0920542,6.840436,11.271851,9.511055,0.4654543,2.219191,1.8328665,231.38621290288802,46.562915017939304,0.04376323020869677,0.40488613,1.0,1.0
0.53837,0.13183802,0.8854728,0.9696213,6.0852723,2.0835314,2.2327123,0.08855829,0.013986109,0.21913989,657.0565470979991,94.9232084978259,-524.3396483279625,0.42505944,0.0,0.0
0.84085864,0.11861491,1.024413,1.0735548,5.368675,5.755932,5.9927187,0.03418505,0.8392962,0.9844974,89.46040009867784,116.54573258154869,54.38994127420301,0.8041635,0.0,1.0
0.84489125,0.17704725,1.0282152,0.9573309,6.463098,9.107526,9.392638,0.3938074,1.7764139,1.822884,79.04754117215907,-51.793488536873156,-30.248855985412774,0.41108957,1.0,0.0
0.8470473,0.13385345,1.0424743,0.9870197,7.5615582,3.1298325,3.0594313,0.6024896,0.10739736,0.18761627,512.9060433964123,521.5933070715907,155.48660892741918,0.6294011,0.0,1.0
0.39128402,0.1260221,0.95369905,0.9967688,8.466354,2.9034393,2.7931867,0.8488838,0.26329276,0.26687184,697.3093972322181,-259.8720188934951,-250.14173832866823,0.5282393,0.0,1.0
0.94378734,0.12402092,1.1118599,1.093818,6.0747757,3.1476932,2.1907127,0.6460751,0.10960203,0.24495809,-947.5183277593742,529.9115932339407,-662.4376234264214,0.6327077,0.0,0.0
0.7957203,0.12325639,1.0205429,1.0223546,7.541612,9.546878,7.332281,0.53403574,1.8310441,1.3736391,653.8752661637509,24.418308192294262,-48.55649853193745,0.5524493,1.0,1.0
0.9509004,0.12930354,1.0073872,1.068488,7.8917446,2.3985064,4.174134,0.8467204,0.11398678,0.57480234,307.2826237976037,-199.56757486403217,-133.6910520564645,0.4755702,0.0,1.0
0.69588566,0.099463016,1.074819,1.0538797,5.9762697,8.451344,5.351089,0.7379,1.6034515,0.94157,-1225.2867497671032,-0.7506425956212297,-98.42521225502924,0.5457708,1.0,1.0
0.8692844,0.12365096,1.0341129,1.0804665,7.4053044,8.329503,7.3047624,0.74567705,1.5753378,1.325581,117.14475282648391,-2.8212415053435507,-0.7478767669686022,0.5529614,1.0,1.0
0.7854872,0.12357414,0.9881307,0.99734336,7.6535716,8.634806,8.469212,0.9805183,1.660972,1.5740253,-60.41886462358934,-24.349028825162804,4.3762253885429345,0.48257858,1.0,1.0
0.89314616,0.1327361,1.0433137,1.0502074,5.897388,3.2192142,2.321406,0.63263893,0.03016547,0.25345367,-1091.0569240914192,1008.5563031136298,-559.8314836226336,0.6563977,0.0,0.0
0.63614625,0.11986985,1.0010536,0.9732009,6.980805,5.9789915,4.046675,0.56419224,0.9626837,0.39917302,113.31702783489163,29.332753715184026,60.16721029761129,0.7239746,1.0,1.0
1.0038221,0.124098934,1.1079189,1.0242077,8.608437,10.166292,9.55161,0.1385329,1.9983724,1.8361181,2587.234578221041,-28.776168695089837,15.148270092930943,0.3827633,1.0,0.0
0.9303816,0.15612568,1.0354719,1.0165782,9.430533,9.94512,10.334029,1.1981483,1.9293413,2.018312,742.1206078667492,9.986577178970037,2.404312247971575,0.49356115,1.0,0.0
0.61090213,0.17964566,1.0026798,1.0057968,7.898559,5.931865,4.7842064,0.967479,1.0132272,0.51250446,139.13624606551684,-84.03415166901186,249.61593676743837,0.6298574,0.0,1.0
0.8240314,0.21485613,0.9947565,0.9647708,5.267488,9.22729,9.090301,0.03308121,1.8122072,1.6659572,-12.890782191065227,-65.73909603443235,74.61267225079428,0.35593212,1.0,0.0
0.9362704,0.14298001,1.0065136,1.0012853,5.530886,9.8556,9.068009,0.34747884,1.9292293,1.7345555,-782.9029157566588,-31.04235792669806,0.11757107399171218,0.4125486,1.0,0.0
0.7799417,0.12498187,1.0487745,0.99567276,5.298444,2.6586661,2.5795681,0.612121,0.184207,0.13221075,-1705.2978850029504,-237.8002378465751,95.44937814421701,0.50909233,0.0,0.0
0.7129292,0.12050065,0.996417,1.0199409,6.3772845,2.491597,2.5757332,0.124856584,0.21208932,0.33811852,846.2377058607942,-505.7041815400803,-538.0692365646403,0.46023127,0.0,1.0
0.4588564,0.027490536,1.0819513,1.0729597,5.972847,11.202833,10.427717,0.37689602,2.205205,2.0520065,-381.9894913400094,39.09995332724793,-50.38014226232099,0.40467355,1.0,1.0
0.24659948,0.018241078,0.864942,0.94670886,5.4481144,7.843424,5.2889214,0.43126926,1.3798949,0.8483691,-1115.9319406727336,79.52368419097593,-13.766165980002825,0.76148295,1.0,0.0
0.64229405,0.044328634,1.0839567,1.0416276,7.047178,2.8876412,2.3666534,0.8592617,0.44277716,0.009982623,-389.57012231201634,-674.0954308865478,610.818417363132,0.37843877,0.0,1.0
0.58658814,0.033785027,1.0571834,1.0615858,7.657513,11.873904,10.340767,1.0679439,2.3265884,2.0204828,-161.37157303386675,67.03512769812005,3.4670163656051045,0.48580924,1.0,0.0
0.6845489,0.02293797,1.0508363,1.0496056,9.993899,12.538427,10.774613,1.3143381,2.4824839,2.0997384,788.0072588487842,63.49461167991467,39.48334577626247,0.36193955,1.0,0.0
0.3838944,0.017947238,0.9304371,0.95013607,5.1321096,11.8684635,10.601553,0.18062079,2.328793,2.0778246,-636.7881914155269,63.092997909456244,-6.937947556757081,0.4689747,1.0,1.0
0.37431157,0.017001666,0.94361246,0.8806877,7.934761,2.9242184,3.66669,0.9994901,0.38814697,0.4592274,127.37720697704799,-536.0468116647016,-193.95166617339214,0.4464957,0.0,0.0
0.46007112,0.01379533,1.016783,0.97766995,8.747309,11.967491,7.2897806,1.3121747,2.3331778,1.2580642,368.33166770391244,76.20873833212863,91.24559146876845,0.54497254,1.0,0.0
0.2543684,0.015914034,0.99202925,0.88794637,4.1527605,3.8899915,5.1277776,0.27244568,0.6157395,0.89129657,-1515.7801838194332,-260.6012385184904,-139.63749186260475,0.48535442,0.0,0.0
0.5944434,0.019113006,1.010121,0.97032845,9.019427,3.7750256,4.087761,1.2111313,0.6438533,0.50728554,572.5119503084143,-346.58850982010426,-84.509471467828,0.40244785,0.0,0.0
0.52214015,0.010249264,0.97414815,1.0062398,10.384234,3.4462123,3.6964564,1.4459727,0.558219,0.2588413,778.7734293750532,-414.68456612659907,166.48203696553242,0.41262206,0.0,0.0
0.43012312,0.023179239,0.98176014,0.9863109,5.7064533,11.197246,10.599392,0.1671846,2.1890256,2.0863202,-18.096085913594607,57.52125121388417,-37.331807752969326,0.4822894,1.0,1.0
0.58316153,0.020347644,1.0709851,1.0839249,7.0363526,7.283709,8.207631,0.09873794,1.2565074,1.4336935,1552.9597124370946,33.45656299014945,100.94840029125999,0.7522784,0.0,0.0
0.54207337,0.004063933,1.0047673,1.0381334,7.922578,2.3980873,2.1429374,0.6039872,0.22081861,0.0032515968,776.9328168310271,-631.7203879473623,464.7315459908227,0.43454003,0.0,1.0
0.3334686,0.050135836,0.9313754,0.95733684,10.362386,2.71723,2.481911,1.6636026,0.2898498,0.18544546,693.9978759295236,-522.4993402287048,-213.72240479802485,0.46917555,0.0,1.0
0.6178661,0.07767661,1.1013956,1.0985752,9.957743,6.8006616,7.4324665,1.4329333,1.2059639,1.3203621,720.4222470853101,-29.04806250459569,51.06401088013172,0.6419462,1.0,0.0
0.46575627,0.14633937,1.0273718,1.0301054,5.942564,3.1161294,3.7181742,0.4323731,0.40698382,0.16690937,-575.2295760932475,-408.1498233889881,503.4173730455228,0.4817229,0.0,1.0
0.36646903,0.025527172,1.0437644,0.94499564,4.489906,2.6388876,2.7830334,0.11797548,0.28996179,0.098311044,-849.300890471251,-599.4414700173684,412.5826242235016,0.45008248,0.0,1.0
0.5714453,0.018859204,1.120648,1.0166311,5.7615294,12.17118,10.12766,0.14666665,2.403398,1.9650773,116.43537898065006,61.53975319286474,19.49902146429895,0.39420637,1.0,1.0
0.36259952,0.026530735,0.9124764,0.9458543,5.8094206,12.343214,11.08143,0.34059772,2.4312804,2.170985,-436.13048995088275,68.91590956655091,45.05748048135683,0.43669295,1.0,0.0
0.5533825,0.029184388,1.0267676,1.0975932,5.969381,5.913906,6.686815,0.054373242,0.8253101,1.2036374,650.9824820736623,203.11170599652633,-16.196603236795454,0.8647222,0.0,1.0
0.618629,0.09023328,0.973064,1.0247058,6.579404,9.190153,10.304211,0.4823657,1.7624278,2.042024,-56.954710309300935,8.4541987157545,-86.02808481119791,0.53249115,1.0,0.0
0.5869406,0.037753735,0.9988555,0.9923324,5.1730833,3.3063626,2.1207983,0.69104785,0.12138347,0.031523615,-1962.2804944875961,611.300478306013,270.5773985389937,0.66344064,0.0,1.0
0.40978917,0.01303879,0.907407,0.90977955,7.700937,2.9824662,1.5383571,0.93744206,0.27727887,0.047731932,26.259854161035946,-228.62780934976354,-209.47877381437644,0.53901976,0.0,1.0
0.6060545,0.006647023,1.0327228,1.025072,4.874714,2.5116355,1.2532429,0.5575168,0.12358813,0.025818195,-1926.7499057516447,-127.3233653203007,-177.15414950006058,0.49692652,0.0,0.0
0.5507618,0.023789598,0.984424,0.9721823,7.7738833,9.42791,8.40063,0.62259406,1.817058,1.592779,634.8493688874296,6.637060339253821,-30.268451278202065,0.51409286,1.0,1.0
0.53276193,0.032915644,1.0031427,0.9867431,6.823959,3.1749287,5.045724,0.9352787,0.12797289,0.7939423,-704.0913281287071,478.31320700439926,-47.37557166592205,0.6347816,0.0,1.0
0.4311033,0.038285624,1.0566088,1.0465595,5.536706,8.488759,6.2250657,0.6493417,1.5894654,1.1607099,-1533.4513941728374,26.69959039668356,-73.42978421691578,0.6089272,1.0,1.0
0.6997402,0.015701331,1.0402217,1.0383588,8.876815,8.249017,8.256496,0.83423537,1.5613517,1.5447209,957.4999389142736,-20.42887872437541,-8.48073088577803,0.5439364,1.0,1.0
0.47198611,0.023038782,0.9281537,0.95455945,9.652828,8.503779,9.475041,1.0690765,1.6469859,1.7931651,919.6418136834404,-42.985601149862305,43.76877950500011,0.4330225,1.0,1.0
0.43966323,0.01260393,0.94995266,0.91207635,5.2538743,2.5343697,1.1586512,0.5440806,0.01617936,0.034313764,-1590.3286622356118,440.4729755055212,-243.15088361792903,0.5170624,0.0,0.0
0.5960882,0.02947158,1.0019783,0.9877377,7.1452603,5.640917,4.3328123,0.47563398,0.94869757,0.6183129,475.2626048073689,-95.41955903218877,-130.1861532332673,0.62313944,1.0,1.0
0.8283779,0.02759503,1.0687481,1.0600058,6.785839,10.147193,10.416905,0.2270912,1.9843863,2.055258,878.9583371139279,-11.788897393475963,-62.33833951723227,0.43401203,1.0,0.0
0.7312609,0.047692597,1.0554724,1.0944645,8.877547,9.939212,11.256725,1.2867066,1.9153552,2.2374518,450.58914297250476,43.944913374915814,-12.786412264438695,0.5428816,1.0,0.0
0.52942264,0.08232895,0.9935066,1.0172052,7.9508348,6.122618,5.0660815,1.0560373,0.9992411,0.7316444,65.18353765523898,26.242470689283437,62.42978421691532,0.7223914,0.0,1.0
0.6809148,0.15851863,1.0365293,1.0748551,5.550618,9.262167,9.847316,0.05547708,1.7982211,1.885097,190.99586879096955,-21.693954521482283,39.029393621927284,0.45404476,1.0,0.0
0.64395225,0.047091894,1.025706,1.0319955,5.502133,9.935143,10.0616,0.25892055,1.9152431,1.9536954,-544.047918165579,39.91597826924772,13.955585778144723,0.54018414,1.0,0.0
0.58399236,0.020334912,0.90812546,0.94824994,5.6166725,3.1977413,2.1380892,0.52356267,0.19819312,0.08692915,-1167.9743523061152,213.73332275383825,-41.5669512664407,0.62060237,0.0,0.0
0.44616187,0.033449624,0.9461934,1.0040661,4.910888,3.0197873,1.4327464,0.036298294,0.22607543,0.118978634,-305.1482574596572,-42.19955604533516,-650.034619306436,0.5715973,0.0,1.0
0.4619934,0.07379749,1.1886157,1.1184982,4.6912932,6.3588977,4.8193684,0.42799243,0.9371177,0.8383865,-1721.3232831143982,233.94386864311173,-213.07968656816865,0.8775164,1.0,1.0
0.4939128,0.034481436,1.0256199,1.0761551,6.964912,6.1630216,6.696231,0.63667464,0.9466936,1.1721138,-48.652194932446946,142.46470054513884,32.86283499870615,0.80563426,0.0,0.0
0.59517103,0.016954295,1.0220158,0.97940767,8.571395,7.0214605,6.976725,0.88306886,1.102589,1.2513692,711.0487943238727,144.50865992089166,16.07838048841313,0.8876079,0.0,0.0
0.15383753,0.021601642,0.9444143,0.7754512,5.5154033,6.7311606,6.806084,0.6118901,0.94889826,1.2294556,-1476.6490672926934,332.6093760734798,-11.465055197741549,0.97464365,0.0,1.0
0.10824273,0.019465886,0.7411604,0.79013944,6.779407,6.8559294,4.2916117,0.5682208,0.9917479,0.38914168,-76.61603857857199,287.86631431559726,186.72828147417863,0.96640813,1.0,0.0
0.26284167,0.021797052,0.95929384,0.8336958,7.0870914,6.004652,3.9728842,0.88090545,0.953283,0.4096951,-384.65357025561343,62.78298670748882,0.647941866132669,0.74546224,0.0,0.0
0.21305792,0.026934627,0.9545694,0.9155184,4.672088,5.443691,3.545366,0.70371497,0.7641553,0.042927492,-2360.119853879909,79.91263796574503,1091.7269740289362,0.79150265,1.0,0.0
0.25168765,0.020754566,0.9937315,0.9707846,7.0024953,5.416068,4.8323607,0.7798621,0.73604155,0.34108356,-303.77805450942606,99.10245500703604,535.097974415715,0.8111171,1.0,0.0
0.26511857,0.018938793,0.9546023,1.0147512,7.162673,5.5688677,5.4590664,1.0147034,0.82167584,0.5895278,-486.1511302774434,70.99596557385394,431.8941863747789,0.76739573,1.0,0.0
0.27111173,0.028745981,0.9322314,0.9725113,5.3215466,5.925133,6.956698,0.5984539,0.8091307,1.2379512,-1648.160890190124,227.53300388316256,29.702155782613772,0.8836452,0.0,1.0
0.35018975,0.0032029068,1.0258956,1.003236,5.1706085,5.1797733,4.3733063,0.5300072,0.123387456,0.5853244,-1629.5294629952214,1305.5608942570266,-59.25212323303208,1.0497904,1.0,0.0
0.25895795,0.021876732,1.0079594,1.0658772,7.887041,6.880059,5.1714087,0.17271794,1.1590762,0.8516207,1969.7133724043497,40.476247106327264,-76.57805362710315,0.7568787,1.0,1.0
0.3780586,0.053240236,0.9000777,0.9932633,8.374982,6.88112,5.8226056,1.2323333,1.0900451,1.0338145,184.64581748148703,123.07463333586884,-43.52318735348808,0.8574395,1.0,1.0
0.40558496,0.073909156,1.0391974,1.0610174,6.9387455,4.497534,4.734241,1.001664,0.17393097,0.47199297,-682.58263287103,885.1580983493706,268.65447363039584,0.9007291,0.0,0.0
0.33950853,0.080597684,1.050563,0.9615356,4.29019,6.382648,4.7014914,0.0011038366,0.972911,0.6814597,-553.3026427878377,184.94039093421588,-33.30502970427051,0.8434625,1.0,1.0
0.2488872,0.032421548,1.099674,1.1334542,4.819972,6.944279,4.931874,0.31329378,1.089933,0.75005805,-1292.6659586431745,146.01676312453264,-19.005878724385866,0.87854433,1.0,1.0
0.31686357,0.019468548,1.0761445,1.054573,5.49445,6.0719867,6.924315,0.57793593,1.0235032,1.1167082,-1424.1577625503705,-41.33970913297571,172.44154166568615,0.66708475,0.0,1.0
0.41113782,0.019342598,0.9848804,1.029389,5.9896264,6.7481704,7.22279,0.09067154,1.0513855,1.322616,558.7722983947924,156.93343551642374,-13.852383629690394,0.8636771,0.0,0.0
0.44662765,0.097069435,1.0159036,0.9702556,5.5285196,9.879441,10.336663,0.20868216,1.8838112,2.0105002,-357.7810599777265,81.77478044980262,28.881777934361708,0.60843843,1.0,1.0
0.70468515,0.08147268,1.0740641,1.0665153,6.4299326,10.381063,10.585914,0.4550764,2.0397067,2.0897558,-122.4767922842857,-25.44863154325003,-57.10189265498093,0.3956219,1.0,1.0
0.31975323,0.08353266,1.0971545,1.0153975,6.470717,9.808538,10.443145,1.0398825,1.8860159,2.067842,-1154.6125339453984,43.97732618948021,-81.58589010563355,0.55079573,1.0,0.0
0.35005057,0.078442484,1.0099572,1.0413433,6.0061846,2.9752326,3.4031718,0.14022838,0.054630198,0.4492448,400.95032951783423,657.7229583298471,-274.22338401646925,0.6047519,0.0,1.0
0.38405827,0.054057553,0.8833516,0.93794703,5.7674117,9.707088,6.788932,0.45291302,1.8904006,1.2480816,-824.4901790015929,-31.704387648170268,-36.02612637430866,0.4512571,1.0,1.0
0.4620239,0.03938082,1.0401813,1.0473617,6.9619555,2.8791265,5.142152,1.1317074,0.17296237,0.881314,-805.9164246454188,15.984487715361524,-123.78380147041571,0.56056035,0.0,1.0
0.3711979,0.08288201,1.0629972,1.0545884,5.843067,2.4402556,4.1050477,0.35186967,0.20107612,0.49730292,-442.1603910252509,-513.0351964008164,-69.67668244818333,0.45387486,0.0,1.0
0.6715217,0.08202868,1.0759851,1.0607643,6.1796618,2.3036127,3.7303386,0.58671093,0.115441866,0.24885869,-705.3616909497332,-280.45183444135944,210.792291671567,0.4552225,0.0,1.0
0.38394842,0.09297632,1.0729024,1.0369623,6.986696,9.32855,10.481175,1.0264463,1.7462485,2.0763376,-669.3684453941137,92.61508065137741,-79.06335579202369,0.6704249,1.0,0.0
0.46815002,0.08051791,1.100028,1.0271012,7.3681393,5.431235,7.6793275,0.95799965,0.81373024,1.423711,-258.24170965884105,18.61980920016731,-8.323317551817127,0.73440415,0.0,1.0
0.47752348,0.058636956,0.99590075,0.98052865,8.278814,2.7191305,1.7382256,0.2552745,0.22195855,0.01323422,1976.85837481327,-316.54677731335323,109.19464206893127,0.5067063,0.0,0.0
0.6885717,0.09220572,1.0372466,1.035944,7.3979387,2.546677,1.3565218,0.80434084,0.15292737,0.19542807,2.84086212646298,-221.41712605509701,-1010.7609416609821,0.49585345,0.0,0.0
0.49446952,0.13499619,0.996001,0.98374367,7.3048487,4.812544,7.5390477,0.5736716,0.7631867,1.3103794,377.11309943552897,-126.14523224559139,98.70868754687717,0.5985827,1.0,1.0
0.38160834,0.1955226,0.9400992,0.917216,6.182005,2.1201334,2.7009184,0.4268886,0.035793338,0.15692675,-306.6878521214485,3.395421178006927,70.7903318691906,0.4312258,0.0,0.0
0.33284867,0.040367488,0.8907583,0.87629414,5.8898196,1.7613783,2.4248662,0.7412862,0.15281537,0.08832842,-1321.584385187617,-753.4749962664333,194.64206245900334,0.32394958,0.0,0.0
0.35013866,0.08531188,0.9777392,0.96306825,6.9247274,10.147196,10.15582,1.0059284,1.9606209,1.9550947,-695.8802682915439,51.35925584376082,62.99738852323344,0.5348182,1.0,0.0
0.6706938,0.08987041,1.009489,1.0825512,6.0280633,10.163022,10.927992,0.518664,1.9885032,2.1610024,-714.3790814650874,-9.412741019789792,-17.423251087165227,0.429796,1.0,1.0
0.54246205,0.03238517,1.0330677,1.0420809,5.240646,3.1275172,2.0852966,0.24639423,0.1558954,0.07925555,-762.3290392290321,303.0458356355938,-42.277597932950584,0.6182563,0.0,0.0
0.28874546,0.031144587,0.97335154,1.0012803,7.2331204,3.7288926,2.0348737,1.2485647,0.0022046617,0.05734181,-654.2604754973618,1440.3317776860763,50.85891402846562,0.7611537,0.0,1.0
0.43888772,0.031763576,1.0081322,0.9778701,7.2487864,10.223999,8.470394,0.068453796,1.9384415,1.5612555,1845.2769898544227,156.62314950367,28.87459244747697,0.66430664,1.0,0.0
0.51206446,0.04118187,0.99170226,1.1061487,3.5804424,3.5142753,4.8762503,0.24423084,0.00658942,0.7624186,-1551.0447905258256,1313.8236744824353,-70.52514715586449,0.7173169,0.0,0.0
0.3605514,0.043924093,1.0426464,1.0574572,8.059453,9.21501,6.350872,1.3403896,1.7108489,1.1291863,-91.88564741275741,115.705363677278,-7.265839118691929,0.69944364,1.0,0.0
0.36519158,0.030454898,0.93901664,0.97887325,6.844847,8.909147,8.248692,0.1431875,1.6827352,1.5131973,1233.0038763870634,38.46115413354619,21.82952382025678,0.59801626,1.0,0.0
0.56051713,0.031403072,1.0202411,0.99414235,7.8516436,9.4198675,9.275881,0.37802875,1.7683694,1.7616415,1298.0372820946052,95.85929019510877,25.744612250323826,0.66318816,1.0,0.0
0.54524446,0.041375626,0.9377637,0.994429,7.8101144,3.5697987,2.1190398,1.2351285,0.13756283,0.06583738,-213.98961351146227,683.5574165481307,55.112996381130074,0.7150284,0.0,1.0
0.3930181,0.03634097,0.93085086,0.9074966,9.2437105,6.791172,4.920344,1.1666818,1.070081,0.5867893,697.9465805417544,130.1197748488189,217.81058088460122,0.85374624,1.0,0.0
0.5247981,0.03580088,0.98939764,1.0185542,7.4112988,10.933543,10.410089,0.46395665,2.1057699,2.0237343,734.346052750966,110.0073747296492,30.63422734595997,0.60158503,1.0,1.0
0.8450524,0.06660003,1.0510763,1.0841489,7.0145884,10.621957,11.269708,0.59565866,2.0367386,2.2059283,72.10997179577498,114.1462769773957,56.83409714763184,0.61638606,1.0,1.0
0.4142656,0.092636876,0.9453613,0.92932713,6.946417,6.539455,5.037949,0.36498943,1.1206245,0.70012075,605.4719123279453,-23.681157120399803,106.30111009951725,0.6882795,0.0,0.0
0.58270544,0.1628731,0.9283205,1.0340502,6.7229176,10.1764765,9.798506,0.63557076,1.9196047,1.8535734,-274.3411727946259,172.35000485427054,68.02612773979581,0.69036925,1.0,1.0
0.39618552,0.05505863,1.0346072,1.0464414,6.7375855,10.624772,10.078407,0.9499684,2.0366266,1.9221717,-811.6330521005057,117.1173418717276,84.61789793530261,0.6187885,1.0,1.0
0.34656677,0.03471945,0.89103717,0.9764009,7.6836886,3.0591125,2.5547981,1.2146106,0.076809645,0.055405535,-274.7990718294068,611.2530412213645,487.5662948128439,0.6194983,0.0,1.0
0.7918646,0.03844018,1.1045666,1.0615582,5.445716,2.6337614,1.7729868,0.7273461,0.10469196,0.15050225,-1791.4072302228687,74.24608580357267,-623.7949065620528,0.526889,0.0,0.0
0.59876233,0.009720025,1.0788711,0.9758306,8.945201,2.3305438,1.7641003,1.4949589,0.15369073,0.021913739,381.5962744103049,-436.243515421088,60.4487244215957,0.44911548,0.0,1.0
0.5357008,0.020126278,1.0115685,1.0799478,8.160101,10.86202,8.635068,0.31484804,2.094337,1.6405109,1715.7119970811832,108.2839970879445,-22.97256618044912,0.5890425,1.0,0.0
0.63855547,0.026603138,1.0083406,1.0046556,5.3102217,2.5746162,5.0670285,0.0021633948,0.14930597,0.8416742,134.06192621921264,-185.70647711177878,-102.99608107799122,0.5029638,0.0,0.0
0.4444245,0.032922603,1.0350661,1.0031137,9.794381,9.695818,6.560163,1.5867838,1.8667443,1.2084417,626.1482574596575,17.617376223075553,-59.050293628984946,0.535822,1.0,0.0
0.5975886,0.014344012,0.99296445,1.0260458,8.286105,9.41845,8.395694,0.10320674,1.8386306,1.5924528,2499.0400327409384,-40.176600328351014,-31.31025402329078,0.4179883,1.0,0.0
0.55062693,0.019431945,1.0124174,1.0192783,8.367977,9.991655,9.623097,0.1316345,1.9242648,1.8408971,2440.749528758225,33.72616122795671,25.419987936008056,0.5501249,1.0,0.0
0.63918227,0.017754328,1.0000379,0.9372426,8.921842,3.339132,1.6143359,1.4815227,0.29345822,0.013418168,376.39390983081876,21.703205510972566,37.236444814020075,0.6122656,0.0,1.0
0.5090595,0.017431749,1.0115978,1.0334411,10.348435,7.04336,4.4939823,1.413076,1.2259765,0.66604483,785.679722353902,19.47276939743142,-117.63945166498115,0.70809215,1.0,0.0
0.7462989,0.021845546,1.0400425,1.0442778,10.26605,11.56779,10.661185,0.7103509,2.261665,2.10299,1569.3250354309857,74.24115114669257,-36.30764049829304,0.49730608,1.0,1.0
0.89520997,0.044655766,1.0519527,1.012489,8.952834,11.179466,11.504413,0.34926444,2.192634,2.285184,2090.1104709606484,47.665926742225565,7.073809892013742,0.44671747,1.0,1.0
0.44289497,0.07818167,1.0468237,1.0613313,8.736502,7.3776,5.4547806,0.11859519,1.2765199,0.7793763,2726.401474108235,40.91952468084037,135.20640088318987,0.75529814,0.0,0.0
0.6285114,0.13325325,1.0646077,1.0052509,8.291547,10.712539,10.124055,0.88196504,2.0755,1.932829,525.6976120341296,74.01085243854504,84.09862950382376,0.54260075,1.0,1.0
0.67827183,0.037822757,1.0634165,1.0388609,8.045544,11.209015,10.303623,1.1963626,2.192522,2.0014274,-3.8927788505579883,59.63699163655656,31.44284911092882,0.47710872,1.0,1.0
0.548931,0.015334586,0.9937466,0.947692,8.800475,2.736369,2.6514912,1.4610047,0.079085745,0.13466108,316.1513850994111,302.45558696104166,127.88830696764956,0.5526961,0.0,1.0
0.52207446,0.02472666,0.9723993,0.9945912,6.958319,2.3791156,1.2061583,0.9737404,0.051203433,0.0712467,-626.810207065254,98.02851579381087,-461.2808638150821,0.48281494,0.0,0.0
0.12151305,0.015792087,0.92806053,0.9864458,8.960893,10.079016,8.468225,1.1801109,1.9406462,1.6185973,575.6757185558554,70.79676013767903,-40.68321284695867,0.5565468,1.0,1.0
0.29413927,0.026670981,0.9798116,0.9816634,8.320912,3.1464179,4.873866,1.4927955,0.0043847584,0.81976044,14.920683265433581,1077.5632585314215,-161.6440236268677,0.6422443,0.0,1.0
0.21862306,0.029174753,1.0059777,1.0353264,3.352479,9.200065,6.248831,0.0918249,1.7130536,1.1865281,-1055.8765193154645,100.90790941695514,-102.69823617786142,0.6854858,1.0,1.0
0.20872834,0.0063743345,0.92670053,0.936639,9.404371,8.907522,8.453753,1.3917521,1.6849399,1.5705391,606.9505843398015,31.634764767555225,11.188113035643255,0.59049433,1.0,1.0
0.3955821,0.012340896,0.9591932,1.012875,10.302205,9.361784,9.564836,1.6265934,1.7705741,1.8189833,689.2821246327303,68.94609551211352,40.66753852440934,0.6214796,1.0,1.0
0.29776758,0.006847683,0.93476313,0.78704923,3.0108056,2.466203,0.9910559,0.013436174,0.1397675,0.008495571,-800.3727040141276,-245.1532323951875,-97.51600459757859,0.48277768,0.0,0.0
0.3194141,0.022071173,1.0717916,1.0676486,5.6104283,6.4356875,4.535691,0.08188284,1.0722857,0.6441311,173.93606664223353,14.23551527149175,-62.41280244912423,0.72666925,1.0,1.0
0.30334872,0.018033188,0.9652194,1.024888,8.377892,10.96665,10.617976,0.784608,2.1079745,2.0810761,737.613287932239,122.0652449409854,6.208362051053882,0.61841536,1.0,0.0
0.56130004,0.050805848,0.97997415,0.98911947,10.82574,10.555305,11.399489,1.8442234,2.0389433,2.2632701,695.6167925654127,74.43562803407758,1.2586563627828582,0.5583538,1.0,0.0
0.40680432,0.07893599,1.0510929,1.0539758,10.155406,6.8777275,4.948481,1.6135541,1.1228292,0.75746256,678.2553511981159,73.46351840794114,-27.734160881308526,0.81097925,0.0,1.0
0.32075125,0.15448599,1.0453835,1.0314269,6.016997,10.156126,9.980217,0.6129939,1.9218093,1.9109153,-935.2844982856432,153.55255059394767,56.17896911186972,0.67122763,1.0,0.0
0.15988179,0.041354805,1.0412246,1.0734624,4.4681973,10.605808,10.219372,0.29859626,2.0388312,1.9795135,-1462.9470797066274,100.40669292840903,32.25147087589767,0.59729767,1.0,0.0
0.24324733,0.017114354,1.0452483,1.0137658,2.6863272,3.0203261,2.1048613,0.033954147,0.07460498,0.11274735,-883.2151910461937,593.8768848476782,-194.74526597294573,0.6118014,0.0,0.0
0.50637084,0.024521599,1.0435158,1.0353478,4.6467776,3.2474563,1.4293898,0.52121854,0.102487296,0.093160436,-1995.6633301682941,642.0435400638954,-517.9190087175641,0.6545794,0.0,1.0
0.31867695,0.016292864,1.0243076,0.88716096,8.162484,10.343813,5.382616,0.31268463,1.9450309,0.79883677,1726.9828590670825,210.0571760886928,89.77073794188891,0.71925426,1.0,0.0
0.26678067,0.026889293,0.9241699,0.97445446,8.651273,2.9664881,3.8316474,1.2719358,0.22759257,0.43206915,337.873391675711,-92.14168583399896,-107.51600323209095,0.5592068,0.0,0.0
0.13401264,0.015367635,1.0151907,0.94754547,5.7637715,3.2330651,2.8177202,0.21164128,0.2557063,0.048058134,-106.70073967388271,49.43353857046873,716.5630289307123,0.60615134,0.0,0.0
0.37436602,0.011484775,0.92499644,0.94630206,7.3500166,2.9037228,2.923188,0.44648254,0.17007206,0.20038609,721.6869759631554,64.49259091900262,24.740691280083638,0.5667338,0.0,0.0
0.2705972,0.025514264,0.86449385,0.9706049,8.27629,9.255793,8.53593,1.1666747,1.8008786,1.6270928,181.608784969319,-29.49140878180515,-40.411495003881555,0.43735024,1.0,1.0
0.2716605,0.020619435,1.0417408,1.0969751,9.37382,5.8578286,6.133046,1.098228,0.86836046,0.9744661,816.8426144430496,122.73207191394431,108.18092754875897,0.8026754,0.0,0.0
0.22828668,0.018171737,0.9550215,1.0005101,7.590651,2.7894258,4.119212,0.39550287,0.16732834,0.46247903,1052.0877013240806,-47.738889926342836,-14.742652447948103,0.5431746,0.0,1.0
0.54054856,0.04985811,1.0049485,1.0330881,8.13484,3.157997,4.215693,0.66411245,0.098297164,0.6446729,816.3848375797215,595.2912273165228,-217.39190107657964,0.63676876,0.0,1.0
0.3660917,0.050894707,1.019352,1.0638142,6.321229,5.1377983,5.7433457,0.43344322,0.8178169,0.86113465,-180.2161893759403,-92.14870995448746,122.69366421597442,0.6349658,1.0,0.0
0.3121576,0.1532488,1.0682203,0.9911377,7.6133275,3.3342633,4.3117323,0.567117,0.01883686,0.29231805,633.6815968419419,1154.8201967735392,357.21685088671825,0.68033206,0.0,1.0
0.2363586,0.026330767,1.0399798,1.0499747,6.962834,2.6088696,3.9978452,0.8815146,0.09818518,0.36091638,-496.9779791107421,79.26229221085464,93.87132519985812,0.52301973,0.0,1.0
0.2302222,0.018593622,1.0255036,0.91376853,9.0468025,10.385023,8.237997,1.1461567,2.0152512,1.5058498,636.839486803296,37.72845679965485,27.66231283990146,0.5130702,1.0,1.0
0.44004562,0.023997923,0.9936043,1.039778,8.472549,10.508502,8.983376,0.65889233,2.0431335,1.7117577,1048.655699565621,30.898589724768044,-9.237752259263289,0.5028571,1.0,0.0
0.45328528,0.026498463,1.0175298,1.0200214,9.0601635,8.961426,3.7591522,1.5846204,1.7174383,0.3667676,400.81046188722166,1.1104551566322698,-22.898759702153484,0.52310336,1.0,0.0
0.41386825,0.023947276,0.9658005,0.9918241,7.52443,8.746537,5.903413,0.10104334,1.6893246,0.7507786,1949.6888504511953,-27.191624598435737,324.05682539324744,0.46352237,1.0,0.0
0.32315797,0.01774385,0.9213062,0.96618044,7.6628704,9.360854,6.36726,0.1337979,1.7749588,0.9992229,1944.8030756274538,58.14864125179065,140.6198563721914,0.607715,1.0,0.0
0.1609532,0.03563857,0.9889676,0.9759873,8.610121,3.662711,5.1163144,1.4793594,0.14415225,0.828256,216.21831868594745,699.4833399295123,-61.4141085288793,0.73302895,0.0,1.0
0.5750815,0.026827402,1.0312668,1.0173188,9.235061,6.5037317,4.389469,1.4109126,1.0766704,0.17562933,535.0041312090307,30.46699611683698,765.2952306923879,0.7449285,1.0,0.0
0.36326078,0.018988611,0.9678555,1.0218568,8.658047,10.817692,7.109196,0.7081875,2.1123593,1.2613158,1073.960466423935,55.267790680662074,32.43370382166813,0.4774464,1.0,1.0
0.60713476,0.04471835,1.1166776,1.1232637,6.826966,10.480826,7.663752,0.35142785,2.043328,1.4435096,551.4884266850061,14.956459936104693,-44.63357225785194,0.4773177,1.0,1.0
0.6223222,0.037918214,1.0268844,1.0437809,6.864008,6.578688,4.585335,0.120758586,1.127214,0.062297877,1329.779429832593,-20.362870958049825,1412.5904620675199,0.69263554,0.0,0.0
0.40223122,0.1475159,0.96018296,1.0632758,7.026651,10.019896,6.589141,0.87980163,1.9261941,1.0911548,-443.0047525453565,55.7840314392929,90.87720460698756,0.56431067,1.0,1.0
0.34726948,0.009520536,1.0282035,1.0481,7.487133,10.490027,6.701939,1.1941992,2.043216,1.1597531,-414.24396114030105,23.927524830436596,49.528413037995506,0.4861575,1.0,1.0
0.36919555,0.029523019,0.95483553,1.0509442,8.271033,2.670237,5.0722246,1.4588413,0.070220225,0.7070131,0.47579395453931284,280.1245721003056,111.46832107987257,0.5403276,0.0,1.0
0.548983,0.033760525,1.0403298,0.99912786,6.7760224,2.9710305,5.2053704,0.971577,0.09810254,0.9129209,-790.8235937825616,438.23335710518654,-126.21946441171667,0.59813666,0.0,0.0
0.3868621,0.029579353,1.0456862,1.0377681,9.04196,2.3426988,4.328221,1.483577,0.028113747,0.38401103,428.23170540325464,205.03547121160267,208.56107049382354,0.47733977,0.0,0.0
0.43564773,0.027302796,1.0904977,1.0031198,9.89466,2.4322267,5.0725703,1.7184184,0.057520505,0.6324553,609.104969667982,113.09911470353336,220.1691700999877,0.49299306,0.0,0.0
0.43188876,0.037234727,1.0310602,1.0378475,3.5526884,8.39755,6.3978167,0.10526107,1.573286,1.1950237,-1084.8930336725252,20.091953177651703,-82.46832107987302,0.59993476,1.0,1.0
0.34519556,0.03097147,1.101831,1.0531622,4.8016825,4.9248557,4.500178,0.17370774,0.6407679,0.5423969,-873.5842630161642,24.324684862891218,62.59830127702571,0.76347935,0.0,0.0
0.49354216,0.020708587,1.0137905,1.0260646,8.6687355,3.494228,5.294446,0.8764329,0.39492092,0.8945482,786.6039050129784,-121.72852550235166,-65.59568911751603,0.58845013,0.0,1.0
0.4205505,0.06278599,0.9478461,1.0051925,10.909857,3.6488783,5.9319415,1.9360483,0.32588974,1.076742,688.0482951589993,101.13375438709932,-64.41541460863436,0.6664336,0.0,1.0
0.36524135,0.08955617,1.02603,1.0735918,10.047315,4.4413166,3.8560777,1.705379,0.5902243,0.42906547,638.0781962333676,-50.46929168853558,-91.57870734972425,0.6775007,1.0,0.0
0.38653415,0.15388438,1.026848,1.0092307,5.126952,3.3182034,4.919756,0.7048188,0.20875572,0.7243872,-2034.7552848728583,272.7460514522245,12.178967746382341,0.6429425,0.0,1.0
0.26206198,0.028913314,1.0048089,1.0297161,3.548617,2.9449205,5.1654596,0.39042115,0.32577774,0.79298556,-2003.0461658489921,-388.9241158242371,5.603526961533589,0.50080264,0.0,1.0
0.3454128,0.031087574,1.0502911,1.0743562,3.7192037,9.328335,6.001688,0.12577905,1.7876586,1.0737807,-1132.073316277027,13.929889104831545,-42.45721735372308,0.5448526,1.0,1.0
0.37702763,0.035707645,0.96682584,0.98740035,5.504746,9.445253,6.8595138,0.6130434,1.8155409,1.2796885,-1490.9467027132073,18.463449705244784,-64.93925500199975,0.53260726,1.0,0.0
0.41925347,0.014038137,0.9653381,0.93648803,5.139238,2.2046123,2.6490736,0.23484124,0.085634254,0.24844423,-806.5967735751778,-218.47381412923585,-289.22860970097736,0.44144577,0.0,0.0
0.37613004,0.01985264,0.93182695,0.9007688,9.468198,8.1129,8.399182,1.378316,1.5451723,1.5790347,637.5860153327512,-36.891840415066326,-20.519267748735274,0.5053962,1.0,1.0
0.23695746,0.02167415,0.9020579,0.9347195,10.104125,4.635272,6.0230603,1.3098693,0.6126541,0.92640793,805.6560765590411,-32.659108729826585,116.24036578426058,0.7101091,0.0,0.0
0.18198004,0.0199681,0.9294337,0.9509911,9.497055,3.1701055,4.0151396,0.6071442,0.42303467,0.51053715,1623.6485681278205,-380.2239000076065,-113.42586597765035,0.4819928,0.0,1.0
0.73182493,0.043906715,0.9670935,0.97994095,7.1088247,2.9287732,4.663645,0.4524712,0.3540035,0.692731,509.83422985353536,-457.2458796954829,-68.94970637101574,0.47630304,0.0,1.0
0.45313868,0.07432793,1.04981,1.0363264,6.5648766,4.3691373,5.834576,0.22180194,0.5621106,0.8130765,701.8378566581623,-39.482020386921704,206.188765392777,0.68282974,1.0,0.0
0.41819087,0.1538016,1.0258608,1.0806276,7.839049,3.0446496,4.73505,0.7787583,0.23686945,0.34037617,369.8707632008309,-49.33150287528997,489.0143689255374,0.5725387,0.0,1.0
0.34176916,0.038983624,1.0797558,1.056393,7.8491917,2.876015,4.4799223,1.0931559,0.3538915,0.4089745,-56.197545708871985,-518.274814801151,234.564336375955,0.46280318,0.0,1.0
0.21363974,0.015932452,0.9801348,1.0290706,9.347567,9.075486,7.9104176,1.357798,1.7595448,1.4577917,612.181286173779,-34.66154170691834,-9.19464343441905,0.45481208,1.0,1.0
0.6657903,0.024210462,1.0883157,1.0134795,8.042791,9.225155,8.724952,0.87053365,1.7874271,1.6636995,376.19917585400617,-20.127981106505104,-23.491834611927516,0.46686396,1.0,0.0
0.36689296,0.015354132,0.92491865,0.96697295,10.209702,8.5520525,9.620223,1.6131573,1.6308066,1.8274789,685.91755562568,-7.564303263226066,47.897453622397734,0.5263612,1.0,1.0
0.46533853,0.020181328,1.0497148,1.0479064,9.874632,5.0440707,7.3311687,1.5447105,0.6982884,1.1748521,657.3923460109422,6.916115674640878,208.92553911633922,0.7430927,0.0,0.0
0.4421342,0.007440747,1.0135986,1.0453082,10.074172,3.1142106,3.9982111,0.8419854,0.3374004,0.26209292,1309.2424636456817,-275.20073818253263,294.607445200799,0.53433496,0.0,1.0
0.6788988,0.04894164,1.0600462,1.0383477,7.2157893,3.4622061,4.0183964,0.21762994,0.26836923,0.44428676,1303.0953319267544,152.53307258585937,-22.286088134102556,0.65148294,0.0,1.0
0.52097607,0.057703834,1.0412605,1.0743128,7.003852,4.3911037,6.837317,0.0130393095,0.64774483,1.0615207,1817.2761136961294,-133.44383429176332,200.22926205811063,0.60527045,1.0,0.0
0.6814137,0.14944898,1.1030728,1.097305,8.344263,2.676728,4.290936,1.0135995,0.15123521,0.09193195,387.82209628794226,-89.61967179477426,1111.9555830471695,0.52412903,0.0,1.0
0.54327154,0.029907173,1.051016,1.0598265,8.911383,2.6284611,4.0478764,1.3279971,0.26825723,0.16053027,446.7230101455775,-543.4958625198087,681.9157401044571,0.4614181,0.0,1.0
0.4661427,0.01579378,0.9883247,1.0013094,10.319746,9.597921,8.997564,1.5926392,1.8451791,1.706236,708.4994397494006,11.315296468008,3.574135387837032,0.5401758,1.0,1.0
0.5738508,0.025067141,1.0083364,1.0074323,9.449833,9.658617,9.87757,1.1053749,1.8730614,1.9121437,830.2339568847146,-10.977532297569724,-4.7165240254080345,0.48217896,1.0,0.0
0.5906073,0.029419694,1.066056,1.0454855,5.1778183,5.9197106,4.658965,0.068446666,0.93251824,0.6526267,-207.06080571801306,50.71238779776604,-20.099281860957944,0.7445138,1.0,1.0
0.40902558,0.021025967,1.0400659,1.0319297,9.050467,10.26822,10.570766,0.7711718,1.968207,2.0895717,1140.4526473245514,106.79328242878319,-64.12279402752529,0.59827423,1.0,0.0
0.5445469,0.05904426,1.0433623,1.0399565,11.284358,10.002722,11.419983,1.8307872,1.8991758,2.2717657,733.9412014205409,100.99005488786634,-1.4069216765074088,0.64170116,1.0,0.0
0.5967785,0.08505162,1.0289652,1.0737009,9.499712,5.9609346,5.3036523,1.6001179,0.98306173,0.76595813,553.8640087564509,-19.538777163757004,113.64206382449083,0.6883702,0.0,1.0
0.5128451,0.15429316,1.0049894,1.0402032,5.3299985,9.62156,10.092686,0.5995577,1.7820418,1.9194108,-1640.7963211830738,149.52479762547682,98.492489700036,0.7411307,1.0,0.0
0.33145717,0.048123322,1.014488,1.0660126,4.369002,9.989095,10.247851,0.2851601,1.8990638,1.9880091,-1469.890405197645,91.96111978219778,24.87851205222978,0.6331448,1.0,0.0
0.4645469,0.02498103,0.96197647,0.9418408,3.0091217,2.5932727,1.9072748,0.020517971,0.21437247,0.12124292,-832.4963121096467,-415.29909006072603,-398.67929597318096,0.4820172,0.0,0.0
0.5448992,0.033143606,1.041446,1.0187186,5.4850316,3.249104,1.4392809,0.50778234,0.2422548,0.08466487,-1276.9042910798253,102.18932902673714,-472.7550636193404,0.6154095,0.0,1.0
0.32388413,0.021233074,1.0531536,1.0418286,9.4917345,6.048658,7.895025,0.7027252,1.0356888,1.4369451,1443.8533726854766,-75.58739638560337,20.136512644159666,0.63803023,0.0,1.0
0.6759241,0.05036173,1.0667856,1.0500292,11.184484,5.795487,8.681043,1.7623405,0.9666576,1.619139,737.834107682083,-74.3778952281341,16.379491270674407,0.6527823,0.0,1.0
0.3182158,0.081109956,0.96319693,0.9899155,10.019981,3.9086163,3.8923433,1.5316713,0.050543517,0.11333145,693.027777003892,1276.8259700541337,814.2756353995986,0.7961735,1.0,0.0
0.3725764,0.08408036,0.9509071,0.97078615,5.9277816,5.3161287,7.3569403,0.53111106,0.84952354,1.2667842,-840.1782807054778,-67.04917593909659,95.60091480202345,0.65252614,0.0,1.0
0.3863007,0.039024133,1.0522674,1.0006346,5.3101397,6.01601,7.978837,0.21671341,0.9665456,1.3353825,-607.2826237976033,38.593169666197355,159.6074465662864,0.7313547,0.0,1.0
0.19203658,0.017084317,0.9996014,0.9849341,5.7622447,7.1829123,4.9333663,0.0479287,1.1468906,0.53138375,458.4706591762317,127.071155626973,296.305682061404,0.8829466,1.0,1.0
0.5554498,0.015487825,1.0705124,1.0459937,7.1673307,6.825818,4.788294,0.43933567,1.174773,0.7372916,598.2286999349544,6.054949219691025,-74.42390617527394,0.70973885,1.0,0.0
0.55429256,0.043526486,0.87783813,0.86305666,8.379982,1.9308478,1.6966263,1.0596154,0.06903118,0.18219386,355.21031108985335,-292.02010342803527,-797.0150240136467,0.38778433,0.0,0.0
0.5450341,0.08086859,1.0185446,1.0069226,8.755333,5.8867073,7.768438,0.8289461,0.9851453,1.3236136,900.1085964726085,-58.45197184675271,123.23122186048704,0.6579812,1.0,1.0
0.3151538,0.14974311,1.0146829,1.0276309,8.672071,2.476414,3.1265495,0.17161411,0.18616521,0.17016096,2509.673212252428,-428.56875700122964,264.68909088860016,0.46842775,0.0,0.0
0.330582,0.031155756,0.9763816,0.9596338,7.7303205,2.515991,2.7748349,0.48601174,0.06914317,0.10156264,910.0854498426206,134.00883167763288,386.958848929301,0.50870305,0.0,0.0
0.3068584,0.018091554,0.9855234,1.0292153,9.002208,11.155168,10.191789,0.75065386,2.1825795,1.9683288,1156.8738908405844,61.0582895231928,46.74983793483216,0.47198358,1.0,0.0
0.59543556,0.027491348,1.0563337,1.0543109,8.523969,11.280116,11.027931,0.2633895,2.2104619,2.1742368,2107.7079932831366,61.244628855589326,4.329198324434401,0.4604114,1.0,1.0
0.61630434,0.09371676,1.0121102,1.0080025,6.2567515,5.886714,8.399528,0.23066926,0.9161141,1.5058075,369.34967955559296,64.9022048390575,66.6414114673571,0.75475645,1.0,1.0
0.47225985,0.17252217,1.0264815,1.0089505,8.974554,2.642234,3.344032,1.2312294,0.11713403,0.35235482,541.294635191744,33.77964640398591,-139.48399813339688,0.52592736,0.0,0.0
0.3536141,0.049677357,1.0039285,0.9575945,9.684871,2.7041008,2.7030659,1.5456271,0.0001119891,0.2837565,615.0679371558135,688.0424266293945,-348.24297930925854,0.55197227,0.0,0.0
0.68931025,0.048068542,1.1011192,1.055941,11.284332,10.880498,11.02584,1.8102692,2.1135483,2.1505227,738.2388368410548,81.32566089199918,58.11691871685798,0.52868056,1.0,0.0
0.4135298,0.0611934,0.9436738,1.0083714,9.443077,10.988579,11.87116,1.3230048,2.1414306,2.3564305,659.3718278558345,68.97496191508435,31.516004597579013,0.5043861,1.0,1.0
0.47122905,0.20180778,0.98134965,0.9873158,7.813263,5.3627105,7.2348957,1.0005602,0.79898006,1.1534526,28.40398041166236,13.954301769799258,214.34030068509583,0.73028064,1.0,1.0
0.40785494,0.038532533,0.9638553,0.9765981,9.302642,5.501638,7.866998,1.3149579,0.9160021,1.222051,620.0206455660914,-91.12673026661105,284.34683244935877,0.6222112,1.0,1.0
0.38516268,0.081690535,0.9995575,1.0154976,9.912457,6.752661,5.108578,1.5796,1.1974342,0.64471525,658.7970751699145,-34.308478455609475,209.62900029596472,0.63745,0.0,1.0
0.5346563,0.0868509,1.0204709,1.0396566,9.165679,6.8647957,5.57489,1.0923356,1.2253165,0.850623,740.7890675738204,-29.556165708236676,82.35924225526378,0.6321394,0.0,0.0
0.26724514,0.15434347,1.0093383,1.0231335,4.386421,2.108422,3.5215056,0.31439763,0.11702204,0.06859832,-1547.9769807809955,-417.3071589130186,911.4056155967518,0.4134756,0.0,0.0
0.2474315,0.14780556,0.90511626,1.0574752,5.83822,10.497015,9.541307,0.57903975,1.9964143,1.798168,-1044.4687846881916,158.96341535389638,62.040497348077224,0.6628721,1.0,0.0
0.46977133,0.12678802,1.0763314,1.0310478,5.448963,10.376679,10.44257,0.09177537,2.0242965,2.0040758,-33.21431488790017,12.393964230022902,95.61006009128414,0.46686277,1.0,1.0
0.3042705,0.04473628,0.99817663,0.9931103,4.7875805,10.884293,9.855285,0.26464212,2.1134362,1.8667662,-1178.2786199995564,83.29672578633108,67.50685930831742,0.5323885,1.0,0.0
0.45369345,0.048941236,1.0629221,1.008555,4.8404436,10.851565,10.674819,0.22262226,2.1413186,2.072674,-1009.1487566245305,12.946026809417162,71.6649263648992,0.36086327,1.0,1.0
0.6289537,0.010821999,1.0421597,1.0064256,5.0588,2.636986,2.3495202,0.48726436,0.027882313,0.20590779,-1626.8877767227646,490.0065361059345,-392.02939362192797,0.53751975,0.0,1.0
