pair_index;stim_i_0based;stim_j_0based;stim_i_1based;stim_j_1based;ResCLIP_RDM_absdiff;R1_Calorie_profile_residual;abs_ResCLIP_RDM_absdiff;abs_R1_Calorie_profile_residual;rank_abs_ResCLIP;rank_abs_R1_CalRes
4357;75;83;76;84;5,166731;76,208738;5,166731;76,208738;1;2456
3322;45;83;46;84;5,0707614;100,43445;5,0707614;100,43445;2;2080
2523;31;75;32;76;4,8194417;-926,2609;4,8194417;926,2609;3;97
2493;31;45;32;46;4,7234722;-505,86965;4,7234722;505,86965;4;527
3678;53;75;54;76;4,6869734;31,219171;4,6869734;31,219171;5;3658
3806;56;83;57;84;4,6517698;41,7921;4,6517698;41,7921;6;3349
3512;49;83;50;84;4,6147594;77,845311;4,6147594;77,845311;7;2426
3292;45;53;46;54;4,5910039;-15,808582;4,5910039;15,808582;8;4087
4141;66;83;67;84;4,5409899;8,5607569;4,5409899;8,5607569;9;4293
3986;61;83;62;84;4,3633944;45,246993;4,3633944;45,246993;10;3246
4329;74;75;75;76;4,352068;46,562915;4,352068;46,562915;11;3212
2504;31;56;32;57;4,3044805;-38,581417;4,3044805;38,581417;12;3443
2497;31;49;32;50;4,2674702;-976,541;4,2674702;976,541;13;81
3313;45;74;46;75;4,2560985;-7,1627582;4,2560985;7,1627582;14;4338
4112;65;83;66;84;4,2066077;3,1046132;4,2066077;3,1046132;15;4455
2514;31;66;32;67;4,1937007;-64,446199;4,1937007;64,446199;16;2720
3659;53;56;54;57;4,1720122;-59,50532;4,1720122;59,50532;17;2861
4286;72;75;73;76;4,1476756;110,0224;4,1476756;110,0224;18;1973
3482;49;53;50;54;4,1350019;46,897408;4,1350019;46,897408;19;3204
542;5;83;6;84;4,1127632;96,671837;4,1127632;96,671837;20;2130
4351;75;77;76;78;4,0925123;79,523684;4,0925123;79,523684;21;2390
4411;78;83;79;84;4,0903308;-31,704388;4,0903308;31,704388;22;3642
2717;34;83;35;84;4,0628131;-53,713501;4,0628131;53,713501;23;3019
3669;53;66;54;67;4,0612324;-103,3964;4,0612324;103,3964;24;2042
3311;45;72;46;73;4,0517061;186,03283;4,0517061;186,03283;25;1427
261;2;75;3;76;4,0491994;30,512;4,0491994;30,512;26;3678
2509;31;61;32;62;4,0161051;-235,27245;4,0161051;235,27245;27;1217
3316;45;77;46;78;3,9965427;119,67532;3,9965427;119,67532;28;1874
231;2;45;3;46;3,9532299;-15,817832;3,9532299;15,817832;29;4086
4082;64;83;65;84;3,9439583;78,862837;3,9439583;78,862837;30;2401
2062;24;83;25;84;3,9419495;20,833764;3,9419495;20,833764;31;3946
1061;11;83;12;84;3,9068302;105,32455;3,9068302;105,32455;32;2020
3664;53;61;54;62;3,8836368;-46,401126;3,8836368;46,401126;33;3217
4043;63;75;64;76;3,8664081;55,469154;3,8664081;55,469154;34;2975
2513;31;65;32;66;3,8593184;-327,88816;3,8593184;327,88816;35;909
4019;62;83;63;84;3,8393941;12,690339;3,8393941;12,690339;36;4168
3797;56;74;57;75;3,8371068;-49,743756;3,8371068;49,743756;37;3126
1846;21;83;22;84;3,822887;33,985395;3,822887;33,985395;38;3569
3503;49;74;50;75;3,8000965;36,749254;3,8000965;36,749254;39;3497
4483;83;85;84;86;3,781496;-27,191625;3,781496;27,191625;40;3775
3302;45;63;46;64;3,7704385;63,810602;3,7704385;63,810602;41;2735
2402;29;83;30;84;3,7670643;7,8025334;3,7670643;7,8025334;42;4314
490;5;31;6;32;3,765474;-58,682271;3,765474;58,682271;43;2886
3719;54;75;55;76;3,7430677;-168,0121;3,7430677;168,0121;44;1531
2526;31;78;32;79;3,7430415;-643,84538;3,7430415;643,84538;45;304
3668;53;65;54;66;3,7268501;-58,077066;3,7268501;58,077066;46;2903
4132;66;74;67;75;3,726327;-37,197329;3,726327;37,197329;47;3483
2482;31;34;32;35;3,7155239;27,384782;3,7155239;27,384782;48;3768
3466;48;83;49;84;3,7065745;34,542186;3,7065745;34,542186;49;3552
3293;45;54;46;55;3,6470982;-336,96926;3,6470982;336,96926;50;885
512;5;53;6;54;3,6330057;101,01329;3,6330057;101,01329;51;2069
3795;56;72;57;73;3,6327144;145,75391;3,6327144;145,75391;52;1663
3681;53;78;54;79;3,6105732;-41,542324;3,6105732;41,542324;53;3362
3917;59;83;60;84;3,6035202;43,884679;3,6035202;43,884679;54;3281
2512;31;64;32;65;3,596669;-143,57467;3,596669;143,57467;55;1680
3501;49;72;50;73;3,595704;126,83258;3,595704;126,83258;56;1807
2010;24;31;25;32;3,5946603;-135,26661;3,5946603;135,26661;57;1743
2687;34;53;35;54;3,5830556;326,2136;3,5830556;326,2136;58;914
3800;56;77;57;78;3,577551;92,839675;3,577551;92,839675;59;2191
2594;32;83;33;84;3,5691928;11,055994;3,5691928;11,055994;60;4213
1009;11;31;12;32;3,559541;-332,87431;3,559541;332,87431;61;896
3977;61;74;62;75;3,5487314;-2,3918748;3,5487314;2,3918748;62;4480
4491;83;93;84;94;3,5462153;23,927525;3,5462153;23,927525;63;3861
3506;49;77;50;78;3,5405407;104,44961;3,5405407;104,44961;64;2031
242;2;56;3;57;3,5342382;2,7458453;3,5342382;2,7458453;65;4464
4130;66;72;67;73;3,5219346;285,13021;3,5219346;285,13021;66;1045
235;2;49;3;50;3,4972279;91,958756;3,4972279;91,958756;67;2209
1772;20;83;21;84;3,4923069;29,964597;3,4923069;29,964597;68;3690
2510;31;62;32;63;3,4921049;-266,87438;3,4921049;266,87438;69;1111
1794;21;31;22;32;3,4755978;287,37921;3,4755978;287,37921;70;1040
3054;40;75;41;76;3,4719198;65,783963;3,4719198;65,783963;71;2687
4135;66;77;67;78;3,4667712;1575,4047;3,4667712;1575,4047;72;3
3667;53;64;54;65;3,4642007;-78,586214;3,4642007;78,586214;73;2410
2032;24;53;25;54;3,4621919;-24,492591;3,4621919;24,492591;74;3841
4355;75;81;76;82;3,4603849;63,092998;3,4603849;63,092998;75;2754
2533;31;85;32;86;3,4342068;-717,69959;3,4342068;717,69959;76;222
1031;11;53;12;54;3,4270727;59,486612;3,4270727;59,486612;77;2862
252;2;66;3;67;3,4234584;17,098977;3,4234584;17,098977;78;4049
3007;39;83;40;84;3,4224293;38,971553;3,4224293;38,971553;79;3432
2350;29;31;30;32;3,4197751;-253,51548;3,4197751;253,51548;80;1154
4103;65;74;66;75;3,3919447;-53,518048;3,3919447;53,518048;81;3025
3024;40;45;41;46;3,3759503;63,465677;3,3759503;63,465677;82;2746
3320;45;81;46;82;3,3644154;75,11616;3,3644154;75,11616;83;2478
1991;23;83;24;84;3,3639443;127,98337;3,3639443;127,98337;84;1800
3759;55;75;56;76;3,3616368;65,841833;3,3616368;65,841833;85;2683
3665;53;62;54;63;3,3596366;-50,51798;3,3596366;50,51798;86;3108
2496;31;48;32;49;3,3592852;-180,10239;3,3592852;180,10239;87;1452
3786;56;63;57;64;3,3514469;13,341867;3,3514469;13,341867;88;4151
4489;83;91;84;92;3,3513322;-20,362871;3,3513322;20,362871;89;3964
3975;61;72;62;73;3,344339;121,89052;3,344339;121,89052;90;1859
1816;21;53;22;54;3,3431295;-18,630311;3,3431295;18,630311;91;4005
3116;41;83;42;84;3,3378857;32,426652;3,3378857;32,426652;92;3624
3944;60;75;61;76;3,3286103;36,414762;3,3286103;36,414762;93;3504
1458;16;75;17;76;3,3239717;59,224945;3,3239717;59,224945;94;2870
3363;46;75;47;76;3,3196041;49,940254;3,3196041;49,940254;95;3117
3492;49;63;50;64;3,3144365;61,076792;3,3144365;61,076792;96;2820
977;10;83;11;84;3,3111871;85,525911;3,3111871;85,525911;97;2300
4363;75;89;76;90;3,3062;-631,72039;3,3062;631,72039;98;328
4247;70;83;71;84;3,3051978;-20,484453;3,3051978;20,484453;99;3956
3688;53;85;54;86;3,3017385;-48,702023;3,3017385;48,702023;100;3151
533;5;74;6;75;3,2981003;44,575781;3,2981003;44,575781;101;3267
3980;61;77;62;78;3,2891757;343,05613;3,2891757;343,05613;102;870
2372;29;53;30;54;3,2873068;36,910205;3,2873068;36,910205;103;3492
4486;83;88;84;89;3,2775491;30,466996;3,2775491;30,466996;104;3681
4332;74;78;75;79;3,2756678;-51,793489;3,2756678;51,793489;105;3073
3294;45;55;46;56;3,2656672;67,552482;3,2656672;67,552482;106;2640
82;0;83;1;84;3,2569134;144,94728;3,2569134;144,94728;107;1670
2507;31;59;32;60;3,256231;-555,11386;3,256231;555,11386;108;444
2193;26;75;27;76;3,2550958;62,620785;3,2550958;62,620785;109;2771
711;7;75;8;76;3,2546562;-249,85588;3,2546562;249,85588;110;1170
2708;34;74;35;75;3,2481502;104,99137;3,2481502;104,99137;111;2023
247;2;61;3;62;3,2458628;-3,3687129;3,2458628;3,3687129;112;4446
4034;63;66;64;67;3,240667;-32,831606;3,240667;32,831606;113;3616
4353;75;79;76;80;3,2373813;67,035128;3,2373813;67,035128;114;2653
3299;45;60;46;61;3,2326408;29,904363;3,2326408;29,904363;115;3692
3700;54;56;55;57;3,2281065;-188,10002;3,2281065;188,10002;116;1417
1428;16;45;17;46;3,2280021;22,69834;3,2280021;22,69834;117;3892
3436;48;53;49;54;3,2268169;-99,926549;3,2268169;99,926549;118;2087
3285;45;46;46;47;3,2236346;69,713433;3,2236346;69,713433;119;2593
3221;43;83;44;84;3,2235645;210,29464;3,2235645;210,29464;120;1329
2480;31;32;32;33;3,2219036;-83,31175;3,2219036;83,31175;121;2338
3328;45;89;46;90;3,2102304;-369,97844;3,2102304;369,97844;122;805
2541;31;93;32;94;3,1989261;-101,53398;3,1989261;101,53398;123;2064
3483;49;54;50;55;3,1910961;-154,44961;3,1910961;154,44961;124;1612
4101;65;72;66;73;3,1875523;250,45879;3,1875523;250,45879;125;1167
631;6;83;7;84;3,1790337;143,0016;3,1790337;143,0016;126;1685
168;1;75;2;76;3,1764792;70,530502;3,1764792;70,530502;127;2569
4469;82;83;83;84;3,1658618;210,05718;3,1658618;210,05718;128;1331
2163;26;45;27;46;3,1591262;92,924047;3,1591262;92,924047;129;2190
681;7;45;8;46;3,1586866;-223,22508;3,1586866;223,22508;130;1270
4222;69;83;70;84;3,1463015;316,63379;3,1463015;316,63379;131;938
1720;20;31;21;32;3,1450176;-327,93566;3,1450176;327,93566;132;908
3318;45;79;46;80;3,1414118;85,942549;3,1414118;85,942549;133;2296
4484;83;86;84;87;3,1389611;58,148641;3,1389611;58,148641;134;2901
4106;65;77;66;78;3,132389;45,917229;3,132389;45,917229;135;3224
4073;64;74;65;75;3,1292953;-22,358211;3,1292953;22,358211;136;3906
2053;24;74;25;75;3,1272865;-56,325936;3,1272865;56,325936;137;2953
3662;53;59;54;60;3,1237626;52,583781;3,1237626;52,583781;138;3053
3710;54;66;55;67;3,1173266;25,661473;3,1173266;25,661473;139;3810
3873;58;75;59;76;3,1158141;-51,374555;3,1158141;51,374555;140;3084
531;5;72;6;73;3,0937078;324,5723;3,0937078;324,5723;141;922
1052;11;74;12;75;3,0921673;34,235447;3,0921673;34,235447;142;3565
2564;32;53;33;54;3,0894353;81,556028;3,0894353;81,556028;143;2360
251;2;65;3;66;3,0890761;-12,305069;3,0890761;12,305069;144;4177
4442;80;83;81;84;3,0822113;-185,70648;3,0822113;185,70648;145;1428
138;1;45;2;46;3,0805097;111,04904;3,0805097;111,04904;146;1968
2487;31;39;32;40;3,0751401;-331,68568;3,0751401;331,68568;147;901
4289;72;78;73;79;3,0712754;130,22849;3,0712754;130,22849;148;1784
4358;75;84;76;85;3,0698608;-260,60124;3,0698608;260,60124;149;1132
3696;53;93;54;94;3,0664578;-57,231584;3,0664578;57,231584;150;2920
1621;18;83;19;84;3,0651544;113,26347;3,0651544;113,26347;151;1948
3966;61;63;62;64;3,0630715;4,6810197;3,0630715;4,6810197;152;4401
2132;25;83;26;84;3,0508341;40,598806;3,0508341;40,598806;153;3381
2706;34;72;35;73;3,0437578;255,28998;3,0437578;255,28998;154;1147
536;5;77;6;78;3,0385445;484,07241;3,0385445;484,07241;155;565
3557;50;83;51;84;3,0277061;-1,6175136;3,0277061;1,6175136;156;4512
4010;62;74;63;75;3,0247312;-10,100159;3,0247312;10,100159;157;4247
3297;45;58;46;59;3,0198446;-83,4567;3,0198446;83,4567;158;2334
1939;23;31;24;32;3,016655;-15,28775;3,016655;15,28775;159;4098
4389;77;78;78;79;3,0161121;233,94387;3,0161121;233,94387;160;1223
1742;20;53;21;54;3,0125493;-22,526117;3,0125493;22,526117;161;3901
1837;21;74;22;75;3,0082241;-22,984488;3,0082241;22,984488;162;3884
2539;31;91;32;92;3,004043;-99,014468;3,004043;99,014468;163;2099
191;2;5;3;6;2,9952317;-6,2598592;2,9952317;6,2598592;164;4371
892;9;83;10;84;2,9924818;77,423174;2,9924818;77,423174;165;2430
2489;31;41;32;42;2,9905965;51,016626;2,9905965;51,016626;166;3093
2711;34;77;35;78;2,9885944;633,32934;2,9885944;633,32934;167;324
3323;45;84;46;85;2,9738912;-136,82229;2,9738912;136,82229;168;1732
264;2;78;3;79;2,9727992;17,72157;2,9727992;17,72157;169;4032
3169;42;83;43;84;2,9711524;70,935594;2,9711524;70,935594;170;2558
2828;36;75;37;76;2,9677796;104,62892;2,9677796;104,62892;171;2029
4339;74;85;75;86;2,9668331;-2,8212415;2,9668331;2,8212415;172;4460
3264;44;75;45;76;2,965626;-112,87445;2,965626;112,87445;173;1951
1387;15;83;16;84;2,9640945;29,319956;2,9640945;29,319956;174;3706
925;10;31;11;32;2,9638978;-12,788623;2,9638978;12,788623;175;4165
1911;22;75;23;76;2,9628811;54,78744;2,9628811;54,78744;176;2992
2518;31;70;32;71;2,9579086;-675,72505;2,9579086;675,72505;177;268
4490;83;92;84;93;2,9570034;55,784031;2,9570034;55,784031;178;2967
3035;40;56;41;57;2,9569586;62,279337;2,9569586;62,279337;179;2786
2393;29;74;30;75;2,9524014;-42,617582;2,9524014;42,617582;180;3319
444;4;75;5;76;2,9483452;63,771234;2,9483452;63,771234;181;2736
361;3;83;4;84;2,9478715;632,78431;2,9478715;632,78431;182;326
3804;56;81;57;82;2,9454237;83,415944;2,9454237;83,415944;183;2335
220;2;34;3;35;2,9452816;403,84093;2,9452816;403,84093;184;729
2977;39;53;40;54;2,9426718;6,782918;2,9426718;6,782918;185;4351
3705;54;61;55;62;2,9397311;912,00535;2,9397311;912,00535;186;106
4350;75;76;76;77;2,9371222;39,099953;2,9371222;39,099953;187;3428
1218;13;75;14;76;2,9329565;-182,61167;2,9329565;182,61167;188;1443
2536;31;88;32;89;2,9302599;-72,265633;2,9302599;72,265633;189;2527
4071;64;72;65;73;2,9249029;326,14294;2,9249029;326,14294;190;916
2051;24;72;25;73;2,9228941;199,91132;2,9228941;199,91132;191;1366
806;8;83;9;84;2,9201003;171,63024;2,9201003;171,63024;192;1505
3028;40;49;41;50;2,9199483;65,870768;2,9199483;65,870768;193;2682
4161;67;75;68;76;2,9187037;73,128888;2,9187037;73,128888;194;2514
4361;75;87;76;88;2,9096885;57,521251;2,9096885;57,521251;195;2914
30;0;31;1;32;2,9096241;37,376782;2,9096241;37,376782;196;3478
3510;49;81;50;82;2,9084133;77,700635;2,9084133;77,700635;197;2427
4033;63;65;64;66;2,9062848;-4,1720092;2,9062848;4,1720092;198;4415
1697;19;83;20;84;2,9004647;-16,652291;2,9004647;16,652291;199;4061
3457;48;74;49;75;2,8919115;-31,364053;2,8919115;31,364053;200;3651
3644;52;83;53;84;2,8898546;66,690271;2,8898546;66,690271;201;2659
1050;11;72;12;73;2,8877749;320,25743;2,8877749;320,25743;202;931
1961;23;53;24;54;2,8841867;-315,29095;2,8841867;315,29095;203;945
2491;31;43;32;44;2,8762753;40,888225;2,8762753;40,888225;204;3375
2798;36;45;37;46;2,8718101;54,18335;2,8718101;54,18335;205;3014
3694;53;91;54;92;2,8715747;10,303819;2,8715747;10,303819;206;4241
4076;64;77;65;78;2,8697396;1458,5007;2,8697396;1458,5007;207;12
3234;44;45;45;46;2,8696565;-173,31425;2,8696565;173,31425;208;1491
2056;24;77;25;78;2,8677308;51,100091;2,8677308;51,100091;209;3091
1881;22;45;23;46;2,8669115;38,47611;2,8669115;38,47611;210;3445
3086;41;53;42;54;2,8581282;-802,52132;2,8581282;802,52132;211;171
414;4;45;5;46;2,8523757;47,501567;2,8523757;47,501567;212;3185
3740;55;56;56;57;2,8466755;58,655494;2,8466755;58,655494;213;2887
3045;40;66;41;67;2,8461788;42,440357;2,8461788;42,440357;214;3328
3315;45;76;46;77;2,8411527;1,0849291;2,8411527;1,0849291;215;4530
1188;13;45;14;46;2,836987;-173,06768;2,836987;173,06768;216;1492
4139;66;81;67;82;2,8346438;99,358211;2,8346438;99,358211;217;2091
1055;11;77;12;78;2,8326115;313,03067;2,8326115;313,03067;218;953
579;6;31;7;32;2,8317445;411,31787;2,8317445;411,31787;219;712
947;10;53;11;54;2,8314295;-34,482158;2,8314295;34,482158;220;3556
2261;27;75;28;76;2,8302384;62,42749;2,8302384;62,42749;221;2779
250;2;64;3;65;2,8264267;-84,975099;2,8264267;84,975099;222;2310
3673;53;70;54;71;2,8254403;-78,544619;2,8254403;78,544619;223;2411
210;2;24;3;25;2,8244179;-27,952075;2,8244179;27,952075;224;3748
3306;45;67;46;68;2,8227342;60,171734;2,8227342;60,171734;225;2838
4008;62;72;63;73;2,8203388;97,127844;2,8203388;97,127844;226;2125
2530;31;82;32;83;2,8185726;-143,18217;2,8185726;143,18217;227;1683
1536;17;75;18;76;2,8174836;-721,1926;2,8174836;721,1926;228;218
3326;45;87;46;88;2,813719;95,043265;2,813719;95,043265;229;2164
3783;56;60;57;61;2,8136491;-37,692841;2,8136491;37,692841;230;3472
522;5;63;6;64;2,8124403;63,961188;2,8124403;63,961188;231;2729
3484;49;55;50;56;2,8096652;65,928638;2,8096652;65,928638;232;2677
1439;16;56;17;57;2,8090104;16,737708;2,8090104;16,737708;233;4058
2656;33;83;34;84;2,8051812;59,803647;2,8051812;59,803647;234;2853
3344;46;56;47;57;2,8046429;40,231969;2,8046429;40,231969;235;3388
4493;83;95;84;96;2,8045097;438,23336;2,8045097;438,23336;236;663
1835;21;72;22;73;2,8038317;223,13703;2,8038317;223,13703;237;1272
3411;47;75;48;76;2,8006853;39,293248;2,8006853;39,293248;238;3419
2517;31;69;32;70;2,7990123;-32,299296;2,7990123;32,299296;239;3627
3691;53;88;54;89;2,7977915;84,612854;2,7977915;84,612854;240;2315
1299;14;75;15;76;2,7958572;-690,30605;2,7958572;690,30605;241;249
4492;83;94;84;95;2,7921423;280,12457;2,7921423;280,12457;242;1060
2534;31;86;32;87;2,7916718;-476,08152;2,7916718;476,08152;243;590
3812;56;89;57;90;2,7912387;161,65931;2,7912387;161,65931;244;1561
4046;63;78;64;79;2,7900079;-22,183556;2,7900079;22,183556;245;3912
197;2;11;3;12;2,7892987;112,75051;2,7892987;112,75051;246;1953
3908;59;74;60;75;2,7888572;-41,62572;2,7888572;41,62572;247;3356
2336;28;83;29;84;2,7874096;78,37094;2,7874096;78,37094;248;2414
2943;38;75;39;76;2,7847364;-839,29213;2,7847364;839,29213;249;152
3709;54;65;55;66;2,7829444;-47,102318;2,7829444;47,102318;250;3195
52;0;53;1;54;2,7771558;34,362802;2,7771558;34,362802;251;3561
3489;49;60;50;61;2,7766388;51,167075;2,7766388;51,167075;252;3090
1432;16;49;17;50;2,7720001;49,179803;2,7720001;49,179803;253;3139
4263;71;75;72;76;2,7696182;17,781667;2,7696182;17,781667;254;4030
4488;83;90;84;91;2,768722;14,95646;2,768722;14,95646;255;4105
3337;46;49;47;50;2,7676326;70,849971;2,7676326;70,849971;256;2560
4013;62;77;63;78;2,7651754;234,93928;2,7651754;234,93928;257;1218
2697;34;63;35;64;2,7624902;-64,279475;2,7624902;64,279475;258;2726
4296;72;85;73;86;2,7624407;168,84079;2,7624407;168,84079;259;1525
2769;35;75;36;76;2,7617779;-29,997148;2,7617779;29,997148;260;3687
2585;32;74;33;75;2,7545299;19,086111;2,7545299;19,086111;261;3996
3518;49;89;50;90;2,7542284;-672,02942;2,7542284;672,02942;262;276
1840;21;77;22;78;2,7486683;102,10357;2,7486683;102,10357;263;2057
2391;29;72;30;73;2,748009;223,21458;2,748009;223,21458;264;1271
3191;43;53;44;54;2,743807;-306,64861;2,743807;306,64861;265;978
2174;26;56;27;57;2,7401345;-10,656951;2,7401345;10,656951;266;4231
692;7;56;8;57;2,7396949;-311,07345;2,7396949;311,07345;267;965
3750;55;66;56;67;2,7358957;7,1637342;2,7358957;7,1637342;268;4337
2528;31;80;32;81;2,734922;60,286293;2,734922;60,286293;269;2834
2231;27;45;28;46;2,7342689;17,900885;2,7342689;17,900885;270;4028
4347;74;93;75;94;2,7315524;-31,042358;2,7315524;31,042358;271;3664
3802;56;79;57;80;2,7224201;121,27127;2,7224201;121,27127;272;1862
248;2;62;3;63;2,7218626;-5,5307083;2,7218626;5,5307083;273;4382
1506;17;45;18;46;2,721514;-264,12889;2,721514;264,12889;274;1122
1569;18;31;19;32;2,7178651;4,0201034;2,7178651;4,0201034;275;4420
2459;30;75;31;76;2,712008;-236,72032;2,712008;236,72032;276;1211
4396;77;85;78;86;2,7072773;99,102455;2,7072773;99,102455;277;2096
207;2;21;3;22;2,7053555;35,968075;2,7053555;35,968075;278;3516
3286;45;47;46;48;2,7047158;65,339572;2,7047158;65,339572;279;2704
2080;25;31;26;32;2,7035448;-263,75273;2,7035448;263,75273;280;1123
2167;26;49;27;50;2,7031242;59,83606;2,7031242;59,83606;281;2852
3935;60;66;61;67;2,7028693;-84,76678;2,7028693;84,76678;282;2313
685;7;49;8;50;2,7026846;-200,98783;2,7026846;200,98783;283;1358
1269;14;45;15;46;2,6998877;-340,59651;2,6998877;340,59651;284;877
601;6;53;7;54;2,6992761;0,55950601;2,6992761;0,55950601;285;4547
1449;16;66;17;67;2,6982306;-4,0885442;2,6982306;4,0885442;286;4417
3593;51;75;52;76;2,6950343;36,517774;2,6950343;36,517774;287;3502
3354;46;66;47;67;2,6938631;58,870974;2,6938631;58,870974;288;2881
2396;29;77;30;78;2,6928456;103,96237;2,6928456;103,96237;289;2035
513;5;54;6;55;2,6890999;120,44738;2,6890999;120,44738;290;1869
2913;38;45;39;46;2,6887668;-12,517774;2,6887668;12,517774;291;4173
3455;48;72;49;73;2,6875191;36,950755;2,6875191;36,950755;292;3489
3685;53;82;54;83;2,6861043;-53,562008;2,6861043;53,562008;293;3023
3508;49;79;50;80;2,6854098;62,6717;2,6854098;62,6717;294;2770
4147;66;89;67;90;2,6804589;-4,2309241;2,6804589;4,2309241;295;4414
2498;31;50;32;51;2,6804169;-170,45079;2,6804169;170,45079;296;1513
1763;20;74;21;75;2,6776439;-12,690477;2,6776439;12,690477;297;4167
3310;45;71;46;72;2,6736487;4,3615514;2,6736487;4,3615514;298;4411
4308;73;75;74;76;2,6735405;57,800169;2,6735405;57,800169;299;2909
3040;40;61;41;62;2,6685833;61,939071;2,6685833;61,939071;300;2795
3722;54;78;55;79;2,6666675;780,6107;2,6666675;780,6107;301;186
3672;53;69;54;70;2,666544;239,34103;2,666544;239,34103;302;1203
2739;35;45;36;46;2,6658084;-33,700841;2,6658084;33,700841;303;3583
271;2;85;3;86;2,6639645;-31,004103;2,6639645;31,004103;304;3666
149;1;56;2;57;2,661518;-44,548166;2,661518;44,548166;305;3268
3689;53;86;54;87;2,6592035;-14,548097;2,6592035;14,548097;306;4117
3984;61;81;62;82;2,6570483;-3,1870335;2,6570483;3,1870335;307;4450
215;2;29;3;30;2,6495328;74,595397;2,6495328;74,595397;308;2489
840;9;31;10;32;2,6451926;-11,094455;2,6451926;11,094455;309;4212
4032;63;64;64;65;2,6436354;-41,789942;2,6436354;41,789942;310;3350
2042;24;63;25;64;2,6416266;34,180985;2,6416266;34,180985;311;3566
2688;34;54;35;55;2,6391498;53,151006;2,6391498;53,151006;312;3038
3460;48;77;49;78;2,6323558;342,16728;2,6323558;342,16728;313;874
2184;26;66;27;67;2,6293547;-101,16839;2,6293547;101,16839;314;2066
702;7;66;8;67;2,6289151;-178,77137;2,6289151;178,77137;315;1464
2894;37;83;38;84;2,6258924;53,228422;2,6258924;53,228422;316;3036
142;1;49;2;50;2,6245077;76,340685;2,6245077;76,340685;317;2454
2490;31;42;32;43;2,6238631;-914,58496;2,6238631;914,58496;318;105
1335;15;31;16;32;2,6168053;-291,42992;2,6168053;291,42992;319;1029
2429;30;45;31;46;2,6160385;-738,35;2,6160385;738,35;320;208
4137;66;79;67;80;2,6116403;97,271406;2,6116403;97,271406;321;2118
4196;68;83;69;84;2,6103563;50,837379;2,6103563;50,837379;322;3097
2540;31;92;32;93;2,6097142;-624,66481;2,6097142;624,66481;323;339
2998;39;74;40;75;2,6077664;20,924116;2,6077664;20,924116;324;3945
1041;11;63;12;64;2,6065073;89,90325;2,6065073;89,90325;325;2235
3844;57;83;58;84;2,6034504;580,93823;2,6034504;580,93823;326;406
3683;53;80;54;81;2,6024537;-672,76323;2,6024537;672,76323;327;274
3781;56;58;57;59;2,6008529;-60,504137;2,6008529;60,504137;328;2828
309;3;31;4;32;2,6005823;1,7828493;2,6005823;1,7828493;329;4505
3290;45;51;46;52;2,5990648;-5,744938;2,5990648;5,744938;330;4378
234;2;48;3;49;2,5890429;-66,228629;2,5890429;66,228629;331;2670
1591;18;53;19;54;2,5853968;-520,51436;2,5853968;520,51436;332;503
3906;59;72;60;73;2,5844648;185,65668;2,5844648;185,65668;333;1429
1136;12;75;13;76;2,5838464;59,112682;2,5838464;59,112682;334;2873
1144;12;83;13;84;2,5828846;747,27502;2,5828846;747,27502;335;202
3312;45;73;46;74;2,5775709;37,617308;2,5775709;37,617308;336;3474
754;8;31;9;32;2,572811;70,272519;2,572811;70,272519;337;2577
2102;25;53;26;54;2,5710765;-59,322458;2,5710765;59,322458;338;2868
3487;49;58;50;59;2,5638426;-24,030811;2,5638426;24,030811;339;3856
3836;57;75;58;76;2,5632806;32,588372;2,5632806;32,588372;340;3621
3745;55;61;56;62;2,5583002;59,89393;2,5583002;59,89393;341;2848
4188;68;75;69;76;2,5563747;-32,489045;2,5563747;32,489045;342;3622
3807;56;84;57;85;2,5548995;-264,17528;2,5548995;264,17528;343;1121
1645;19;31;20;32;2,5531755;-474,23545;2,5531755;474,23545;344;596
159;1;66;2;67;2,5507382;-128,65104;2,5507382;128,65104;345;1793
2583;32;72;33;73;2,5501375;267,43911;2,5501375;267,43911;346;1106
1982;23;74;24;75;2,5492813;-215,95876;2,5492813;215,95876;347;1304
3527;50;53;51;54;2,5479486;47,781805;2,5479486;47,781805;348;3179
2500;31;52;32;53;2,5425654;-51,493498;2,5425654;51,493498;349;3079
2886;37;75;38;76;2,5408385;-568,01433;2,5408385;568,01433;350;424
3999;62;63;63;64;2,5390712;11,892885;2,5390712;11,892885;351;4189
4345;74;91;75;92;2,5366693;-84,034152;2,5366693;84,034152;352;2326
3911;59;77;60;78;2,5293015;33,501705;2,5293015;33,501705;353;3590
4304;72;93;73;94;2,52716;162,05022;2,52716;162,05022;354;1557
3930;60;61;61;62;2,5252737;13,530571;2,5252737;13,530571;355;4146
3107;41;74;42;75;2,5232228;-648,96112;2,5232228;648,96112;356;301
1826;21;63;22;64;2,5225641;125,5641;2,5225641;125,5641;357;1816
1444;16;61;17;62;2,5206351;95,758574;2,5206351;95,758574;358;2151
3708;54;64;55;65;2,520295;-143,91723;2,520295;143,91723;359;1677
2033;24;54;25;55;2,5182862;-404,5954;2,5182862;404,5954;360;728
3513;49;84;50;85;2,5178892;-175,53064;2,5178892;175,53064;361;1474
3349;46;61;47;62;2,5162675;27,274815;2,5162675;27,274815;362;3772
862;9;53;10;54;2,5127243;-231,09418;2,5127243;231,09418;363;1237
3044;40;65;41;66;2,5117965;48,774712;2,5117965;48,774712;364;3147
3992;61;89;62;90;2,5028634;-24,32107;2,5028634;24,32107;365;3848
4110;65;81;66;82;2,5002616;-15,184738;2,5002616;15,184738;366;4101
968;10;74;11;75;2,4965241;-59,92314;2,4965241;59,92314;367;2847
2588;32;77;33;78;2,4949741;61,798011;2,4949741;61,798011;368;2802
4316;73;83;74;84;2,4931905;521,2079;2,4931905;521,2079;369;501
3139;42;53;43;54;2,4913948;17,499272;2,4913948;17,499272;370;4040
4238;70;74;71;75;2,4905349;-62,403421;2,4905349;62,403421;371;2782
3864;58;66;59;67;2,4900731;-8,9681439;2,4900731;8,9681439;372;4283
1106;12;45;13;46;2,4878769;39,387009;2,4878769;39,387009;373;3415
245;2;59;3;60;2,4859887;-11,396535;2,4859887;11,396535;374;4202
1357;15;53;16;54;2,484337;-83,756416;2,484337;83,756416;375;2331
1032;11;54;12;55;2,483167;-230,33143;2,483167;230,33143;376;1239
4053;63;85;64;86;2,4811731;-28,960144;2,4811731;28,960144;377;3714
3695;53;92;54;93;2,4772459;39,396329;2,4772459;39,396329;378;3414
1761;20;72;21;73;2,4732515;72,128957;2,4732515;72,128957;379;2529
4404;77;93;78;94;2,4719966;146,01676;2,4719966;146,01676;380;1662
3601;51;83;52;84;2,4716967;407,68359;2,4716967;407,68359;381;721
331;3;53;4;54;2,468114;381,38728;2,468114;381,38728;382;768
3296;45;57;46;58;2,467311;21,135844;2,467311;21,135844;383;3943
2382;29;63;30;64;2,4667414;10,468041;2,4667414;10,468041;384;4236
4342;74;88;75;89;2,4628861;29,332754;2,4628861;29,332754;385;3705
3307;45;68;46;69;2,4604051;-67,337414;2,4604051;67,337414;386;2646
2481;31;33;32;34;2,4578919;-1038,7366;2,4578919;1038,7366;387;65
2543;31;95;32;96;2,4572205;23,087225;2,4572205;23,087225;388;3881
2467;30;83;31;84;2,4547229;64,018921;2,4547229;64,018921;389;2728
2809;36;56;37;57;2,4528184;1,1648477;2,4528184;1,1648477;390;4526
2179;26;61;27;62;2,4517592;-8,2761343;2,4517592;8,2761343;391;4306
218;2;32;3;33;2,4516613;106,00974;2,4516613;106,00974;392;2013
697;7;61;8;62;2,4513196;-243,26209;2,4513196;243,26209;393;1189
3245;44;56;45;57;2,4506648;-235,49364;2,4506648;235,49364;394;1215
1892;22;56;23;57;2,4479198;64,615012;2,4479198;64,615012;395;2714
2856;37;45;38;46;2,444869;-153,24463;2,444869;153,24463;396;1619
2542;31;94;32;95;2,4448531;27,75621;2,4448531;27,75621;397;3755
4142;66;84;67;85;2,4441197;-119,62092;2,4441197;119,62092;398;1875
73;0;74;1;75;2,4422504;138,98317;2,4422504;138,98317;399;1720
776;8;53;9;54;2,4403427;-151,48779;2,4403427;151,48779;400;1632
2284;28;31;29;32;2,4401203;1,8304238;2,4401203;1,8304238;401;4502
3982;61;79;62;80;2,4340448;211,69723;2,4340448;211,69723;402;1321
425;4;56;5;57;2,433384;43,421717;2,433384;43,421717;403;3291
279;2;93;3;94;2,4286838;40,88127;2,4286838;40,88127;404;3376
3799;56;76;57;77;2,422161;17,243515;2,422161;17,243515;405;4048
2538;31;90;32;91;2,4214328;-174,56292;2,4214328;174,56292;406;1480
1667;19;53;20;54;2,4207071;-47,956666;2,4207071;47,956666;407;3174
1766;20;77;21;78;2,4180882;441,96008;2,4180882;441,96008;408;656
1199;13;56;14;57;2,4179953;-150,53989;2,4179953;150,53989;409;1636
499;5;40;6;41;2,4179521;220,33616;2,4179521;220,33616;410;1285
2802;36;49;37;50;2,4158081;149,03054;2,4158081;149,03054;411;1648
3706;54;62;55;63;2,4157309;-511,82458;2,4157309;511,82458;412;519
3238;44;49;45;50;2,4136545;-105,15107;2,4136545;105,15107;413;2022
1885;22;49;23;50;2,4109095;70,337207;2,4109095;70,337207;414;2574
3614;52;53;53;54;2,4100971;-21,710161;2,4100971;21,710161;415;3930
3212;43;74;44;75;2,4089016;380,08054;2,4089016;380,08054;416;771
540;5;81;6;82;2,4064171;168,5561;2,4064171;168,5561;417;1528
3446;48;63;49;64;2,4062516;-22,110593;2,4062516;22,110593;418;3915
2777;35;83;36;84;2,4049531;25,76678;2,4049531;25,76678;419;3807
3790;56;67;57;68;2,4037425;64,301386;2,4037425;64,301386;420;2725
2996;39;72;40;73;2,403374;180,42526;2,403374;180,42526;421;1448
3749;55;65;56;66;2,4015135;45,498089;2,4015135;45,498089;422;3236
1817;21;54;22;55;2,3992238;494,2993;2,3992238;494,2993;423;548
4364;75;90;76;91;2,398009;-522,49934;2,398009;522,49934;424;497
4271;71;83;72;84;2,3971127;196,67316;2,3971127;196,67316;425;1383
418;4;49;5;50;2,3963737;70,08952;2,3963737;70,08952;426;2584
3057;40;78;41;79;2,3955197;47,202965;2,3955197;47,202965;427;3193
3810;56;87;57;88;2,3947273;85,941436;2,3947273;85,941436;428;2297
3505;49;76;50;77;2,3851507;66,373098;2,3851507;66,373098;429;2664
4409;78;81;79;82;2,3839847;43,977326;2,3839847;43,977326;430;3278
2951;38;83;39;84;2,3819946;39,495794;2,3819946;39,495794;431;3411
1192;13;49;14;50;2,3809849;-136,51214;2,3809849;136,51214;432;1737
2328;28;75;29;76;2,3793214;5,8454481;2,3793214;5,8454481;433;4377
206;2;20;3;21;2,3747753;6,9981924;2,3747753;6,9981924;434;4343
4368;75;94;76;95;2,3745887;61,539753;2,3745887;61,539753;435;2805
154;1;61;2;62;2,3731427;-37,295818;2,3731427;37,295818;436;3480
1307;14;83;15;84;2,3708737;52,866177;2,3708737;52,866177;437;3044
3934;60;65;61;66;2,368487;-70,045836;2,368487;70,045836;438;2586
2674;34;40;35;41;2,368002;200,03763;2,368002;200,03763;439;1365
3496;49;67;50;68;2,3667322;92,402033;2,3667322;92,402033;440;2198
3419;47;83;48;84;2,3660457;287,74953;2,3660457;287,74953;441;1038
622;6;74;7;75;2,3643707;39,234264;2,3643707;39,234264;442;3424
1448;16;65;17;66;2,3638483;-17,441676;2,3638483;17,441676;443;4042
4369;75;95;76;96;2,3622213;68,91591;2,3622213;68,91591;444;2610
2648;33;75;34;76;2,3615498;-130,35341;2,3615498;130,35341;445;1781
3353;46;65;47;66;2,3594808;34,470405;2,3594808;34,470405;446;3558
3729;54;85;55;86;2,3578328;299,36412;2,3578328;299,36412;447;1000
3516;49;87;50;88;2,3577169;94,59185;2,3577169;94,59185;448;2171
2715;34;81;35;82;2,3564671;291,02608;2,3564671;291,02608;449;1030
4336;74;82;75;83;2,3511989;24,418308;2,3511989;24,418308;450;3845
1544;17;83;18;84;2,3492474;42,235378;2,3492474;42,235378;451;3335
3001;39;77;40;78;2,3482106;161,15337;2,3482106;161,15337;452;1567
4118;65;89;66;90;2,3460767;-347,54789;2,3460767;347,54789;453;852
1980;23;72;24;73;2,3448889;1284,4024;2,3448889;1284,4024;454;27
2373;29;54;30;55;2,343401;238,21945;2,343401;238,21945;455;1205
2819;36;66;37;67;2,3420386;70,279543;2,3420386;70,279543;456;2576
3255;44;66;45;67;2,339885;562,75071;2,339885;562,75071;457;430
1902;22;66;23;67;2,33714;70,441539;2,33714;70,441539;458;2571
2269;27;83;28;84;2,3364926;900,12228;2,3364926;900,12228;459;113
4302;72;91;73;92;2,3322769;168,66954;2,3322769;168,66954;460;1526
4213;69;74;70;75;2,3316386;192,79008;2,3316386;192,79008;461;1399
2626;33;53;34;54;2,3254236;15,466859;2,3254236;15,466859;462;4095
3698;53;95;54;96;2,3247522;-559,84308;2,3247522;559,84308;463;434
4340;74;86;75;87;2,3242981;-24,349029;2,3242981;24,349029;464;3846
435;4;66;5;67;2,3226042;32,872088;2,3226042;32,872088;465;3613
3105;41;72;42;73;2,3188303;825,79238;2,3188303;825,79238;466;160
2242;27;56;28;57;2,3152772;-41,972941;2,3152772;41,972941;467;3346
3859;58;61;59;62;2,3124775;-21,795784;2,3124775;21,795784;468;3927
3697;53;94;54;95;2,3123848;-153,04852;2,3123848;153,04852;469;1620
4134;66;76;67;77;2,3113812;-8,8917717;2,3113812;8,8917717;470;4286
514;5;55;6;56;2,307669;133,40676;2,307669;133,40676;471;1762
2306;28;53;29;54;2,307652;-94,933436;2,307652;94,933436;472;2166
1209;13;66;14;67;2,3072155;113,81081;2,3072155;113,81081;473;1940
225;2;39;3;40;2,3048978;42,278293;2,3048978;42,278293;474;3333
3897;59;63;60;64;2,3031973;23,463381;2,3031973;23,463381;475;3875
1517;17;56;18;57;2,3025224;-228,04556;2,3025224;228,04556;476;1250
3329;45;90;46;91;2,3020394;-524,40092;2,3020394;524,40092;477;493
2183;26;65;27;66;2,2949724;-27,489113;2,2949724;27,489113;478;3765
701;7;65;8;66;2,2945329;-483,40099;2,2945329;483,40099;479;569
4125;66;67;67;68;2,2929627;-47,862837;2,2929627;47,862837;480;3176
966;10;72;11;73;2,2921317;241,76435;2,2921317;241,76435;481;1195
1985;23;77;24;78;2,2897256;200,91841;2,2897256;200,91841;482;1360
3693;53;90;54;91;2,2889645;25,340754;2,2889645;25,340754;483;3822
4236;70;72;71;73;2,2861425;86,287543;2,2861425;86,287543;484;2293
3392;47;56;48;57;2,2857241;-88,154621;2,2857241;88,154621;485;2266
3762;55;78;56;79;2,2852366;34,302499;2,2852366;34,302499;486;3564
4145;66;87;67;88;2,2839475;-79,528344;2,2839475;79,528344;487;2389
2298;28;45;29;46;2,2833519;44,852403;2,2833519;44,852403;488;3260
3437;48;54;49;55;2,2829112;260,26918;2,2829112;260,26918;489;1133
1280;14;56;15;57;2,280896;47,807468;2,280896;47,807468;490;3178
3333;45;94;46;95;2,2786191;81,096476;2,2786191;81,096476;491;2370
2485;31;37;32;38;2,2786032;-779,0537;2,2786032;779,0537;492;187
2235;27;49;28;50;2,2782668;53,295544;2,2782668;53,295544;493;3033
4108;65;79;66;80;2,277258;64,554846;2,277258;64,554846;494;2716
4402;77;91;78;92;2,2771135;885,1581;2,2771135;885,1581;495;123
3636;52;75;53;76;2,2768764;-674,0144;2,2768764;674,0144;496;271
519;5;60;6;61;2,2746426;10,964666;2,2746426;10,964666;497;4220
475;5;16;6;17;2,2700039;36,89059;2,2700039;36,89059;498;3495
2924;38;56;39;57;2,2697751;-238,85922;2,2697751;238,85922;499;1204
2574;32;63;33;64;2,2688699;72,518956;2,2688699;72,518956;500;2520
4334;74;80;75;81;2,2675483;-259,87202;2,2675483;259,87202;501;1134
3987;61;84;62;85;2,2665242;227,49836;2,2665242;227,49836;502;1255
1689;19;75;20;76;2,2662663;-332,24706;2,2662663;332,24706;503;899
3334;45;95;46;96;2,2662517;47,993464;2,2662517;47,993464;504;3170
505;5;46;6;47;2,2656364;229,23899;2,2656364;229,23899;505;1241
2618;33;45;34;46;2,2655803;-527,74466;2,2655803;527,74466;506;486
1510;17;49;18;50;2,265512;-813,83613;2,265512;813,83613;507;169
3110;41;77;42;78;2,263667;199,12325;2,263667;199,12325;508;1372
2516;31;68;32;69;2,2630671;-101,8675;2,2630671;101,8675;509;2061
4299;72;88;73;89;2,2584937;297,06538;2,2584937;297,06538;510;1006
2689;34;55;35;56;2,2577189;89,166098;2,2577189;89,166098;511;2249
4485;83;87;84;88;2,2570425;699,48334;2,2570425;699,48334;512;242
2505;31;57;32;58;2,2561612;-3,7507113;2,2561612;3,7507113;513;4429
3794;56;71;57;72;2,254657;-42,566668;2,254657;42,566668;514;3322
548;5;89;6;90;2,2522322;-24,785282;2,2522322;24,785282;515;3835
3947;60;78;61;79;2,2522101;-59,986783;2,2522101;59,986783;516;2845
1612;18;74;19;75;2,2504914;-254,18565;2,2504914;254,18565;517;1151
3043;40;64;41;65;2,2491471;-52,009876;2,2491471;52,009876;518;3068
3385;47;49;48;50;2,2487138;65,711068;2,2487138;65,711068;519;2691
4169;67;83;68;84;2,2480272;622,16853;2,2480272;622,16853;520;345
1461;16;78;17;79;2,2475715;24,067609;2,2475715;24,067609;521;3853
2019;24;40;25;41;2,2471384;60,452948;2,2471384;60,452948;522;2829
2750;35;56;36;57;2,2468167;-39,854768;2,2468167;39,854768;523;3401
798;8;75;9;76;2,2466307;91,734299;2,2466307;91,734299;524;2214
209;2;23;3;24;2,2464127;117,03311;2,2464127;117,03311;525;1901
4061;63;93;64;94;2,2458924;-13,493773;2,2458924;13,493773;526;4147
1273;14;49;15;50;2,2438857;-536,58615;2,2438857;536,58615;527;471
3366;46;78;47;79;2,2432039;-6,2876809;2,2432039;6,2876809;528;4370
71;0;72;1;73;2,237858;158,35585;2,237858;158,35585;529;1586
4080;64;81;65;82;2,2376122;-31,45545;2,2376122;31,45545;530;3649
971;10;77;11;78;2,2369684;244,4832;2,2369684;244,4832;531;1186
2123;25;74;26;75;2,2361711;4,8731323;2,2361711;4,8731323;532;4395
2060;24;81;25;82;2,2356034;60,573348;2,2356034;60,573348;533;2827
1092;12;31;13;32;2,2355953;58,834946;2,2355953;58,834946;534;2883
277;2;91;3;92;2,2338007;75,307296;2,2338007;75,307296;535;2472
1226;13;83;14;84;2,2337745;10,413717;2,2337745;10,413717;536;4239
2917;38;49;39;50;2,2327648;-623,76205;2,2327648;623,76205;537;342
4241;70;77;71;78;2,2309791;181,25986;2,2309791;181,25986;538;1445
4417;78;89;79;90;2,2297998;-316,54678;2,2297998;316,54678;539;939
4376;76;83;77;84;2,2296087;478,31321;2,2296087;478,31321;540;584
2694;34;60;35;61;2,2246925;121,21938;2,2246925;121,21938;541;1863
227;2;41;3;42;2,2203542;-189,28059;2,2203542;189,28059;542;1415
1417;16;34;17;35;2,2200538;124,95548;2,2200538;124,95548;543;1824
353;3;75;4;76;2,2188595;70,109204;2,2188595;70,109204;544;2583
452;4;83;5;84;2,2183857;-23,110386;2,2183857;23,110386;545;3880
3500;49;71;50;72;2,2176467;46,968006;2,2176467;46,968006;546;3200
158;1;65;2;66;2,2163559;8,127775;2,2163559;8,127775;547;4310
2680;34;46;35;47;2,2156863;656,69048;2,2156863;656,69048;548;294
3548;50;74;51;75;2,2130432;3,257495;2,2130432;3,257495;549;4448
1018;11;40;12;41;2,2120191;86,28977;2,2120191;86,28977;550;2292
2743;35;49;36;50;2,2098064;-14,013354;2,2098064;14,013354;551;4131
4366;75;92;76;93;2,2097275;-408,14982;2,2097275;408,14982;552;718
3210;43;72;44;73;2,2045092;462,61988;2,2045092;462,61988;553;614
2252;27;66;28;67;2,2044973;-91,914934;2,2044973;91,914934;554;2210
1919;22;83;23;84;2,2038499;664,4695;2,2038499;664,4695;555;287
4399;77;88;78;89;2,2033304;1305,5609;2,2033304;1305,5609;556;22
1379;15;75;16;76;2,2026365;-254,8524;2,2026365;254,8524;557;1149
2723;34;89;35;90;2,2022821;55,252835;2,2022821;55,252835;558;2980
485;5;26;6;27;2,201128;50,604716;2,201128;50,604716;559;3106
3272;44;83;45;84;2,2011049;-46,507546;2,2011049;46,507546;560;3214
466;5;7;6;8;2,2006884;516,23099;2,2006884;516,23099;561;511
1059;11;81;12;82;2,2004842;181,06413;2,2004842;181,06413;562;1446
2836;36;83;37;84;2,1989513;302,45204;2,1989513;302,45204;563;994
2440;30;56;31;57;2,1970468;-1109,3674;2,1970468;1109,3674;564;49
3161;42;75;43;76;2,1955786;-326,79787;2,1955786;326,79787;565;910
196;2;10;3;11;2,1936555;-15,854836;2,1936555;15,854836;566;4084
1752;20;63;21;64;2,191984;71,514364;2,191984;71,514364;567;2541
1527;17;66;18;67;2,1917425;-5,102455;2,1917425;5,102455;568;4387
256;2;70;3;71;2,1876663;-61,788829;2,1876663;61,788829;569;2803
538;5;79;6;80;2,1834136;146,49823;2,1834136;146,49823;570;1658
76;0;77;1;78;2,1826947;592,57237;2,1826947;592,57237;571;391
3291;45;52;46;53;2,1809068;-251,19608;2,1809068;251,19608;572;1162
3574;51;56;52;57;2,1800731;-55,152325;2,1800731;55,152325;573;2982
3703;54;59;55;60;2,1798569;-258,40328;2,1798569;258,40328;574;1140
2196;26;78;27;79;2,1786956;8,2643817;2,1786956;8,2643817;575;4308
714;7;78;8;79;2,178256;-368,77944;2,178256;368,77944;576;810
883;9;74;10;75;2,1778189;323,45677;2,1778189;323,45677;577;925
3402;47;66;48;67;2,1749443;-47,177645;2,1749443;47,177645;578;3194
884;9;75;10;76;2,1742492;44,662449;2,1742492;44,662449;579;3264
1659;19;45;20;46;2,1702967;-280,88593;2,1702967;280,88593;580;1057
1290;14;66;15;67;2,1701162;-35,053836;2,1701162;35,053836;581;3535
2814;36;61;37;62;2,164443;60,162552;2,164443;60,162552;582;2839
3250;44;61;45;62;2,1622894;-39,553801;2,1622894;39,553801;583;3407
4407;78;79;79;80;2,1609812;81,77478;2,1609812;81,77478;584;2353
2433;30;49;31;50;2,1600365;-83,378871;2,1600365;83,378871;585;2336
274;2;88;3;89;2,1600176;11,876747;2,1600176;11,876747;586;4191
620;6;72;7;73;2,1599783;346,35578;2,1599783;346,35578;587;856
1897;22;61;23;62;2,1595445;131,33032;2,1595445;131,33032;588;1776
2934;38;66;39;67;2,1589953;2,0422205;2,1589953;2,0422205;589;4490
3796;56;73;57;74;2,1585792;17,479587;2,1585792;17,479587;590;4041
3160;42;74;43;75;2,1564894;33,190236;2,1564894;33,190236;591;3597
3863;58;65;59;66;2,1556908;-35,97635;2,1556908;35,97635;592;3515
2152;26;34;27;35;2,1511779;95,049245;2,1511779;95,049245;593;2163
670;7;34;8;35;2,1507383;72,502887;2,1507383;72,502887;594;2521
768;8;45;9;46;2,1506612;97,773667;2,1506612;97,773667;595;2112
1378;15;74;16;75;2,1494316;-28,02031;2,1494316;28,02031;596;3745
3215;43;77;44;78;2,1493458;431,18001;2,1493458;431,18001;597;674
4293;72;82;73;83;2,1468065;210,87431;2,1468065;210,87431;598;1327
2864;37;53;38;54;2,1461349;-4,654655;2,1461349;4,654655;599;4403
2521;31;73;32;74;2,1459013;15,305977;2,1459013;15,305977;600;4097
2565;32;54;33;55;2,1455295;-640,99353;2,1455295;640,99353;601;307
430;4;61;5;62;2,1450086;64,410171;2,1450086;64,410171;602;2722
3041;40;62;41;63;2,144583;88,450721;2,144583;88,450721;603;2260
4129;66;71;67;72;2,1438772;-66,238993;2,1438772;66,238993;604;2669
3480;49;51;50;52;2,1430628;47,472632;2,1430628;47,472632;605;3186
4346;74;92;75;93;2,1423405;-65,739096;2,1423405;65,739096;606;2689
1;0;2;1;3;2,1393818;107,03179;2,1393818;107,03179;607;2005
3549;50;75;51;76;2,1390249;-49,645267;2,1390249;49,645267;608;3130
3748;55;64;56;65;2,138864;10,626696;2,138864;10,626696;609;4232
2034;24;55;25;56;2,1368553;68,829104;2,1368553;68,829104;610;2612
2760;35;66;36;67;2,1360369;998,33755;2,1360369;998,33755;611;74
3979;61;76;62;77;2,1337856;-7,3467333;2,1337856;7,3467333;612;4330
2713;34;79;35;80;2,1334635;98,852472;2,1334635;98,852472;613;2102
352;3;74;4;75;2,1332086;596,32712;2,1332086;596,32712;614;381
4017;62;81;63;82;2,1330481;75,574599;2,1330481;75,574599;615;2467
3671;53;68;54;69;2,1305988;-91,859359;2,1305988;91,859359;616;2212
1204;13;61;14;62;2,1296199;133,73444;2,1296199;133,73444;617;1759
1803;21;40;22;41;2,1280759;70,411284;2,1280759;70,411284;618;2572
4211;69;72;70;73;2,1272462;889,25186;2,1272462;889,25186;619;119
2499;31;51;32;52;2,1244074;-0,26806549;2,1244074;0,26806549;620;4556
3660;53;57;54;58;2,1236929;-515,84072;2,1236929;515,84072;621;512
323;3;45;4;46;2,1228899;89,322183;2,1228899;89,322183;622;2246
3737;54;93;55;94;2,1225521;191,18356;2,1225521;191,18356;623;1407
98;1;5;2;6;2,1225115;16,051472;2,1225115;16,051472;624;4080
2987;39;63;40;64;2,1221064;-54,507615;2,1221064;54,507615;625;3002
3502;49;73;50;74;2,1215689;56,176326;2,1215689;56,176326;626;2962
4297;72;86;73;87;2,1199057;254,74703;2,1199057;254,74703;627;1150
1844;21;81;22;82;2,116541;7,4645631;2,116541;7,4645631;628;4328
2124;25;75;26;76;2,1158969;-925,89052;2,1158969;925,89052;629;98
3970;61;67;62;68;2,1153672;99,711137;2,1153672;99,711137;630;2089
3331;45;92;46;93;2,113758;-594,04563;2,113758;594,04563;631;387
4113;65;84;66;85;2,1097375;-602,48661;2,1097375;602,48661;632;369
2415;30;31;31;32;2,1074337;-1116,1938;2,1074337;1116,1938;633;47
1349;15;45;16;46;2,1066669;-227,59776;2,1066669;227,59776;634;1253
3990;61;87;62;88;2,1063519;69,843084;2,1063519;69,843084;635;2591
229;2;43;3;44;2,106033;543,05627;2,106033;543,05627;636;462
3933;60;64;61;65;2,1058376;-158,81192;2,1058376;158,81192;637;1583
797;8;74;9;75;2,1054373;41,029561;2,1054373;41,029561;638;3369
625;6;77;7;78;2,104815;179,58274;2,104815;179,58274;639;1456
2039;24;60;25;61;2,1038288;-56,737983;2,1038288;56,737983;640;2943
1114;12;53;13;54;2,103127;-350,23538;2,103127;350,23538;641;848
1033;11;55;12;56;2,101736;150,33143;2,101736;150,33143;642;1639
1613;18;75;19;76;2,1015766;52,105727;2,1015766;52,105727;643;3066
1447;16;64;17;65;2,1011989;-52,104751;2,1011989;52,104751;644;3067
171;1;78;2;79;2,1000791;-10,784238;2,1000791;10,784238;645;4228
3131;42;45;43;46;2,0996091;-536,37428;2,0996091;536,37428;646;472
1407;16;24;17;25;2,0991902;5,6346961;2,0991902;5,6346961;647;4380
4482;83;84;84;85;2,0968702;1,1104552;2,0968702;1,1104552;648;4529
3352;46;64;47;65;2,0968314;105,44968;2,0968314;105,44968;649;2018
2025;24;46;25;47;2,0948226;70,157892;2,0948226;70,157892;650;2581
4393;77;82;78;83;2,0916431;287,86631;2,0916431;287,86631;651;1037
3064;40;85;41;86;2,0866849;16,153232;2,0866849;16,153232;652;4073
2450;30;66;31;67;2,086267;17,944982;2,086267;17,944982;653;4025
1688;19;74;20;75;2,0858017;20,126662;2,0858017;20,126662;654;3973
4354;75;80;76;81;2,0845197;63,494612;2,0845197;63,494612;655;2745
4088;64;89;65;90;2,0834272;-115,15685;2,0834272;115,15685;656;1923
2068;24;89;25;90;2,0814185;-78,800169;2,0814185;78,800169;657;2403
854;9;45;10;46;2,0782796;45,457608;2,0782796;45,457608;658;3237
3635;52;74;53;75;2,0751917;11,385895;2,0751917;11,385895;659;4203
4458;81;85;82;86;2,07515;31,634765;2,07515;31,634765;660;3643
127;1;34;2;35;2,0725614;54,392988;2,0725614;54,392988;661;3006
2359;29;40;30;41;2,0722532;94,25388;2,0722532;94,25388;662;2178
4216;69;77;70;78;2,0720828;218,99944;2,0720828;218,99944;663;1290
3584;51;66;52;67;2,0692933;-9,3003409;2,0692933;9,3003409;664;4268
1117;12;56;13;57;2,0688852;24,095362;2,0688852;24,095362;665;3852
1038;11;60;12;61;2,0687096;41,071087;2,0687096;41,071087;666;3368
1743;20;54;21;55;2,0686436;1002,6304;2,0686436;1002,6304;667;73
4397;77;86;78;87;2,0647424;70,995966;2,0647424;70,995966;668;2555
994;11;16;12;17;2,0640709;125,12548;2,0640709;125,12548;669;1822
1971;23;63;24;64;2,0636214;-48,743481;2,0636214;48,743481;670;3149
4291;72;80;73;81;2,0631559;568,32823;2,0631559;568,32823;671;423
517;5;58;6;59;2,0618463;97,445016;2,0618463;97,445016;672;2114
192;2;6;3;7;2,0615021;-2,6974322;2,0615021;2,6974322;673;4468
2400;29;81;30;82;2,0607182;142,54212;2,0607182;142,54212;674;1686
1024;11;46;12;47;2,0597034;184,74125;2,0597034;184,74125;675;1436
2483;31;35;32;36;2,0576638;-88,912638;2,0576638;88,912638;676;2253
4059;63;91;64;92;2,0510093;-33,13139;2,0510093;33,13139;677;3600
3881;58;83;59;84;2,0509169;-21,284066;2,0509169;21,284066;678;3938
2519;31;71;32;72;2,0498235;-33,769213;2,0498235;33,769213;679;3580
268;2;82;3;83;2,0483303;-31,790011;2,0483303;31,790011;680;3639
3780;56;57;57;58;2,0483193;-31,51923;2,0483193;31,51923;681;3645
4131;66;73;67;74;2,0477994;-45,012172;2,0477994;45,012172;682;3256
1067;11;89;12;90;2,0462992;-409,57571;2,0462992;409,57571;683;714
1610;18;72;19;73;2,046099;890,61299;2,046099;890,61299;684;117
3289;45;50;46;51;2,0430553;-38,37094;2,0430553;38,37094;685;3451
3791;56;68;57;69;2,0414134;-75,693886;2,0414134;75,693886;686;2463
3876;58;78;59;79;2,0394139;-47,589761;2,0394139;47,589761;687;3183
3096;41;63;42;64;2,0375628;309,26925;2,0375628;309,26925;688;970
2486;31;38;32;39;2,0347054;-382,30945;2,0347054;382,30945;689;765
3746;55;62;56;63;2,0342999;95,186827;2,0342999;95,186827;690;2162
2182;26;64;27;65;2,032323;-59,329276;2,032323;59,329276;691;2867
700;7;64;8;65;2,0318834;-33,66836;2,0318834;33,66836;692;3585
1110;12;49;13;50;2,0318749;86,154346;2,0318749;86,154346;693;2295
2121;25;72;26;73;2,0317787;125,64742;2,0317787;125,64742;694;1815
2005;24;26;25;27;2,0303143;6,7029994;2,0303143;6,7029994;695;4356
660;7;24;8;25;2,0298747;-348,52368;2,0298747;348,52368;696;849
255;2;69;3;70;2,02877;218,24149;2,02877;218,24149;697;1293
4360;75;86;76;87;2,0277699;-414,68457;2,0277699;414,68457;698;708
2247;27;61;28;62;2,0269018;-30,778464;2,0269018;30,778464;699;3672
2867;37;56;38;57;2,0258773;-710,60347;2,0258773;710,60347;700;230
1255;14;31;15;32;2,0235845;-81,655494;2,0235845;81,655494;701;2357
272;2;86;3;87;2,0214295;-41,023787;2,0214295;41,023787;702;3370
4214;69;75;70;76;2,0204295;35,351118;2,0204295;35,351118;703;3531
2094;25;45;26;46;2,0199274;-236,10343;2,0199274;236,10343;704;1214
2495;31;47;32;48;2,0187564;8,6717687;2,0187564;8,6717687;705;4290
1818;21;55;22;56;2,0177928;56,989986;2,0177928;56,989986;706;2931
543;5;84;6;85;2,015893;107,93698;2,015893;107,93698;707;1992
4078;64;79;65;80;2,0146086;-101,57119;2,0146086;101,57119;708;2063
1522;17;61;18;62;2,014147;-292,53057;2,014147;292,53057;709;1023
3676;53;73;54;74;2,0134329;-578,14516;2,0134329;578,14516;710;410
2058;24;79;25;80;2,0125999;81,428673;2,0125999;81,428673;711;2362
2692;34;58;35;59;2,0118963;443,05738;2,0118963;443,05738;712;655
3027;40;48;41;49;2,0117633;-35,019196;2,0117633;35,019196;713;3536
3486;49;57;50;58;2,011309;58,36962;2,011309;58,36962;714;2895
957;10;63;11;64;2,0108642;24,220354;2,0108642;24,220354;715;3851
3546;50;72;51;73;2,0086507;220,25402;2,0086507;220,25402;716;1286
4391;77;80;78;81;2,0079926;144,50866;2,0079926;144,50866;717;1674
2818;36;65;37;66;2,0076563;83,866246;2,0076563;83,866246;718;2328
1583;18;45;19;46;2,0056071;54,083747;2,0056071;54,083747;719;3015
3254;44;65;45;66;2,0055027;-210,99478;2,0055027;210,99478;720;1325
4038;63;70;64;71;2,0048749;-28,079362;2,0048749;28,079362;721;3743
3497;49;68;50;69;2,0044031;-1,794602;2,0044031;1,794602;722;4504
1901;22;65;23;66;2,0027578;-27,551643;2,0027578;27,551643;723;3763
1492;17;31;18;32;2,0019582;-312,55366;2,0019582;312,55366;724;957
3931;60;62;61;63;2,0012735;-42,595534;2,0012735;42,595534;725;3320
4356;75;82;76;83;2,0008692;-536,04681;2,0008692;536,04681;726;473
3464;48;81;49;82;2,0002284;-56,66036;2,0002284;56,66036;727;2946
2978;39;54;40;55;1,9987661;1082,3503;1,9987661;1082,3503;728;52
3397;47;61;48;62;1,9973487;-7,7032055;1,9973487;7,7032055;729;4317
1445;16;62;17;63;1,9966348;2,5908054;1,9966348;2,5908054;730;4473
1004;11;26;12;27;1,995195;58,293317;1,995195;58,293317;731;2898
647;7;11;8;12;1,9947554;-79,6637;1,9947554;79,6637;732;2386
4412;78;84;79;85;1,9934606;15,984488;1,9934606;15,984488;733;4082
1285;14;61;15;62;1,9925206;-357,6324;1,9925206;357,6324;734;829
3350;46;62;47;63;1,9922673;74,559575;1,9922673;74,559575;735;2491
3571;51;53;52;54;1,9919391;-433,55714;1,9919391;433,55714;736;670
1615;18;77;19;78;1,9909356;92,95312;1,9909356;92,95312;737;2189
2647;33;74;34;75;1,9905182;30,984213;1,9905182;30,984213;738;3667
176;1;83;2;84;1,9902517;540,9961;1,9902517;540,9961;739;465
4349;74;95;75;96;1,9898468;-505,70418;1,9898468;505,70418;740;528
2217;27;31;28;32;1,9892033;10,853448;1,9892033;10,853448;741;4225
2860;37;49;38;50;1,988867;-601,93448;1,988867;601,93448;742;371
3319;45;80;46;81;1,9885502;53,324479;1,9885502;53,324479;743;3031
434;4;65;5;66;1,9882219;24,804829;1,9882219;24,804829;744;3834
623;6;75;7;76;1,9876973;-832,77596;1,9876973;832,77596;745;158
1823;21;60;22;61;1,9847664;-16,193989;1,9847664;16,193989;746;4070
2929;38;61;39;62;1,9813998;-566,74932;1,9813998;566,74932;747;427
1404;16;21;17;22;1,9801277;118,23656;1,9801277;118,23656;748;1888
4025;62;89;63;90;1,9788631;-162,86165;1,9788631;162,86165;749;1554
1057;11;79;12;80;1,9774806;70,861586;1,9774806;70,861586;750;2559
4348;74;94;75;95;1,9774794;-237,80024;1,9774794;237,80024;751;1206
4056;63;88;64;89;1,9772262;9,7852823;1,9772262;9,7852823;752;4259
4105;65;76;66;77;1,9769989;-30,472907;1,9769989;30,472907;753;3680
2126;25;77;26;78;1,9766154;75,112819;1,9766154;75,112819;754;2479
3769;55;85;56;86;1,9764018;-33,734505;1,9764018;33,734505;755;3581
1809;21;46;22;47;1,9757602;16,74355;1,9757602;16,74355;756;4057
2437;30;53;31;54;1,9749654;33,071018;1,9749654;33,071018;757;3602
881;9;72;10;73;1,9734265;862,13153;1,9734265;862,13153;758;141
1208;13;65;14;66;1,9728332;-70,664882;1,9728332;70,664882;759;2563
2327;28;74;29;75;1,9727466;156,26563;1,9727466;156,26563;760;1601
3974;61;71;62;72;1,9662816;45,074565;1,9662816;45,074565;761;3252
2718;34;84;35;85;1,9659429;71,505182;1,9659429;71,505182;762;2542
266;2;80;3;81;1,9646797;-165,30375;1,9646797;165,30375;763;1543
1852;21;89;22;90;1,962356;512,92203;1,962356;512,92203;764;516
2374;29;55;30;56;1,9619701;73,064063;1,9619701;73,064063;765;2516
4096;65;67;66;68;1,9585804;22,584963;1,9585804;22,584963;766;3898
2755;35;61;36;62;1,9584413;18,159143;1,9584413;18,159143;767;4018
1127;12;66;13;67;1,9581054;-6,7922377;1,9581054;6,7922377;768;4350
62;0;63;1;64;1,9565905;107,26556;1,9565905;107,26556;769;2001
4344;74;90;75;91;1,9540591;9,9865772;1,9540591;9,9865772;770;4250
157;1;64;2;65;1,9537065;-102,60938;1,9537065;102,60938;771;2050
3551;50;77;51;78;1,9534874;422,32009;1,9534874;422,32009;772;691
3158;42;72;43;73;1,952097;136,31523;1,952097;136,31523;773;1740
117;1;24;2;25;1,9516978;35,667109;1,9516978;35,667109;774;3526
4116;65;87;66;88;1,9495652;-25,803922;1,9495652;25,803922;775;3806
204;2;18;3;19;1,9476228;-41,608125;1,9476228;41,608125;776;3357
1376;15;72;16;73;1,9450392;26,352369;1,9450392;26,352369;777;3795
3954;60;85;61;86;1,9433754;-62,911525;1,9433754;62,911525;778;2759
3213;43;75;44;76;1,9431664;23,931003;1,9431664;23,931003;779;3860
1962;23;54;24;55;1,940281;-1,9543705;1,940281;1,9543705;780;4492
1468;16;85;17;86;1,9387367;-52,609445;1,9387367;52,609445;781;3052
4303;72;92;73;93;1,9379481;336,42756;1,9379481;336,42756;782;887
3827;57;66;58;67;1,9375395;-87,622105;1,9375395;87,622105;783;2272
3373;46;85;47;86;1,9343692;12,623218;1,9343692;12,623218;784;4169
211;2;25;3;26;1,9333025;30,928707;1,9333025;30,928707;785;3669
3325;45;86;46;87;1,9318004;-212,88941;1,9318004;212,88941;786;1318
4126;66;68;67;69;1,9306336;1281,2126;1,9306336;1281,2126;787;28
4427;79;83;80;84;1,9293496;1313,8237;1,9293496;1313,8237;788;20
2379;29;60;30;61;1,9289437;15,73889;1,9289437;15,73889;789;4088
350;3;72;4;73;1,9288162;1644,4475;1,9288162;1644,4475;790;1
2180;26;62;27;63;1,9277589;-44,071224;1,9277589;44,071224;791;3276
3735;54;91;55;92;1,9276689;37,697364;1,9276689;37,697364;792;3471
698;7;62;8;63;1,9273193;174,9255;1,9273193;174,9255;793;1476
2747;35;53;36;54;1,9251955;-55,669542;1,9251955;55,669542;794;2972
3308;45;69;46;70;1,9244599;6,3685068;1,9244599;6,3685068;795;4368
1412;16;29;17;30;1,924305;158,16944;1,924305;158,16944;796;1588
3201;43;63;44;64;1,9232416;309,8444;1,9232416;309,8444;797;967
4508;85;89;86;90;1,920965;-380,2239;1,920965;380,2239;798;770
2365;29;46;30;47;1,9199375;151,83383;1,9199375;151,83383;799;1631
886;9;77;10;78;1,9182631;248,52953;1,9182631;248,52953;800;1176
3674;53;71;54;72;1,9173552;-42,022399;1,9173552;42,022399;801;3345
104;1;11;2;12;1,9165785;49,273633;1,9165785;49,273633;802;3137
2877;37;66;38;67;1,9150975;4,4148992;1,9150975;4,4148992;803;4407
3087;41;54;42;55;1,9142224;88,870837;1,9142224;88,870837;804;2254
495;5;36;6;37;1,9138119;274,20081;1,9138119;274,20081;805;1080
719;7;83;8;84;1,9120748;-4,3710085;1,9120748;4,3710085;806;4409
503;5;44;6;45;1,9116583;689,40231;1,9116583;689,40231;807;250
2201;26;83;27;84;1,9116352;443,34562;1,9116352;443,34562;808;654
1789;21;26;22;27;1,9112518;43,189123;1,9112518;43,189123;809;3305
657;7;21;8;22;1,9108122;-199,27252;1,9108122;199,27252;810;1370
236;2;50;3;51;1,9101746;-10,780691;1,9101746;10,780691;811;4229
4015;62;79;63;80;1,9100445;31,343118;1,9100445;31,343118;812;3653
74;0;75;1;76;1,9098176;17,825833;1,9098176;17,825833;813;4029
2535;31;87;32;88;1,9097532;27,709955;1,9097532;27,709955;814;3757
481;5;22;6;23;1,9089133;94,42415;1,9089133;94,42415;815;2174
3038;40;59;41;60;1,9087091;67,436741;1,9087091;67,436741;816;2642
2445;30;61;31;62;1,9086715;-480,35585;1,9086715;480,35585;817;578
2408;29;89;30;90;1,9065333;-234,46456;1,9065333;234,46456;818;1221
3321;45;82;46;83;1,9048996;-615,69493;1,9048996;615,69493;819;351
2921;38;53;39;54;1,9022371;34,384713;1,9022371;34,384713;820;3559
3438;48;55;49;56;1,9014802;-8,4277653;1,9014802;8,4277653;821;4296
795;8;72;9;73;1,9010449;211,03881;1,9010449;211,03881;822;1324
2515;31;67;32;68;1,900738;50,09884;1,900738;50,09884;823;3113
3915;59;81;60;82;1,8971741;105,76894;1,8971741;105,76894;824;2016
3163;42;77;43;78;1,8969337;95,192669;1,8969337;95,192669;825;2161
374;4;5;5;6;1,8943775;133,87091;1,8943775;133,87091;826;1757
1842;21;79;22;80;1,8935374;186,17521;1,8935374;186,17521;827;1426
3862;58;64;59;65;1,8930414;-129,38944;1,8930414;129,38944;828;1788
593;6;45;7;46;1,8917277;-267,01203;1,8917277;267,01203;829;1110
3579;51;61;52;62;1,8916977;-39,263406;1,8916977;39,263406;830;3422
2831;36;78;37;79;1,8913794;-5,515684;1,8913794;5,515684;831;4383
1277;14;53;15;54;1,8911162;-10,460178;1,8911162;10,460178;832;4237
2037;24;58;25;59;1,8910326;-76,751825;1,8910326;76,751825;833;2445
1381;15;77;16;78;1,8898758;178,22167;1,8898758;178,22167;834;1467
3267;44;78;45;79;1,8892258;-191,97162;1,8892258;191,97162;835;1403
4362;75;88;76;89;1,8891819;33,456563;1,8891819;33,456563;836;3592
948;10;54;11;55;1,8875238;496,11643;1,8875238;496,11643;837;544
1174;13;31;14;32;1,8864852;-164,74244;1,8864852;164,74244;838;1544
1914;22;78;23;79;1,8864809;32,37894;1,8864809;32,37894;839;3626
3389;47;53;48;54;1,8862881;68,398899;1,8862881;68,398899;840;2622
535;5;76;6;77;1,8831545;19,199625;1,8831545;19,199625;841;3995
3813;56;90;57;91;1,8830477;75,957917;1,8830477;75,957917;842;2459
4403;77;92;78;93;1,8827847;184,94039;1,8827847;184,94039;843;1434
2524;31;76;32;77;1,8823195;-29,016901;1,8823195;29,016901;844;3712
3714;54;70;55;71;1,8815345;355,47409;1,8815345;355,47409;845;836
1686;19;72;20;73;1,8814093;86,656744;1,8814093;86,656744;846;2288
472;5;13;6;14;1,8789887;623,93239;1,8789887;623,93239;847;341
611;6;63;7;64;1,8787108;63,609239;1,8787108;63,609239;848;2740
195;2;9;3;10;1,8749503;475,25881;1,8749503;475,25881;849;594
2551;32;40;33;41;1,8743817;71,61383;1,8743817;71,61383;850;2538
355;3;77;4;78;1,8736528;63,583919;1,8736528;63,583919;851;2742
447;4;78;5;79;1,871945;-68,801626;1,871945;68,801626;852;2614
400;4;31;5;32;1,8710965;48,161301;1,8710965;48,161301;853;3165
3633;52;72;53;73;1,8707993;242,3338;1,8707993;242,3338;854;1191
3976;61;73;62;74;1,8702039;33,612716;1,8702039;33,612716;855;3587
2251;27;65;28;66;1,8701151;8,8187398;1,8701151;8,8187398;856;4287
2203;26;85;27;86;1,8698608;-38,763371;1,8698608;38,763371;857;3440
1514;17;53;18;54;1,8694898;-7,222924;1,8694898;7,222924;858;4333
721;7;85;8;86;1,8694212;-148,91827;1,8694212;148,91827;859;1649
3443;48;60;49;61;1,8684538;-33,859428;1,8684538;33,859428;860;3575
4050;63;82;64;83;1,8655389;45,751619;1,8655389;45,751619;861;3230
526;5;67;6;68;1,864736;-1,7714401;1,864736;1,7714401;862;4506
2309;28;56;29;57;1,8643602;-36,938095;1,8643602;36,938095;863;3490
2670;34;36;35;37;1,8638618;681,91618;1,8638618;681,91618;864;263
1431;16;48;17;49;1,8638151;-13,557348;1,8638151;13,557348;865;4142
2592;32;81;33;82;1,8628468;109,79558;1,8628468;109,79558;866;1976
2678;34;44;35;45;1,8617082;189,66266;1,8617082;189,66266;867;1411
4239;70;75;71;76;1,8615332;-368,80378;1,8615332;368,80378;868;809
4371;76;78;77;79;1,860722;8,4541987;1,860722;8,4541987;869;4294
4487;83;89;84;90;1,860531;55,267791;1,860531;55,267791;870;2978
3817;56;94;57;95;1,8596274;32,81408;1,8596274;32,81408;871;3617
3336;46;48;47;49;1,8594476;-24,99367;1,8594476;24,99367;872;3827
1870;22;34;23;35;1,8589632;150,38603;1,8589632;150,38603;873;1638
1526;17;65;18;66;1,8573603;-594,46804;1,8573603;594,46804;874;385
2239;27;53;28;54;1,856735;-568,47152;1,856735;568,47152;875;422
1867;22;31;23;32;1,8565607;47,412466;1,8565607;47,412466;876;3190
1221;13;78;14;79;1,8565563;11,506433;1,8565563;11,506433;877;4198
1036;11;58;12;59;1,8559134;2,4681096;1,8559134;2,4681096;878;4477
546;5;87;6;88;1,8557207;-26,263337;1,8557207;26,263337;879;3798
969;10;75;11;76;1,8555439;-554,44495;1,8555439;554,44495;880;445
2147;26;29;27;30;1,8554291;38,469223;1,8554291;38,469223;881;3446
665;7;29;8;30;1,8549895;-158,12437;1,8549895;158,12437;882;1589
3732;54;88;55;89;1,8538858;47,230924;1,8538858;47,230924;883;3192
2492;31;44;32;45;1,8538157;-149,78299;1,8538157;149,78299;884;1644
228;2;42;3;43;1,8536208;31,097658;1,8536208;31,097658;885;3661
4429;79;85;80;86;1,8521464;38,461154;1,8521464;38,461154;886;3448
2484;31;36;32;37;1,8516621;102,99124;1,8516621;102,99124;887;2046
3072;40;93;41;94;1,8514042;58,353414;1,8514042;58,353414;888;2897
155;1;62;2;63;1,8491424;-52,508729;1,8491424;52,508729;889;3055
3818;56;95;57;96;1,84726;43,260835;1,84726;43,260835;890;3298
3183;43;45;44;46;1,8471969;46,935662;1,8471969;46,935662;891;3201
3371;46;83;47;84;1,8471268;398,22752;1,8471268;398,22752;892;738
4083;64;84;65;85;1,8470881;67,77144;1,8470881;67,77144;893;2636
2629;33;56;34;57;1,8465886;-982,05488;1,8465886;982,05488;894;80
201;2;15;3;16;1,846563;-24,942755;1,846563;24,942755;895;3829
3472;48;89;49;90;1,8460435;-133,11859;1,8460435;133,11859;896;1764
3519;49;90;50;91;1,8460374;-385,30027;1,8460374;385,30027;897;763
4037;63;69;64;70;1,8459786;118,44397;1,8459786;118,44397;898;1883
800;8;77;9;78;1,8458816;812,62565;1,8458816;812,62565;899;170
2063;24;84;25;85;1,8450793;-369,22042;1,8450793;369,22042;900;808
403;4;34;5;35;1,8444274;-23,733185;1,8444274;23,733185;901;3866
1466;16;83;17;84;1,8427593;771,99033;1,8427593;771,99033;902;191
4164;67;78;68;79;1,8423036;56,512069;1,8423036;56,512069;903;2948
3401;47;65;48;66;1,840562;-6,5238216;1,840562;6,5238216;904;4360
4466;81;93;82;94;1,8398693;100,40669;1,8398693;100,40669;905;2081
278;2;92;3;93;1,8394719;11,399806;1,8394719;11,399806;906;4201
4054;63;86;64;87;1,8386382;-32,388397;1,8386382;32,388397;907;3625
3952;60;83;61;84;1,8381206;293,22758;1,8381206;293,22758;908;1018
2398;29;79;30;80;1,8377147;134,2817;1,8377147;134,2817;909;1750
1289;14;65;15;66;1,8357339;-164,53746;1,8357339;164,53746;910;1547
4415;78;87;79;88;1,8332883;92,615081;1,8332883;92,615081;911;2195
53;0;54;1;55;1,8332501;284,34326;1,8332501;284,34326;912;1046
2710;34;76;35;77;1,8332044;170,15226;1,8332044;170,15226;913;1517
114;1;21;2;22;1,8326353;102,03749;1,8326353;102,03749;914;2060
189;2;3;3;4;1,83034;381,56667;1,83034;381,56667;915;767
1177;13;34;14;35;1,8290387;-75,262155;1,8290387;75,262155;916;2474
3108;41;75;42;76;1,8288453;69,713364;1,8288453;69,713364;917;2594
2302;28;49;29;50;1,8273499;91,597761;1,8273499;91,597761;918;2217
1691;19;77;20;78;1,826246;379,44272;1,826246;379,44272;919;773
2933;38;65;39;66;1,824613;-594,31064;1,824613;594,31064;920;386
3523;49;94;50;95;1,8226171;64,97378;1,8226171;64,97378;921;2711
3638;52;77;53;78;1,8156359;183,7471;1,8156359;183,7471;922;1440
4365;75;91;76;92;1,8153988;-29,048063;1,8153988;29,048063;923;3711
2701;34;67;35;68;1,8147859;346,21013;1,8147859;346,21013;924;857
44;0;45;1;46;1,8138481;-20,543368;1,8138481;20,543368;925;3955
2885;37;74;38;75;1,8112295;-10,413923;1,8112295;10,413923;926;4238
3524;49;95;50;96;1,8102497;66,292066;1,8102497;66,292066;927;2668
1062;11;84;12;85;1,80996;706,01342;1,80996;706,01342;928;237
2622;33;49;34;50;1,8095782;-300,49232;1,8095782;300,49232;929;998
4100;65;71;66;72;1,8094949;-57,34096;1,8094949;57,34096;930;2917
2721;34;87;35;88;1,8057707;338,25527;1,8057707;338,25527;931;880
3767;55;83;56;84;1,8050942;-375,2424;1,8050942;375,2424;932;785
1983;23;75;24;76;1,8027867;48,790918;1,8027867;48,790918;933;3146
194;2;8;3;9;1,8025687;-81,484316;1,8025687;81,484316;934;2361
2759;35;65;36;66;1,8016546;-102,0955;1,8016546;102,0955;935;2058
3192;43;54;44;55;1,7999013;45,703068;1,7999013;45,703068;936;3231
3743;55;59;56;60;1,798426;65,523547;1,798426;65,523547;937;2701
1729;20;40;21;41;1,7974957;98,248107;1,7974957;98,248107;938;2106
4187;68;74;69;75;1,7956934;19,963553;1,7956934;19,963553;939;3978
2166;26;48;27;49;1,7949392;-43,277248;1,7949392;43,277248;940;3296
684;7;48;8;49;1,7944997;477,30284;1,7944997;477,30284;941;587
3327;45;88;46;89;1,7932123;-10,999443;1,7932123;10,999443;942;4218
178;1;85;2;86;1,7912443;-11,737914;1,7912443;11,737914;943;4195
3835;57;74;58;75;1,7887875;185,17319;1,7887875;185,17319;944;1431
3860;58;62;59;63;1,7884773;-69,250608;1,7884773;69,250608;945;2600
2645;33;72;34;73;1,7861258;109,4437;1,7861258;109,4437;946;1980
1770;20;81;21;82;1,7859608;57,762052;1,7859608;57,762052;947;2910
4306;72;95;73;96;1,7854544;821,54121;1,7854544;821,54121;948;163
205;2;19;3;20;1,7829331;14,509773;1,7829331;14,509773;949;4118
4048;63;80;64;81;1,7818884;11,049313;1,7818884;11,049313;950;4214
1122;12;61;13;62;1,7805098;-32,899978;1,7805098;32,899978;951;3611
3690;53;87;54;88;1,7772849;325,13848;1,7772849;325,13848;952;920
3462;48;79;49;80;1,7772248;97,2239;1,7772248;97,2239;953;2120
122;1;29;2;30;1,7768126;35,912501;1,7768126;35,912501;954;3517
486;5;27;6;28;1,7762706;121,97739;1,7762706;121,97739;955;1857
4305;72;94;73;95;1,7730869;984,66391;1,7730869;984,66391;956;78
238;2;52;3;53;1,7723231;11,119706;1,7723231;11,119706;957;4209
4148;66;90;67;91;1,7722679;64,557279;1,7722679;64,557279;958;2715
1821;21;58;22;59;1,7719702;-14,905751;1,7719702;14,905751;959;4108
2325;28;72;29;73;1,7683542;86,882521;1,7683542;86,882521;960;2284
3670;53;67;54;68;1,7682697;420,03199;1,7682697;420,03199;961;695
1135;12;74;13;75;1,7682216;909,1709;1,7682216;909,1709;962;107
3309;45;70;46;71;1,7655636;-450,11164;1,7655636;450,11164;963;641
3894;59;60;60;61;1,7653996;3,4703364;1,7653996;3,4703364;964;4441
1601;18;63;19;64;1,7648315;288,84565;1,7648315;288,84565;965;1036
2566;32;55;33;56;1,7640986;78,250402;1,7640986;78,250402;966;2416
476;5;17;6;18;1,7635158;116,40106;1,7635158;116,40106;967;1909
3617;52;56;53;57;1,7619151;-343,17521;1,7619151;343,17521;968;869
1442;16;59;17;60;1,7607609;56,408989;1,7607609;56,408989;969;2951
3822;57;61;58;62;1,759944;-4,2668834;1,759944;4,2668834;970;4413
939;10;45;11;46;1,7595744;-688,89977;1,7595744;688,89977;971;251
3347;46;59;47;60;1,7563933;145,30834;1,7563933;145,30834;972;1665
602;6;54;7;55;1,7553704;460,11296;1,7553704;460,11296;973;619
1196;13;53;14;54;1,7540169;-2,1128881;1,7540169;2,1128881;974;4487
2264;27;78;28;79;1,7538382;-48,70091;1,7538382;48,70091;975;3152
2319;28;66;29;67;1,7535804;1295,6628;1,7535804;1295,6628;976;25
3971;61;68;62;69;1,7530381;-38,795715;1,7530381;38,795715;977;3438
2449;30;65;31;66;1,7518847;-1011,5352;1,7518847;1011,5352;978;70
1670;19;56;20;57;1,7513051;-965,83036;1,7513051;965,83036;979;85
2112;25;63;26;64;1,7505112;38,859221;1,7505112;38,859221;980;3436
3679;53;76;54;77;1,7498512;197,74264;1,7498512;197,74264;981;1379
4301;72;90;73;91;1,7496666;293,10809;1,7496666;293,10809;982;1020
2532;31;84;32;85;1,749581;-189,34889;1,749581;189,34889;983;1414
4152;66;94;67;95;1,7488476;36,438061;1,7488476;36,438061;984;3503
506;5;47;6;48;1,7467176;89,376713;1,7467176;89,376713;985;2245
2817;36;64;37;65;1,7450069;173,82931;1,7450069;173,82931;986;1485
2999;39;75;40;76;1,7443016;-244,98665;1,7443016;244,98665;987;1184
2015;24;36;25;37;1,7429981;65,032901;1,7429981;65,032901;988;2709
3923;59;89;60;90;1,7429892;-408,25158;1,7429892;408,25158;989;716
3253;44;64;45;65;1,7428533;678,20442;1,7428533;678,20442;990;265
4020;62;84;63;85;1,7425239;357,15114;1,7425239;357,15114;991;832
3726;54;82;55;83;1,7421985;424,00188;1,7421985;424,00188;992;686
473;5;14;6;15;1,7418895;52,941573;1,7418895;52,941573;993;3042
3777;55;93;56;94;1,7411211;57,903181;1,7411211;57,903181;994;2906
1539;17;78;18;79;1,7410834;-950,71114;1,7410834;950,71114;995;91
2023;24;44;25;45;1,7408445;-159,77026;1,7408445;159,77026;996;1573
1900;22;64;23;65;1,7401083;-114,74828;1,7401083;114,74828;997;1927
422;4;53;5;54;1,7386282;-396,31877;1,7386282;396,31877;998;740
1860;22;24;23;25;1,7380996;2,6277406;1,7380996;2,6277406;999;4470
2872;37;61;38;62;1,737502;-365,83383;1,737502;365,83383;1000;816
4153;66;95;67;96;1,7364802;-81,317729;1,7364802;81,317729;1001;2365
2639;33;66;34;67;1,7358087;-16,357098;1,7358087;16,357098;1002;4063
3583;51;65;52;66;1,734911;-36,158098;1,734911;36,158098;1003;3511
3078;41;45;42;46;1,7328757;64,385827;1,7328757;64,385827;1004;2723
779;8;56;9;57;1,7316695;46,359325;1,7316695;46,359325;1005;3218
2571;32;60;33;61;1,7310722;32,93448;1,7310722;32,93448;1006;3609
2650;33;77;34;78;1,7309625;86,973917;1,7309625;86,973917;1007;2282
497;5;38;6;39;1,7307686;54,690408;1,7307686;54,690408;1008;2996
3883;58;85;59;86;1,7305792;-38,302705;1,7305792;38,302705;1009;3452
4406;77;95;78;96;1,730291;156,93344;1,730291;156,93344;1010;1597
2964;39;40;40;41;1,7276182;116,68909;1,7276182;116,68909;1011;1904
3537;50;63;51;64;1,7273832;27,585032;1,7273832;27,585032;1012;3761
1415;16;32;17;33;1,7264335;94,53864;1,7264335;94,53864;1013;2172
2220;27;34;28;35;1,7263206;138,12909;1,7263206;138,12909;1014;1723
1847;21;84;22;85;1,7260168;-129,83731;1,7260168;129,83731;1015;1787
433;4;64;5;65;1,7255725;-61,144119;1,7255725;61,144119;1016;2819
3481;49;52;50;53;1,7249048;-356,16255;1,7249048;356,16255;1017;833
3414;47;78;48;79;1,7242851;-6,757598;1,7242851;6,757598;1018;4353
1889;22;53;23;54;1,7240924;-407,78751;1,7240924;407,78751;1019;719
393;4;24;5;25;1,7235637;22,2319;1,7235637;22,2319;1020;3911
3713;54;69;55;70;1,7226382;34,535231;1,7226382;34,535231;1021;3553
2557;32;46;33;47;1,722066;273,66947;1,722066;273,66947;1022;1081
3242;44;53;45;54;1,7213474;-155,9566;1,7213474;155,9566;1023;1602
1302;14;78;15;79;1,719457;-311,91598;1,719457;311,91598;1024;962
3330;45;91;46;92;1,7194292;-41,545733;1,7194292;41,545733;1025;3361
2806;36;53;37;54;1,7191938;-36,028241;1,7191938;36,028241;1026;3514
4405;77;94;78;95;1,7179236;-41,339709;1,7179236;41,339709;1027;3363
141;1;48;2;49;1,7163227;-27,743687;1,7163227;27,743687;1028;3756
2377;29;58;30;59;1,7161475;-1,8444033;1,7161475;1,8444033;1029;4501
3005;39;81;40;82;1,7160833;161,6822;1,7160833;161,6822;1030;1559
530;5;71;6;72;1,7156505;12,939209;1,7156505;12,939209;1031;4162
3730;54;86;55;87;1,7152978;1014,6743;1,7152978;1014,6743;1032;69
4075;64;76;65;77;1,7143495;-134,02372;1,7143495;134,02372;1033;1753
1663;19;49;20;50;1,7142947;-245,2054;1,7142947;245,2054;1034;1182
1495;17;34;18;35;1,7135657;103,52598;1,7135657;103,52598;1035;2040
4102;65;73;66;74;1,7134172;21,949505;1,7134172;21,949505;1036;3920
2330;28;77;29;78;1,7131909;1604,2855;1,7131909;1604,2855;1037;2
2055;24;76;25;77;1,7123407;-22,454405;1,7123407;22,454405;1038;3903
1207;13;64;14;65;1,7101838;59,682339;1,7101838;59,682339;1039;2854
2600;32;89;33;90;1,7086618;-201,62426;1,7086618;201,62426;1040;1357
2946;38;78;39;79;1,7083362;-668,1035;1,7083362;668,1035;1041;282
1167;13;24;14;25;1,708175;-311,93225;1,708175;311,93225;1042;961
3962;60;93;61;94;1,7080947;-22,280794;1,7080947;22,280794;1043;3909
1014;11;36;12;37;1,7078789;94,513251;1,7078789;94,513251;1044;2173
494;5;35;6;36;1,7078102;345,00181;1,7078102;345,00181;1045;860
1953;23;45;24;46;1,7068172;22,56987;1,7068172;22,56987;1046;3899
4456;81;83;82;84;1,7063461;1077,5633;1,7063461;1077,5633;1047;55
1022;11;44;12;45;1,7057253;-46,913751;1,7057253;46,913751;1048;3203
334;3;56;4;57;1,7038982;88,0722;1,7038982;88,0722;1049;2267
2506;31;58;32;59;1,7036276;-19,648813;1,7036276;19,648813;1050;3983
1476;16;93;17;94;1,703456;28,149755;1,703456;28,149755;1051;3740
1000;11;22;12;23;1,7029803;90,43681;1,7029803;90,43681;1052;2227
3381;46;93;47;94;1,6990885;-20,31432;1,6990885;20,31432;1053;3968
2681;34;47;35;48;1,6967675;253,79578;1,6967675;253,79578;1054;1153
4066;64;67;65;68;1,695931;-88,965848;1,695931;88,965848;1055;2252
3062;40;83;41;84;1,6948111;-120,23892;1,6948111;120,23892;1056;1871
3815;56;92;57;93;1,6947663;-512,34653;1,6947663;512,34653;1057;518
772;8;49;9;50;1,6946592;150,26786;1,6946592;150,26786;1058;1640
4401;77;90;78;91;1,6945033;123,07463;1,6945033;123,07463;1059;1840
2046;24;67;25;68;1,6939223;49,57453;1,6939223;49,57453;1060;3131
4266;71;78;72;79;1,693218;-29,124503;1,693218;29,124503;1061;3710
872;9;63;10;64;1,6921589;375,49377;1,6921589;375,49377;1062;784
1258;14;34;15;35;1,6919394;53,037561;1,6919394;53,037561;1063;3039
2177;26;59;27;60;1,691885;25,461085;1,691885;25,461085;1064;3817
695;7;59;8;60;1,6914454;-199,4855;1,6914454;199,4855;1065;1368
380;4;11;5;12;1,6884445;28,227309;1,6884445;28,227309;1066;3736
1360;15;56;16;57;1,6876752;-489,37205;1,6876752;489,37205;1067;555
219;2;33;3;34;1,6876496;48,20992;1,6876496;48,20992;1068;3164
1744;20;55;21;56;1,6872127;89,723797;1,6872127;89,723797;1069;2241
281;2;95;3;96;1,6869782;-211,66022;1,6869782;211,66022;1070;1322
4086;64;87;65;88;1,6869158;-48,747096;1,6869158;48,747096;1071;3148
4542;89;93;90;94;1,6856843;134,00883;1,6856843;134,00883;1072;1755
2772;35;78;36;79;1,6853777;-24,01099;1,6853777;24,01099;1073;3857
2066;24;87;25;88;1,684907;72,185645;1,684907;72,185645;1074;2528
4494;84;85;85;86;1,6846258;205,03547;1,6846258;205,03547;1075;1343
2672;34;38;35;39;1,6808185;96,844266;1,6808185;96,844266;1076;2129
3142;42;56;43;57;1,6806174;-876,90325;1,6806174;876,90325;1077;126
4307;73;74;74;75;1,6785276;-850,32455;1,6785276;850,32455;1078;147
1054;11;76;12;77;1,6772215;78,483134;1,6772215;78,483134;1079;2412
280;2;94;3;95;1,6746108;-63,888225;1,6746108;63,888225;1080;2732
1764;20;75;21;76;1,6744241;-306,28525;1,6744241;306,28525;1081;979
3913;59;79;60;80;1,6741706;124,62426;1,6741706;124,62426;1082;1829
991;11;13;12;14;1,6730558;-326,46463;1,6730558;326,46463;1083;913
3149;42;63;43;64;1,6708295;47,080269;1,6708295;47,080269;1084;3196
2403;29;84;30;85;1,6701941;-76,701886;1,6701941;76,701886;1085;2447
214;2;28;3;29;1,669878;9,7066145;1,669878;9,7066145;1086;4261
1948;23;40;24;41;1,6691331;-650,33269;1,6691331;650,33269;1087;297
327;3;49;4;50;1,6668879;69,861517;1,6668879;69,861517;1088;2589
2705;34;71;35;72;1,6657004;173,66036;1,6657004;173,66036;1089;1488
1367;15;63;16;64;1,6637716;-8,3906926;1,6637716;8,3906926;1090;4298
865;9;56;10;57;1,6592879;-33,00765;1,6592879;33,00765;1091;3605
1045;11;67;12;68;1,658803;205,541;1,658803;205,541;1092;1342
3724;54;80;55;81;1,658548;125,16596;1,658548;125,16596;1093;1819
489;5;30;6;31;1,6580403;69,396397;1,6580403;69,396397;1094;2597
2669;34;35;35;36;1,6578601;400,08166;1,6578601;400,08166;1095;732
3521;49;92;50;93;1,657756;-365,41372;1,657756;365,41372;1096;817
1989;23;81;24;82;1,6575982;389,26;1,6575982;389,26;1097;753
2150;26;32;27;33;1,6575576;125,14398;1,6575576;125,14398;1098;1820
668;7;32;8;33;1,657118;-91,549142;1,657118;91,549142;1099;2218
3592;51;74;52;75;1,6570337;184,99381;1,6570337;184,99381;1100;1433
4060;63;92;64;93;1,6566805;58,420604;1,6566805;58,420604;1101;2893
3070;40;91;41;92;1,6565211;10,883634;1,6565211;10,883634;1102;4224
3441;48;58;49;59;1,6556576;-130,68811;1,6556576;130,68811;1103;1778
1749;20;60;21;61;1,6541862;17,000488;1,6541862;17,000488;1104;4053
276;2;90;3;91;1,6511905;52,93914;1,6511905;52,93914;1105;3043
3627;52;66;53;67;1,6511353;-120,17535;1,6511353;120,17535;1106;1872
1353;15;49;16;50;1,6506649;-200,92648;1,6506649;200,92648;1107;1359
1065;11;87;12;88;1,6497878;166,64402;1,6497878;166,64402;1108;1537
1403;16;20;17;21;1,6495476;127,85233;1,6495476;127,85233;1109;1802
2969;39;45;40;46;1,6483321;-22,654449;1,6483321;22,654449;1110;3895
341;3;63;4;64;1,6475486;246,99958;1,6475486;246,99958;1111;1178
1735;20;46;21;47;1,64518;59,988941;1,64518;59,988941;1112;2844
4464;81;91;82;92;1,6449861;73,463518;1,6449861;73,463518;1113;2511
3135;42;49;43;50;1,6436071;-499,02358;1,6436071;499,02358;1114;537
3020;40;41;41;42;1,6430746;-375,24122;1,6430746;375,24122;1115;786
124;1;31;2;32;1,6429625;14,162483;1,6429625;14,162483;1116;4129
1592;18;54;19;55;1,6414911;50,237742;1,6414911;50,237742;1117;3111
510;5;51;6;52;1,6410666;98,241289;1,6410666;98,241289;1118;2107
1680;19;66;20;67;1,6405252;-25,582737;1,6405252;25,582737;1119;3812
2815;36;62;37;63;1,6404428;-21,916116;1,6404428;21,916116;1120;3923
2458;30;74;31;75;1,64006;45,038605;1,64006;45,038605;1121;3254
2590;32;79;33;80;1,6398432;124,62197;1,6398432;124,62197;1122;1830
3251;44;62;45;63;1,6382892;97,403421;1,6382892;97,403421;1123;2115
2462;30;78;31;79;1,6356079;-666,44613;1,6356079;666,44613;1124;284
1898;22;62;23;63;1,6355442;1,8188085;1,6355442;1,8188085;1125;4503
2211;26;93;27;94;1,6345801;-22,926618;1,6345801;22,926618;1126;3885
729;7;93;8;94;1,6341405;-311,33039;1,6341405;311,33039;1127;964
1778;20;89;21;90;1,6317759;-41,071087;1,6317759;41,071087;1128;3367
3114;41;81;42;82;1,6315396;332,06322;1,6315396;332,06322;1129;900
2103;25;54;26;55;1,6271708;-176,25165;1,6271708;176,25165;1130;1470
3530;50;56;51;57;1,6240636;-53,277179;1,6240636;53,277179;1131;3034
1799;21;36;22;37;1,6239357;105,96578;1,6239357;105,96578;1132;2014
1126;12;65;13;66;1,6237231;7,0895889;1,6237231;7,0895889;1133;4341
858;9;49;10;50;1,6222776;54,704113;1,6222776;54,704113;1134;2995
1807;21;44;22;45;1,6217821;-85,779509;1,6217821;85,779509;1135;2299
431;4;62;5;63;1,6210084;-22,35828;1,6210084;22,35828;1136;3905
789;8;66;9;67;1,6208897;109,69277;1,6208897;109,69277;1137;1978
4367;75;93;76;94;1,6205156;-599,44147;1,6205156;599,44147;1138;374
786;8;63;9;64;1,6197774;-15,993601;1,6197774;15,993601;1139;4081
532;5;73;6;74;1,6195727;96,015581;1,6195727;96,015581;1140;2145
1785;21;22;22;23;1,6190371;89,808307;1,6190371;89,808307;1141;2238
3596;51;78;52;79;1,6186341;-52,83863;1,6186341;52,83863;1142;3045
2979;39;55;40;56;1,6173351;37,45413;1,6173351;37,45413;1143;3476
3687;53;84;54;85;1,6171126;-19,805035;1,6171126;19,805035;1144;3979
4437;79;93;80;94;1,6168657;117,11734;1,6168657;117,11734;1145;1898
934;10;40;11;41;1,6163759;65,543231;1,6163759;65,543231;1146;2700
152;1;59;2;60;1,6132685;46,643947;1,6132685;46,643947;1147;3209
3049;40;70;41;71;1,6103867;45,075678;1,6103867;45,075678;1148;3250
4012;62;76;63;77;1,6097854;8,4368789;1,6097854;8,4368789;1149;4295
3467;48;84;49;85;1,6097043;467,19051;1,6097043;467,19051;1150;608
2418;30;34;31;35;1,6080902;80,116228;1,6080902;80,116228;1151;2379
2250;27;64;28;65;1,6074657;-94,87327;1,6074657;94,87327;1152;2168
2883;37;72;38;73;1,6068371;163,17403;1,6068371;163,17403;1153;1553
1205;13;62;14;63;1,6056197;476,08061;1,6056197;476,08061;1154;591
2006;24;27;25;28;1,6054569;10,952982;1,6054569;10,952982;1155;4221
975;10;81;11;82;1,604841;96,12082;1,604841;96,12082;1156;2143
390;4;21;5;22;1,6045013;43,164779;1,6045013;43,164779;1157;3306
3528;50;54;51;55;1,6040428;82,765667;1,6040428;82,765667;1158;2345
3826;57;65;58;66;1,6031572;-61,84329;1,6031572;61,84329;1159;2800
2105;25;56;26;57;1,6009357;-251,01315;1,6009357;251,01315;1160;1163
1677;19;63;20;64;1,6001418;15,839606;1,6001418;15,839606;1161;4085
4245;70;81;71;82;1,5988517;26,313001;1,5988517;26,313001;1162;3797
2586;32;75;33;76;1,5975382;-506,85929;1,5975382;506,85929;1163;525
4311;73;78;74;79;1,5971403;-50,685886;1,5971403;50,685886;1164;3103
4097;65;68;66;69;1,5962514;-166,96355;1,5962514;166,96355;1165;1534
1525;17;64;18;65;1,5947109;-192,76796;1,5947109;192,76796;1166;1400
3993;61;90;62;91;1,5946724;420,20094;1,5946724;420,20094;1167;694
1839;21;76;22;77;1,5932783;18,031719;1,5932783;18,031719;1168;4022
344;3;66;4;67;1,5931184;-15,551506;1,5931184;15,551506;1169;4093
1485;17;24;18;25;1,5927021;-275,59185;1,5927021;275,59185;1170;1075
4003;62;67;63;68;1,5913669;54,465814;1,5913669;54,465814;1171;3003
4185;68;72;69;73;1,5913009;296,43577;1,5913009;296,43577;1172;1010
2685;34;51;35;52;1,5911165;121,9173;1,5911165;121,9173;1173;1858
2768;35;74;36;75;1,5902901;22,26911;1,5902901;22,26911;1174;3910
3624;52;63;53;64;1,5895317;14,413648;1,5895317;14,413648;1175;4123
1164;13;21;14;22;1,5891126;-94,304932;1,5891126;94,304932;1176;2177
3479;49;50;50;51;1,5870533;-10,227446;1,5870533;10,227446;1177;4244
1594;18;56;19;57;1,5866154;24,425195;1,5866154;24,425195;1178;3844
3833;57;72;58;73;1,5843951;1437,4151;1,5843951;1437,4151;1179;16
2984;39;60;40;61;1,5843087;-16,67427;1,5843087;16,67427;1180;4060
4150;66;92;67;93;1,5839865;37,133686;1,5839865;37,133686;1181;3485
3067;40;88;41;89;1,582738;55,147528;1,582738;55,147528;1182;2983
2838;36;85;37;86;1,5825447;63,829242;1,5825447;63,829242;1183;2734
4262;71;74;72;75;1,5824498;380,51464;1,5824498;380,51464;1184;769
4023;62;87;63;88;1,5823517;4,916047;1,5823517;4,916047;1185;4394
2527;31;79;32;80;1,5820604;75,126593;1,5820604;75,126593;1186;2477
2876;37;65;38;66;1,5807152;-864,16714;1,5807152;864,16714;1187;138
1715;20;26;21;27;1,5806717;1,3673934;1,5806717;1,3673934;1188;4519
3274;44;85;45;86;1,5803911;-236,30841;1,5803911;236,30841;1189;1213
656;7;20;8;21;1,5802321;-267,02365;1,5802321;267,02365;1190;1109
1422;16;39;17;40;1,57967;33,090771;1,57967;33,090771;1191;3601
125;1;32;2;33;1,5789411;38,021286;1,5789411;38,021286;1192;3462
1734;20;45;21;46;1,5784546;-350,79217;1,5784546;350,79217;1193;846
3400;47;64;48;65;1,5779126;-3,5410727;1,5779126;3,5410727;1194;4437
1921;22;85;23;86;1,5776461;-35,80274;1,5776461;35,80274;1195;3522
1370;15;66;16;67;1,5768954;-99,311887;1,5768954;99,311887;1196;2094
2314;28;61;29;62;1,5759848;120,72859;1,5759848;120,72859;1197;1865
2026;24;47;25;48;1,5759038;6,8002378;1,5759038;6,8002378;1198;4349
2970;39;46;40;47;1,5753025;-22,354802;1,5753025;22,354802;1199;3907
1830;21;67;22;68;1,5748598;141,17639;1,5748598;141,17639;1200;1696
1288;14;64;15;65;1,5730845;-102,15337;1,5730845;102,15337;1201;2056
3997;61;94;62;95;1,5712521;122,57105;1,5712521;122,57105;1202;1845
4461;81;88;82;89;1,571203;14,235515;1,571203;14,235515;1203;4128
3661;53;58;54;59;1,5711593;-584,1243;1,5711593;584,1243;1204;402
1248;14;24;15;25;1,5710757;-112,73305;1,5710757;112,73305;1205;1954
1005;11;27;12;28;1,5703377;107,32803;1,5703377;107,32803;1206;2000
3152;42;66;43;67;1,5698376;-9,1383455;1,5698376;9,1383455;1207;4277
2707;34;73;35;74;1,5696226;10,35362;1,5696226;10,35362;1208;4240
3803;56;80;57;81;1,5695585;62,430968;1,5695585;62,430968;1209;2778
863;9;54;10;55;1,5688185;43,193783;1,5688185;43,193783;1210;3304
2355;29;36;30;37;1,568113;54,200738;1,568113;54,200738;1211;3013
2942;38;74;39;75;1,5673317;5,2330823;1,5673317;5,2330823;1212;4386
2363;29;44;30;45;1,5659594;27,339709;1,5659594;27,339709;1213;3769
1850;21;87;22;88;1,5658446;106,01899;1,5658446;106,01899;1214;2012
667;7;31;8;32;1,5647856;-196,16026;1,5647856;196,16026;1215;1385
2149;26;31;27;32;1,564346;-26,859496;1,564346;26,859496;1216;3784
2098;25;49;26;50;1,5639253;-908,70766;1,5639253;908,70766;1217;108
1133;12;72;13;73;1,5638292;1109,3595;1,5638292;1109,3595;1218;50
1865;22;29;23;30;1,5632144;114,05947;1,5632144;114,05947;1219;1937
3909;59;75;60;76;1,5632108;-684,35926;1,5632108;684,35926;1220;259
454;4;85;5;86;1,5631103;-23,024969;1,5631103;23,024969;1221;3882
1768;20;79;21;80;1,5629572;224,58844;1,5629572;224,58844;1222;1262
39;0;40;1;41;1,5621022;148,50164;1,5621022;148,50164;1223;1651
2932;38;64;39;65;1,5619636;-22,391806;1,5619636;22,391806;1224;3904
3013;39;89;40;90;1,5618983;-95,370871;1,5618983;95,370871;1225;2158
2017;24;38;25;39;1,5599549;-269,43445;1,5599549;269,43445;1226;1100
3998;61;95;62;96;1,5588847;76,799056;1,5588847;76,799056;1227;2442
1963;23;55;24;56;1,5588501;-709,74125;1,5588501;709,74125;1228;233
2634;33;61;34;62;1,5582132;-601,42297;1,5582132;601,42297;1229;372
995;11;17;12;18;1,5575828;-889,74007;1,5575828;889,74007;1230;118
1298;14;74;15;75;1,5562108;27,272451;1,5562108;27,272451;1231;3773
186;1;93;2;94;1,5559636;11,921752;1,5559636;11,921752;1232;4188
3857;58;59;59;60;1,5526033;-45,919662;1,5526033;45,919662;1233;3223
4378;76;85;77;86;1,5518873;-20,428879;1,5518873;20,428879;1234;3960
2888;37;77;38;78;1,5516737;33,94846;1,5516737;33,94846;1235;3570
3410;47;74;48;75;1,5513827;0,84794974;1,5513827;0,84794974;1236;4536
80;0;81;1;82;1,5505673;135,8026;1,5505673;135,8026;1237;1741
1587;18;49;19;50;1,5496051;59,568688;1,5496051;59,568688;1238;2857
398;4;29;5;30;1,5486786;35,821035;1,5486786;35,821035;1239;3520
875;9;66;10;67;1,5485081;-6,1846005;1,5485081;6,1846005;1240;4373
1228;13;85;14;86;1,5477216;454,82708;1,5477216;454,82708;1241;633
3140;42;54;43;55;1,5474891;-197,67413;1,5474891;197,67413;1242;1380
4070;64;71;65;72;1,5468455;-152,48668;1,5468455;152,48668;1243;1624
3775;55;91;56;92;1,546238;-8,2483127;1,546238;8,2483127;1244;4309
2050;24;71;25;72;1,5448367;-36,409263;1,5448367;36,409263;1245;3505
1025;11;47;12;48;1,5407846;108,30027;1,5407846;108,30027;1246;1987
1358;15;54;16;55;1,5404312;134,13494;1,5404312;134,13494;1247;1752
2758;35;64;36;65;1,5390052;920,69402;1,5390052;920,69402;1248;99
2395;29;76;30;77;1,5374556;11,225013;1,5374556;11,225013;1249;4206
2014;24;35;25;36;1,5369964;-51,247131;1,5369964;51,247131;1250;3087
4190;68;77;69;78;1,5361376;1487,7716;1,5361376;1487,7716;1251;10
992;11;14;12;15;1,5359565;-254,08959;1,5359565;254,08959;1252;1152
1535;17;74;18;75;1,5345844;-12,143074;1,5345844;12,143074;1253;4181
4171;67;85;68;86;1,5334688;-55,399944;1,5334688;55,399944;1254;2976
3736;54;92;55;93;1,5333402;876,39772;1,5333402;876,39772;1255;128
1172;13;29;14;30;1,5332899;-258,41719;1,5332899;258,41719;1256;1139
3088;41;55;42;56;1,5327915;-281,78174;1,5327915;281,78174;1257;1053
3509;49;80;50;81;1,5325482;65,581417;1,5325482;65,581417;1258;2697
471;5;12;6;13;1,5298786;112,86513;1,5298786;112,86513;1259;1952
3838;57;77;58;78;1,5292317;166,7448;1,5292317;166,7448;1260;1536
3022;40;43;41;44;1,5287534;-114,71698;1,5287534;114,71698;1261;1929
1968;23;60;24;61;1,5258236;-32,002715;1,5258236;32,002715;1262;3636
1016;11;38;12;39;1,5248356;213,83863;1,5248356;213,83863;1263;1312
3332;45;93;46;94;1,5245461;-395,37198;1,5245461;395,37198;1264;744
4506;85;87;86;88;1,5244536;-36,89184;1,5244536;36,89184;1265;3494
332;3;54;4;55;1,5242082;111,79794;1,5242082;111,79794;1266;1961
2260;27;74;28;75;1,5218296;-51,444879;1,5218296;51,444879;1267;3082
1406;16;23;17;24;1,5211849;333,4857;1,5211849;333,4857;1268;891
2386;29;67;30;68;1,5190371;152,39862;1,5190371;152,39862;1269;1625
2569;32;58;33;59;1,518276;-15,066633;1,518276;15,066633;1270;4102
3219;43;81;44;82;1,5172185;-154,99471;1,5172185;154,99471;1271;1610
1954;23;46;24;47;1,5168174;-56,922934;1,5168174;56,922934;1272;2936
3540;50;66;51;67;1,5132838;272,67427;1,5132838;272,67427;1273;1087
2537;31;89;32;90;1,5132418;-185,08027;1,5132418;185,08027;1274;1432
3960;60;91;61;92;1,5132116;-133,34319;1,5132116;133,34319;1275;1763
3809;56;86;57;87;1,5128087;-547,93684;1,5128087;547,93684;1276;453
2157;26;39;27;40;1,5107941;-1,0469491;1,5107941;1,0469491;1277;4533
146;1;53;2;54;1,5104942;-63,89859;1,5104942;63,89859;1278;2731
675;7;39;8;40;1,5103545;-249,49238;1,5103545;249,49238;1279;1173
2406;29;87;30;88;1,5100218;172,24122;1,5100218;172,24122;1280;1501
1049;11;71;12;72;1,5097175;21,904432;1,5097175;21,904432;1281;3924
516;5;57;6;58;1,5093128;20,080407;1,5093128;20,080407;1282;3976
1138;12;77;13;78;1,5086659;498,92189;1,5086659;498,92189;1283;539
1474;16;91;17;92;1,5085729;-65,838561;1,5085729;65,838561;1284;2684
223;2;37;3;38;1,5083609;5,6543802;1,5083609;5,6543802;1285;4379
2801;36;48;37;49;1,5076231;18,58851;1,5076231;18,58851;1286;4008
1139;12;78;13;79;1,5074462;1,7273434;1,5074462;1,7273434;1287;4508
3918;59;84;60;85;1,50665;-352,14057;1,50665;352,14057;1288;843
949;10;55;11;56;1,5060929;70,266609;1,5060929;70,266609;1289;2578
3237;44;48;45;49;1,5054695;-56,384782;1,5054695;56,384782;1290;2952
3792;56;69;57;70;1,5054682;12,932185;1,5054682;12,932185;1291;4163
2636;33;63;34;64;1,5048583;52,948322;1,5048583;52,948322;1292;3040
3379;46;91;47;92;1,5042054;-29,991306;1,5042054;29,991306;1293;3689
4063;63;95;64;96;1,5041868;-222,7215;1,5041868;222,7215;1294;1275
1997;23;89;24;90;1,5034133;14,824513;1,5034133;14,824513;1295;4111
2248;27;62;28;63;1,5029016;22,706546;1,5029016;22,706546;1296;3891
1884;22;48;23;49;1,5027245;-0,2714745;1,5027245;0,2714745;1297;4555
527;5;68;6;69;1,5024069;489,52612;1,5024069;489,52612;1298;554
113;1;20;2;21;1,5020551;9,1740986;1,5020551;9,1740986;1299;4275
1013;11;35;12;36;1,5018772;129,19156;1,5018772;129,19156;1300;1789
2556;32;45;33;46;1,5015686;-223,62892;1,5015686;223,62892;1301;1268
3754;55;70;56;71;1,5001036;-20,812059;1,5001036;20,812059;1302;3947
2494;31;46;32;47;1,4998376;62,029423;1,4998376;62,029423;1303;2792
3093;41;60;42;61;1,4997651;-370,5456;1,4997651;370,5456;1304;803
777;8;54;9;55;1,496437;7,5306396;1,496437;7,5306396;1305;4323
1414;16;31;17;32;1,4954701;14,477292;1,4954701;14,477292;1306;4119
3891;58;93;59;94;1,4952985;-13,963621;1,4952985;13,963621;1307;4132
1424;16;41;17;42;1,4951264;84,114139;1,4951264;84,114139;1308;2324
3003;39;79;40;80;1,4930797;110,47966;1,4930797;110,47966;1309;1971
254;2;68;3;69;1,4928248;-106,42185;1,4928248;106,42185;1310;2011
4062;63;94;64;95;1,4918194;141,88036;1,4918194;141,88036;1311;1694
2508;31;60;32;61;1,4908314;-63,953257;1,4908314;63,953257;1312;2730
4540;89;91;90;92;1,4908012;-58,451972;1,4908012;58,451972;1313;2891
3079;41;46;42;47;1,4907589;-20,072269;1,4907589;20,072269;1314;3977
2115;25;66;26;67;1,4901558;-71,449676;1,4901558;71,449676;1315;2544
1523;17;62;18;63;1,4901467;-260,79106;1,4901467;260,79106;1316;1130
2448;30;64;31;65;1,4892353;-43,460109;1,4892353;43,460109;1317;3290
417;4;48;5;49;1,4881887;14,811853;1,4881887;14,811853;1318;4112
2009;24;30;25;31;1,4872266;-1098,6984;1,4872266;1098,6984;1319;51
2316;28;63;29;64;1,4870867;95,949642;1,4870867;95,949642;1320;2146
3839;57;78;58;79;1,4868804;-6,7553024;1,4868804;6,7553024;1321;4354
496;5;37;6;38;1,4868708;-38,721639;1,4868708;38,721639;1322;3441
1790;21;27;22;28;1,4863945;45,699522;1,4863945;45,699522;1323;3232
243;2;57;3;58;1,4859189;-485,86388;1,4859189;485,86388;1324;560
3805;56;82;57;83;1,4859079;-191,71921;1,4859079;191,71921;1325;1404
588;6;40;7;41;1,4842226;80,006193;1,4842226;80,006193;1326;2381
4191;68;78;69;79;1,4799745;-61,936913;1,4799745;61,936913;1327;2797
1095;12;34;13;35;1,4799286;252,3386;1,4799286;252,3386;1328;1158
3122;41;89;42;90;1,4773547;70,579121;1,4773547;70,579121;1329;2566
3459;48;76;49;77;1,4769657;-57,85595;1,4769657;57,85595;1330;2908
1668;19;54;20;55;1,4768014;1046,2507;1,4768014;1046,2507;1331;62
1604;18;66;19;67;1,4758356;-56,240175;1,4758356;56,240175;1332;2958
3515;49;86;50;87;1,4757983;-329,5561;1,4757983;329,5561;1333;905
4284;72;73;73;74;1,4741351;887,54469;1,4741351;887,54469;1334;121
1482;17;21;18;22;1,4736396;-272,33262;1,4736396;272,33262;1335;1088
3622;52;61;53;62;1,4735398;506,33407;1,4735398;506,33407;1336;526
3398;47;62;48;63;1,4733485;-10,096682;1,4733485;10,096682;1337;4248
954;10;60;11;61;1,4730664;0,34652715;1,4730664;0,34652715;1338;4552
1191;13;48;14;49;1,4728;1140,1929;1,4728;1140,1929;1339;42
604;6;56;7;57;1,4727361;460,78083;1,4727361;460,78083;1340;617
629;6;81;7;82;1,4726876;92,683315;1,4726876;92,683315;1341;2192
3772;55;88;56;89;1,4724549;69,189192;1,4724549;69,189192;1342;2602
2595;32;84;33;85;1,4723226;114,14648;1,4723226;114,14648;1343;1935
3582;51;64;52;65;1,4722616;-141,34548;1,4722616;141,34548;1344;1695
3061;40;82;41;83;1,4710507;82,546709;1,4710507;82,546709;1345;2349
2030;24;51;25;52;1,4702528;-40,994921;1,4702528;40,994921;1346;3371
1286;14;62;15;63;1,4685204;-279,25054;1,4685204;279,25054;1347;1061
3498;49;69;50;70;1,4684579;50,740003;1,4684579;50,740003;1348;3100
910;10;16;11;17;1,4684277;97,892816;1,4684277;97,892816;1349;2111
4058;63;90;64;91;1,4683991;79,535162;1,4683991;79,535162;1350;2388
3298;45;59;46;60;1,4672412;56,96835;1,4672412;56,96835;1351;2933
3939;60;70;61;71;1,4670772;-74,435834;1,4670772;74,435834;1352;2493
3615;52;54;53;55;1,4661913;591,51575;1,4661913;591,51575;1353;393
198;2;12;3;13;1,465353;-325,5641;1,465353;325,5641;1354;918
2889;37;78;38;79;1,4644384;-658,91139;1,4644384;658,91139;1355;292
940;10;46;11;47;1,4640602;3,1810541;1,4640602;3,1810541;1356;4451
1675;19;61;20;62;1,4629297;-538,07568;1,4629297;538,07568;1357;469
1453;16;70;17;71;1,4624385;-14,104819;1,4624385;14,104819;1358;4130
3458;48;75;49;76;1,4601565;-252,71121;1,4601565;252,71121;1359;1157
4455;81;82;82;83;1,4595158;70,79676;1,4595158;70,79676;1360;2561
2691;34;57;35;58;1,4593627;126,42192;1,4593627;126,42192;1361;1809
4138;66;80;67;81;1,4587787;53,360507;1,4587787;53,360507;1362;3028
3450;48;67;49;68;1,4585472;-4,7980797;1,4585472;4,7980797;1363;4399
3358;46;70;47;71;1,458071;-23,161507;1,458071;23,161507;1364;3877
2503;31;55;32;56;1,457805;65,597623;1,457805;65,597623;1365;2696
2930;38;62;39;63;1,4573995;-134,55957;1,4573995;134,55957;1366;1748
1810;21;47;22;48;1,4568414;61,807193;1,4568414;61,807193;1367;2801
3590;51;72;52;73;1,4526413;920,44981;1,4526413;920,44981;1368;100
2702;34;68;35;69;1,4524568;454,38374;1,4524568;454,38374;1369;634
1934;23;26;24;27;1,452309;-1,1323661;1,452309;1,1323661;1370;4527
1008;11;30;12;31;1,4521073;-312,47506;1,4521073;312,47506;1371;959
1245;14;21;15;22;1,4520133;420,61417;1,4520133;420,61417;1372;693
659;7;23;8;24;1,4518695;-66,338596;1,4518695;66,338596;1373;2666
54;0;55;1;56;1,4518191;294,44029;1,4518191;294,44029;1374;1014
3048;40;69;41;70;1,4514904;-319,15678;1,4514904;319,15678;1375;932
4072;64;73;65;74;1,4507678;-147,08625;1,4507678;147,08625;1376;1655
983;10;89;11;90;1,4506561;14,349098;1,4506561;14,349098;1377;4125
3682;53;79;54;80;1,4495921;438,42199;1,4495921;438,42199;1378;661
3470;48;87;49;88;1,449532;-4,2899765;1,449532;4,2899765;1379;4412
4502;84;93;85;94;1,4493451;-388,92412;1,4493451;388,92412;1380;754
3511;49;82;50;83;1,4488976;-432,45538;1,4488976;432,45538;1381;672
2052;24;73;25;74;1,448759;24,318705;1,448759;24,318705;1382;3849
2271;27;85;28;86;1,4450035;-12,320094;1,4450035;12,320094;1383;4176
4253;70;89;71;90;1,4446668;-387,10468;1,4446668;387,10468;1384;760
3065;40;86;41;87;1,4441499;86,663631;1,4441499;86,663631;1385;2287
784;8;61;9;62;1,4432941;-27,299227;1,4432941;27,299227;1386;3771
4341;74;87;75;88;1,4423795;1008,5563;1,4423795;1008,5563;1387;72
4007;62;71;63;72;1,4422814;-56,939277;1,4422814;56,939277;1388;2935
1747;20;58;21;59;1,44139;-41,139528;1,44139;41,139528;1389;3366
1801;21;38;22;39;1,4408924;-120,37776;1,4408924;120,37776;1390;1870
4220;69;81;70;82;1,4399555;-603,85811;1,4399555;603,85811;1391;368
2209;26;91;27;92;1,439697;-1,9473464;1,439697;1,9473464;1392;4493
3957;60;88;61;89;1,4394285;-5,0920219;1,4394285;5,0920219;1393;4389
727;7;91;8;92;1,4392574;21,557348;1,4392574;21,557348;1394;3934
4119;65;90;66;91;1,4378857;33,312094;1,4378857;33,312094;1395;3595
2671;34;37;35;38;1,4369207;78,642868;1,4369207;78,642868;1396;2409
597;6;49;7;50;1,4357257;-485,43222;1,4357257;485,43222;1397;561
2456;30;72;31;73;1,4356676;104,91939;1,4356676;104,91939;1398;2025
1029;11;51;12;52;1,4351336;-4,8096949;1,4351336;4,8096949;1399;4398
1471;16;88;17;89;1,4347898;181,70195;1,4347898;181,70195;1400;1444
1987;23;79;24;80;1,4345946;608,7681;1,4345946;608,7681;1401;362
2756;35;62;36;63;1,4344411;104,24483;1,4344411;104,24483;1402;2034
4160;67;74;68;75;1,4333643;741,77853;1,4333643;741,77853;1403;203
4459;81;86;82;87;1,432615;68,946096;1,432615;68,946096;1404;2609
689;7;53;8;54;1,4323173;-100,86868;1,4323173;100,86868;1405;2073
1546;17;85;18;86;1,4322486;-449,60353;1,4322486;449,60353;1406;644
132;1;39;2;40;1,4321776;3,4993402;1,4321776;3,4993402;1407;4440
2171;26;53;27;54;1,4318777;-82,768938;1,4318777;82,768938;1408;2344
2215;27;29;28;30;1,4305717;77,6324;1,4305717;77,6324;1409;2429
3376;46;88;47;89;1,4304222;281,98324;1,4304222;281,98324;1410;1051
3194;43;56;44;57;1,4282052;52,003966;1,4282052;52,003966;1411;3069
2159;26;41;27;42;1,4262505;-330,13473;1,4262505;330,13473;1412;904
677;7;41;8;42;1,4258109;-9,2460171;1,4258109;9,2460171;1413;4269
1834;21;71;22;72;1,4257743;-1,5469834;1,4257743;1,5469834;1414;4514
3727;54;83;55;84;1,4236633;122,48891;1,4236633;122,48891;1415;1847
4435;79;91;80;92;1,4219826;-23,681157;1,4219826;23,681157;1416;3870
2318;28;65;29;66;1,4191981;6,3871462;1,4191981;6,3871462;1417;4367
1217;13;74;14;75;1,4191115;-31,434652;1,4191115;31,434652;1418;3650
4310;73;77;74;78;1,4189718;130,49941;1,4189718;130,49941;1419;1779
59;0;60;1;61;1,4187927;131,71927;1,4187927;131,71927;1420;1774
3193;43;55;44;56;1,4184703;-106,9068;1,4184703;106,9068;1421;2006
1798;21;35;22;36;1,417934;-105,67768;1,417934;105,67768;1422;2017
1490;17;29;18;30;1,4178169;-299,24004;1,4178169;299,24004;1423;1001
4532;88;89;89;90;1,4170181;-75,587396;1,4170181;75,587396;1424;2465
339;3;61;4;62;1,4155229;203,17987;1,4155229;203,17987;1425;1351
3421;47;85;48;86;1,4154504;-23,541141;1,4154504;23,541141;1426;3874
4330;74;76;75;77;1,4149458;94,923208;1,4149458;94,923208;1427;2167
4123;65;94;66;95;1,4144654;-9,9474838;1,4144654;9,9474838;1428;4251
15;0;16;1;17;1,414154;98,934549;1,414154;98,934549;1429;2101
1051;11;73;12;74;1,4136397;43,371985;1,4136397;43,371985;1430;3293
1309;14;85;15;86;1,4106223;-443,3651;1,4106223;443,3651;1431;653
45;0;46;1;47;1,4097865;115,32462;1,4097865;115,32462;1432;1921
3112;41;79;42;80;1,4085361;945,46832;1,4085361;945,46832;1433;93
3995;61;92;62;93;1,4063909;671,59219;1,4063909;671,59219;1434;277
2812;36;59;37;60;1,4045688;116,54678;1,4045688;116,54678;1435;1906
443;4;74;5;75;1,4037228;-323,64283;1,4037228;323,64283;1436;924
3248;44;59;45;60;1,4024153;-101,69041;1,4024153;101,69041;1437;2062
4124;65;95;66;96;1,402098;28,759687;1,402098;28,759687;1438;3718
4144;66;86;67;87;1,4020288;-71,884816;1,4020288;71,884816;1439;2535
2638;33;65;34;66;1,4014265;-1039,21;1,4014265;1039,21;1440;64
2366;29;47;30;48;1,4010187;-14,42081;1,4010187;14,42081;1441;4122
1895;22;59;23;60;1,3996703;69,186759;1,3996703;69,186759;1442;2603
2394;29;75;30;76;1,3996667;-500,75051;1,3996667;500,75051;1443;534
920;10;26;11;27;1,3995518;37,163666;1,3995518;37,163666;1444;3484
2953;38;85;39;86;1,3995014;-570,16951;1,3995014;570,16951;1445;417
1365;15;61;16;62;1,3992999;-311,57342;1,3992999;311,57342;1446;963
646;7;10;8;11;1,3991123;-169,71927;1,3991123;169,71927;1447;1519
3595;51;77;52;78;1,397478;304,38485;1,397478;304,38485;1448;988
88;0;89;1;90;1,3963824;13,534186;1,3963824;13,534186;1449;4144
1253;14;29;15;30;1,3961906;-26,106909;1,3961906;26,106909;1450;3801
1773;20;84;21;85;1,3954367;495,95903;1,3954367;495,95903;1451;545
55;0;56;1;57;1,3948564;41,579328;1,3948564;41,579328;1452;3359
4127;66;69;67;70;1,3946884;73,880225;1,3946884;73,880225;1453;2507
2188;26;70;27;71;1,3935626;-66,345551;1,3935626;66,345551;1454;2665
706;7;70;8;71;1,393123;-537,23079;1,393123;537,23079;1455;470
3147;42;61;43;62;1,392242;-669,36162;1,392242;669,36162;1456;279
3187;43;49;44;50;1,3911949;76,303681;1,3911949;76,303681;1457;2455
1910;22;74;23;75;1,389187;274,42547;1,389187;274,42547;1458;1079
3059;40;80;41;81;1,3874001;-635,25624;1,3874001;635,25624;1459;316
3263;44;74;45;75;1,386442;-112,2367;1,386442;112,2367;1460;1959
2766;35;72;36;73;1,3858977;264,36517;1,3858977;264,36517;1461;1117
3198;43;60;44;61;1,3854439;-151,08729;1,3854439;151,08729;1462;1633
4359;75;85;76;86;1,3852349;-346,58851;1,3852349;346,58851;1463;855
428;4;59;5;60;1,3851344;61,270086;1,3851344;61,270086;1464;2814
2357;29;38;30;39;1,3850697;-484,08263;1,3850697;484,08263;1465;564
2446;30;62;31;63;1,3846712;-213,49941;1,3846712;213,49941;1466;1315
4273;71;85;72;86;1,3843833;-63,83397;1,3843833;63,83397;1467;2733
2827;36;74;37;75;1,3842884;313,78772;1,3842884;313,78772;1468;949
973;10;79;11;80;1,3818374;172,8604;1,3818374;172,8604;1469;1494
2627;33;54;34;55;1,3815179;-190,90909;1,3815179;190,90909;1470;1408
3739;54;95;55;96;1,3808464;50,172917;1,3808464;50,172917;1471;3112
1426;16;43;17;44;1,3808052;-392,33846;1,3808052;392,33846;1472;749
3692;53;89;54;90;1,3807735;109,20185;1,3807735;109,20185;1473;1982
2461;30;77;31;78;1,3805042;77,652153;1,3805042;77,652153;1474;2428
4260;71;72;72;73;1,3780574;647,48104;1,3780574;647,48104;1475;303
2779;35;85;36;86;1,376543;-173,44731;1,376543;173,44731;1476;1489
3184;43;46;44;47;1,3764377;1114,1477;1,3764377;1114,1477;1477;48
4440;80;81;81;82;1,3758652;-436,24352;1,3758652;436,24352;1478;666
4243;70;79;71;80;1,3758482;115,16833;1,3758482;115,16833;1479;1922
259;2;73;3;74;1,375659;-455,78869;1,375659;455,78869;1480;629
4140;66;82;67;83;1,3751281;-26,911456;1,3751281;26,911456;1481;3781
3811;56;88;57;89;1,3742207;34,821173;1,3742207;34,821173;1482;3543
603;6;55;7;56;1,3739395;74,584895;1,3739395;74,584895;1483;2490
3910;59;76;60;77;1,3739115;0,59303226;1,3739115;0,59303226;1484;4545
116;1;23;2;24;1,3736925;281,73687;1,3736925;281,73687;1485;1056
2982;39;58;40;59;1,3715125;25,545664;1,3715125;25,545664;1486;3814
870;9;61;10;62;1,3709126;-21,945119;1,3709126;21,945119;1487;3922
1578;18;40;19;41;1,3703432;-530,62433;1,3703432;530,62433;1488;479
2547;32;36;33;37;1,3702415;91,804898;1,3702415;91,804898;1489;2213
2234;27;48;28;49;1,3700819;-72,325867;1,3700819;72,325867;1490;2524
2390;29;71;30;72;1,3699516;60,646311;1,3699516;60,646311;1491;2826
1202;13;59;14;60;1,3697457;-228,24129;1,3697457;228,24129;1492;1248
3738;54;94;55;95;1,368479;71,2632;1,368479;71,2632;1493;2551
1793;21;30;22;31;1,3681641;-547,03986;1,3681641;547,03986;1494;455
2555;32;44;33;45;1,3680879;-67,085066;1,3680879;67,085066;1495;2651
3580;51;62;52;63;1,3676975;-62,463587;1,3676975;62,463587;1496;2776
3341;46;53;47;54;1,3673693;210,96946;1,3673693;210,96946;1497;1326
2206;26;88;27;89;1,3659139;64,477429;1,3659139;64,477429;1498;2719
724;7;88;8;89;1,3654743;111,01683;1,3654743;111,01683;1499;1969
1868;22;32;23;33;1,3653429;34,907841;1,3653429;34,907841;1500;3540
3287;45;48;46;49;1,364187;-282,10934;1,364187;282,10934;1501;1050
2307;28;54;29;55;1,3637463;-49,743618;1,3637463;49,743618;1502;3127
3227;43;89;44;90;1,3630335;124,21924;1,3630335;124,21924;1503;1831
1436;16;53;17;54;1,3630018;-351,07916;1,3630018;351,07916;1504;845
2940;38;72;39;73;1,3629393;202,97844;1,3629393;202,97844;1505;1353
2354;29;35;30;36;1,3621113;140,3258;1,3621113;140,3258;1506;1706
614;6;66;7;67;1,3619562;0,89177171;1,3619562;0,89177171;1507;4535
184;1;91;2;92;1,3610805;-96,285317;1,3610805;96,285317;1508;2139
1125;12;64;13;65;1,3610737;-100,75057;1,3610737;100,75057;1509;2074
3766;55;82;56;83;1,3607676;94,356892;1,3607676;94,356892;1510;2176
1085;12;24;13;25;1,3590649;29,194896;1,3590649;29,194896;1511;3708
2529;31;81;32;82;1,3590568;97,213398;1,3590568;97,213398;1512;2121
1619;18;81;19;82;1,3588083;591,16046;1,3588083;591,16046;1513;394
3663;53;60;54;61;1,3583631;-323,30368;1,3583631;323,30368;1514;926
48;0;49;1;50;1,357846;26,751756;1,357846;26,751756;1515;3786
1509;17;48;18;49;1,3573271;-286,67184;1,3573271;286,67184;1516;1041
2089;25;40;26;41;1,356023;62,858039;1,356023;62,858039;1517;2762
3901;59;67;60;68;1,355493;39,650902;1,355493;39,650902;1518;3403
237;2;51;3;52;1,3541651;-10,117342;1,3541651;10,117342;1519;4246
1296;14;72;15;73;1,3518184;205,74119;1,3518184;205,74119;1520;1340
1814;21;51;22;52;1,3511904;-13,537732;1,3511904;13,537732;1521;4143
401;4;32;5;33;1,3508071;76,003897;1,3508071;76,003897;1522;2458
4432;79;88;80;89;1,3481995;130,11977;1,3481995;130,11977;1523;1785
134;1;41;2;42;1,347634;117,10718;1,347634;117,10718;1524;1900
2488;31;40;32;41;1,3475219;60,192532;1,3475219;60,192532;1525;2837
2846;36;93;37;94;1,347264;27,878974;1,347264;27,878974;1526;3753
3408;47;72;48;73;1,3469903;702,30973;1,3469903;702,30973;1527;240
3793;56;70;57;71;1,3465719;-933,58037;1,3465719;933,58037;1528;96
3921;59;87;60;88;1,3464777;74,088407;1,3464777;74,088407;1529;2505
4009;62;73;63;74;1,3462036;9,6706553;1,3462036;9,6706553;1530;4262
25;0;26;1;27;1,3452781;32,041038;1,3452781;32,041038;1531;3634
3282;44;93;45;94;1,3451104;-241,95312;1,3451104;241,95312;1532;1193
3734;54;90;55;91;1,3450587;-706,75857;1,3450587;706,75857;1533;236
6;0;7;1;8;1,3448386;667,08409;1,3448386;667,08409;1534;283
2130;25;81;26;82;1,344488;67,222649;1,344488;67,222649;1535;2650
549;5;90;6;91;1,3440412;46,986715;1,3440412;46,986715;1536;3197
1838;21;75;22;76;1,3438439;-790,52828;1,3438439;790,52828;1537;181
1929;22;93;23;94;1,3423654;80,750436;1,3423654;80,750436;1538;2375
3753;55;69;56;70;1,3412073;-140,79683;1,3412073;140,79683;1539;1699
608;6;60;7;61;1,340913;2,7354122;1,340913;2,7354122;1540;4465
950;10;56;11;57;1,3405827;-265,29673;1,3405827;265,29673;1541;1116
3384;47;48;48;49;1,3405288;-37,823537;1,3405288;37,823537;1542;3467
3825;57;64;58;65;1,3405078;-149,58044;1,3405078;149,58044;1543;1645
2587;32;76;33;77;1,3395841;96,304863;1,3395841;96,304863;1544;2138
2036;24;57;25;58;1,3384991;-24,275021;1,3384991;24,275021;1545;3850
3517;49;88;50;89;1,3372103;68,093135;1,3372103;68,093135;1546;2630
216;2;30;3;31;1,3371914;84,074496;1,3371914;84,074496;1547;2325
564;6;16;7;17;1,3362744;18,252766;1,3362744;18,252766;1548;4016
1272;14;48;15;49;1,3357007;-192,65215;1,3357007;192,65215;1549;1401
3535;50;61;51;62;1,3356883;-8,9646662;1,3356883;8,9646662;1550;4284
1175;13;32;14;33;1,3354184;-232,7841;1,3354184;232,7841;1551;1228
3770;55;86;56;87;1,3338669;-30,600262;1,3338669;30,600262;1552;3677
4067;64;68;65;69;1,3336019;-24,83606;1,3336019;24,83606;1553;3833
3029;40;50;41;51;1,332895;48,815331;1,332895;48,815331;1554;3145
594;6;46;7;47;1,3319068;66,049107;1,3319068;66,049107;1555;2673
2047;24;68;25;69;1,3315932;-87,970508;1,3315932;87,970508;1556;2270
2771;35;77;36;78;1,3307343;1462,5598;1,3307343;1462,5598;1557;11
1533;17;72;18;73;1,330192;172,54441;1,330192;172,54441;1558;1497
1836;21;73;22;74;1,3296965;45,33839;1,3296965;45,33839;1559;3241
462;4;93;5;94;1,3278296;12,077974;1,3278296;12,077974;1560;4185
3951;60;82;61;83;1,3277412;-0,54350571;1,3277412;0,54350571;1561;4548
78;0;79;1;80;1,3275637;128,68686;1,3275637;128,68686;1562;1792
4011;62;75;63;76;1,3273368;-167,77255;1,3273368;167,77255;1563;1532
2469;30;85;31;86;1,3267731;-342,63365;1,3267731;342,63365;1564;871
2874;37;63;38;64;1,3255695;72,488838;1,3255695;72,488838;1565;2522
3008;39;84;40;85;1,3255591;-203,69257;1,3255591;203,69257;1566;1348
487;5;28;6;29;1,3253536;229,6164;1,3253536;229,6164;1567;1240
3658;53;55;54;56;1,3253367;-305,95423;1,3253367;305,95423;1568;982
2916;38;48;39;49;1,3245798;-259,41142;1,3245798;259,41142;1569;1136
990;11;12;12;13;1,3239457;115,78521;1,3239457;115,78521;1570;1917
1465;16;82;17;83;1,3231025;-8,3155026;1,3231025;8,3155026;1571;4302
4265;71;77;72;78;1,322894;155,73555;1,322894;155,73555;1572;1605
4418;78;90;79;91;1,3216088;-221,41713;1,3216088;221,41713;1573;1279
3555;50;81;51;82;1,32136;35,295681;1,32136;35,295681;1574;3532
2578;32;67;33;68;1,3211656;135,39167;1,3211656;135,39167;1575;1742
103;1;10;2;11;1,3209353;75,578008;1,3209353;75,578008;1576;2466
553;5;94;6;95;1,3206209;48,494749;1,3206209;48,494749;1577;3161
3370;46;82;47;83;1,318735;37,940322;1,318735;37,940322;1578;3463
637;6;89;7;90;1,3185027;522,6292;1,3185027;522,6292;1579;496
2875;37;64;38;65;1,3180658;-55,076998;1,3180658;55,076998;1580;2987
2258;27;72;28;73;1,3174372;1173,6755;1,3174372;1173,6755;1581;36
3204;43;66;44;67;1,3174254;21,71357;1,3174254;21,71357;1582;3929
3626;52;65;53;66;1,316753;-78,273564;1,316753;78,273564;1583;2415
4386;76;93;77;94;1,3166066;39,915978;1,3166066;39,915978;1584;3399
2016;24;37;25;38;1,3160571;-686,71573;1,3160571;686,71573;1585;254
163;1;70;2;71;1,3149461;-31,233288;1,3149461;31,233288;1586;3657
3089;41;56;42;57;1,313884;26,132366;1,313884;26,132366;1587;3800
1966;23;58;24;59;1,3130274;-635,20303;1,3130274;635,20303;1588;317
2110;25;61;26;62;1,3125603;-534,122;1,3125603;534,122;1589;475
1236;13;93;14;94;1,3124409;-57,362802;1,3124409;57,362802;1590;2916
2349;29;30;30;31;1,3123414;-814,55144;1,3123414;814,55144;1591;167
2598;32;87;33;88;1,3121504;158,88704;1,3121504;158,88704;1592;1581
2161;26;43;27;44;1,3119293;36,167349;1,3119293;36,167349;1593;3510
679;7;43;8;44;1,3114897;-57,890658;1,3114897;57,890658;1594;2907
4036;63;68;64;69;1,3100334;-76,786464;1,3100334;76,786464;1595;2443
3603;51;85;52;86;1,3097994;-40,097864;1,3097994;40,097864;1596;3391
3499;49;70;50;71;1,3095616;-265,76212;1,3095616;265,76212;1597;1114
3454;48;71;49;72;1,3094617;-57,000625;1,3094617;57,000625;1598;2929
554;5;95;6;96;1,3082535;126,39174;1,3082535;126,39174;1599;1810
3938;60;69;61;70;1,3081809;-2,4101706;1,3081809;2,4101706;1600;4478
2945;38;77;39;78;1,3077759;2,7204567;1,3077759;2,7204567;1601;4466
492;5;33;6;34;1,307582;48,531822;1,307582;48,531822;1602;3158
1679;19;65;20;66;1,306143;-548,31182;1,306143;548,31182;1603;452
4475;82;89;83;90;1,3053308;-47,73889;1,3053308;47,73889;1604;3181
2364;29;45;30;46;1,3036971;-113,14746;1,3036971;113,14746;1605;1949
943;10;49;11;50;1,3035723;-538,39056;1,3035723;538,39056;1606;468
1452;16;69;17;70;1,3035422;55,872225;1,3035422;55,872225;1607;2965
1035;11;57;12;58;1,3033798;102,3315;1,3033798;102,3315;1608;2054
3824;57;63;58;64;1,3031275;85,182442;1,3031275;85,182442;1609;2307
2331;28;78;29;79;1,3029212;-42,181123;1,3029212;42,181123;1610;3338
2742;35;48;36;49;1,3016214;-79,498227;1,3016214;79,498227;1611;2391
3955;60;86;61;87;1,3008404;-69,381442;1,3008404;69,381442;1612;2598
3814;56;91;57;92;1,3004375;-83,898727;1,3004375;83,898727;1613;2327
3889;58;91;59;92;1,3004154;-59,09084;1,3004154;59,09084;1614;2874
4051;63;83;64;84;1,3003229;444,02622;1,3003229;444,02622;1615;652
3357;46;69;47;70;1,2991747;759,96021;1,2991747;759,96021;1616;195
1599;18;61;19;62;1,29824;90,053698;1,29824;90,053698;1617;2231
4422;78;94;79;95;1,2981885;51,359256;1,2981885;51,359256;1618;3085
4179;67;93;68;94;1,2981881;125,11852;1,2981881;125,11852;1619;1823
849;9;40;10;41;1,2976707;-394,24936;1,2976707;394,24936;1620;745
1301;14;77;15;78;1,296655;136,34778;1,296655;136,34778;1621;1739
1046;11;68;12;69;1,2964739;-27,907978;1,2964739;27,907978;1622;3751
1469;16;86;17;87;1,2962018;10,238924;1,2962018;10,238924;1623;4243
2370;29;51;30;52;1,2953677;8,6555623;1,2953677;8,6555623;1624;4291
3217;43;79;44;80;1,2942149;259,86061;1,2942149;259,86061;1625;1135
2724;34;90;35;91;1,2940911;61,938027;1,2940911;61,938027;1626;2796
1725;20;36;21;37;1,2933555;24,050289;1,2933555;24,050289;1627;3855
3374;46;86;47;87;1,2918342;-33,685817;1,2918342;33,685817;1628;3584
3413;47;77;48;78;1,2918269;252,97051;1,2918269;252,97051;1629;1155
1733;20;44;21;45;1,2912019;-42,521389;1,2912019;42,521389;1630;3323
3324;45;85;46;86;1,2892654;-269,46234;1,2892654;269,46234;1631;1099
4529;87;93;88;94;1,2891729;91,96112;1,2891729;91,96112;1632;2208
1711;20;22;21;23;1,288457;126,25047;1,288457;126,25047;1633;1813
4318;73;85;74;86;1,2883055;1,0618359;1,2883055;1,0618359;1634;4532
1964;23;56;24;57;1,2878255;-43,114139;1,2878255;43,114139;1635;3308
221;2;35;3;36;1,2874215;-67,942687;1,2874215;67,942687;1636;2634
181;1;88;2;89;1,2872974;-86,918411;1,2872974;86,918411;1637;2283
3091;41;58;42;59;1,2869688;-343,39403;1,2869688;343,39403;1638;867
788;8;65;9;66;1,2865074;8,2759969;1,2865074;8,2759969;1639;4307
890;9;81;10;82;1,2861358;339,58406;1,2861358;339,58406;1640;878
4423;78;95;79;96;1,2858211;-9,412741;1,2858211;9,412741;1641;4266
4228;69;89;70;90;1,2857705;-2,331709;1,2857705;2,331709;1642;4483
2651;33;78;34;79;1,2851496;-736,07922;1,2851496;736,07922;1643;210
65;0;66;1;67;1,2840766;102,63372;1,2840766;102,63372;1644;2049
1124;12;63;13;64;1,2825617;633,28775;1,2825617;633,28775;1645;325
4338;74;84;75;85;1,2822073;-0,7506426;1,2822073;0,7506426;1646;4540
3983;61;80;62;81;1,2811831;36,242333;1,2811831;36,242333;1647;3508
1015;11;37;12;38;1,2809378;-232,94032;1,2809378;232,94032;1648;1227
257;2;71;3;72;1,2795812;375,57481;1,2795812;375,57481;1649;783
4517;86;89;87;90;1,2784301;-275,20074;1,2784301;275,20074;1650;1077
3764;55;80;56;81;1,277117;-530,16019;1,277117;530,16019;1651;481
3082;41;49;42;50;1,2768737;68,060585;1,2768737;68,060585;1652;2631
3021;40;42;41;43;1,2763412;65,697157;1,2763412;65,697157;1653;2693
2287;28;34;29;35;1,2754036;281,77262;1,2754036;281,77262;1654;1054
1538;17;77;18;78;1,2750287;103,43111;1,2750287;103,43111;1655;2041
389;4;20;5;21;1,2739211;-4,1615761;1,2739211;4,1615761;1656;4416
2392;29;73;30;74;1,2738738;29,936776;1,2738738;29,936776;1657;3691
2728;34;94;35;95;1,2706708;54,977464;1,2706708;54,977464;1658;2988
1344;15;40;16;41;1,2692834;128,61042;1,2692834;128,61042;1659;1794
574;6;26;7;27;1,2673985;88,292135;1,2673985;88,292135;1660;2263
1992;23;84;24;85;1,2670741;-15,406899;1,2670741;15,406899;1661;4096
2245;27;59;28;60;1,2670276;68,524729;1,2670276;68,524729;1662;2620
555;6;7;7;8;1,2669589;-206,85122;1,2669589;206,85122;1663;1339
0;0;1;1;2;1,2666616;70,777145;1,2666616;70,777145;1664;2562
3167;42;81;43;82;1,2648063;68,819853;1,2648063;68,819853;1665;2613
224;2;38;3;39;1,2644631;-13,711343;1,2644631;13,711343;1666;4140
4146;66;88;67;89;1,2634408;917,15351;1,2634408;917,15351;1667;102
3520;49;91;50;92;1,2634272;-39,23788;1,2634272;39,23788;1668;3423
1765;20;76;21;77;1,2626981;15,528275;1,2626981;15,528275;1669;4094
2263;27;77;28;78;1,2622739;292,42304;1,2622739;292,42304;1670;1025
3071;40;92;41;93;1,2621923;103,67866;1,2621923;103,67866;1671;2038
952;10;58;11;59;1,2602702;-29,468247;1,2602702;29,468247;1672;3701
1593;18;55;19;56;1,2600601;-668,39633;1,2600601;668,39633;1673;280
1053;11;75;12;76;1,2599007;-109,1533;1,2599007;109,1533;1674;1983
343;3;65;4;66;1,2587361;24,661336;1,2587361;24,661336;1675;3838
1163;13;20;14;21;1,2585324;-47,564166;1,2585324;47,564166;1676;3184
2729;34;95;35;96;1,2583034;73,816582;1,2583034;73,816582;1677;2509
1385;15;81;16;82;1,2577484;57,05954;1,2577484;57,05954;1678;2926
2607;33;34;34;35;1,257632;80,222718;1,257632;80,222718;1679;2377
1123;12;62;13;63;1,2565096;1,304932;1,2565096;1,304932;1680;4523
4500;84;91;85;92;1,254462;-50,469292;1,254462;50,469292;1681;3110
3868;58;70;59;71;1,254281;-79,203171;1,254281;79,203171;1682;2395
1520;17;59;18;60;1,2542728;-134,57564;1,2542728;134,57564;1683;1747
2200;26;82;27;83;1,2542266;-12,552757;1,2542266;12,552757;1684;4172
718;7;82;8;83;1,253787;-378,62551;1,253787;378,62551;1685;775
200;2;14;3;15;1,2533422;-7,1511429;1,2533422;7,1511429;1686;4339
318;3;40;4;41;1,2530604;-66,113933;1,2530604;66,113933;1687;2672
2432;30;48;31;49;1,2518515;-232,52487;1,2518515;232,52487;1688;1230
1957;23;49;24;50;1,2508151;46,514296;1,2508151;46,514296;1689;3213
4465;81;92;82;93;1,2506574;153,55255;1,2506574;153,55255;1690;1616
627;6;79;7;80;1,2496841;123,5097;1,2496841;123,5097;1691;1838
4121;65;92;66;93;1,2496042;9,7993305;1,2496042;9,7993305;1692;4257
233;2;47;3;48;1,2485141;448,18362;1,2485141;448,18362;1693;646
1808;21;45;22;46;1,2478744;-251,48772;1,2478744;251,48772;1694;1161
2104;25;55;26;56;1,2457399;60,263131;1,2457399;60,263131;1695;2836
1756;20;67;21;68;1,2442796;136,58615;1,2442796;136,58615;1696;1736
3949;60;80;61;81;1,2440906;-704,3859;1,2440906;704,3859;1697;238
1369;15;65;16;66;1,2425131;-251,81533;1,2425131;251,81533;1698;1160
359;3;81;4;82;1,2415255;1185,0609;1,2415255;1185,0609;1699;35
3117;41;84;42;85;1,2410155;62,132435;1,2410155;62,132435;1700;2791
1082;12;21;13;22;1,2400025;14,652085;1,2400025;14,652085;1701;4114
1463;16;80;17;81;1,2394519;-273,11852;1,2394519;273,11852;1702;1085
4298;72;87;73;88;1,2379871;1208,1466;1,2379871;1208,1466;1703;32
3395;47;59;48;60;1,2374745;18,76087;1,2374745;18,76087;1704;4001
4426;79;82;80;83;1,2365122;156,62315;1,2365122;156,62315;1705;1599
3872;58;74;59;75;1,2362539;-663,1058;1,2362539;663,1058;1706;289
3823;57;62;58;63;1,2359437;-1,4797935;1,2359437;1,4797935;1707;4518
4128;66;70;67;71;1,2357921;-114,41838;1,2357921;114,41838;1708;1933
3151;42;65;43;66;1,2354553;-1077,2482;1,2354553;1077,2482;1709;56
1776;20;87;21;88;1,2352644;133,77596;1,2352644;133,77596;1710;1758
3368;46;80;47;81;1,2350844;-87,050289;1,2350844;87,050289;1711;2281
3434;48;51;49;52;1,2348778;-87,582805;1,2348778;87,582805;1712;2274
2187;26;69;27;70;1,2346663;-150,06524;1,2346663;150,06524;1713;1643
705;7;69;8;70;1,2342267;-50,649926;1,2342267;50,649926;1714;3104
136;1;43;2;44;1,2333128;371,17312;1,2333128;371,17312;1715;801
2218;27;32;28;33;1,2327002;136,97267;1,2327002;136,97267;1716;1729
1283;14;59;15;60;1,2326465;-450,5803;1,2326465;450,5803;1717;639
203;2;17;3;18;1,2317159;55,767825;1,2317159;55,767825;1718;2968
3301;45;62;46;63;1,2313673;-126,54685;1,2313673;126,54685;1719;1808
960;10;66;11;67;1,2298028;32,676497;1,2298028;32,676497;1720;3619
2980;39;56;40;57;1,2293404;-559,48313;1,2293404;559,48313;1721;436
4004;62;68;63;69;1,2290378;67,405717;1,2290378;67,405717;1722;2643
4158;67;72;68;73;1,2289719;1391,6871;1,2289719;1391,6871;1723;17
2204;26;86;27;87;1,2273259;-43,291159;1,2273259;43,291159;1724;3295
1598;18;60;19;61;1,2270337;-549,63817;1,2270337;549,63817;1725;451
722;7;86;8;87;1,2268863;-137,64631;1,2268863;137,64631;1726;1725
3886;58;88;59;89;1,2266322;61,201989;1,2266322;61,201989;1727;2817
3684;53;81;54;82;1,2265885;-554,31759;1,2265885;554,31759;1728;446
763;8;40;9;41;1,2252891;45,844335;1,2252891;45,844335;1729;3226
2054;24;75;25;76;1,2247815;-964,85233;1,2247815;964,85233;1730;87
3989;61;86;62;87;1,2244333;-107,9831;1,2244333;107,9831;1731;1991
2792;36;39;37;40;1,223478;34,677611;1,223478;34,677611;1732;3546
511;5;52;6;53;1,2229086;-58,923002;1,2229086;58,923002;1733;2879
4074;64;75;65;76;1,2227727;-26,386033;1,2227727;26,386033;1734;3794
3529;50;55;51;56;1,2226119;38,88593;1,2226119;38,88593;1735;3434
1401;16;18;17;19;1,222395;-373,26779;1,222395;373,26779;1736;794
4448;80;89;81;90;1,2216802;74,241151;1,2216802;74,241151;1737;2500
2927;38;59;39;60;1,2215256;-158,84879;1,2215256;158,84879;1738;1582
2968;39;44;40;45;1,2213244;-149,48898;1,2213244;149,48898;1739;1647
1493;17;32;18;33;1,2199454;-449,67636;1,2199454;449,67636;1740;643
1820;21;57;22;58;1,2194366;16,066427;1,2194366;16,066427;1741;4078
213;2;27;3;28;1,218961;-341,69723;1,218961;341,69723;1742;876
1875;22;39;23;40;1,2185794;107,76553;1,2185794;107,76553;1743;1994
1584;18;46;19;47;1,2180275;-81,647493;1,2180275;81,647493;1744;2358
3972;61;69;62;70;1,2170929;-0,6453353;1,2170929;0,6453353;1745;4543
4218;69;79;70;80;1,2169519;173,7368;1,2169519;173,7368;1746;1486
3032;40;53;41;54;1,2150536;-416,25631;1,2150536;416,25631;1747;705
1215;13;72;14;73;1,2147191;83,764416;1,2147191;83,764416;1748;2330
978;10;84;11;85;1,2143169;-0,094248749;1,2143169;0,094248749;1749;4560
874;9;65;10;66;1,2141258;-13,897682;1,2141258;13,897682;1750;4136
804;8;81;9;82;1,2137542;-62,514433;1,2137542;62,514433;1751;2774
2873;37;62;38;63;1,2135017;-207,1869;1,2135017;207,1869;1752;1336
3456;48;73;49;74;1,213384;-9,1302767;1,213384;9,1302767;1753;4278
2109;25;60;26;61;1,2127134;-42,56785;1,2127134;42,56785;1754;3321
1831;21;68;22;69;1,2125307;-36,950824;1,2125307;36,950824;1755;3488
478;5;19;6;20;1,2122985;241,85595;1,2122985;241,85595;1756;1194
4287;72;76;73;77;1,2105534;1293,8028;1,2105534;1293,8028;1757;26
2279;27;93;28;94;1,2097228;-71,358349;1,2097228;71,358349;1758;2548
4430;79;86;80;87;1,2096114;95,85929;1,2096114;95,85929;1759;2148
4248;70;84;71;85;1,2083276;268,93941;1,2083276;268,93941;1760;1102
1408;16;25;17;26;1,2080748;3,5154779;1,2080748;3,5154779;1761;4439
3905;59;71;60;72;1,2064075;4,8117844;1,2064075;4,8117844;1762;4397
57;0;58;1;59;1,2059965;34,630174;1,2059965;34,630174;1763;3549
1654;19;40;20;41;1,2056536;40,03631;1,2056536;40,03631;1764;3393
1627;18;89;19;90;1,2046233;68,582599;1,2046233;68,582599;1765;2619
408;4;39;5;40;1,2040436;3,2666772;1,2040436;3,2666772;1766;4447
2095;25;46;26;47;1,2037072;-2,1060014;1,2037072;2,1060014;1767;4488
2558;32;47;33;48;1,2031472;50,877792;1,2031472;50,877792;1768;3096
3099;41;66;42;67;1,2031042;-78,185783;1,2031042;78,185783;1769;2417
2865;37;54;38;55;1,2022292;-216,56764;1,2022292;216,56764;1770;1301
3639;52;78;53;79;1,2004762;-296,09766;1,2004762;296,09766;1771;1011
441;4;72;5;73;1,1993304;557,34214;1,1993304;557,34214;1772;439
1146;12;85;13;86;1,1986115;-7,6186958;1,1986115;7,6186958;1773;4319
2753;35;59;36;60;1,1985671;-26,932322;1,1985671;26,932322;1774;3780
1256;14;32;15;33;1,1983191;-49,961051;1,1983191;49,961051;1775;3115
3985;61;82;62;83;1,1975326;507,95214;1,1975326;507,95214;1776;523
1800;21;37;22;38;1,1969946;-664,48195;1,1969946;664,48195;1777;286
1554;17;93;18;94;1,196968;-393,24581;1,196968;393,24581;1778;748
3031;40;52;41;53;1,1950435;76,675178;1,1950435;76,675178;1779;2450
1695;19;81;20;82;1,1941186;27,058358;1,1941186;27,058358;1780;3778
4041;63;73;64;74;1,1928676;-214,9495;1,1928676;214,9495;1781;1307
3000;39;76;40;77;1,1928206;56,316479;1,1928206;56,316479;1782;2954
467;5;8;6;9;1,1926629;200,6557;1,1926629;200,6557;1783;1363
2973;39;49;40;50;1,1923301;-193,82924;1,1923301;193,82924;1784;1397
2138;25;89;26;90;1,1903031;172,79126;1,1903031;172,79126;1785;1495
1692;19;78;20;79;1,1898661;-441,68909;1,1898661;441,68909;1786;657
4149;66;91;67;92;1,1896577;580,24261;1,1896577;580,24261;1787;408
3534;50;60;51;61;1,1895855;-25,35362;1,1895855;25,35362;1788;3821
99;1;6;2;7;1,188782;180,90902;1,188782;180,90902;1789;1447
1182;13;39;14;40;1,1886549;422,57474;1,1886549;422,57474;1790;690
864;9;55;10;56;1,1873876;-386,97621;1,1873876;386,97621;1791;761
2549;32;38;33;39;1,1871982;-277,43215;1,1871982;277,43215;1792;1065
3712;54;68;55;69;1,186693;-82,701955;1,186693;82,701955;1793;2347
1433;16;50;17;51;1,1849468;4,6012385;1,1849468;4,6012385;1794;4406
1908;22;72;23;73;1,1847946;1021,1373;1,1847946;1021,1373;1795;67
609;6;61;7;62;1,1843607;496,81206;1,1843607;496,81206;1796;540
1090;12;29;13;30;1,1841798;96,105795;1,1841798;96,105795;1797;2144
3642;52;81;53;82;1,1835085;113,28518;1,1835085;113,28518;1798;1947
4398;77;87;78;88;1,1828238;227,533;1,1828238;227,533;1799;1254
3261;44;72;45;73;1,1820496;58,495931;1,1820496;58,495931;1800;2890
4497;84;88;85;89;1,1806789;24,324685;1,1806789;24,324685;1801;3847
3338;46;50;47;51;1,1805793;120,57349;1,1805793;120,57349;1802;1868
3429;47;93;48;94;1,1801697;-28,250677;1,1801697;28,250677;1803;3735
2825;36;72;37;73;1,179896;29,835152;1,179896;29,835152;1804;3695
3701;54;57;55;58;1,1797871;78,814149;1,1797871;78,814149;1805;2402
3539;50;65;51;66;1,1789016;-96,244766;1,1789016;96,244766;1806;2140
3846;57;85;58;86;1,1780456;-62,708979;1,1780456;62,708979;1807;2768
1974;23;66;24;67;1,1770457;-65,361689;1,1770457;65,361689;1808;2703
175;1;82;2;83;1,1756101;27,60117;1,1756101;27,60117;1809;3759
167;1;74;2;75;1,1755888;293,08639;1,1755888;293,08639;1810;1021
1317;14;93;15;94;1,1753416;331,67204;1,1753416;331,67204;1811;902
4089;64;90;65;91;1,1752363;-209,68693;1,1752363;209,68693;1812;1332
2991;39;67;40;68;1,1744021;63,345414;1,1744021;63,345414;1813;2750
4163;67;77;68;78;1,1738085;224,16958;1,1738085;224,16958;1814;1266
2069;24;90;25;91;1,1732275;-335,52473;1,1732275;335,52473;1815;888
2686;34;52;35;53;1,1729585;110,82576;1,1729585;110,82576;1816;1970
3196;43;58;44;59;1,1726477;519,22877;1,1726477;519,22877;1817;505
2582;32;71;33;72;1,1720801;7,5236155;1,1720801;7,5236155;1818;4324
3581;51;63;52;64;1,1713738;-43,101135;1,1713738;43,101135;1819;3309
4198;68;85;69;86;1,1711397;-169,11282;1,1711397;169,11282;1820;1522
2198;26;80;27;81;1,170576;-93,958824;1,170576;93,958824;1821;2181
801;8;78;9;79;1,1702305;23,716979;1,1702305;23,716979;1822;3867
716;7;80;8;81;1,1701364;-9,2367661;1,1701364;9,2367661;1823;4271
3563;50;89;51;90;1,1671751;-153,32232;1,1671751;153,32232;1824;1618
3141;42;55;43;56;1,1660581;65,726093;1,1660581;65,726093;1825;2690
3011;39;87;40;88;1,1653869;73,824582;1,1653869;73,824582;1826;2508
1944;23;36;24;37;1,1649929;150,08284;1,1649929;150,08284;1827;1641
283;3;5;4;6;1,1648917;11,688044;1,1648917;11,688044;1828;4196
2546;32;35;33;36;1,1642398;61,929958;1,1642398;61,929958;1829;2798
2961;38;93;39;94;1,1642207;-92,319888;1,1642207;92,319888;1830;2199
1023;11;45;12;46;1,1639312;-348,03638;1,1639312;348,03638;1831;850
2376;29;57;30;58;1,1636139;77,970371;1,1636139;77,970371;1832;2424
1952;23;44;24;45;1,1628393;-241,14064;1,1628393;241,14064;1833;1197
1648;19;34;20;35;1,1623484;45,340823;1,1623484;45,340823;1834;3240
1859;22;23;23;24;1,1600943;56,641926;1,1600943;56,641926;1835;2947
83;0;84;1;85;1,1600432;860,00417;1,1600432;860,00417;1836;145
1220;13;77;14;78;1,1595558;161,98094;1,1595558;161,98094;1837;1558
1745;20;56;21;57;1,1594629;-582,32803;1,1594629;582,32803;1838;405
1115;12;54;13;55;1,1592213;93,3836;1,1592213;93,3836;1839;2187
1359;15;55;16;56;1,1590003;74,520138;1,1590003;74,520138;1840;2492
2387;29;68;30;69;1,156708;117,11052;1,156708;117,11052;1841;1899
2317;28;64;29;65;1,1565487;1503,8815;1,1565487;1503,8815;1842;8
162;1;69;2;70;1,1560498;183,90812;1,1560498;183,90812;1843;1439
1716;20;27;21;28;1,1558143;-3,7136386;1,1558143;3,7136386;1844;4430
2114;25;65;26;66;1,1557736;-578,05947;1,1557736;578,05947;1845;411
551;5;92;6;93;1,1557598;84,427697;1,1557598;84,427697;1846;2318
2896;37;85;38;86;1,1556036;-475,43688;1,1556036;475,43688;1847;593
4370;76;77;77;78;1,15539;203,11171;1,15539;203,11171;1848;1352
2007;24;28;25;29;1,1545399;9,7563472;1,1545399;9,7563472;1849;4260
2447;30;63;31;64;1,1544;55,134662;1,1544;55,134662;1850;2985
869;9;60;10;61;1,1543612;79,717185;1,1543612;79,717185;1851;2385
1564;18;26;19;27;1,1535191;-388,30139;1,1535191;388,30139;1852;755
654;7;18;8;19;1,1530795;-42,779578;1,1530795;42,779578;1853;3315
4424;79;80;80;81;1,1528616;303,04584;1,1528616;303,04584;1854;991
2844;36;91;37;92;1,1523809;105,89643;1,1523809;105,89643;1855;2015
3776;55;92;56;93;1,1519092;81,691384;1,1519092;81,691384;1856;2355
4093;64;94;65;95;1,151816;-8,7228209;1,151816;8,7228209;1857;4289
3280;44;91;45;92;1,1502273;642,53432;1,1502273;642,53432;1858;305
2073;24;94;25;95;1,1498072;44,595328;1,1498072;44,595328;1859;3266
825;9;16;10;17;1,1497225;373,07018;1,1497225;373,07018;1860;796
4281;71;93;72;94;1,1491026;-18,633789;1,1491026;18,633789;1861;4004
2443;30;59;31;60;1,1487973;-756,30834;1,1487973;756,30834;1862;196
179;1;86;2;87;1,1487093;0,8211041;1,1487093;0,8211041;1863;4537
474;5;15;6;16;1,1486687;326,58399;1,1486687;326,58399;1864;911
1927;22;91;23;92;1,1474823;-2,6105582;1,1474823;2,6105582;1865;4472
392;4;23;5;24;1,1455585;-461,2111;1,1455585;461,2111;1866;616
855;9;46;10;47;1,145355;172,3155;1,145355;172,3155;1867;1500
446;4;77;5;78;1,144167;140,38367;1,144167;140,38367;1868;1704
1481;17;20;18;21;1,1430595;-558,26438;1,1430595;558,26438;1869;438
333;3;55;4;56;1,1427773;-225,4357;1,1427773;225,4357;1870;1259
757;8;34;9;35;1,1427129;1536,0829;1,1427129;1536,0829;1871;6
356;3;78;4;79;1,1424593;70,373167;1,1424593;70,373167;1872;2573
501;5;42;6;43;1,1416109;116,79572;1,1416109;116,79572;1873;1903
1603;18;65;19;66;1,1414533;-54,770395;1,1414533;54,770395;1874;2993
2787;35;93;36;94;1,1412623;-75,73555;1,1412623;75,73555;1875;2462
2356;29;37;30;38;1,1411719;-638,28636;1,1411719;638,28636;1876;310
3199;43;61;44;62;1,1398298;94,799124;1,1398298;94,799124;1877;2169
273;2;87;3;88;1,1395109;112,38847;1,1395109;112,38847;1878;1958
4094;64;95;65;96;1,1394485;-132,47861;1,1394485;132,47861;1879;1771
2075;25;26;26;27;1,1391989;-22,040062;1,1391989;22,040062;1880;3918
2794;36;41;37;42;1,1389344;-75,005148;1,1389344;75,005148;1881;2481
2637;33;64;34;65;1,1387771;-43,820059;1,1387771;43,820059;1882;3282
661;7;25;8;26;1,1387593;-412,2216;1,1387593;412,2216;1883;710
1068;11;90;12;91;1,1381082;-610,53287;1,1381082;610,53287;1884;360
2074;24;95;25;96;1,1374398;33,926343;1,1374398;33,926343;1885;3572
3077;41;44;42;45;1,1367808;-43,221673;1,1367808;43,221673;1886;3302
2012;24;33;25;34;1,1367683;-989,61738;1,1367683;989,61738;1887;76
1617;18;79;19;80;1,1358047;364,30514;1,1358047;364,30514;1888;820
1984;23;76;24;77;1,1343355;325,35605;1,1343355;325,35605;1889;919
1877;22;41;23;42;1,1340358;496,65236;1,1340358;496,65236;1890;542
4420;78;92;79;93;1,1333273;3,3954212;1,1333273;3,3954212;1891;4444
3146;42;60;43;61;1,1330317;33,447175;1,1330317;33,447175;1892;3593
460;4;91;5;92;1,1329465;5,096613;1,1329465;5,096613;1893;4388
898;9;89;10;90;1,1319508;81,133548;1,1319508;81,133548;1894;2368
3577;51;59;52;60;1,1318235;48,67636;1,1318235;48,67636;1895;3153
253;2;67;3;68;1,1304957;-174,80483;1,1304957;174,80483;1896;1477
1166;13;23;14;24;1,1301698;-1,4959999;1,1301698;1,4959999;1897;4517
1913;22;77;23;78;1,1296312;113,40335;1,1296312;113,40335;1898;1943
2024;24;45;25;46;1,1288119;-501,61849;1,1288119;501,61849;1899;533
1425;16;42;17;43;1,128393;41,720319;1,128393;41,720319;1900;3353
606;6;58;7;59;1,1281168;-13,426583;1,1281168;13,426583;1901;4148
3266;44;77;45;78;1,1268862;872,52153;1,1268862;872,52153;1902;132
3303;45;64;46;65;1,1268032;-104,32121;1,1268032;104,32121;1903;2033
3222;43;84;44;85;1,1266943;34,333867;1,1266943;34,333867;1904;3562
1736;20;47;21;48;1,1262612;46,576895;1,1262612;46,576895;1905;3211
1382;15;78;16;79;1,1262363;-400,01669;1,1262363;400,01669;1906;733
1364;15;60;16;61;1,1259739;-39,342073;1,1259739;39,342073;1907;3416
2830;36;77;37;78;1,1247326;617,71705;1,1247326;617,71705;1908;349
4109;65;80;66;81;1,1243964;28,450652;1,1243964;28,450652;1909;3725
3132;42;46;43;47;1,1240255;37,744663;1,1240255;37,744663;1910;3469
1109;12;48;13;49;1,1236899;-87,074702;1,1236899;87,074702;1911;2279
1738;20;49;21;50;1,1224525;-166,83849;1,1224525;166,83849;1912;1535
4384;76;91;77;92;1,1217235;26,242471;1,1217235;26,242471;1913;3799
2128;25;79;26;80;1,1214844;65,991168;1,1214844;65,991168;1914;2675
1244;14;20;15;21;1,1214331;-308,97733;1,1214331;308,97733;1915;972
1320;15;16;16;17;1,1213352;-9,126799;1,1213352;9,126799;1916;4279
468;5;9;6;10;1,1202814;99,328094;1,1202814;99,328094;1917;2093
410;4;41;5;42;1,1195;372,50539;1,1195;372,50539;1918;797
1006;11;28;12;29;1,1194207;22,847812;1,1194207;22,847812;1919;3887
3164;42;78;43;79;1,1191784;-813,8732;1,1191784;813,8732;1920;168
3961;60;92;61;93;1,1188828;-42,729845;1,1188828;42,729845;1921;3316
2990;39;66;40;67;1,1185606;-104,95889;1,1185606;104,95889;1922;2024
1234;13;91;14;92;1,1175578;232,47402;1,1175578;232,47402;1923;1231
269;2;83;3;84;1,1175315;393,34096;1,1175315;393,34096;1924;747
1350;15;46;16;47;1,1169677;-8,2864988;1,1169677;8,2864988;1925;4304
199;2;13;3;14;1,1162429;38,047994;1,1162429;38,047994;1926;3460
2168;26;50;27;51;1,1160709;31,28643;1,1160709;31,28643;1927;3654
1975;23;67;24;68;1,115917;686,0667;1,115917;686,0667;1928;255
686;7;50;8;51;1,1156313;431,21479;1,1156313;431,21479;1929;673
778;8;55;9;56;1,115006;66,320025;1,115006;66,320025;1930;2667
3880;58;82;59;83;1,114945;-54,332822;1,114945;54,332822;1931;3009
312;3;34;4;35;1,1149416;100,49252;1,1149416;100,49252;1932;2078
1072;11;94;12;95;1,1146879;137,41713;1,1146879;137,41713;1933;1727
4333;74;79;75;80;1,1146867;521,59331;1,1146867;521,59331;1934;500
2416;30;32;31;33;1,1144699;-629,11046;1,1144699;629,11046;1935;332
1475;16;92;17;93;1,1142441;118,49816;1,1142441;118,49816;1936;1882
930;10;36;11;37;1,1122357;70,490089;1,1122357;70,490089;1937;2570
262;2;76;3;77;1,1120772;-391,89163;1,1120772;391,89163;1938;750
3175;42;89;43;90;1,1106213;-708,62315;1,1106213;708,62315;1939;235
2613;33;40;34;41;1,11037;65,755028;1,11037;65,755028;1940;2688
3907;59;73;60;74;1,1103297;51,327956;1,1103297;51,327956;1941;3086
1727;20;38;21;39;1,1103123;-258,56994;1,1103123;258,56994;1942;1138
938;10;44;11;45;1,1100821;-101,31307;1,1100821;101,31307;1943;2065
3380;46;92;47;93;1,1098766;22,159074;1,1098766;22,159074;1944;3914
338;3;60;4;61;1,1097509;62,196353;1,1097509;62,196353;1945;2789
3074;40;95;41;96;1,1096986;-413,49816;1,1096986;413,49816;1946;709
3109;41;76;42;77;1,108277;34,601376;1,108277;34,601376;1947;3551
916;10;22;11;23;1,1073372;98,01433;1,1073372;98,01433;1948;2110
1995;23;87;24;88;1,1069018;523,7866;1,1069018;523,7866;1949;494
60;0;61;1;62;1,106481;78,390693;1,106481;78,390693;1950;2413
2823;36;70;37;71;1,1062465;5,0445161;1,1062465;5,0445161;1951;4390
2726;34;92;35;93;1,1058097;92,089658;1,1058097;92,089658;1952;2204
3816;56;93;57;94;1,1055544;-292,98421;1,1055544;292,98421;1953;1022
294;3;16;4;17;1,1051122;16,257701;1,1051122;16,257701;1954;4069
2757;35;63;36;64;1,1046302;-45,885998;1,1046302;45,885998;1955;3225
1184;13;41;14;42;1,1041112;76,394033;1,1041112;76,394033;1956;2452
3259;44;70;45;71;1,1040929;-213,97739;1,1040929;213,97739;1957;1311
2709;34;75;35;76;1,1039179;140,17758;1,1039179;140,17758;1958;1709
1393;15;89;16;90;1,1035635;-130,06997;1,1035635;130,06997;1959;1786
4177;67;91;68;92;1,103305;27,300341;1,103305;27,300341;1960;3770
3440;48;57;49;58;1,103124;-51,714752;1,103124;51,714752;1961;3075
1073;11;95;12;96;1,1023205;30,616194;1,1023205;30,616194;1962;3676
1011;11;33;12;34;1,1016491;-356,13709;1,1016491;356,13709;1963;834
1906;22;70;23;71;1,1013479;5,0201721;1,1013479;5,0201721;1964;4392
190;2;4;3;5;1,1008542;-28,020172;1,1008542;28,020172;1965;3746
324;3;46;4;47;1,1007447;372,35021;1,1007447;372,35021;1966;799
2654;33;81;34;82;1,0988351;69,658971;1,0988351;69,658971;1967;2595
1338;15;34;16;35;1,0987186;-11,79342;1,0987186;11,79342;1968;4193
3553;50;79;51;80;1,0983565;56,208876;1,0983565;56,208876;1969;2960
4468;81;95;82;96;1,0981636;642,04354;1,0981636;642,04354;1970;306
887;9;78;10;79;1,097849;-59,607149;1,097849;59,607149;1971;2856
2562;32;51;33;52;1,0974962;54,619672;1,0974962;54,619672;1972;2999
710;7;74;8;75;1,0974119;-32,219378;1,0974119;32,219378;1973;3628
3073;40;94;41;95;1,0973312;-246,43104;1,0973312;246,43104;1974;1181
2192;26;74;27;75;1,0969723;315,21604;1,0969723;315,21604;1975;946
4039;63;71;64;72;1,0967898;127,8595;1,0967898;127,8595;1976;1801
4541;89;92;90;93;1,0964724;-428,56876;1,0964724;428,56876;1977;680
3451;48;68;49;69;1,0962182;-154,16373;1,0962182;154,16373;1978;1613
3867;58;69;59;70;1,0953847;-242,10461;1,0953847;242,10461;1979;1192
1669;19;55;20;56;1,0953705;17,685611;1,0953705;17,685611;1980;4033
1760;20;71;21;72;1,0951941;5,0074434;1,0951941;5,0074434;1981;4393
4527;87;91;88;92;1,0942898;-19,538777;1,0942898;19,538777;1982;3985
379;4;10;5;11;1,0928013;-7,6291976;1,0928013;7,6291976;1983;4318
2293;28;40;29;41;1,0925984;58,787578;1,0925984;58,787578;1984;2884
173;1;80;2;81;1,0919595;137,20901;1,0919595;137,20901;1985;1728
2676;34;42;35;43;1,0916608;117,42874;1,0916608;117,42874;1986;1896
2477;30;93;31;94;1,0914924;-1054,982;1,0914924;1054,982;1987;61
3100;41;67;42;68;1,0898585;143,4567;1,0898585;143,4567;1988;1681
3884;58;86;59;87;1,0880442;-39,524935;1,0880442;39,524935;1989;3409
1724;20;35;21;36;1,0873538;95,236697;1,0873538;95,236697;1990;2159
367;3;89;4;90;1,0873405;68,605761;1,0873405;68,605761;1991;2618
439;4;70;5;71;1,0868121;-40,086317;1,0868121;40,086317;1992;3392
208;2;22;3;23;1,0863184;-31,620854;1,0863184;31,620854;1993;3644
2225;27;39;28;40;1,0859368;-20,590943;1,0859368;20,590943;1994;3954
3991;61;88;62;89;1,0858453;-53,817695;1,0858453;53,817695;1995;3017
4467;81;94;82;95;1,0857962;593,87688;1,0857962;593,87688;1996;388
509;5;50;6;51;1,0850571;1127,5181;1,0850571;1127,5181;1997;44
3616;52;55;53;56;1,0847604;55,19601;1,0847604;55,19601;1998;2981
230;2;44;3;45;1,0835734;36,075815;1,0835734;36,075815;1999;3512
2567;32;56;33;57;1,0825769;21,948666;1,0825769;21,948666;2000;3921
632;6;84;7;85;1,0821635;-178,8211;1,0821635;178,8211;2001;1463
783;8;60;9;61;1,0819796;-6,8003065;1,0819796;6,8003065;2002;4348
2931;38;63;39;64;1,0816717;31,92982;1,0816717;31,92982;2003;3637
970;10;76;11;77;1,0815783;-26,993739;1,0815783;26,993739;2004;3779
222;2;36;3;37;1,0814198;821,11066;1,0814198;821,11066;2005;164
2334;28;81;29;82;1,0810635;83,023719;1,0810635;83,023719;2006;2341
835;9;26;10;27;1,0808466;46,283158;1,0808466;46,283158;2007;3220
3120;41;87;42;88;1,0808432;271,48216;1,0808432;271,48216;2008;1091
2859;37;48;38;49;1,080682;-201,89407;1,080682;201,89407;2009;1356
645;7;9;8;10;1,080407;-84,43813;1,080407;84,43813;2010;2317
2841;36;88;37;89;1,0785977;354,39181;1,0785977;354,39181;2011;840
4295;72;84;73;85;1,0778148;167,085;1,0778148;167,085;2012;1533
907;10;13;11;14;1,0774126;0,10363714;1,0774126;0,10363714;2013;4559
739;8;16;9;17;1,0773409;72,414968;1,0773409;72,414968;2014;2523
3277;44;88;45;89;1,0764442;1346,2762;1,0764442;1346,2762;2015;19
4352;75;78;76;79;1,0764002;-674,09543;1,0764002;674,09543;2016;270
2502;31;54;32;55;1,076374;-185,38937;1,076374;185,38937;2017;1430
2584;32;73;33;74;1,0760023;87,148573;1,0760023;87,148573;2018;2277
4240;70;76;71;77;1,0755891;-21,982123;1,0755891;21,982123;2019;3919
111;1;18;2;19;1,0749026;258,07248;1,0749026;258,07248;2020;1141
3611;51;93;52;94;1,0745187;-73,624538;1,0745187;73,624538;2021;2510
4394;77;83;78;84;1,0742187;62,782987;1,0742187;62,782987;2022;2764
3069;40;90;41;91;1,0739109;59,382349;1,0739109;59,382349;2023;2865
1924;22;88;23;89;1,0736992;47,826946;1,0736992;47,826946;2024;3177
1500;17;39;18;40;1,0731819;-161,22967;1,0731819;161,22967;2025;1564
769;8;46;9;47;1,0729734;376,34903;1,0729734;376,34903;2026;780
1213;13;70;14;71;1,0714234;197,76226;1,0714234;197,76226;2027;1378
4026;62;90;63;91;1,0706721;-313,61049;1,0706721;313,61049;2028;951
1287;14;63;15;64;1,0705508;91,358074;1,0705508;91,358074;2029;2219
843;9;34;10;35;1,0703313;27,061973;1,0703313;27,061973;2030;3777
3717;54;73;55;74;1,0695272;63,362734;1,0695272;63,362734;2031;2749
4470;82;84;83;85;1,0689916;-92,141686;1,0689916;92,141686;2032;2203
3522;49;93;50;94;1,0685441;-875,27134;1,0685441;875,27134;2033;130
4115;65;86;66;87;1,0676466;-508,46345;1,0676466;508,46345;2034;521
3399;47;63;48;64;1,0657228;-379,46922;1,0657228;379,46922;2035;772
961;10;67;11;68;1,0631598;116,09307;1,0631598;116,09307;2036;1913
888;9;79;10;80;1,0631322;194,29471;1,0631322;194,29471;2037;1396
3552;50;78;51;79;1,0626247;-8,3246162;1,0626247;8,3246162;2038;4300
4463;81;90;82;91;1,0623759;74,435628;1,0623759;74,435628;2039;2494
1674;19;60;20;61;1,0623441;-21,240244;1,0623441;21,240244;2040;3940
484;5;25;6;26;1,0619291;62,938095;1,0619291;62,938095;2041;2758
118;1;25;2;26;1,0605823;25,547891;1,0605823;25,547891;2042;3813
4098;65;69;66;70;1,0603061;-38,465951;1,0603061;38,465951;2043;3447
812;8;89;9;90;1,0595692;80,053767;1,0595692;80,053767;2044;2380
2160;26;42;27;43;1,0595171;60,277042;1,0595171;60,277042;2045;2835
457;4;88;5;89;1,0591633;46,447312;1,0591633;46,447312;2046;3215
678;7;42;8;43;1,0590775;-246,47625;1,0590775;246,47625;2047;1180
3973;61;70;62;71;1,0581966;-690,57223;1,0581966;690,57223;2048;248
35;0;36;1;37;1,057962;134,87786;1,057962;134,87786;2049;1745
1402;16;19;17;20;1,0577054;7,4669274;1,0577054;7,4669274;2050;4327
4156;67;70;68;71;1,0571706;-13,953188;1,0571706;13,953188;2051;4134
2971;39;47;40;48;1,0563837;-36,17194;1,0563837;36,17194;2052;3509
43;0;44;1;45;1,0558084;262,10711;1,0558084;262,10711;2053;1128
1853;21;90;22;91;1,054165;775,1003;1,054165;775,1003;2054;188
981;10;87;11;88;1,0541446;187,81992;1,0541446;187,81992;2055;1419
3625;52;64;53;65;1,0541036;-77,245948;1,0541036;77,245948;2056;2435
534;5;75;6;76;1,0539678;22,689226;1,0539678;22,689226;2057;3893
1660;19;46;20;47;1,0533378;-16,094386;1,0533378;16,094386;2058;4076
21;0;22;1;23;1,0530634;140,13362;1,0530634;140,13362;2059;1710
4326;73;93;74;94;1,0530248;-2,7484157;1,0530248;2,7484157;2060;4463
1330;15;26;16;27;1,0524593;-67,991374;1,0524593;67,991374;2061;2633
955;10;61;11;62;1,0522073;-387,90784;1,0522073;387,90784;2062;757
2031;24;52;25;53;1,0520949;-237,17869;1,0520949;237,17869;2063;1209
651;7;15;8;16;1,0520197;-147,39626;1,0520197;147,39626;2064;1654
2315;28;62;29;63;1,0519846;-315,9253;1,0519846;315,9253;2065;942
3621;52;60;53;61;1,051734;-56,257632;1,051734;56,257632;2066;2956
1263;14;39;15;40;1,0515556;107,33053;1,0515556;107,33053;2067;1999
4223;69;84;70;85;1,0494313;54,558393;1,0494313;54,558393;2068;3001
1524;17;63;18;64;1,0489245;63,553664;1,0489245;63,553664;2069;2743
1755;20;66;21;67;1,048683;-12,296863;1,048683;12,296863;2070;4178
3782;56;59;57;60;1,0482496;-444,40322;1,0482496;444,40322;2071;651
4251;70;87;71;88;1,0481553;17,323434;1,0481553;17,323434;2072;4047
3572;51;54;52;55;1,0480334;-17,037698;1,0480334;17,037698;2073;4051
4381;76;88;77;89;1,0479404;-95,419559;1,0479404;95,419559;2074;2156
477;5;18;6;19;1,0476089;53,655631;1,0476089;53,655631;2075;3020
4030;62;94;63;95;1,0472518;2,2076936;1,0472518;2,2076936;2076;4484
1435;16;52;17;53;1,0470953;-17,971759;1,0470953;17,971759;2077;4024
4343;74;89;75;90;1,0458681;-28,776169;1,0458681;28,776169;2078;3717
2560;32;49;33;50;1,0455666;-445,42874;1,0455666;445,42874;2079;650
2210;26;92;27;93;1,0453682;16,318774;1,0453682;16,318774;2080;4064
728;7;92;8;93;1,0449286;49,477498;1,0449286;49,477498;2081;3132
1231;13;88;14;89;1,0437746;199,22286;1,0437746;199,22286;2082;1371
1678;19;64;20;65;1,0434936;-94,363984;1,0434936;94,363984;2083;2175
3340;46;52;47;53;1,0427278;16,271337;1,0427278;16,271337;2084;4067
4495;84;86;85;87;1,0420909;113,09911;1,0420909;113,09911;2085;1950
3165;42;79;43;80;1,0418027;55,733048;1,0418027;55,733048;2086;2970
1638;19;24;20;25;1,0414848;-545,47041;1,0414848;545,47041;2087;457
4111;65;82;66;83;1,0407458;-117,83376;1,0407458;117,83376;2088;1892
2907;38;39;39;40;1,0404347;-324,73778;1,0404347;324,73778;2089;921
1703;19;89;20;90;1,0399337;-90,891703;1,0399337;90,891703;2090;2224
2127;25;78;26;79;1,0394967;-984,95535;1,0394967;984,95535;2091;77
3;0;4;1;5;1,0385276;112,21694;1,0385276;112,21694;2092;1960
1719;20;30;21;31;1,0375839;-318,63595;1,0375839;318,63595;2093;935
143;1;50;2;51;1,0374544;-39,29575;1,0374544;39,29575;2094;3418
304;3;26;4;27;1,0362363;335,09564;1,0362363;335,09564;2095;889
2249;27;63;28;64;1,0361697;-71,373098;1,0361697;71,373098;2096;2547
285;3;7;4;8;1,0357967;-1,8466989;1,0357967;1,8466989;2097;4500
1791;21;28;22;29;1,0354775;65,833902;1,0354775;65,833902;2098;2685
2684;34;50;35;51;1,035107;191,18926;1,035107;191,18926;2099;1406
4031;62;95;63;96;1,0348844;5,3072276;1,0348844;5,3072276;2100;4385
1383;15;79;16;80;1,0347449;65,00167;1,0347449;65,00167;2101;2710
2635;33;62;34;63;1,034213;-234,43806;1,034213;234,43806;2102;1222
3362;46;74;47;75;1,0324639;302,74028;1,0324639;302,74028;2103;992
3870;58;72;59;73;1,0318615;318,72289;1,0318615;318,72289;2104;934
3878;58;80;59;81;1,0312944;-343,54566;1,0312944;343,54566;2105;865
2438;30;54;31;55;1,0310597;-197,21813;1,0310597;197,21813;2106;1381
1857;21;94;22;95;1,0307447;113,3546;1,0307447;113,3546;2107;1944
539;5;80;6;81;1,030552;198,06997;1,030552;198,06997;2108;1376
4174;67;88;68;89;1,0295219;99,667246;1,0295219;99,667246;2109;2090
3650;52;89;53;90;1,0293236;209,2102;1,0293236;209,2102;2110;1333
1457;16;74;17;75;1,0280964;312,65813;1,0280964;312,65813;2111;956
4436;79;92;80;93;1,0276538;172,35;1,0276538;172,35;2112;1499
613;6;65;7;66;1,027574;478,48918;1,027574;478,48918;2113;583
1935;23;27;24;28;1,0274517;90,209082;1,0274517;90,209082;2114;2229
75;0;76;1;77;1,0273046;100,46234;1,0273046;100,46234;2115;2079
3094;41;61;42;62;1,0255087;-10,908116;1,0255087;10,908116;2116;4223
2995;39;71;40;72;1,0253166;11,027128;1,0253166;11,027128;2117;4216
1616;18;78;19;79;1,0251764;-32,781942;1,0251764;32,781942;2118;3618
2796;36;43;37;44;1,0246132;1202,1547;1,0246132;1202,1547;2119;33
787;8;64;9;65;1,023858;276,67657;1,023858;276,67657;2120;1069
3943;60;74;61;75;1,0234577;-269,37658;1,0234577;269,37658;2121;1101
12;0;13;1;14;1,0231389;1308,1026;1,0231389;1308,1026;2122;21
4395;77;84;78;85;1,0226515;79,912638;1,0226515;79,912638;2123;2383
3182;43;44;44;45;1,0224596;-62,495931;1,0224596;62,495931;2124;2775
747;8;24;9;25;1,0218492;71,793351;1,0218492;71,793351;2125;2536
1120;12;59;13;60;1,0206356;84,981917;1,0206356;84,981917;2126;2309
1740;20;51;21;52;1,0206102;-34,619878;1,0206102;34,619878;2127;3550
4524;87;88;88;89;1,0205066;50,712388;1,0205066;50,712388;2128;3101
1879;22;43;23;44;1,0197146;-295,70884;1,0197146;295,70884;2129;1012
4294;72;83;73;84;1,0190554;1211,2183;1,0190554;1211,2183;2130;31
357;3;79;4;80;1,0185219;711,59797;1,0185219;711,59797;2131;228
1858;21;95;22;96;1,0183773;87,061767;1,0183773;87,061767;2132;2280
1796;21;33;22;34;1,0177059;-636,14864;1,0177059;636,14864;2133;313
2733;35;39;36;40;1,0174763;-16,570008;1,0174763;16,570008;2134;4062
1030;11;52;12;53;1,0169756;890,75767;1,0169756;890,75767;2135;116
2277;27;91;28;92;1,0148396;-53,578145;1,0148396;53,578145;2136;3021
1484;17;23;18;24;1,0146969;-27,236835;1,0146969;27,236835;2137;3774
1596;18;58;19;59;1,0142375;-330,62204;1,0142375;330,62204;2138;903
4509;85;90;86;91;1,012774;-457,24588;1,012774;457,24588;2139;624
3994;61;91;62;92;1,0120622;-35,756347;1,0120622;35,756347;2140;3524
2083;25;34;26;35;1,011979;78,063018;1,011979;78,063018;2141;2423
3488;49;59;50;60;1,0112392;-571,00278;1,0112392;571,00278;2142;416
66;0;67;1;68;1,0088861;240,54914;1,0088861;240,54914;2143;1199
749;8;26;9;27;1,008465;-113,9415;1,008465;113,9415;2144;1938
4408;78;80;79;81;1,0081195;-25,448632;1,0081195;25,448632;2145;3818
644;7;8;8;9;1,0080255;-145,73785;1,0080255;145,73785;2146;1664
2679;34;45;35;46;1,0079483;152,37783;1,0079483;152,37783;2147;1626
997;11;19;12;20;1,0063656;751,36878;1,0063656;751,36878;2148;198
412;4;43;5;44;1,0051788;-123,61279;1,0051788;123,61279;2149;1836
102;1;9;2;10;1,0022301;456,09334;1,0022301;456,09334;2150;627
1552;17;91;18;92;1,0020848;-111,77374;1,0020848;111,77374;2151;1962
2227;27;41;28;42;1,0013931;-273,43563;1,0013931;273,43563;2152;1082
2628;33;55;34;56;1,000087;65,812898;1,000087;65,812898;2153;2686
3820;57;59;58;60;1,0000698;41,701817;1,0000698;41,701817;2154;3354
2107;25;58;26;59;0,99991722;-22,044653;0,99991722;22,044653;2155;3917
86;0;87;1;88;0,9998709;94,08618;0,9998709;94,08618;2156;2180
1969;23;61;24;62;0,99945012;-24,948597;0,99945012;24,948597;2157;3828
3779;55;95;56;96;0,9994155;-189,48891;0,9994155;189,48891;2158;1412
1762;20;73;21;74;0,99911638;45,012035;0,99911638;45,012035;2159;3257
2409;29;90;30;91;0,99834231;214,85838;0,99834231;214,85838;2160;1308
1955;23;47;24;48;0,99789862;-176,16596;0,99789862;176,16596;2161;1471
1572;18;34;19;35;0,99765878;10,9358;0,99765878;10,9358;2162;4222
342;3;64;4;65;0,99608673;-15,712388;0,99608673;15,712388;2163;4089
4151;66;93;67;94;0,99477458;-112,47166;0,99477458;112,47166;2164;1956
2338;28;85;29;86;0,99408648;-132,86513;0,99408648;132,86513;2165;1769
302;3;24;4;25;0,99407796;20,113864;0,99407796;20,113864;2166;3974
3214;43;76;44;77;0,9939558;295,54698;0,9939558;295,54698;2167;1013
3902;59;68;60;69;0,99316389;-30,626765;0,99316389;30,626765;2168;3674
1247;14;23;15;24;0,99307053;17,902067;0,99307053;17,902067;2169;4027
802;8;79;9;80;0,99075063;219,36983;0,99075063;219,36983;2170;1287
3758;55;74;56;75;0,99043127;-436,47159;0,99043127;436,47159;2171;665
1186;13;43;14;44;0,98979008;-44,816582;0,98979008;44,816582;2172;3261
4513;85;94;86;95;0,98935373;-34,661542;0,98935373;34,661542;2173;3547
1640;19;26;20;27;0,98882947;-0,81546822;0,98882947;0,81546822;2174;4538
1502;17;41;18;42;0,98863831;56,765461;0,98863831;56,765461;2175;2942
655;7;19;8;20;0,98838988;-223,11623;0,98838988;223,11623;2176;1273
3778;55;94;56;95;0,98704809;-709,05836;0,98704809;709,05836;2177;234
4091;64;92;65;93;0,98695482;-33,850108;0,98695482;33,850108;2178;3576
734;8;11;9;12;0,98672998;63,745914;0,98672998;63,745914;2179;2738
1093;12;32;13;33;0,98630826;136,78055;0,98630826;136,78055;2180;1733
4443;80;84;81;85;0,98534105;17,617376;0,98534105;17,617376;2181;4034
3427;47;91;48;92;0,98528657;-15,940391;0,98528657;15,940391;2182;4083
2071;24;92;25;93;0,98494605;-539,61042;0,98494605;539,61042;2183;466
3203;43;65;44;66;0,98304313;28,444948;0,98304313;28,444948;2184;3727
2308;28;55;29;56;0,98231534;42,453085;0,98231534;42,453085;2185;3327
1946;23;38;24;39;0,98194965;48,312932;0,98194965;48,312932;2186;3163
2748;35;54;36;55;0,98128977;140,99249;0,98128977;140,99249;2187;1697
135;1;42;2;43;0,98090062;71,505045;0,98090062;71,505045;2188;2543
2714;34;80;35;81;0,98060188;81,292272;0,98060188;81,292272;2189;2366
1315;14;91;15;92;0,98045848;-17,506364;0,98045848;17,506364;2190;4039
3317;45;78;46;79;0,98043065;-598,00744;0,98043065;598,00744;2191;378
584;6;36;7;37;0,98008234;155,21347;0,98008234;155,21347;2192;1609
1368;15;64;16;65;0,97986373;48,080475;0,97986373;48,080475;2193;3168
2282;28;29;29;30;0,97965476;155,6927;0,97965476;155,6927;2194;1606
270;2;84;3;85;0,97933866;1,86395;0,97933866;1,86395;2195;4499
2170;26;52;27;53;0,9782194;48,472701;0,9782194;48,472701;2196;3162
592;6;44;7;45;0,97792875;-56,445016;0,97792875;56,445016;2197;2950
1328;15;24;16;25;0,97785497;-415,56187;0,97785497;415,56187;2198;706
688;7;52;8;53;0,97777981;-205,60006;0,97777981;205,60006;2199;1341
2870;37;59;38;60;0,97762776;-298,08722;0,97762776;298,08722;2200;1003
4514;85;95;86;96;0,97698632;-20,127981;0,97698632;20,127981;2201;3972
3532;50;58;51;59;0,97678925;46,924185;0,97678925;46,924185;2202;3202
3875;58;77;59;78;0,97669816;241,52723;0,97669816;241,52723;2203;1196
2658;33;85;34;86;0,97631486;-382,13828;0,97631486;382,13828;2204;766
3205;43;67;44;68;0,97553731;214,66272;0,97553731;214,66272;2205;1309
570;6;22;7;23;0,97518377;52,25854;0,97518377;52,25854;2206;3060
2413;29;94;30;95;0,97492201;72,039788;0,97492201;72,039788;2207;2531
921;10;27;11;28;0,9746945;-74,673157;0,9746945;74,673157;2208;2488
108;1;15;2;16;0,97384279;-40,284203;0,97384279;40,284203;2209;3385
545;5;86;6;87;0,97380213;133,0041;0,97380213;133,0041;2210;1767
3715;54;71;55;72;0,97344946;1,6474935;0,97344946;1,6474935;2211;4510
3150;42;64;43;65;0,9728059;-84,601307;0,9728059;84,601307;2212;2316
3080;41;47;42;48;0,97184006;-505,58267;0,97184006;505,58267;2213;529
2577;32;66;33;67;0,9717971;107,13598;0,9717971;107,13598;2214;2003
165;1;72;2;73;0,97119637;1300,5019;0,97119637;1300,5019;2215;24
1693;19;79;20;80;0,97111505;157,88475;0,97111505;157,88475;2216;1590
2021;24;42;25;43;0,97079713;-864,49468;0,97079713;864,49468;2217;137
2959;38;91;39;92;0,9693376;2,7181611;0,9693376;2,7181611;2218;4467
2256;27;70;28;71;0,96870524;-47,989079;0,96870524;47,989079;2219;3171
1622;18;84;19;85;0,96828415;-20,748347;0,96828415;20,748347;2220;3950
2423;30;39;31;40;0,9677064;-342,51096;0,9677064;342,51096;2221;873
2633;33;60;34;61;0,96706053;29,864995;0,96706053;29,864995;2222;3694
1265;14;41;15;42;0,96701197;48,611534;0,96701197;48,611534;2223;3154
2835;36;82;37;83;0,96691048;41,770189;0,96691048;41,770189;2224;3352
1979;23;71;24;72;0,96683153;-365,284;0,96683153;365,284;2225;818
185;1;92;2;93;0,9667517;73,35696;0,9667517;73,35696;2226;2512
3225;43;87;44;88;0,96652207;2,7530069;0,96652207;2,7530069;2227;4462
528;5;69;6;70;0,96646168;77,405648;0,96646168;77,405648;2228;2431
3964;60;95;61;96;0,96638908;-664,14398;0,96638908;664,14398;2229;288
2568;32;57;33;58;0,9657424;97,079156;0,9657424;97,079156;2230;2126
3271;44;82;45;83;0,96475688;-90,03297;0,96475688;90,03297;2231;2232
3774;55;90;56;91;0,96362779;84,961051;0,96362779;84,961051;2232;2311
1154;12;93;13;94;0,96333078;67,565279;0,96333078;67,565279;2233;2639
2414;29;95;30;96;0,9625546;91,862699;0,9625546;91,862699;2234;2211
1416;16;33;17;34;0,96242185;54,964529;0,96242185;54,964529;2235;2989
1918;22;82;23;83;0,9620119;44,429855;0,9620119;44,429855;2236;3270
911;10;17;11;18;0,96193968;-405,39744;0,96193968;405,39744;2237;727
2352;29;33;30;34;0,96188314;-788,05258;0,96188314;788,05258;2238;182
1478;16;95;17;96;0,9617504;-399,1949;0,9617504;399,1949;2239;734
375;4;6;5;7;0,96064795;96,383531;0,96064795;96,383531;2240;2135
3640;52;79;53;80;0,96050499;168,11157;0,96050499;168,11157;2241;1530
4104;65;75;66;76;0,96012331;-973,90791;0,96012331;973,90791;2242;82
1943;23;35;24;36;0,95899122;-95,213536;0,95899122;95,213536;2243;2160
289;3;11;4;12;0,95895872;143,43104;0,95895872;143,43104;2244;1682
2579;32;68;33;69;0,95883652;-65,995966;0,95883652;65,995966;2245;2674
2922;38;54;39;55;0,95833134;111,54232;0,95833134;111,54232;2246;1965
2619;33;46;34;47;0,95805433;27,522433;0,95805433;27,522433;2247;3764
504;5;45;6;46;0,95799823;133,07929;0,95799823;133,07929;2248;1766
96;1;3;2;4;0,95761979;1126,9649;0,95761979;1126,9649;2249;45
3383;46;95;47;96;0,95738287;-200,91486;0,95738287;200,91486;2250;1361
4055;63;87;64;88;0,95671957;385,40926;0,95671957;385,40926;2251;762
1531;17;70;18;71;0,95595042;-592,39751;0,95595042;592,39751;2252;392
2909;38;41;39;42;0,95589109;58,170552;0,95589109;58,170552;2253;2900
4279;71;91;72;92;0,95421948;-142,22049;0,95421948;142,22049;2254;1690
3963;60;94;61;95;0,95402167;-479,76087;0,95402167;479,76087;2255;579
2133;25;84;26;85;0,95396388;-280,8026;0,95396388;280,8026;2256;1058
2511;31;63;32;64;0,95303366;7,1682567;0,95303366;7,1682567;2257;4336
873;9;64;10;65;0,95147643;-74,200807;0,95147643;74,200807;2258;2501
4414;78;86;79;87;0,95136971;-280,45183;0,95136971;280,45183;2259;1059
2975;39;51;40;52;0,95073268;-19,005285;0,95073268;19,005285;2260;3999
1070;11;92;12;93;0,9498268;750,30862;0,9498268;750,30862;2261;199
64;0;65;1;66;0,9496943;93,25179;0,9496943;93,25179;2262;2188
3623;52;62;53;63;0,94953952;-63,764416;0,94953952;63,764416;2263;2737
833;9;24;10;25;0,94946766;-18,618764;0,94946766;18,618764;2264;4007
624;6;76;7;77;0,94942495;45,279406;0,94942495;45,279406;2265;3243
1477;16;94;17;95;0,94938298;-416,81178;0,94938298;416,81178;2266;704
2313;28;60;29;61;0,94928892;-16,188078;0,94928892;16,188078;2267;4071
4035;63;67;64;68;0,94770434;216,26807;0,94770434;216,26807;2268;1302
451;4;82;5;83;0,94747608;113,59651;0,94747608;113,59651;2269;1942
2822;36;69;37;70;0,94735018;835,22292;0,94735018;835,22292;2270;156
1278;14;54;15;55;0,94721046;-367,22849;0,94721046;367,22849;2271;813
541;5;82;6;83;0,94690138;56,064269;0,94690138;56,064269;2272;2963
2785;35;91;36;92;0,94637917;355,10371;0,94637917;355,10371;2273;839
561;6;13;7;14;0,94525923;-7,0861799;0,94525923;7,0861799;2274;4342
3258;44;69;45;70;0,94519659;41,857063;0,94519659;41,857063;2275;3348
3439;48;56;49;57;0,94519528;-378,92878;0,94519528;378,92878;2276;774
941;10;47;11;48;0,94514142;42,984282;0,94514142;42,984282;2277;3312
3382;46;94;47;95;0,94501546;172,4069;0,94501546;172,4069;2278;1498
1411;16;28;17;29;0,94465024;-19,480907;0,94465024;19,480907;2279;3987
2662;33;89;34;90;0,94465016;-654,71691;0,94465016;654,71691;2280;296
4217;69;78;70;79;0,94402926;45,329207;0,94402926;45,329207;2281;3242
4544;89;95;90;96;0,9439787;61,244629;0,9439787;61,244629;2282;2815
3657;53;54;54;55;0,94390573;25,432219;0,94390573;25,432219;2283;3819
2548;32;37;33;38;0,94330039;-590,21806;0,94330039;590,21806;2284;395
3854;57;93;58;94;0,94276492;3,9796218;0,94276492;3,9796218;2285;4421
993;11;15;12;16;0,94273572;134,01224;0,94273572;134,01224;2286;1754
1905;22;69;23;70;0,94245161;-140,03867;0,94245161;140,03867;2287;1712
3390;47;54;48;55;0,94238237;30,477361;0,94238237;30,477361;2288;3679
867;9;58;10;59;0,94156497;-359,27015;0,94156497;359,27015;2289;828
2274;27;88;28;89;0,94105652;25,817695;0,94105652;25,817695;2290;3805
2985;39;61;40;62;0,94096505;184,61876;0,94096505;184,61876;2291;1438
3104;41;71;42;72;0,94077297;-237,18335;0,94077297;237,18335;2292;1208
908;10;14;11;15;0,94031333;481,56208;0,94031333;481,56208;2293;573
2299;28;46;29;47;0,94028271;84,218195;0,94028271;84,218195;2294;2319
2839;36;86;37;87;0,94000973;86,607012;0,94000973;86,607012;2295;2290
3406;47;70;48;71;0,93915217;-60,152256;0,93915217;60,152256;2296;2840
1676;19;62;20;63;0,93892945;-70,168325;0,93892945;70,168325;2297;2580
3275;44;86;45;87;0,93785614;-178,29916;0,93785614;178,29916;2298;1466
3473;48;90;49;91;0,93785246;-96,214649;0,93785246;96,214649;2299;2141
3900;59;66;60;67;0,93746973;-28,002921;0,93746973;28,002921;2300;3747
4375;76;82;77;83;0,93625308;6,6370603;0,93625308;6,6370603;2301;4358
4206;68;93;69;94;0,93585904;-19,008694;0,93585904;19,008694;2302;3998
1020;11;42;12;43;0,93567789;-304,93107;0,93567789;304,93107;2303;987
1922;22;86;23;87;0,93511116;53,769007;0,93511116;53,769007;2304;3018
1294;14;70;15;71;0,93432408;-387,5063;0,93432408;387,5063;2305;758
465;5;6;6;7;0,93372952;114,7263;0,93372952;114,7263;2306;1928
1206;13;63;14;64;0,93345157;51,760938;0,93345157;51,760938;2307;3074
244;2;58;3;59;0,93338532;-194,9854;0,93338532;194,9854;2308;1392
1815;21;52;22;53;0,93303241;18,459065;0,93303241;18,459065;2309;4011
2735;35;41;36;42;0,93293266;29,875565;0,93293266;29,875565;2310;3693
1225;13;82;14;83;0,93208736;-47,426446;0,93208736;47,426446;2311;3189
4543;89;94;90;95;0,93161129;61,05829;0,93161129;61,05829;2312;2821
2851;37;40;38;41;0,9310813;65,639287;0,9310813;65,639287;2313;2695
615;6;67;7;68;0,93100645;-23,662724;0,93100645;23,662724;2314;3871
3558;50;84;51;85;0,93083591;95,631424;0,93083591;95,631424;2315;2154
3959;60;90;61;91;0,93060136;7,7481409;0,93060136;7,7481409;2316;4316
101;1;8;2;9;0,92984853;-159,65563;0,92984853;159,65563;2317;1574
4044;63;76;64;77;0,92928585;53,354871;0,92928585;53,354871;2318;3029
2997;39;73;40;74;0,92923884;-21,646517;0,92923884;21,646517;2319;3933
932;10;38;11;39;0,92919245;-74,384713;0,92919245;74,384713;2320;2495
4117;65;88;66;89;0,92905858;-41,59317;0,92905858;41,59317;2321;3358
1549;17;88;18;89;0,9283017;-9,111706;0,9283017;9,111706;2322;4282
438;4;69;5;70;0,92791578;-91,322252;0,92791578;91,322252;2323;2220
2342;28;89;29;90;0,92687854;63,190374;0,92687854;63,190374;2324;2752
1473;16;90;17;91;0,92596268;77,207625;0,92596268;77,207625;2325;2436
1515;17;54;18;55;0,92558411;-712,12318;0,92558411;712,12318;2326;227
4410;78;82;79;83;0,92446896;657,72296;0,92446896;657,72296;2327;293
2720;34;86;35;87;0,92385205;100,27022;0,92385205;100,27022;2328;2083
2938;38;70;39;71;0,92320319;-520,99242;0,92320319;520,99242;2329;502
1635;19;21;20;22;0,92242234;-366,76553;0,92242234;366,76553;2330;815
635;6;87;7;88;0,92199122;74,150937;0,92199122;74,150937;2331;2503
3378;46;90;47;91;0,92159516;252,71461;0,92159516;252,71461;2332;1156
455;4;86;5;87;0,92057533;44,096544;0,92057533;44,096544;2333;3275
26;0;27;1;28;0,92042079;103,02135;0,92042079;103,02135;2334;2044
2904;37;93;38;94;0,92032291;-621,39515;0,92032291;621,39515;2335;347
3144;42;58;43;59;0,9202355;-33,512275;0,9202355;33,512275;2336;3589
2892;37;81;38;82;0,91954636;68,025877;0,91954636;68,025877;2337;2632
785;8;62;9;63;0,91929387;14,426514;0,91929387;14,426514;2338;4120
2301;28;48;29;49;0,91916491;66,620991;0,91916491;66,620991;2339;2660
432;4;63;5;64;0,91806285;84,761144;0,91806285;84,761144;2340;2314
4168;67;82;68;83;0,91783459;45,752801;0,91783459;45,752801;2341;3229
4215;69;76;70;77;0,91669279;-171,40899;0,91669279;171,40899;2342;1507
2703;34;69;35;70;0,9165116;218,85365;0,9165116;218,85365;2343;1291
3538;50;64;51;65;0,91625214;202,0539;0,91625214;202,0539;2344;1355
170;1;77;2;78;0,91603304;262,71587;0,91603304;262,71587;2345;1126
3047;40;68;41;69;0,91554517;-34,964735;0,91554517;34,964735;2346;3539
3477;48;94;49;95;0,91443216;39,464632;0,91443216;39,464632;2347;3413
820;9;11;10;12;0,91434842;17,421786;0,91434842;17,421786;2348;4043
2029;24;50;25;51;0,91424338;-89,698477;0,91424338;89,698477;2349;2242
965;10;71;11;72;0,91407433;74,167143;0,91407433;74,167143;2350;2502
1362;15;58;16;59;0,91317766;-87,980941;0,91317766;87,980941;2351;2269
2240;27;54;28;55;0,91282929;89,781736;0,91282929;89,781736;2352;2240
1212;13;69;14;70;0,91252706;-29,63372;0,91252706;29,63372;2353;3697
3424;47;88;48;89;0,91150344;170,54225;0,91150344;170,54225;2354;1512
626;6;78;7;79;0,9112971;-225,83495;0,9112971;225,83495;2355;1257
4290;72;79;73;80;0,91029427;1533,1767;0,91029427;1533,1767;2356;7
112;1;19;2;20;0,91021295;-1,1823736;0,91021295;1,1823736;2357;4525
1081;12;20;13;21;0,90942232;-25,19858;0,90942232;25,19858;2358;3826
4379;76;86;77;87;0,90935234;-42,985601;0,90935234;42,985601;2359;3311
1938;23;30;24;31;0,90922133;46,687906;0,90922133;46,687906;2360;3208
4473;82;87;83;88;0,90881936;-29,491409;0,90881936;29,491409;2361;3700
3036;40;57;41;58;0,90863929;-635,86972;0,90863929;635,86972;2362;314
4539;89;90;90;91;0,90819099;-292,0201;0,90819099;292,0201;2363;1027
3432;48;49;49;50;0,90818495;-221,87209;0,90818495;221,87209;2364;1276
4235;70;71;71;72;0,90808507;-68,387215;0,90808507;68,387215;2365;2623
16;0;17;1;18;0,90766597;27,952006;0,90766597;27,952006;2366;3750
1312;14;88;15;89;0,90667535;-62,844335;0,90667535;62,844335;2367;2763
929;10;35;11;36;0,90623402;6,7308898;0,90623402;6,7308898;2368;4355
3890;58;92;59;93;0,90608658;-8,0562001;0,90608658;8,0562001;2369;4311
1229;13;86;14;87;0,90518661;374,71016;0,90518661;374,71016;2370;788
4194;68;81;69;82;0,90401023;-103,36517;0,90401023;103,36517;2371;2043
1899;22;63;23;64;0,90352702;495,10955;0,90352702;495,10955;2372;546
744;8;21;9;22;0,90278677;94,970439;0,90278677;94,970439;2373;2165
3478;48;95;49;96;0,90206475;19,448425;0,90206475;19,448425;2374;3989
4099;65;70;66;71;0,90140986;-864,15212;0,90140986;864,15212;2375;139
2621;33;48;34;49;0,90139329;-232,28991;0,90139329;232,28991;2376;1232
3252;44;63;45;64;0,90078205;-100,27607;0,90078205;100,27607;2377;2082
2764;35;70;36;71;0,90024477;-89,318843;0,90024477;89,318843;2378;2247
145;1;52;2;53;0,89960289;17,002784;0,89960289;17,002784;2379;4052
2816;36;63;37;64;0,89862845;170,94394;0,89862845;170,94394;2380;1510
4155;67;69;68;70;0,89827429;874,79356;0,89827429;874,79356;2381;131
3842;57;81;58;82;0,89710435;-78,785145;0,89710435;78,785145;2382;2404
336;3;58;4;59;0,89695467;139,09905;0,89695467;139,09905;2383;1719
2716;34;82;35;83;0,8969513;111,75517;0,8969513;111,75517;2384;1963
2475;30;91;31;92;0,89660929;-27,093204;0,89660929;27,093204;2385;3776
893;9;84;10;85;0,89561163;56,233151;0,89561163;56,233151;2386;2959
2956;38;88;39;89;0,89555447;-0,59087409;0,89555447;0,59087409;2387;4546
959;10;65;11;66;0,8954206;312,85261;0,8954206;312,85261;2388;954
2151;26;33;27;34;0,89354595;13,013148;0,89354595;13,013148;2389;4159
2113;25;64;26;65;0,89312417;-113,28879;0,89312417;113,28879;2390;1946
669;7;33;8;34;0,89310636;-271,37671;0,89310636;271,37671;2391;1093
708;7;72;8;73;0,89301944;60,066496;0,89301944;60,066496;2392;2842
2213;26;95;27;96;0,89287449;-327,9646;0,89287449;327,9646;2393;907
2190;26;72;27;73;0,89257986;1164,6616;0,89257986;1164,6616;2394;37
731;7;95;8;96;0,89243491;-8,3779639;0,89243491;8,3779639;2395;4299
1959;23;51;24;52;0,89224762;-174,31523;0,89224762;174,31523;2396;1481
4335;74;81;75;82;0,89168313;529,91159;0,89168313;529,91159;2397;482
3646;52;85;53;86;0,89164141;-844,67295;0,89164141;844,67295;2398;149
340;3;62;4;63;0,89152261;-3,785351;0,89152261;3,785351;2399;4427
2004;24;25;25;26;0,8911154;-150,93559;0,8911154;150,93559;2400;1634
4172;67;86;68;87;0,89093384;-36,898796;0,89093384;36,898796;2401;3493
46;0;47;1;48;0,89086772;92,639425;0,89086772;92,639425;2402;2194
4226;69;87;70;88;0,88925906;33,044722;0,88925906;33,044722;2403;3603
502;5;43;6;44;0,88919866;140,98205;0,88919866;140,98205;2404;1698
1746;20;57;21;58;0,88885646;38,203034;0,88885646;38,203034;2405;3455
1101;12;40;13;41;0,88807343;-309,49704;0,88807343;309,49704;2406;968
2229;27;43;28;44;0,88707197;159,15344;0,88707197;159,15344;2407;1577
13;0;14;1;15;0,88603963;-78,172985;0,88603963;78,172985;2408;2419
2375;29;56;30;57;0,88470543;-338,16826;0,88470543;338,16826;2409;882
582;6;34;7;35;0,88377944;175,61974;0,88377944;175,61974;2410;1473
2833;36;80;37;81;0,88325991;14,61174;0,88325991;14,61174;2411;4115
2425;30;41;31;42;0,88316277;66,14739;0,88316277;66,14739;2412;2671
4028;62;92;63;93;0,8823907;-0,31070532;0,8823907;0,31070532;2413;4554
1757;20;68;21;69;0,88195058;16,310774;0,88195058;16,310774;2414;4065
4515;86;87;87;88;0,88191861;-7,5643033;0,88191861;7,5643033;2415;4322
3269;44;80;45;81;0,88110631;-28,196216;0,88110631;28,196216;2416;3738
1699;19;85;20;86;0,88103135;-504,23656;0,88103135;504,23656;2417;531
2212;26;94;27;95;0,88050708;-13,060654;0,88050708;13,060654;2418;4158
4276;71;88;72;89;0,88043635;100,11748;0,88043635;100,11748;2419;2085
3053;40;74;41;75;0,88014819;-217,03408;0,88014819;217,03408;2420;1298
730;7;94;8;95;0,8800675;22,551437;0,8800675;22,551437;2421;3900
3609;51;91;52;92;0,87963557;7,1811228;0,87963557;7,1811228;2422;4335
1028;11;50;12;51;0,87912413;68,704319;0,87912413;68,704319;2423;2615
1602;18;64;19;65;0,87880391;-86,198511;0,87880391;86,198511;2424;2294
1916;22;80;23;81;0,87836133;-455,87313;0,87836133;455,87313;2425;628
2371;29;52;30;53;0,87720969;831,86186;0,87720969;831,86186;2426;159
1562;18;24;19;25;0,87679514;2,2064428;0,87679514;2,2064428;2427;4485
1142;12;81;13;82;0,87653849;-488,36155;0,87653849;488,36155;2428;557
2652;33;79;34;80;0,87583154;66,572166;0,87583154;66,572166;2429;2661
2146;26;28;27;29;0,87577433;-76,676497;0,87577433;76,676497;2430;2449
664;7;28;8;29;0,87533475;-74,350074;0,87533475;74,350074;2431;2497
1366;15;62;16;63;0,87529962;-157,55485;0,87529962;157,55485;2432;1594
4439;79;95;80;96;0,87516008;74,246086;0,87516008;74,246086;2433;2499
299;3;21;4;22;0,8750155;161,51318;0,8750155;161,51318;2434;1562
37;0;38;1;39;0,87491875;-4,816513;0,87491875;4,816513;2435;4396
1504;17;43;18;44;0,87431715;20,360438;0,87431715;20,360438;2436;3965
3170;42;84;43;85;0,87428216;-289,45309;0,87428216;289,45309;2437;1035
95;1;2;2;3;0,8727202;214,99144;0,8727202;214,99144;2438;1306
2782;35;88;36;89;0,87259604;870,44863;0,87259604;870,44863;2439;133
1750;20;61;21;62;0,8710875;-312,84302;0,8710875;312,84302;2440;955
1981;23;73;24;74;0,87075377;-561,09536;0,87075377;561,09536;2441;431
3808;56;85;57;86;0,87027371;-586,58385;0,87027371;586,58385;2442;399
781;8;58;9;59;0,8691834;72,265701;0,8691834;72,265701;2443;2526
3098;41;65;42;66;0,86872196;3,6022833;0,86872196;3,6022833;2444;4436
3148;42;62;43;63;0,86824178;-136,65334;0,86824178;136,65334;2445;1734
1388;15;84;16;85;0,86722432;249,16276;0,86722432;249,16276;2446;1174
3216;43;78;44;79;0,86676625;40,120888;0,86676625;40,120888;2447;3390
1643;19;29;20;30;0,86659963;-76,01899;0,86659963;76,01899;2448;2457
1726;20;37;21;38;0,86641445;-559,81185;0,86641445;559,81185;2449;435
1574;18;36;19;37;0,866203;91,969395;0,866203;91,969395;2450;2206
3084;41;51;42;52;0,86618906;-607,07338;0,86618906;607,07338;2451;365
1855;21;92;22;93;0,86588359;-326,16248;0,86588359;326,16248;2452;915
3304;45;65;46;66;0,86415376;-625,79676;0,86415376;625,79676;2453;337
1582;18;44;19;45;0,86404941;-157,29227;0,86404941;157,29227;2454;1595
449;4;80;5;81;0,86382551;-290,28052;0,86382551;290,28052;2455;1031
4438;79;94;80;95;0,86279267;611,25304;0,86279267;611,25304;2456;359
4079;64;80;65;81;0,861747;-47,973986;0,861747;47,973986;2457;3173
808;8;85;9;86;0,86139577;71,975099;0,86139577;71,975099;2458;2532
1560;18;22;19;23;0,86130443;35,373441;0,86130443;35,373441;2459;3529
4501;84;92;85;93;0,86013324;272,74605;0,86013324;272,74605;2460;1086
70;0;71;1;72;0,85980063;78,172985;0,85980063;78,172985;2461;2420
2059;24;80;25;81;0,85973824;36,922865;0,85973824;36,922865;2462;3491
1325;15;21;16;22;0,85879251;-175,65793;0,85879251;175,65793;2463;1472
4324;73;91;74;92;0,85814172;-58,845517;0,85814172;58,845517;2464;2882
2332;28;79;29;80;0,85805992;228,87904;0,85805992;228,87904;2465;1244
3185;43;47;44;48;0,85751889;567,1396;0,85751889;567,1396;2466;426
2208;26;90;27;91;0,85708678;89,131253;0,85708678;89,131253;2467;2250
726;7;90;8;91;0,85664719;-163,30145;0,85664719;163,30145;2468;1551
924;10;30;11;31;0,85646414;-637,18801;0,85646414;637,18801;2469;312
1003;11;25;12;26;0,85599616;-346,98428;0,85599616;346,98428;2470;854
4;0;5;1;6;0,85584984;773,92544;0,85584984;773,92544;2471;189
4120;65;91;66;92;0,85527545;-120,13946;0,85527545;120,13946;2472;1873
4390;77;79;78;80;0,85513094;142,4647;0,85513094;142,4647;2473;1687
1267;14;43;15;44;0,8526908;13,280588;0,8526908;13,280588;2474;4153
4373;76;80;77;81;0,85260251;-228,62781;0,85260251;228,62781;2475;1245
34;0;35;1;36;0,85196032;74,964735;0,85196032;74,964735;2476;2484
2085;25;36;26;37;0,85188274;70,537526;0,85188274;70,537526;2477;2568
1805;21;42;22;43;0,85173467;-451,27363;0,85173467;451,27363;2478;637
362;3;84;4;85;0,85100133;-9,8281969;0,85100133;9,8281969;2479;4254
2454;30;70;31;71;0,85047488;-369,61744;0,85047488;369,61744;2480;806
2093;25;44;26;45;0,84972914;-267,29457;0,84972914;267,29457;2481;1108
1672;19;58;20;59;0,84954783;-28,25179;0,84954783;28,25179;2482;3734
1223;13;80;14;81;0,84843679;65,258608;0,84843679;65,258608;2483;2706
2368;29;49;30;50;0,8476951;-400,75398;0,8476951;400,75398;2484;731
1861;22;25;23;26;0,84698416;32,987691;0,84698416;32,987691;2485;3607
752;8;29;9;30;0,84696405;123,72623;0,84696405;123,72623;2486;1834
871;9;62;10;63;0,84691231;-72,318912;0,84691231;72,318912;2487;2525
387;4;18;5;19;0,84676861;-96,447175;0,84676861;96,447175;2488;2132
3106;41;73;42;74;0,84469521;256,65006;0,84469521;256,65006;2489;1144
1973;23;65;24;66;0,8426634;-79,438198;0,8426634;79,438198;2490;2392
575;6;27;7;28;0,84254112;41,686793;0,84254112;41,686793;2491;3355
996;11;18;12;19;0,84167589;43,275928;0,84167589;43,275928;2492;3297
2911;38;43;39;44;0,84156992;83,678724;0,84156992;83,678724;2493;2333
4300;72;89;73;90;0,84147565;308,40322;0,84147565;308,40322;2494;973
1100;12;39;13;40;0,83954478;128,38708;0,83954478;128,38708;2495;1797
945;10;51;11;52;0,83949042;-54,592125;0,83949042;54,592125;2496;3000
4434;79;90;80;91;0,83937237;114,14628;0,83937237;114,14628;2497;1936
2677;34;43;35;44;0,83924859;528,27613;0,83924859;528,27613;2498;484
3619;52;58;53;59;0,83893776;-23,886067;0,83893776;23,886067;2499;3863
713;7;77;8;78;0,83785611;160,25409;0,83785611;160,25409;2500;1569
2195;26;77;27;78;0,83741652;217,57467;0,83741652;217,57467;2501;1296
1614;18;76;19;77;0,83554561;273,31898;0,83554561;273,31898;2502;1083
547;5;88;6;89;0,83521412;677,32128;0,83521412;677,32128;2503;267
3924;59;90;60;91;0,83479819;-465,55832;0,83479819;465,55832;2504;609
3449;48;66;49;67;0,83441545;22,055018;0,83441545;22,055018;2505;3916
4166;67;80;68;81;0,83418402;71,285385;0,83418402;71,285385;2506;2550
363;3;85;4;86;0,83362451;-57,014536;0,83362451;57,014536;2507;2928
3588;51;70;52;71;0,83350116;-67,506433;0,83350116;67,506433;2508;2641
77;0;78;1;79;0,83341742;357,61292;0,83341742;357,61292;2509;830
3731;54;87;55;88;0,83337919;119,41601;0,83337919;119,41601;2510;1878
3514;49;85;50;86;0,83326338;-236,80726;0,83326338;236,80726;2511;1210
394;4;25;5;26;0,83244834;20,360369;0,83244834;20,360369;2512;3966
1161;13;18;14;19;0,83137989;6,8315372;0,83137989;6,8315372;2513;4346
830;9;21;10;22;0,8304052;-14,277316;0,8304052;14,277316;2514;4127
565;6;17;7;18;0,8297863;-99,856926;0,8297863;99,856926;2515;2088
2268;27;82;28;83;0,82936925;-2,7946707;0,82936925;2,7946707;2516;4461
1819;21;56;22;57;0,82888272;65,900047;0,82888272;65,900047;2517;2680
2803;36;50;37;51;0,82875477;283,67997;0,82875477;283,67997;2518;1048
3360;46;72;47;73;0,82807148;585,06086;0,82807148;585,06086;2519;400
3239;44;50;45;51;0,82660117;518,2449;0,82660117;518,2449;2520;507
3209;43;71;44;72;0,8264518;-547,58149;0,8264518;547,58149;2521;454
4446;80;87;81;88;0,82516878;21,703206;0,82516878;21,703206;2522;3931
1058;11;80;12;81;0,82461899;114,5803;0,82461899;114,5803;2523;1931
4511;85;92;86;93;0,82449259;-49,331503;0,82449259;49,331503;2524;3135
3711;54;67;55;68;0,82436396;119,34194;0,82436396;119,34194;2525;1879
1886;22;50;23;51;0,82385619;-10,778396;0,82385619;10,778396;2526;4230
1455;16;72;17;73;0,82370396;1454,7207;0,82370396;1454,7207;2527;13
807;8;84;9;85;0,82323006;67,335049;0,82323006;67,335049;2528;2647
2472;30;88;31;89;0,82282616;45,237811;0,82282616;45,237811;2529;3248
2125;25;76;26;77;0,82122534;52,657858;0,82122534;52,657858;2530;3051
2866;37;55;38;56;0,82079821;65,668222;0,82079821;65,668222;2531;2694
3666;53;63;54;64;0,82056534;77,129163;0,82056534;77,129163;2532;2437
307;3;29;4;30;0,81919279;165,475;0,81919279;165,475;2533;1542
3941;60;72;61;73;0,81906527;1545,7623;0,81906527;1545,7623;2534;4
2981;39;57;40;58;0,81897891;48,55721;0,81897891;48,55721;2535;3156
2737;35;43;36;44;0,81861149;-69,212353;0,81861149;69,212353;2536;2601
967;10;73;11;74;0,81799657;-21,513457;0,81799657;21,513457;2537;3935
1389;15;85;16;86;0,81740151;398,73569;0,81740151;398,73569;2538;737
3996;61;93;62;94;0,81717904;-429,82799;0,81717904;429,82799;2539;676
1605;18;67;19;68;0,81712711;88,232175;0,81712711;88,232175;2540;2265
1168;13;25;14;26;0,81705962;-212,89059;0,81705962;212,89059;2541;1317
3435;48;52;49;53;0,81671984;-211,54219;0,81671984;211,54219;2542;1323
1543;17;82;18;83;0,81661443;-207,17987;0,81661443;207,17987;2543;1337
2312;28;59;29;60;0,81611064;-2,3501423;0,81611064;2,3501423;2544;4482
126;1;33;2;34;0,81492944;53,980735;0,81492944;53,980735;2545;3016
4337;74;83;75;84;0,81466295;-199,56757;0,81466295;199,56757;2546;1367
188;1;95;2;96;0,81425798;144,5956;0,81425798;144,5956;2547;1673
595;6;47;7;48;0,81298804;45,141686;0,81298804;45,141686;2548;3249
4416;78;88;79;89;0,8127817;18,619809;0,8127817;18,619809;2549;4006
3785;56;62;57;63;0,81237561;-234,72971;0,81237561;234,72971;2550;1220
2992;39;68;40;69;0,81207303;6,7644847;0,81207303;6,7644847;2551;4352
4237;70;73;71;74;0,81200732;-37,912707;0,81200732;37,912707;2552;3465
265;2;79;3;80;0,8118181;611,61758;0,8118181;611,61758;2553;357
3536;50;62;51;63;0,81168803;551,65925;0,81168803;551,65925;2554;449
3928;59;94;60;95;0,81137789;44,807125;0,81137789;44,807125;2555;3262
3171;42;85;43;86;0,81034368;-395,38249;0,81034368;395,38249;2556;743
1197;13;54;14;55;0,81011119;-532,21347;0,81011119;532,21347;2557;477
2411;29;92;30;93;0,81006088;179,54239;0,81006088;179,54239;2558;1459
2255;27;69;28;70;0,80980895;128,47986;0,80980895;128,47986;2559;1796
419;4;50;5;51;0,80932037;62,552619;0,80932037;62,552619;2560;2773
562;6;14;7;15;0,80815995;738,58176;0,80815995;738,58176;2561;207
1625;18;87;19;88;0,80811188;-184,7713;0,80811188;184,7713;2562;1435
529;5;70;6;71;0,80756539;189,42888;0,80756539;189,42888;2563;1413
1662;19;48;20;49;0,80610978;-690,91368;0,80610978;690,91368;2564;246
3720;54;76;55;77;0,80594546;87,255131;0,80594546;87,255131;2565;2276
33;0;34;1;35;0,80589976;131,93691;0,80589976;131,93691;2566;1773
3606;51;88;52;89;0,80585244;76,345482;0,80585244;76,345482;2567;2453
3752;55;68;56;69;0,80526209;-12,241357;0,80526209;12,241357;2568;4180
4085;64;86;65;87;0,80499718;-146,49245;0,80499718;146,49245;2569;1659
1698;19;84;20;85;0,80359449;467,91507;0,80359449;467,91507;2570;606
3978;61;75;62;76;0,80333659;-433,41024;0,80333659;433,41024;2571;671
2065;24;86;25;87;0,80298841;-475,69263;0,80298841;475,69263;2572;592
1333;15;29;16;30;0,80296979;-427,79912;0,80296979;427,79912;2573;682
2116;25;67;26;68;0,80280685;103,71573;0,80280685;103,71573;2574;2037
2272;27;86;28;87;0,8024685;-30,327049;0,8024685;30,327049;2575;3684
29;0;30;1;31;0,80219043;-45,074633;0,80219043;45,074633;2576;3251
187;1;94;2;95;0,80189057;-91,963415;0,80189057;91,963415;2577;2207
469;5;10;6;11;0,80157613;217,17653;0,80157613;217,17653;2578;1297
2601;32;90;33;91;0,80047082;-136,61383;0,80047082;136,61383;2579;1735
3418;47;82;48;83;0,79981617;-35,893023;0,79981617;35,893023;2580;3518
3929;59;95;60;96;0,79901048;59,877723;0,79901048;59,877723;2581;2849
3052;40;73;41;74;0,79837937;-353,0514;0,79837937;353,0514;2582;842
3741;55;57;56;58;0,7983562;-635,53871;0,7983562;635,53871;2583;315
2632;33;59;34;60;0,79833902;-672,703;0,79833902;672,703;2584;275
3550;50;76;51;77;0,79809737;-11,118661;0,79809737;11,118661;2585;4210
4068;64;69;65;70;0,79765673;-116,4832;0,79765673;116,4832;2586;1908
121;1;28;2;29;0,79715782;-60,072338;0,79715782;60,072338;2587;2841
1530;17;69;18;70;0,79705414;22,925229;0,79705414;22,925229;2588;3886
586;6;38;7;39;0,79703907;143,09793;0,79703907;143,09793;2589;1684
4052;63;84;64;85;0,7965473;-42,455518;0,7965473;42,455518;2590;3326
2850;37;39;38;40;0,79653691;-178,16603;0,79653691;178,16603;2591;1468
2361;29;42;30;43;0,79591196;-526,80142;0,79591196;526,80142;2592;489
2048;24;69;25;70;0,79564796;-43,141892;0,79564796;43,141892;2593;3307
1813;21;50;22;51;0,79518092;-22,666064;0,79518092;22,666064;2594;3894
1306;14;82;15;83;0,79498808;-207,54212;0,79498808;207,54212;2595;1335
423;4;54;5;55;0,79472247;75,160188;0,79472247;75,160188;2596;2475
193;2;7;3;8;0,79454327;-12,141823;0,79454327;12,141823;2597;4182
2572;32;61;33;62;0,79420156;315,40001;0,79420156;315,40001;2598;944
212;2;26;3;27;0,79410368;13,394239;0,79410368;13,394239;2599;4149
1193;13;50;14;51;0,79393165;601,97405;0,79393165;601,97405;2600;370
2136;25;87;26;88;0,79379162;63,529389;0,79379162;63,529389;2601;2744
845;9;36;10;37;0,79353048;261,95785;0,79353048;261,95785;2602;1129
3645;52;84;53;85;0,79298442;-895,21924;0,79298442;895,21924;2603;115
1812;21;49;22;50;0,79187238;-559,32921;0,79187238;559,32921;2604;437
853;9;44;10;45;0,79137689;-130,84781;0,79137689;130,84781;2605;1777
1547;17;86;18;87;0,78971368;-276,23315;0,78971368;276,23315;2606;1070
894;9;85;10;86;0,78901421;-49,924253;0,78901421;49,924253;2607;3118
831;9;22;10;23;0,78863191;139,1558;0,78863191;139,1558;2608;1716
2111;25;62;26;63;0,78856005;-290,16721;0,78856005;290,16721;2609;1032
2871;37;60;38;61;0,78777179;-1,896569;0,78777179;1,896569;2610;4496
4314;73;81;74;82;0,78684443;600,10489;0,78684443;600,10489;2611;373
771;8;48;9;49;0,7864742;-143,82465;0,7864742;143,82465;2612;1678
4400;77;89;78;90;0,78631232;40,476247;0,78631232;40,476247;2613;3384
3756;55;72;56;73;0,78603885;268,70898;0,78603885;268,70898;2614;1103
2722;34;88;35;89;0,78526404;297,724;0,78526404;297,724;2615;1004
50;0;51;1;52;0,78521672;4,6486756;0,78521672;4,6486756;2616;4405
4242;70;78;71;79;0,78513297;-677,97037;0,78513297;677,97037;2617;266
4321;73;88;74;89;0,78435859;13,534117;0,78435859;13,534117;2618;4145
2989;39;65;40;66;0,78417834;-438,4727;0,78417834;438,4727;2619;659
2950;38;82;39;83;0,7838672;-90,456494;0,7838672;90,456494;2620;2226
1420;16;37;17;38;0,78313311;62,868472;0,78313311;62,868472;2621;2761
619;6;71;7;72;0,78192095;12,613899;0,78192095;12,613899;2622;4170
2285;28;32;29;33;0,78178327;49,67302;0,78178327;49,67302;2623;3129
1084;12;23;13;24;0,78105971;530,47875;0,78105971;530,47875;2624;480
3405;47;69;48;70;0,78025588;840,1871;0,78025588;840,1871;2625;151
1890;22;54;23;55;0,78018664;43,311819;0,78018664;43,311819;2626;3294
3541;50;67;51;68;0,77967888;1,9102737;0,77967888;1,9102737;2627;4495
972;10;78;11;79;0,77914372;-605,29443;0,77914372;605,29443;2628;366
2857;37;46;38;47;0,77876559;113,80949;0,77876559;113,80949;2629;1941
183;1;90;2;91;0,77847027;50,950687;0,77847027;50,950687;2630;3094
4081;64;82;65;83;0,77809643;-14,982055;0,77809643;14,982055;2631;4104
1116;12;55;13;56;0,77779034;-169,02135;0,77779034;169,02135;2632;1524
4547;90;93;91;94;0,77749334;688,04243;0,77749334;688,04243;2633;253
3243;44;54;45;55;0,77744166;-94,215831;0,77744166;94,215831;2634;2179
2605;32;94;33;95;0,77705052;20,483065;0,77705052;20,483065;2635;3958
3030;40;51;41;52;0,77688552;-569,01788;0,77688552;569,01788;2636;420
2061;24;82;25;83;0,77608766;-526,69375;0,77608766;526,69375;2637;490
1293;14;69;15;70;0,77542779;-81,051609;0,77542779;81,051609;2638;2371
3491;49;62;50;63;0,77536528;-93,644084;0,77536528;93,644084;2639;2182
2807;36;54;37;55;0,77528807;7,124366;0,77528807;7,124366;2640;4340
500;5;41;6;42;0,7748775;187,81304;0,7748775;187,81304;2641;1420
838;9;29;10;30;0,77458249;23,829173;0,77458249;23,829173;2642;3864
1600;18;62;19;63;0,77423979;-48,862905;0,77423979;48,862905;2643;3144
378;4;9;5;10;0,77409608;-730,04445;0,77409608;730,04445;2644;214
583;6;35;7;36;0,77408064;-112,42999;0,77408064;112,42999;2645;1957
2385;29;66;30;67;0,7739256;140,1846;0,7739256;140,1846;2646;1708
3422;47;86;48;87;0,77291543;-47,445085;0,77291543;47,445085;2647;3187
3365;46;77;47;78;0,77290814;382,33741;0,77290814;382,33741;2648;764
3937;60;68;61;69;0,77223567;-140,54803;0,77223567;140,54803;2649;1702
2795;36;42;37;43;0,77220101;123,54907;0,77220101;123,54907;2650;1837
1788;21;25;22;26;0,77205295;-300,06872;0,77205295;300,06872;2651;999
3561;50;87;51;88;0,77066364;-82,755234;0,77066364;82,755234;2652;2346
217;2;31;3;32;0,7702423;-19,514571;0,7702423;19,514571;2653;3986
3130;42;44;43;45;0,77004742;-179,58162;0,77004742;179,58162;2654;1457
2427;30;43;31;44;0,76884161;55,679838;0,76884161;55,679838;2655;2971
4270;71;82;72;83;0,76874908;-16,057382;0,76874908;16,057382;2656;4079
1460;16;77;17;78;0,76854062;218,10475;0,76854062;218,10475;2657;1294
1152;12;91;13;92;0,76844766;51,602421;0,76844766;51,602421;2658;3077
1310;14;86;15;87;0,76808734;18,079362;0,76808734;18,079362;2659;4020
1064;11;86;12;87;0,76786916;795,60604;0,76786916;795,60604;2660;177
1451;16;68;17;69;0,76759698;-60,985532;0,76759698;60,985532;2661;2823
1878;22;42;23;43;0,76730244;54,630036;0,76730244;54,630036;2662;2998
2900;37;89;38;90;0,76536141;-470,98887;0,76536141;470,98887;2663;600
3599;51;81;52;82;0,76535058;56,249564;0,76535058;56,249564;2664;2957
3821;57;60;58;61;0,76532978;35,389648;0,76532978;35,389648;2665;3528
1340;15;36;16;37;0,76514318;-63,588579;0,76514318;63,588579;2666;2741
612;6;64;7;65;0,76492457;-38,410308;0,76492457;38,410308;2667;3450
2606;32;95;33;96;0,76468311;86,843015;0,76468311;86,843015;2668;2285
2937;38;69;39;70;0,76430691;37,532866;0,76430691;37,532866;2669;3475
2544;32;33;33;34;0,76401165;-468,50859;0,76401165;468,50859;2670;605
3946;60;77;61;78;0,76390194;43,600125;0,76390194;43,600125;2671;3287
72;0;73;1;74;0,76372287;145,24588;0,76372287;145,24588;2672;1667
3356;46;68;47;69;0,76322946;92,465883;0,76322946;92,465883;2673;2197
1348;15;44;16;45;0,76298958;-87,115115;0,76298958;87,115115;2674;2278
572;6;24;7;25;0,7629158;131,38499;0,7629158;131,38499;2675;1775
885;9;76;10;77;0,76287309;629,71371;0,76287309;629,71371;2676;330
550;5;91;6;92;0,76143099;690,82361;0,76143099;690,82361;2677;247
2776;35;82;36;83;0,76090878;-42,030674;0,76090878;42,030674;2678;3343
1440;16;57;17;58;0,7606911;43,238017;0,7606911;43,238017;2679;3301
1047;11;69;12;70;0,76052871;9,3581424;0,76052871;9,3581424;2680;4267
1965;23;57;24;58;0,76049385;359,70793;0,76049385;359,70793;2681;826
1326;15;22;16;23;0,7602446;23,41949;0,7602446;23,41949;2682;3876
2424;30;40;31;41;0,7599118;65,899703;0,7599118;65,899703;2683;2681
3895;59;61;60;62;0,75987419;-315,1741;0,75987419;315,1741;2684;947
4143;66;85;67;86;0,75949388;-125,51791;0,75949388;125,51791;2685;1817
2346;28;93;29;94;0,75880579;-11,223969;0,75880579;11,223969;2686;4207
822;9;13;10;14;0,75870736;-43,711274;0,75870736;43,711274;2687;3285
326;3;48;4;49;0,75870294;57,095431;0,75870294;57,095431;2688;2925
2845;36;92;37;93;0,75805209;95,931071;0,75805209;95,931071;2689;2147
1559;18;21;19;22;0,75773268;42,502749;0,75773268;42,502749;2690;3325
2704;34;70;35;71;0,75761531;56,765598;0,75761531;56,765598;2691;2941
4016;62;80;63;81;0,75718289;42,332685;0,75718289;42,332685;2692;3330
2954;38;86;39;87;0,75696646;-447,82806;0,75696646;447,82806;2693;647
3345;46;57;47;58;0,75632358;40,58517;0,75632358;40,58517;2694;3383
3281;44;92;45;93;0,7558985;-98,814217;0,7558985;98,814217;2695;2103
1102;12;41;13;42;0,75500115;-44,973848;0,75500115;44,973848;2696;3259
2631;33;58;34;59;0,75426431;-11,937051;0,75426431;11,937051;2697;4187
4557;93;94;94;95;0,75407304;83,296726;0,75407304;83,296726;2698;2339
3559;50;85;51;86;0,75378992;-160,84427;0,75378992;160,84427;2699;1568
3893;58;95;59;96;0,75359286;-313,2945;0,75359286;313,2945;2700;952
1976;23;68;24;69;0,75358796;-180,22974;0,75358796;180,22974;2701;1451
1928;22;92;23;93;0,75315352;133,89629;0,75315352;133,89629;2702;1756
411;4;42;5;43;0,75276661;54,816376;0,75276661;54,816376;2703;2991
3111;41;78;42;79;0,75244508;-39,148847;0,75244508;39,148847;2704;3427
3189;43;51;44;52;0,75186789;-132,69145;0,75186789;132,69145;2705;1770
928;10;34;11;35;0,75162606;117,95423;0,75162606;117,95423;2706;1891
3861;58;63;59;64;0,75059396;-220,85004;0,75059396;220,85004;2707;1282
4202;68;89;69;90;0,74982529;-71,565417;0,74982529;71,565417;2708;2540
3475;48;92;49;93;0,74957103;-122,40676;0,74957103;122,40676;2709;1850
4210;69;71;70;72;0,74918879;250,79703;0,74918879;250,79703;2710;1165
314;3;36;4;37;0,74892018;447,24024;0,74892018;447,24024;2711;648
482;5;23;6;24;0,74881894;90,282952;0,74881894;90,282952;2712;2228
2465;30;81;31;82;0,74837686;74,874246;0,74837686;74,874246;2713;2486
3852;57;91;58;92;0,7478818;-53,256382;0,7478818;53,256382;2714;3035
322;3;44;4;45;0,74676658;-139,38833;0,74676658;139,38833;2715;1715
2266;27;80;28;81;0,74571868;-178,52362;0,74571868;178,52362;2716;1465
384;4;15;5;16;0,74570878;3,6764286;0,74570878;3,6764286;2717;4432
1034;11;56;12;57;0,7449395;-53,527093;0,7449395;53,527093;2718;3024
1121;12;60;13;61;0,74476392;343,2056;0,74476392;343,2056;2719;868
876;9;67;10;68;0,74445459;1131,569;0,74445459;1131,569;2720;43
300;3;22;4;23;0,74402161;-144,41247;0,74402161;144,41247;2721;1675
275;2;89;3;90;0,74299948;10,568757;0,74299948;10,568757;2722;4234
3850;57;89;58;90;0,7429194;43,390487;0,7429194;43,390487;2723;3292
1352;15;48;16;49;0,74247994;305,80629;0,74247994;305,80629;2724;983
4274;71;86;72;87;0,74184834;-28,361758;0,74184834;28,361758;2725;3729
4558;93;95;94;96;0,74170563;12,946027;0,74170563;12,946027;2726;4161
3162;42;76;43;77;0,74154362;40,640469;0,74154362;40,640469;2727;3379
2763;35;69;36;70;0,74134848;-98,50866;0,74134848;98,50866;2728;2104
3892;58;94;59;95;0,74122545;-345,85699;0,74122545;345,85699;2729;859
2666;33;93;34;94;0,74103417;-1059,0618;0,74103417;1059,0618;2730;60
4204;68;91;69;92;0,74097591;670,38381;0,74097591;670,38381;2731;278
1060;11;82;12;83;0,74096842;816,63615;0,74096842;816,63615;2732;166
1843;21;80;22;81;0,74067578;35,694862;0,74067578;35,694862;2733;3525
1077;12;16;13;17;0,74012524;424,41392;0,74012524;424,41392;2734;684
2369;29;50;30;51;0,7393582;85,263337;0,7393582;85,263337;2735;2304
4419;78;91;79;92;0,73899857;-126,14523;0,73899857;126,14523;2736;1814
461;4;92;5;93;0,7386177;-18,023856;0,7386177;18,023856;2737;4023
1945;23;37;24;38;0,73805184;27,682133;0,73805184;27,682133;2738;3758
1185;13;42;14;43;0,73737789;-116,34778;0,73737789;116,34778;2739;1911
2311;28;58;29;59;0,7364927;-53,563052;0,7364927;53,563052;2740;3022
1107;12;46;13;47;0,73575772;418,72407;0,73575772;418,72407;2741;698
896;9;87;10;88;0,73543936;836,49148;0,73543936;836,49148;2742;155
3134;42;48;43;49;0,73542211;-268,33157;0,73542211;268,33157;2743;1104
1380;15;76;16;77;0,73448578;-23,570077;0,73448578;23,570077;2744;3872
3090;41;57;42;58;0,73443529;158,96251;0,73443529;158,96251;2745;1580
2780;35;86;36;87;0,73400803;-196,72741;0,73400803;196,72741;2746;1382
1541;17;80;18;81;0,73296386;55,138139;0,73296386;55,138139;2747;2984
3761;55;77;56;78;0,73087552;49,832719;0,73087552;49,832719;2748;3122
2134;25;85;26;86;0,73066195;-773,24011;0,73066195;773,24011;2749;190
3211;43;73;44;74;0,73037404;-14,554915;0,73037404;14,554915;2750;4116
1158;13;15;14;16;0,73032006;-90,0722;0,73032006;90,0722;2751;2230
232;2;46;3;47;0,7295953;612,5586;0,7295953;612,5586;2752;355
282;3;4;4;5;0,72948578;336,85025;0,72948578;336,85025;2753;886
1565;18;27;19;28;0,72866178;171,83522;0,72866178;171,83522;2754;1504
906;10;12;11;13;0,72830251;27,597692;0,72830251;27,597692;2755;3760
559;6;11;7;12;0,72779655;719,07825;0,72779655;719,07825;2756;220
3101;41;68;42;69;0,7275294;-23,90916;0,7275294;23,90916;2757;3862
4385;76;92;77;93;0,7273947;-21,693955;0,7273947;21,693955;2758;3932
2525;31;77;32;78;0,72692946;45,666064;0,72692946;45,666064;2759;3233
1986;23;78;24;79;0,72638652;-68,437016;0,72638652;68,437016;2760;2621
2902;37;91;38;92;0,72543979;-29,404535;0,72543979;29,404535;2761;3703
202;2;16;3;17;0,72522778;-51,449539;0,72522778;51,449539;2762;3081
2675;34;41;35;42;0,72492742;169,12214;0,72492742;169,12214;2763;1521
578;6;30;7;31;0,72431075;-388,25861;0,72431075;388,25861;2764;756
1779;20;90;21;91;0,72358488;-150,39167;0,72358488;150,39167;2765;1637
1235;13;92;14;93;0,72322898;-33,46811;0,72322898;33,46811;2766;3591
3153;42;67;43;68;0,72312512;78,669404;0,72312512;78,669404;2767;2407
1150;12;89;13;90;0,72235354;134,91827;0,72235354;134,91827;2768;1744
1131;12;70;13;71;0,72231326;-31,085135;0,72231326;31,085135;2769;3662
759;8;36;9;37;0,72114892;479,58747;0,72114892;479,58747;2770;581
246;2;60;3;61;0,7205891;-293,26897;0,7205891;293,26897;2771;1017
3202;43;64;44;65;0,72039371;20,350142;0,72039371;20,350142;2772;3967
767;8;44;9;45;0,71899532;203,74021;0,71899532;203,74021;2773;1347
2022;24;43;25;44;0,71838495;16,900954;0,71838495;16,900954;2774;4055
354;3;76;4;77;0,71826278;819,43938;0,71826278;819,43938;2775;165
1829;21;66;22;67;0,71810289;9,5862142;0,71810289;9,5862142;2776;4264
3888;58;90;59;91;0,71780514;-24,934686;0,71780514;24,934686;2777;3830
1623;18;85;19;86;0,71634169;-71,137232;0,71634169;71,137232;2778;2552
745;8;22;9;23;0,71625034;100,61404;0,71625034;100,61404;2779;2077
2078;25;29;26;30;0,71623023;-79,12082;0,71623023;79,12082;2780;2399
3416;47;80;48;81;0,7161656;-79,084998;0,7161656;79,084998;2781;2400
1371;15;67;16;68;0,71606729;20,603534;0,71606729;20,603534;2782;3953
1479;17;18;18;19;0,71590696;23,145095;0,71590696;23,145095;2783;3879
2076;25;27;26;28;0,71434151;-6,2241061;0,71434151;6,2241061;2784;4372
1754;20;65;21;66;0,71430079;-17,909023;0,71430079;17,909023;2785;4026
2155;26;37;27;38;0,7142572;-1,3271178;0,7142572;1,3271178;2786;4522
3173;42;87;43;88;0,71410989;74,714546;0,71410989;74,714546;2787;2487
291;3;13;4;14;0,71409706;32,851221;0,71409706;32,851221;2788;3614
857;9;48;10;49;0,71409264;-56,467065;0,71409264;56,467065;2789;2949
673;7;37;8;38;0,71381762;-239,95194;0,71381762;239,95194;2790;1201
3620;52;59;53;60;0,71366557;-522,86159;0,71366557;522,86159;2791;495
2852;37;41;38;42;0,71199328;62,601101;0,71199328;62,601101;2792;2772
2725;34;91;35;92;0,71148091;291,80733;0,71148091;291,80733;2793;1028
1304;14;80;15;81;0,71133751;64,794396;0,71133751;64,794396;2794;2713
2466;30;82;31;83;0,71113889;-467,19496;0,71113889;467,19496;2795;607
2734;35;40;36;41;0,71014192;-19,340891;0,71014192;19,340891;2796;3992
2035;24;56;25;57;0,70982026;-67,700635;0,70982026;67,700635;2797;2637
4178;67;92;68;93;0,70897621;104,33498;0,70897621;104,33498;2798;2032
2657;33;84;34;85;0,70831097;-309,09314;0,70831097;309,09314;2799;971
1027;11;49;12;50;0,70792917;-227,64868;0,70792917;227,64868;2800;1252
3787;56;64;57;65;0,70781149;-97,372122;0,70781149;97,372122;2801;2116
951;10;57;11;58;0,70773665;9,6069431;0,70773665;9,6069431;2802;4263
4504;84;95;85;96;0,70763952;18,46345;0,70763952;18,46345;2803;4010
3300;45;61;46;62;0,70736705;-312,47966;0,70736705;312,47966;2804;958
599;6;51;7;52;0,70733704;51,536344;0,70733704;51,536344;2805;3078
1391;15;87;16;88;0,70705205;-9,1198436;0,70705205;9,1198436;2806;4281
1717;20;28;21;29;0,70489732;-3,7598249;0,70489732;3,7598249;2807;4428
1673;19;59;20;60;0,7030555;-312,37783;0,7030555;312,37783;2808;960
3050;40;71;41;72;0,70230161;-303,76094;0,70230161;303,76094;2809;989
1567;18;29;19;30;0,70190997;68,101135;0,70190997;68,101135;2810;2628
3831;57;70;58;71;0,70174739;-43,204353;0,70174739;43,204353;2811;3303
377;4;8;5;9;0,70171452;127,08973;0,70171452;127,08973;2812;1805
4002;62;66;63;67;0,70159578;8,5955339;0,70159578;8,5955339;2813;4292
1486;17;25;18;26;0,70158669;-99,250402;0,70158669;99,250402;2814;2095
1650;19;36;20;37;0,70151334;11,822286;0,70151334;11,822286;2815;4192
962;10;68;11;69;0,70083076;1,6313558;0,70083076;1,6313558;2816;4511
4022;62;86;63;87;0,70043306;244,59094;0,70043306;244,59094;2817;1185
2948;38;80;39;81;0,70021663;55,282815;0,70021663;55,282815;2818;2977
1783;20;94;21;95;0,70016458;197,99931;0,70016458;197,99931;2819;1377
4528;87;92;88;93;0,69996097;149,5248;0,69996097;149,5248;2820;1646
345;3;67;4;68;0,69984429;145,26577;0,69984429;145,26577;2821;1666
1658;19;44;20;45;0,69935975;-170,31537;0,69935975;170,31537;2822;1516
4444;80;85;81;86;0,69928478;-40,1766;0,69928478;40,1766;2823;3389
1585;18;47;19;48;0,6991087;-89,968075;0,6991087;89,968075;2824;2233
1942;23;34;24;35;0,69886886;116,6534;0,69886886;116,6534;2825;1905
2186;26;68;27;69;0,69872108;-59,978577;0,69872108;59,978577;2826;2846
2775;35;81;36;82;0,69860698;-60,435765;0,69860698;60,435765;2827;2831
704;7;68;8;69;0,6982815;-142,07693;0,6982815;142,07693;2828;1691
1636;19;22;20;23;0,69661477;32,112751;0,69661477;32,112751;2829;3632
2890;37;79;38;80;0,69654279;104,85227;0,69654279;104,85227;2830;2026
4503;84;94;85;95;0,69527211;13,929889;0,69527211;13,929889;2831;4135
4183;68;70;69;71;0,69484151;-132,95542;0,69484151;132,95542;2832;1768
1149;12;88;13;89;0,69466453;21,853586;0,69466453;21,853586;2833;3925
1242;14;18;15;19;0,69428061;27,441401;0,69428061;27,441401;2834;3766
3600;51;82;52;83;0,69416517;-36,366417;0,69416517;36,366417;2835;3506
4005;62;69;63;70;0,69309261;-31,067747;0,69309261;31,067747;2836;3663
2175;26;57;27;58;0,6918152;195,94171;0,6918152;195,94171;2837;1388
2453;30;69;31;70;0,69157859;47,913614;0,69157859;47,913614;2838;3175
693;7;57;8;58;0,69137561;-45,599012;0,69137561;45,599012;2839;3235
2236;27;50;28;51;0,69121354;34,774849;0,69121354;34,774849;2840;3544
2805;36;52;37;53;0,69090328;39,072269;0,69090328;39,072269;2841;3429
365;3;87;4;88;0,69082906;102,84099;0,69082906;102,84099;2842;2047
4269;71;81;72;82;0,69076667;9,12339;0,69076667;9,12339;2843;4280
2337;28;84;29;85;0,69053936;40,945051;0,69053936;40,945051;2844;3372
799;8;76;9;77;0,69049152;-1,7516873;0,69049152;1,7516873;2845;4507
498;5;39;6;40;0,69033387;114,47979;0,69033387;114,47979;2846;1932
156;1;63;2;64;0,68992884;53,298183;0,68992884;53,298183;2847;3032
3241;44;52;45;53;0,68874968;-255,78876;0,68874968;255,78876;2848;1146
3757;55;73;56;74;0,68809628;-499,21576;0,68809628;499,21576;2849;536
1784;20;95;21;96;0,68779716;85,082633;0,68779716;85,082633;2850;2308
241;2;55;3;56;0,68756268;-196,01558;0,68756268;196,01558;2851;1386
4292;72;81;73;82;0,68729071;1241,5239;0,68729071;1241,5239;2852;30
2908;38;40;39;41;0,68718349;68,118455;0,68718349;68,118455;2853;2627
1722;20;33;21;34;0,68712571;-394,18224;0,68712571;394,18224;2854;746
63;0;64;1;65;0,68704489;124,67886;0,68704489;124,67886;2855;1828
736;8;13;9;14;0,6863258;166,35244;0,6863258;166,35244;2856;1538
1888;22;52;23;53;0,6860047;40,889339;0,6860047;40,889339;2857;3374
621;6;73;7;74;0,68584319;48,528207;0,68584319;48,528207;2858;3159
931;10;37;11;38;0,68529464;-455,12548;0,68529464;455,12548;2859;632
4268;71;80;72;81;0,68509851;-429,81763;0,68509851;429,81763;2860;677
23;0;24;1;25;0,68503612;-9,8130352;0,68503612;9,8130352;2861;4256
2399;29;80;30;81;0,68485306;83,727275;0,68485306;83,727275;2862;2332
2096;25;47;26;48;0,68478843;56,85463;0,68478843;56,85463;2863;2937
2470;30;86;31;87;0,68423814;-367,23781;0,68423814;367,23781;2864;812
1849;21;86;22;87;0,68392595;-438,43799;0,68392595;438,43799;2865;660
782;8;59;9;60;0,68341993;96,426446;0,68341993;96,426446;2866;2133
1021;11;43;12;44;0,6832657;92,149823;0,6832657;92,149823;2867;2201
1576;18;38;19;39;0,68315973;46,608057;0,68315973;46,608057;2868;3210
388;4;19;5;20;0,68207895;-46,357166;0,68207895;46,357166;2869;3219
4192;68;79;69;80;0,68100667;-65,509842;0,68100667;65,509842;2870;2702
1249;14;25;15;26;0,67996034;-169,98769;0,67996034;169,98769;2871;1518
2563;32;52;33;53;0,6793382;604,74494;0,6793382;604,74494;2872;367
2881;37;70;38;71;0,67930539;-627,05724;0,67930539;627,05724;2873;335
3433;48;50;49;51;0,67886836;451,07011;0,67886836;451,07011;2874;638
1511;17;50;18;51;0,67845872;-56,193851;0,67845872;56,193851;2875;2961
2774;35;80;36;81;0,6772582;-23,710092;0,6772582;23,710092;2876;3868
1832;21;69;22;70;0,6765855;36,951869;0,6765855;36,951869;2877;3487
1264;14;40;15;41;0,67606261;61,047856;0,67606261;61,047856;2878;2822
3051;40;72;41;73;0,67575577;319,11755;0,67575577;319,11755;2879;933
2949;38;81;39;82;0,67564855;63,437924;0,67564855;63,437924;2880;2747
3587;51;69;52;70;0,67460488;-138,28747;0,67460488;138,28747;2881;1722
3840;57;79;58;80;0,67410079;341,80976;0,67410079;341,80976;2882;875
3849;57;88;58;89;0,67409867;-59,860541;0,67409867;59,860541;2883;2851
11;0;12;1;13;0,67402881;93,38826;0,67402881;93,38826;2884;2186
4018;62;82;63;83;0,67353231;-97,297977;0,67353231;97,297977;2885;2117
3728;54;84;55;85;0,67320692;673,66043;0,67320692;673,66043;2886;273
2028;24;49;25;50;0,67280992;-957,19031;0,67280992;957,19031;2887;88
4315;73;82;74;83;0,67267132;22,770121;0,67267132;22,770121;2888;3889
790;8;67;9;68;0,67207303;148,27725;0,67207303;148,27725;2889;1653
4499;84;90;85;91;0,6718518;101,13375;0,6718518;101,13375;2890;2067
2520;31;72;32;73;0,67176613;264,31989;0,67176613;264,31989;2891;1119
421;4;52;5;53;0,67146888;32,142799;0,67146888;32,142799;2892;3631
1087;12;26;13;27;0,67124933;437,05516;0,67124933;437,05516;2893;664
3026;40;47;41;48;0,67123452;-65,127844;0,67123452;65,127844;2894;2708
1690;19;76;20;77;0,67085595;33,6637;0,67085595;33,6637;2895;3586
648;7;12;8;13;0,67080975;-34,987897;0,67080975;34,987897;2896;3538
3493;49;64;50;65;0,67080116;-25,662655;0,67080116;25,662655;2897;3809
2087;25;38;26;39;0,66883946;-8,9483224;0,66883946;8,9483224;2898;4285
1646;19;32;20;33;0,66872813;-195,40558;0,66872813;195,40558;2899;1391
1609;18;71;19;72;0,66804161;-861,46575;0,66804161;861,46575;2900;143
3002;39;78;40;79;0,66790145;-246,96571;0,66790145;246,96571;2901;1179
3604;51;86;52;87;0,66726443;-22,625651;0,66726443;22,625651;2902;3897
4201;68;88;69;89;0,66719278;480,49725;0,66719278;480,49725;2903;577
1162;13;19;14;20;0,66669023;338,09557;0,66669023;338,09557;2904;883
3573;51;55;52;56;0,66660243;-435,62899;0,66660243;435,62899;2905;667
4087;64;88;65;89;0,66640917;973,05745;0,66640917;973,05745;2906;84
1305;14;81;15;82;0,66452767;1,6925663;0,66452767;1,6925663;2907;4509
2067;24;88;25;89;0,6644004;-26,079293;0,6644004;26,079293;2908;3803
810;8;87;9;88;0,6630578;-25,504;0,6630578;25,504;2909;3815
3386;47;50;48;51;0,66166046;62,942687;0,66166046;62,942687;2910;2756
4122;65;93;66;94;0,66039233;-79,745777;0,66039233;79,745777;2911;2384
610;6;62;7;63;0,66036045;-1,9577108;0,66036045;1,9577108;2912;4491
3637;52;76;53;77;0,66024588;10,575712;0,66024588;10,575712;2913;4233
1573;18;35;19;36;0,6602013;-154,14989;0,6602013;154,14989;2914;1614
3417;47;81;48;82;0,65969958;273,17083;0,65969958;273,17083;2915;1084
1845;21;82;22;83;0,6570252;576,37803;0,6570252;576,37803;2916;413
1274;14;50;15;51;0,65683237;-158,6244;0,65683237;158,6244;2917;1585
3444;48;61;49;62;0,65681992;-1078,0595;0,65681992;1078,0595;2918;54
3654;52;93;53;94;0,65636072;-163,65668;0,65636072;163,65668;2919;1550
1195;13;52;14;53;0,65608016;49,309661;0,65608016;49,309661;2920;3136
836;9;27;10;28;0,65598925;128,96717;0,65598925;128,96717;2921;1790
2097;25;48;26;49;0,65574038;-378,1348;0,65574038;378,1348;2922;776
337;3;59;4;60;0,65564867;52,772416;0,65564867;52,772416;2923;3047
3942;60;73;61;74;0,65506986;-726,76435;0,65506986;726,76435;2924;216
1501;17;40;18;41;0,65443626;60,03165;0,65443626;60,03165;2925;2843
2120;25;71;26;72;0,65372134;-72,12339;0,65372134;72,12339;2926;2530
3014;39;90;40;91;0,65370733;292,52382;0,65370733;292,52382;2927;1024
1140;12;79;13;80;0,65353492;879,32016;0,65353492;879,32016;2928;125
56;0;57;1;58;0,65346295;104,80608;0,65346295;104,80608;2929;2028
4212;69;73;70;74;0,65311103;-333,17758;0,65311103;333,17758;2930;894
1681;19;67;20;68;0,65243745;39,692635;0,65243745;39,692635;2931;3402
2899;37;88;38;89;0,65165666;-24,726299;0,65165666;24,726299;2932;3837
1456;16;73;17;74;0,65043118;-45,278224;0,65043118;45,278224;2933;3245
10;0;11;1;12;0,64991688;232,64186;0,64991688;232,64186;2934;1229
2439;30;55;31;56;0,64962872;65,957573;0,64962872;65,957573;2935;2676
755;8;32;9;33;0,64909256;118,31766;0,64909256;118,31766;2936;1885
67;0;68;1;69;0,64655706;83,154552;0,64655706;83,154552;2937;2340
3926;59;92;60;93;0,64651675;-664,6822;0,64651675;664,6822;2938;285
3361;46;73;47;74;0,64606366;-462,66718;0,64606366;462,66718;2939;613
2084;25;35;26;36;0,64588104;-118,40801;0,64588104;118,40801;2940;1884
4319;73;86;74;87;0,64577058;-56,787715;0,64577058;56,787715;2941;2939
1707;19;93;20;94;0,64575065;-863,88127;0,64575065;863,88127;2942;140
2918;38;50;39;51;0,64571149;-109,87557;0,64571149;109,87557;2943;1975
569;6;21;7;22;0,64385334;363,60492;0,64385334;363,60492;2944;821
1701;19;87;20;88;0,64342222;71,911387;0,64342222;71,911387;2945;2534
826;9;17;10;18;0,64323443;-22,291227;0,64323443;22,291227;2946;3908
1542;17;81;18;82;0,64290132;77,888157;0,64290132;77,888157;2947;2425
4505;85;86;86;87;0,64253496;-218,47381;0,64253496;218,47381;2948;1292
3628;52;67;53;68;0,64182739;-28,395352;0,64182739;28,395352;2949;3728
2226;27;40;28;41;0,64168144;-544,18453;0,64168144;544,18453;2950;459
1586;18;48;19;49;0,64142012;7,1914872;0,64142012;7,1914872;2951;4334
1104;12;43;13;44;0,64067998;-557,10927;0,64067998;557,10927;2952;441
2673;34;39;35;40;0,64038379;68,167212;0,64038379;68,167212;2953;2626
1363;15;59;16;60;0,63942567;-338,17646;0,63942567;338,17646;2954;881
4069;64;70;65;71;0,63876044;-98,026014;0,63876044;98,026014;2955;2109
239;2;53;3;54;0,63777399;10,829448;0,63777399;10,829448;2956;4226
2576;32;65;33;66;0,63741485;69,003058;0,63741485;69,003058;2957;2607
2049;24;70;25;71;0,63675167;-876,77019;0,63675167;876,77019;2958;127
130;1;37;2;38;0,63564069;59,334912;0,63564069;59,334912;2959;2866
4224;69;85;70;86;0,63519451;-1,5122063;0,63519451;1,5122063;2960;4515
2292;28;39;29;40;0,63501978;-85,306114;0,63501978;85,306114;2961;2303
2228;27;42;28;43;0,63465978;32,9518;0,63465978;32,9518;2962;3608
1044;11;66;12;67;0,63415968;146,39758;0,63415968;146,39758;2963;1661
3578;51;60;52;61;0,63357601;-81,646243;0,63357601;81,646243;2964;2359
3648;52;87;53;88;0,63281215;24,591919;0,63281215;24,591919;2965;3840
958;10;64;11;65;0,63277118;-62,278361;0,63277118;62,278361;2966;2787
4322;73;89;74;90;0,63265948;45,839537;0,63265948;45,839537;2967;3227
3145;42;59;43;60;0,63236784;-430,21688;0,63236784;430,21688;2968;675
4392;77;81;78;82;0,63212737;332,60938;0,63212737;332,60938;2969;897
36;0;37;1;38;0,63102094;3,8744519;0,63102094;3,8744519;2970;4425
918;10;24;11;25;0,63076242;-296,80831;0,63076242;296,80831;2971;1008
3545;50;71;51;72;0,63059337;-42,436948;0,63059337;42,436948;2972;3329
3018;39;94;40;95;0,63028703;49,768416;0,63028703;49,768416;2973;3125
2267;27;81;28;82;0,6301465;846,54357;0,6301465;846,54357;2974;148
1066;11;88;12;89;0,62928115;91,648744;0,62928115;91,648744;2975;2215
4047;63;79;64;80;0,62902674;750,09682;0,62902674;750,09682;2976;200
1434;16;51;17;52;0,62893733;40,677817;0,62893733;40,677817;2977;3378
2405;29;86;30;87;0,62810324;84,205535;0,62810324;84,205535;2978;2321
1331;15;27;16;28;0,62760195;-39,895318;0,62760195;39,895318;2979;3400
2464;30;80;31;81;0,62748832;63,610352;0,62748832;63,610352;2980;2739
3702;54;58;55;59;0,62725358;-59,007581;0,62725358;59,007581;2981;2878
856;9;47;10;48;0,62643618;449,11762;0,62643618;449,11762;2982;645
816;8;93;9;94;0,62611508;57,912569;0,62611508;57,912569;2983;2905
4133;66;75;67;76;0,62574106;21,134799;0,62574106;21,134799;2984;3944
3339;46;51;47;52;0,62456981;-20,205329;0,62456981;20,205329;2985;3970
3463;48;80;49;81;0,62436322;-19,410377;0,62436322;19,410377;2986;3990
2744;35;50;36;51;0,62275306;-155,80838;0,62275306;155,80838;2987;1604
1503;17;42;18;43;0,62190496;-674,50045;0,62190496;674,50045;2988;269
823;9;14;10;15;0,62160809;-14,875703;0,62160809;14,875703;2989;4110
310;3;32;4;33;0,6213213;109,78633;0,6213213;109,78633;2990;1977
2388;29;69;30;70;0,62076279;19,665995;0,62076279;19,665995;2991;3982
3056;40;77;41;78;0,62059243;152,13828;0,62059243;152,13828;2992;1630
2278;27;92;28;93;0,62051087;-25,212491;0,62051087;25,212491;2993;3825
479;5;20;6;21;0,62045632;179,57585;0,62045632;179,57585;2994;1458
3195;43;57;44;58;0,62011412;-322,79794;0,62011412;322,79794;2995;927
161;1;68;2;69;0,62010457;-71,432288;0,62010457;71,432288;2996;2545
3019;39;95;40;96;0,61791962;-1,6048536;0,61791962;1,6048536;2997;4513
2612;33;39;34;40;0,61724816;-417,91257;0,61724816;417,91257;2998;699
2444;30;60;31;61;0,61660229;45,398555;0,61660229;45,398555;2999;3239
3200;43;62;44;63;0,6158296;-40,59783;0,6158296;40,59783;3000;3382
4471;82;85;83;86;0,61563421;49,433539;0,61563421;49,433539;3001;3133
1321;15;17;16;18;0,61484713;-287,47854;0,61484713;287,47854;3002;1039
3206;43;68;44;69;0,61320823;35,250608;0,61320823;35,250608;3003;3533
150;1;57;2;58;0,61319869;316,07136;0,61319869;316,07136;3004;941
2603;32;92;33;93;0,61218938;329,09445;0,61218938;329,09445;3005;906
1413;16;30;17;31;0,61196361;52,237673;0,61196361;52,237673;3006;3061
699;7;63;8;64;0,61175191;-12,081657;0,61175191;12,081657;3007;4184
305;3;27;4;28;0,61137895;916,06788;0,61137895;916,06788;3008;104
2181;26;63;27;64;0,61131233;190,27154;0,61131233;190,27154;3009;1409
3607;51;89;52;90;0,61116563;40,017808;0,61116563;40,017808;3010;3394
868;9;59;10;60;0,61103837;47,994646;0,61103837;47,994646;3011;3169
3598;51;80;52;81;0,6105146;-837,666;0,6105146;837,666;3012;154
847;9;38;10;39;0,6104872;35,200669;0,6104872;35,200669;3013;3534
1568;18;30;19;31;0,61043142;51,684429;0,61043142;51,684429;3014;3076
3718;54;74;55;75;0,60900034;39,949573;0,60900034;39,949573;3015;3397
1553;17;92;18;93;0,60775605;-514,00974;0,60775605;514,00974;3016;514
2430;30;46;31;47;0,60759609;73,110386;0,60759609;73,110386;3017;2515
2609;33;36;34;37;0,60622983;122,26897;0,60622983;122,26897;3018;1851
3097;41;64;42;65;0,60607255;2,6533354;0,60607255;2,6533354;3019;4469
2848;36;95;37;96;0,60555837;-65,905614;0,60555837;65,905614;3020;2679
3133;42;47;43;48;0,60510671;26,081451;0,60510671;26,081451;3021;3802
1336;15;32;16;33;0,6050983;-51,818809;0,6050983;51,818809;3022;3072
2617;33;44;34;45;0,60407623;-106,51102;0,60407623;106,51102;3023;2010
2020;24;41;25;42;0,60406378;42,029354;0,60406378;42,029354;3024;3344
3284;44;95;45;96;0,60340478;-107,61404;0,60340478;107,61404;3025;1996
3899;59;65;60;66;0,60308748;-637,54907;0,60308748;637,54907;3026;311
633;6;85;7;86;0,60246235;-499,79565;0,60246235;499,79565;3027;535
1741;20;52;21;53;0,60245226;264,30396;0,60245226;264,30396;3028;1120
1048;11;70;12;71;0,60163243;305,05856;0,60163243;305,05856;3029;985
1869;22;33;23;34;0,60133125;58,527024;0,60133125;58,527024;3030;2889
2401;29;82;30;83;0,60120249;595,61995;0,60120249;595,61995;3031;383
1931;22;95;23;96;0,6006598;-62,135844;0,6006598;62,135844;3032;2790
1266;14;42;15;43;0,60027862;-668,36969;0,60027862;668,36969;3033;281
2749;35;55;36;56;0,59985883;-29,733254;0,59985883;29,733254;3034;3696
1806;21;43;22;44;0,59932249;34,718092;0,59932249;34,718092;3035;3545
2045;24;66;25;67;0,59904043;4,3639844;0,59904043;4,3639844;3036;4410
295;3;17;4;18;0,59862413;61,660153;0,59862413;61,660153;3037;2804
371;3;93;4;94;0,59834382;93,455312;0,59834382;93,455312;3038;2184
1351;15;47;16;48;0,59804887;-78,653404;0,59804887;78,653404;3039;2408
2553;32;42;33;43;0,59804047;-479,63358;0,59804047;479,63358;3040;580
1767;20;78;21;79;0,59802391;-62,411284;0,59802391;62,411284;3041;2781
2854;37;43;38;44;0,59767211;5,9738485;0,59767211;5,9738485;3042;4376
4065;64;66;65;67;0,59703166;1539,8491;0,59703166;1539,8491;3043;5
2380;29;61;30;62;0,59633007;113,81901;0,59633007;113,81901;3044;1939
560;6;12;7;13;0,59614913;3,8997719;0,59614913;3,8997719;3045;4424
2079;25;30;26;31;0,59611115;-1082,3026;0,59611115;1082,3026;3046;53
905;10;11;11;12;0,59564317;407,50302;0,59564317;407,50302;3047;723
880;9;71;10;72;0,59536908;-179,63699;0,59536908;179,63699;3048;1455
1998;23;90;24;91;0,59522227;7,4715186;0,59522227;7,4715186;3049;4326
3680;53;77;54;78;0,59446115;376,60708;0,59446115;376,60708;3050;779
2473;30;89;31;90;0,59419192;-718,53753;0,59419192;718,53753;3051;221
1589;18;51;19;52;0,5934577;-398,84767;0,5934577;398,84767;3052;736
1239;14;15;15;16;0,59322078;-269,92182;0,59322078;269,92182;3053;1098
2847;36;94;37;95;0,59319096;102,56083;0,59319096;102,56083;3054;2051
105;1;12;2;13;0,59263282;553,63963;0,59263282;553,63963;3055;447
4090;64;91;65;92;0,59262604;861,86993;0,59262604;861,86993;3056;142
3755;55;71;56;72;0,59201852;-477,34312;0,59201852;477,34312;3057;586
1634;19;20;20;21;0,59184219;-242,46686;0,59184219;242,46686;3058;1190
3283;44;94;45;95;0,59103736;-88,453154;0,59103736;88,453154;3059;2259
3428;47;92;48;93;0,59095779;74,123184;0,59095779;74,123184;3060;2504
2070;24;91;25;92;0,59061727;-108,9728;0,59061727;108,9728;3061;1984
4554;92;93;93;94;0,5892119;-417,30716;0,5892119;417,30716;3062;700
2910;38;42;39;43;0,58915773;-596,51318;0,58915773;596,51318;3063;380
4313;73;80;74;81;0,58902075;164,51693;0,58902075;164,51693;3064;1548
2690;34;56;35;57;0,58895662;64,529457;0,58895662;64,529457;3065;2717
267;2;81;3;82;0,58881453;-333,15094;0,58881453;333,15094;3066;895
2289;28;36;29;37;0,58845821;-30,373235;0,58845821;30,373235;3067;3683
1930;22;94;23;95;0,58829239;-49,678655;0,58829239;49,678655;3068;3128
577;6;29;7;30;0,58803063;1125,7461;0,58803063;1125,7461;3069;46
844;9;35;10;36;0,58752878;-66,804966;0,58752878;66,804966;3070;2658
402;4;33;5;34;0,58679543;59,424013;0,58679543;59,424013;3071;2863
2297;28;44;29;45;0,58630462;834,33289;0,58630462;834,33289;3072;157
1316;14;92;15;93;0,5861297;174,14885;0,5861297;174,14885;3073;1483
464;4;95;5;96;0,58612397;17,357235;0,58612397;17,357235;3074;4045
750;8;27;9;28;0,58360769;-16,266746;0,58360769;16,266746;3075;4068
1864;22;28;23;29;0,58355964;49,78876;0,58355964;49,78876;3076;3124
1143;12;82;13;83;0,58297727;-18,974055;0,58297727;18,974055;3077;4000
4545;90;91;91;92;0,58261022;64,902205;0,58261022;64,902205;3078;2712
61;0;62;1;63;0,58248077;982,31439;0,58248077;982,31439;3079;79
1397;15;93;16;94;0,58212082;-501,7158;0,58212082;501,7158;3080;532
1342;15;38;16;39;0,5820999;-229,13132;0,5820999;229,13132;3081;1242
3988;61;85;62;86;0,58189835;-115,86854;0,58189835;115,86854;3082;1916
325;3;47;4;48;0,58182588;457,80163;0,58182588;457,80163;3083;623
2191;26;73;27;74;0,58155528;-524,44029;0,58155528;524,44029;3084;492
709;7;73;8;74;0,58111569;-11,043471;0,58111569;11,043471;3085;4215
1972;23;64;24;65;0,58001399;-158,29109;0,58001399;158,29109;3086;1587
2100;25;51;26;52;0,57913743;-52,795853;0,57913743;52,795853;3087;3046
1932;23;24;24;25;0,57800522;-35,840994;0,57800522;35,840994;3088;3519
226;2;40;3;41;0,57727959;-162,49127;0,57727959;162,49127;3089;1556
292;3;14;4;15;0,57699779;84,943731;0,57699779;84,943731;3090;2312
2923;38;55;39;56;0,5769004;63,407806;0,5769004;63,407806;3091;2748
841;9;32;10;33;0,576711;45,822218;0,576711;45,822218;3092;3228
1936;23;28;24;29;0,57653471;40,274884;0,57653471;40,274884;3093;3386
3533;50;59;51;60;0,57581408;-120,71816;0,57581408;120,71816;3094;1866
605;6;57;7;58;0,57558327;16,966893;0,57558327;16,966893;3095;4054
2649;33;76;34;77;0,57557243;47,376576;0,57557243;47,376576;3096;3191
3179;42;93;43;94;0,57506299;-965,18683;0,57506299;965,18683;3097;86
2960;38;92;39;93;0,57500882;-257,25743;0,57500882;257,25743;3098;1143
2869;37;58;38;59;0,57497557;-40,244904;0,57497557;40,244904;3099;3387
4388;76;95;77;96;0,57490098;-42,199556;0,57490098;42,199556;3100;3336
3157;42;71;43;72;0,57403961;22,177508;0,57403961;22,177508;3101;3913
463;4;94;5;95;0,57375656;823,63386;0,57375656;823,63386;3102;161
2434;30;50;31;51;0,57298318;-46,85129;0,57298318;46,85129;3103;3205
743;8;20;9;21;0,57220662;0,22508214;0,57220662;0,22508214;3104;4557
1611;18;73;19;74;0,57196385;35,813241;0,57196385;35,813241;3105;3521
2002;23;94;24;95;0,57180196;-124,7736;0,57180196;124,7736;3106;1827
1176;13;33;14;34;0,57140671;-202,33505;0,57140671;202,33505;3107;1354
740;8;17;9;18;0,57085287;100,26904;0,57085287;100,26904;3108;2084
1238;13;95;14;96;0,57073525;38,146346;0,57073525;38,146346;3109;3456
1723;20;34;21;35;0,57050625;34,874383;0,57050625;34,874383;3110;3542
2843;36;90;37;91;0,56977066;98,936845;0,56977066;98,936845;3111;2100
3123;41;90;42;91;0,56916371;76,846493;0,56916371;76,846493;3112;2440
397;4;28;5;29;0,56902381;-48,54921;0,56902381;48,54921;3113;3157
1019;11;41;12;42;0,56894454;118,93796;0,56894454;118,93796;3114;1880
616;6;68;7;69;0,56867738;-140,38485;0,56867738;140,38485;3115;1703
3279;44;90;45;91;0,56761706;-95,837379;0,56761706;95,837379;3116;2149
3469;48;86;49;87;0,56761339;-463,35696;0,56761339;463,35696;3117;612
1375;15;71;16;72;0,56698178;-61,975168;0,56698178;61,975168;3118;2793
2754;35;60;36;61;0,56683241;-119,58969;0,56683241;119,58969;3119;1876
147;1;54;2;55;0,56658846;12,756278;0,56658846;12,756278;3120;4166
552;5;93;6;94;0,56654786;178,95778;0,56654786;178,95778;3121;1461
2736;35;42;36;43;0,56619931;-37,270292;0,56619931;37,270292;3122;3482
20;0;21;1;22;0,56597366;244,32239;0,56597366;244,32239;3123;1188
316;3;38;4;39;0,5658769;68,09418;0,5658769;68,09418;3124;2629
1279;14;55;15;56;0,56577952;77,395078;0,56577952;77,395078;3125;2432
1926;22;90;23;91;0,56487208;-0,22062841;0,56487208;0,22062841;3126;4558
1641;19;27;20;28;0,56397212;-25,301592;0,56397212;25,301592;3127;3824
2344;28;91;29;92;0,56392266;1020,7669;0,56392266;1020,7669;3128;68
4312;73;79;74;80;0,56384086;-76,634696;0,56384086;76,634696;3129;2451
1130;12;69;13;70;0,56341697;-179,82104;0,56341697;179,82104;3130;1454
4387;76;94;77;95;0,56253356;213,73332;0,56253356;213,73332;3131;1314
3843;57;82;58;83;0,5624114;-25,369895;0,5624114;25,369895;3132;3820
3066;40;87;41;88;0,56223133;-152,32691;0,56223133;152,32691;3133;1627
1418;16;35;17;36;0,56219373;-121,0272;0,56219373;121,0272;3134;1864
4024;62;88;63;89;0,56184505;231,12332;0,56184505;231,12332;3135;1236
3801;56;78;57;79;0,56143896;-882,41135;0,56143896;882,41135;3136;124
3391;47;55;48;56;0,56095143;-373,76789;0,56095143;373,76789;3137;791
3452;48;69;49;70;0,56027294;-43,765667;0,56027294;43,765667;3138;3284
4057;63;89;64;90;0,56020812;22,788623;0,56020812;22,788623;3139;3888
2169;26;51;27;52;0,56006143;14,878067;0,56006143;14,878067;3140;4109
4280;71;92;72;93;0,5598907;25,958824;0,5598907;25,958824;3141;3804
687;7;51;8;52;0,55962184;-93,55387;0,55962184;93,55387;3142;2183
3866;58;68;59;69;0,55943945;-75,460041;0,55943945;75,460041;3143;2468
2003;23;95;24;96;0,55943455;-607,09884;0,55943455;607,09884;3144;364
4552;91;94;92;95;0,55918992;-34,308478;0,55918992;34,308478;3145;3563
1339;15;35;16;36;0,55914147;-82,154483;0,55914147;82,154483;3146;2352
3940;60;71;61;72;0,5589921;-374,38353;0,5589921;374,38353;3147;789
1941;23;33;24;34;0,55876309;38,125411;0,55876309;38,125411;3148;3457
1237;13;94;14;95;0,55836784;56,960006;0,55836784;56,960006;3149;2934
3223;43;85;44;86;0,55793149;-52,707797;0,55793149;52,707797;3150;3049
2740;35;46;36;47;0,55782621;-118,19962;0,55782621;118,19962;3151;1889
2329;28;76;29;77;0,55780082;81,657995;0,55780082;81,657995;3152;2356
2122;25;73;26;74;0,55764358;38,418239;0,55764358;38,418239;3153;3449
2640;33;67;34;68;0,55715394;87,492316;0,55715394;87,492316;3154;2275
4181;67;95;68;96;0,55648248;-49,344232;0,55648248;49,344232;3155;3134
1147;12;86;13;87;0,55607652;24,056063;0,55607652;24,056063;3156;3854
3525;50;51;51;52;0,55600946;49,836197;0,55600946;49,836197;3157;3121
4195;68;82;69;83;0,55550552;-32,159143;0,55550552;32,159143;3158;3629
1069;11;91;12;92;0,55549802;38,883703;0,55549802;38,883703;3159;3435
1454;16;71;17;72;0,55435342;-321,78285;0,55435342;321,78285;3160;929
770;8;47;9;48;0,55405461;39,296932;0,55405461;39,296932;3161;3417
902;9;93;10;94;0,55373352;-41,335187;0,55373352;41,335187;3162;3364
1171;13;28;14;29;0,55363509;70,116366;0,55363509;70,116366;3163;2582
2238;27;52;28;53;0,55336205;-28,508797;0,55336205;28,508797;3164;3723
3046;40;67;41;68;0,5532161;-61,28177;0,5532161;61,28177;3165;2813
585;6;37;7;38;0,55314126;-159,20881;0,55314126;159,20881;3166;1576
2108;25;59;26;60;0,55268611;-144,40551;0,55268611;144,40551;3167;1676
3819;57;58;58;59;0,55253356;-740,57919;0,55253356;740,57919;3168;205
2786;35;92;36;93;0,55205039;-32,101273;0,55205039;32,101273;3169;3633
3504;49;75;50;76;0,55197157;-204,41476;0,55197157;204,41476;3170;1344
2683;34;49;35;50;0,55194629;157,82688;0,55194629;157,82688;3171;1591
1480;17;19;18;20;0,5512173;-621,49009;0,5512173;621,49009;3172;346
349;3;71;4;72;0,55075878;-256,1428;0,55075878;256,1428;3173;1145
4460;81;87;82;88;0,55069639;-245,15323;0,55069639;245,15323;3174;1183
2294;28;41;29;42;0,55047615;19,392919;0,55047615;19,392919;3175;3991
459;4;90;5;91;0,55033626;52,106909;0,55033626;52,106909;3176;3065
3359;46;71;47;72;0,5499859;277,70209;0,5499859;277,70209;3177;1063
737;8;14;9;15;0,54922652;26,896363;0,54922652;26,896363;3178;3782
2660;33;87;34;88;0,54813871;61,537458;0,54813871;61,537458;3179;2806
4531;87;95;88;96;0,54746725;102,18933;0,54746725;102,18933;3180;2055
4553;91;95;92;96;0,5468225;-29,556166;0,5468225;29,556166;3181;3699
3351;46;63;47;64;0,54680395;106,86409;0,54680395;106,86409;3182;2007
2664;33;91;34;92;0,54615105;-71,6557;0,54615105;71,6557;3183;2537
3127;41;94;42;95;0,5457434;614,11303;0,5457434;614,11303;3184;354
1851;21;88;22;89;0,54533794;15,65104;0,54533794;15,65104;3185;4091
298;3;20;4;21;0,54443536;170,38937;0,54443536;170,38937;3186;1515
2783;35;89;36;90;0,54442203;-39,01565;0,54442203;39,01565;3187;3431
1516;17;55;18;56;0,54415318;69,349936;0,54415318;69,349936;3188;2599
4421;78;93;79;94;0,54411544;-753,475;0,54411544;753,475;3189;197
4180;67;94;68;95;0,54411507;-140,35348;0,54411507;140,35348;3190;1705
2928;38;60;39;61;0,54387398;-7,2657699;0,54387398;7,2657699;3191;4332
491;5;32;6;33;0,54357038;103,56542;0,54357038;103,56542;3192;2039
2362;29;43;30;44;0,54349977;118,83731;0,54349977;118,83731;3193;1881
2148;26;30;27;31;0,54308771;42,067541;0,54308771;42,067541;3194;3341
313;3;35;4;36;0,54291848;-122,49016;0,54291848;122,49016;3195;1846
1001;11;23;12;24;0,54288597;3,6208539;0,54288597;3,6208539;3196;4434
3830;57;69;58;70;0,54285111;-376,06295;0,54285111;376,06295;3197;782
666;7;30;8;31;0,54264813;-258,64061;0,54264813;258,64061;3198;1137
984;10;90;11;91;0,54246507;583,41163;0,54246507;583,41163;3199;403
1446;16;63;17;64;0,54243643;228,49496;0,54243643;228,49496;3200;1247
3597;51;79;52;80;0,54234702;526,81554;0,54234702;526,81554;3201;488
4167;67;81;68;82;0,54168116;542,41622;0,54168116;542,41622;3202;464
2561;32;50;33;51;0,54148671;-80,232038;0,54148671;80,232038;3203;2376
3465;48;82;49;83;0,54071264;-307,48084;0,54071264;307,48084;3204;975
1513;17;52;18;53;0,54060723;-390,8257;0,54060723;390,8257;3205;751
1824;21;61;22;62;0,54050736;-221,77012;0,54050736;221,77012;3206;1277
2893;37;82;38;83;0,5399694;-304,99124;0,5399694;304,99124;3207;986
2320;28;67;29;68;0,53938232;75,773736;0,53938232;75,773736;3208;2461
3675;53;72;54;73;0,53929781;624,069;0,53929781;624,069;3209;340
1421;16;38;17;39;0,5392353;58,730752;0,5392353;58,730752;3210;2885
4383;76;90;77;91;0,53911326;43,944913;0,53911326;43,944913;3211;3279
515;5;56;6;57;0,53900654;89,404535;0,53900654;89,404535;3212;2244
1183;13;40;14;41;0,53896333;157,81067;0,53896333;157,81067;3213;1592
1597;18;59;19;60;0,53836584;44,64972;0,53836584;44,64972;3214;3265
761;8;38;9;39;0,53810564;86,616263;0,53810564;86,616263;3215;2289
3932;60;63;61;64;0,53779774;-28,354596;0,53779774;28,354596;3216;3730
839;9;30;10;31;0,53775889;32,848788;0,53775889;32,848788;3217;3615
4277;71;89;72;90;0,53658172;75,40092;0,53658172;75,40092;3218;2470
4254;70;90;71;91;0,53647581;-369,53175;0,53647581;369,53175;3219;807
4182;68;69;69;70;0,53594522;-89,843152;0,53594522;89,843152;3220;2237
3847;57;86;58;87;0,53551066;-32,149961;0,53551066;32,149961;3221;3630
1781;20;92;21;93;0,53530344;24,433607;0,53530344;24,433607;3222;3843
4530;87;94;88;95;0,53509984;-415,29909;0,53509984;415,29909;3223;707
1233;13;90;14;91;0,53494754;-337,33387;0,53494754;337,33387;3224;884
2914;38;46;39;47;0,53486778;111,13821;0,53486778;111,13821;3225;1966
3055;40;76;41;77;0,53479761;-198,25284;0,53479761;198,25284;3226;1375
3547;50;73;51;74;0,53451561;43,581554;0,53451561;43,581554;3227;3288
1661;19;47;20;48;0,53441904;-11,882589;0,53441904;11,882589;3228;4190
4006;62;70;63;71;0,53419632;-171,894;0,53419632;171,894;3229;1503
3128;41;95;42;96;0,53337599;-1,0640628;0,53337599;1,0640628;3230;4531
1284;14;60;15;61;0,5327531;31,034014;0,5327531;31,034014;3231;3665
2614;33;41;34;42;0,53270453;64,366143;0,53270453;64,366143;3232;2724
2976;39;52;40;53;0,53257471;-362,36273;0,53257471;362,36273;3233;824
1119;12;58;13;59;0,5319677;-495,06413;0,5319677;495,06413;3234;547
2241;27;55;28;56;0,53139836;-343,41949;0,53139836;343,41949;3235;866
2340;28;87;29;88;0,53036709;3,9056825;0,53036709;3,9056825;3236;4423
3305;45;66;46;67;0,52977152;33,17069;0,52977152;33,17069;3237;3598
1243;14;19;15;20;0,52959095;-387,13243;0,52959095;387,13243;3238;759
2895;37;84;38;85;0,52902223;-275,68109;0,52902223;275,68109;3239;1074
4199;68;86;69;87;0,52860477;-161,47972;0,52860477;161,47972;3240;1563
1324;15;20;16;21;0,52821236;-153,55026;0,52821236;153,55026;3241;1617
956;10;62;11;63;0,52820707;-49,854699;0,52820707;49,854699;3242;3120
1240;14;16;15;17;0,52811442;62,696044;0,52811442;62,696044;3243;2769
3396;47;60;48;61;0,52792501;-302,2655;0,52792501;302,2655;3244;995
596;6;48;7;49;0,52754078;-275,79335;0,52754078;275,79335;3245;1072
1224;13;81;14;82;0,52742839;88,240106;0,52742839;88,240106;3246;2264
2463;30;79;31;80;0,5253733;60,758505;0,5253733;60,758505;3247;2825
84;0;85;1;86;0,52458267;796,98219;0,52458267;796,98219;3248;175
3507;49;78;50;79;0,52442863;-545,61974;0,52442863;545,61974;3249;456
3965;61;62;62;63;0,52400025;30,89184;0,52400025;30,89184;3250;3671
3388;47;52;48;53;0,52380897;-19,012241;0,52380897;19,012241;3251;3997
922;10;28;11;29;0,52377751;102,06886;0,52377751;102,06886;3252;2059
1270;14;46;15;47;0,5237469;130,27711;0,5237469;130,27711;3253;1782
409;4;40;5;41;0,52357461;-456,58844;0,52357461;456,58844;3254;626
1430;16;47;17;48;0,52328633;-4,0699048;0,52328633;4,0699048;3255;4418
4374;76;81;77;82;0,52326267;-127,32337;0,52326267;127,32337;3256;1804
794;8;71;9;72;0,52298752;38,901091;0,52298752;38,901091;3257;3433
1653;19;39;20;40;0,52196465;307,7658;0,52196465;307,7658;3258;974
2988;39;64;40;65;0,52152892;0,43346987;0,52152892;0,43346987;3259;4551
2957;38;89;39;90;0,52146361;-216,8812;0,52146361;216,8812;3260;1299
3914;59;80;60;81;0,52130894;69,150868;0,52130894;69,150868;3261;2605
1731;20;42;21;43;0,52115453;-299,09195;0,52115453;299,09195;3262;1002
2589;32;78;33;79;0,52113796;-326,56528;0,52113796;326,56528;3263;912
860;9;51;10;52;0,52078517;34,476453;0,52078517;34,476453;3264;3557
4176;67;90;68;91;0,52069477;97,147459;0,52069477;97,147459;3265;2124
2880;37;69;38;70;0,5204091;1,8696546;0,5204091;1,8696546;3266;4498
2018;24;39;25;40;0,51952015;-216,18105;0,51952015;216,18105;3267;1303
988;10;94;11;95;0,51904477;165,58955;0,51904477;165,58955;3268;1541
1276;14;52;15;53;0,51898088;480,94401;0,51898088;480,94401;3269;576
3335;46;47;47;48;0,51891881;582,84447;0,51891881;582,84447;3270;404
3567;50;93;51;94;0,51850923;-0,72393436;0,51850923;0,72393436;3271;4541
1652;19;38;20;39;0,51847007;-509,02713;0,51847007;509,02713;3272;520
2081;25;32;26;33;0,51835874;-2,5282066;0,51835874;2,5282066;3273;4474
2323;28;70;29;71;0,51778826;-62,765598;0,51778826;62,765598;3274;2765
1833;21;70;22;71;0,51768921;-598,50282;0,51768921;598,50282;3275;376
2727;34;93;35;94;0,51659778;66,909092;0,51659778;66,909092;3276;2655
2426;30;42;31;43;0,51642942;-527,12659;0,51642942;527,12659;3277;487
758;8;35;9;36;0,51514721;370,55157;0,51514721;370,55157;3278;802
3798;56;75;57;76;0,51496123;-905,43451;0,51496123;905,43451;3279;109
4197;68;84;69;85;0,51348611;-13,157961;0,51348611;13,157961;3280;4156
2897;37;86;38;87;0,51306865;-405,45886;0,51306865;405,45886;3281;726
4258;70;94;71;95;0,51305551;16,1035;0,51305551;16,1035;3282;4075
450;4;81;5;82;0,51203967;552,67086;0,51203967;552,67086;3283;448
915;10;21;11;22;0,51169996;75,440563;0,51169996;75,440563;3284;2469
4526;87;90;88;91;0,51167953;100,99005;0,51167953;100,99005;3285;2070
1521;17;60;18;61;0,51112675;-9,8155369;0,51112675;9,8155369;3286;4255
1313;14;89;15;90;0,51034272;-69,054812;0,51034272;69,054812;3287;2606
28;0;29;1;30;0,51015095;194,49948;0,51015095;194,49948;3288;1395
1334;15;30;16;31;0,50937159;-274,83967;0,50937159;274,83967;3289;1078
518;5;59;6;60;0,50924301;-97,210058;0,50924301;97,210058;3290;2122
1876;22;40;23;41;0,50903879;-869,75628;0,50903879;869,75628;3291;134
4533;88;90;89;91;0,50882709;-74,377895;0,50882709;74,377895;3292;2496
2920;38;52;39;53;0,50786;-128,92871;0,50786;128,92871;3293;1791
989;10;95;11;96;0,50667735;45,238856;0,50667735;45,238856;3294;3247
3845;57;84;58;85;0,50658022;-20,63838;0,50658022;20,63838;3295;3952
1400;16;17;17;18;0,50648807;39,15205;0,50648807;39,15205;3296;3426
3023;40;44;41;45;0,50629381;-55,261041;0,50629381;55,261041;3297;2979
927;10;33;11;34;0,5060059;-692,74703;0,5060059;692,74703;3298;245
3723;54;79;55;80;0,50568636;107,08382;0,50568636;107,08382;3299;2004
3425;47;89;48;90;0,50551463;70,639356;0,50551463;70,639356;3300;2564
3747;55;63;56;64;0,50477132;-527,87897;0,50477132;527,87897;3301;485
2793;36;40;37;41;0,50414021;-43,254017;0,50414021;43,254017;3302;3300
1570;18;32;19;33;0,50403847;43,631218;0,50403847;43,631218;3303;3286
4507;85;88;86;89;0,50394694;-32,659109;0,50394694;32,659109;3304;3620
1685;19;71;20;72;0,50335195;-26,770327;0,50335195;26,770327;3305;3785
166;1;73;2;74;0,50293876;-122,11157;0,50293876;122,11157;3306;1853
762;8;39;9;40;0,50232907;37,315365;0,50232907;37,315365;3307;3479
2476;30;92;31;93;0,50228051;-478,21117;0,50228051;478,21117;3308;585
1507;17;46;18;47;0,50212055;139,67525;0,50212055;139,67525;3309;1714
508;5;49;6;50;0,50199621;124,16492;0,50199621;124,16492;3310;1832
3095;41;62;42;63;0,50150843;33,439174;0,50150843;33,439174;3311;3594
4259;70;95;71;96;0,5006881;-38,073589;0,5006881;38,073589;3312;3458
3448;48;65;49;66;0,5000332;-376,31418;0,5000332;376,31418;3313;781
2643;33;70;34;71;0,50001664;-463,44036;0,50001664;463,44036;3314;611
829;9;20;10;21;0,49982506;-59,417332;0,49982506;59,417332;3315;2864
3137;42;51;43;52;0,4994557;26,347641;0,4994557;26,347641;3316;3796
1141;12;80;13;81;0,49932669;-407,65327;0,49932669;407,65327;3317;722
882;9;73;10;74;0,49929133;-474,81297;0,49929133;474,81297;3318;595
2246;27;60;28;61;0,49837193;121,65584;0,49837193;121,65584;3319;1861
1917;22;81;23;82;0,49750385;347,0482;0,49750385;347,0482;3320;853
1649;19;35;20;36;0,49551164;-21,280657;0,49551164;21,280657;3321;3939
2142;25;93;26;94;0,49538126;-498,95298;0,49538126;498,95298;3322;538
3270;44;81;45;82;0,49475887;19,260973;0,49475887;19,260973;3323;3994
1410;16;27;17;28;0,49373325;263,679;0,49373325;263,679;3324;1124
2545;32;34;33;35;0,4936203;59,516729;0,4936203;59,516729;3325;2860
2153;26;35;27;36;0,49331782;-109,67302;0,49331782;109,67302;3326;1979
308;3;30;4;31;0,49314859;56,977257;0,49314859;56,977257;3327;2932
671;7;35;8;36;0,49287824;-105,35355;0,49287824;105,35355;3328;2019
3632;52;71;53;72;0,49274188;-35,00299;0,49274188;35,00299;3329;3537
2834;36;81;37;82;0,49260527;292,10482;0,49260527;292,10482;3330;1026
1355;15;51;16;52;0,49239787;-84,210127;0,49239787;84,210127;3331;2320
2341;28;88;29;89;0,49013953;1503,3306;0,49013953;1503,3306;3332;9
2407;29;88;30;89;0,48951523;122,59665;0,48951523;122,59665;3333;1844
2232;27;46;28;47;0,48936573;-517,34771;0,48936573;517,34771;3334;510
1550;17;89;18;90;0,48871638;-78,183281;0,48871638;78,183281;3335;2418
690;7;54;8;55;0,48841153;-334,04911;0,48841153;334,04911;3336;890
89;0;90;1;91;0,48819136;128,29345;0,48819136;128,29345;3337;1798
4027;62;91;63;92;0,48806192;159,28768;0,48806192;159,28768;3338;1575
2172;26;54;27;55;0,48797195;79,978508;0,48797195;79,978508;3339;2382
2591;32;80;33;81;0,48698157;80,157824;0,48698157;80,157824;3340;2378
3912;59;78;60;79;0,48681059;-640,55721;0,48681059;640,55721;3341;308
1145;12;84;13;85;0,48601436;76,683384;0,48601436;76,683384;3342;2448
4042;63;74;64;75;0,48565995;-120,64165;0,48565995;120,64165;3343;1867
2189;26;71;27;72;0,48547752;-8,3985554;0,48547752;8,3985554;3344;4297
4537;88;94;89;95;0,48540679;127,07116;0,48540679;127,07116;3345;1806
3610;51;92;52;93;0,48530679;2,5051135;0,48530679;2,5051135;3346;4476
707;7;71;8;72;0,48503793;-74,97169;0,48503793;74,97169;3347;2483
1804;21;41;22;42;0,48500132;58,875428;0,48500132;58,875428;3348;2880
2746;35;52;36;53;0,48490157;-130,38137;0,48490157;130,38137;3349;1780
1017;11;39;12;40;0,48440091;800,15003;0,48440091;800,15003;3350;173
3186;43;48;44;49;0,48300993;6,0225364;0,48300993;6,0225364;3351;4375
1079;12;18;13;19;0,48226979;14,685886;0,48226979;14,685886;3352;4113
144;1;51;2;52;0,48144491;55,758849;0,48144491;55,758849;3353;2969
1631;18;93;19;94;0,48106099;9,444879;0,48106099;9,444879;3354;4265
3686;53;83;54;84;0,47975756;302,0875;0,47975756;302,0875;3355;996
3841;57;80;58;81;0,47876083;-544,90673;0,47876083;544,90673;3356;458
2700;34;66;35;67;0,47817679;290,13605;0,47817679;290,13605;3357;1033
3159;42;73;43;74;0,47796186;41,932116;0,47796186;41,932116;3358;3347
4249;70;85;71;86;0,47629822;-22,633514;0,47629822;22,633514;3359;3896
329;3;51;4;52;0,47617487;647,97065;0,47617487;647,97065;3360;302
2275;27;89;28;90;0,47596156;82,531684;0,47596156;82,531684;3361;2350
2773;35;79;36;80;0,47560341;-31,464701;0,47560341;31,464701;3362;3648
1970;23;62;24;63;0,47544987;-9,1904425;0,47544987;9,1904425;3363;4274
317;3;39;4;40;0,47455781;39,569939;0,47455781;39,569939;3364;3405
1960;23;52;24;53;0,47408965;-17,534255;0,47408965;17,534255;3365;4037
4538;88;95;89;96;0,47303937;6,0549492;0,47303937;6,0549492;3366;4374
2661;33;88;34;89;0,47236792;28,791056;0,47236792;28,791056;3367;3716
4193;68;80;69;81;0,47185495;-57,044585;0,47185495;57,044585;3368;2927
1854;21;91;22;92;0,47155481;-59,06886;0,47155481;59,06886;3369;2875
1377;15;73;16;74;0,47090402;-31,207831;0,47090402;31,207831;3370;3659
2156;26;38;27;39;0,4703594;44,348823;0,4703594;44,348823;3371;3273
979;10;85;11;86;0,47030896;-171,06879;0,47030896;171,06879;3372;1509
674;7;38;8;39;0,46991981;-198,52716;0,46991981;198,52716;3373;1374
27;0;28;1;29;0,46950381;158,96821;0,46950381;158,96821;3374;1578
2219;27;33;28;34;0,4686886;51,051334;0,4686886;51,051334;3375;3092
2281;27;95;28;96;0,46801714;-631,97614;0,46801714;631,97614;3376;327
1086;12;25;13;26;0,46794952;26,567575;0,46794952;26,567575;3377;3791
4267;71;79;72;80;0,46776311;275,74723;0,46776311;275,74723;3378;1073
2522;31;74;32;75;0,46737371;-75,004172;0,46737371;75,004172;3379;2482
3016;39;92;40;93;0,46542589;426,04006;0,46542589;426,04006;3380;683
753;8;30;9;31;0,46537733;146,73082;0,46537733;146,73082;3381;1656
93;0;94;1;95;0,46477106;184,72505;0,46477106;184,72505;3382;1437
1739;20;50;21;51;0,46460077;33,009876;0,46460077;33,009876;3383;3604
3920;59;86;60;87;0,46455912;-373,23663;0,46455912;373,23663;3384;795
123;1;30;2;31;0,4644712;66,456426;0,4644712;66,456426;3385;2662
4452;80;93;81;94;0,46400409;59,636992;0,46400409;59,636992;3386;2855
4325;73;92;74;93;0,46381294;-40,82131;0,46381294;40,82131;3387;3377
1637;19;23;20;24;0,46347958;-39,921958;0,46347958;39,921958;3388;3398
2389;29;70;30;71;0,4618665;-315,4542;0,4618665;315,4542;3389;943
1595;18;57;19;58;0,46170393;-187,04327;0,46170393;187,04327;3390;1423
3652;52;91;53;92;0,4614776;-154,02024;0,4614776;154,02024;3391;1615
2693;34;59;35;60;0,45929293;39,972735;0,45929293;39,972735;3392;3396
1250;14;26;15;27;0,45923852;-2,6118091;0,45923852;2,6118091;3393;4471
1786;21;23;22;24;0,45894276;-18,499546;0,45894276;18,499546;3394;4009
650;7;14;8;15;0,45879893;-237,73896;0,45879893;237,73896;3395;1207
1343;15;39;16;40;0,45833481;-170,40788;0,45833481;170,40788;3396;1514
3903;59;69;60;70;0,45721866;19,789805;0,45721866;19,789805;3397;3980
1039;11;61;12;62;0,45656414;1076,2345;0,45656414;1076,2345;3398;57
2891;37;80;38;81;0,45631882;54,221467;0,45631882;54,221467;3399;3011
3288;45;49;46;50;0,45600202;-796,66829;0,45600202;796,66829;3400;176
1494;17;33;18;34;0,45593378;-794,18912;0,45593378;794,18912;3401;178
923;10;29;11;30;0,45587725;564,14196;0,45587725;564,14196;3402;429
2280;27;94;28;95;0,45564973;482,40697;0,45564973;482,40697;3403;571
1556;17;95;18;96;0,45526232;34,633514;0,45526232;34,633514;3404;3548
3228;43;90;44;91;0,45484254;44,689157;0,45484254;44,689157;3405;3263
1606;18;68;19;69;0,45479804;-124,90568;0,45479804;124,90568;3406;1825
351;3;73;4;74;0,45468103;166,05279;0,45468103;166,05279;3407;1539
2165;26;47;27;48;0,45441043;-24,007375;0,45441043;24,007375;3408;3858
683;7;47;8;48;0,45397084;-52,678862;0,45397084;52,678862;3409;3050
2947;38;79;39;80;0,45264499;116,38005;0,45264499;116,38005;3410;1910
94;0;95;1;96;0,45240365;115,96926;0,45240365;115,96926;3411;1914
3771;55;87;56;88;0,45194825;-297,02483;0,45194825;297,02483;3412;1007
32;0;33;1;34;0,45173219;-72,752869;0,45173219;72,752869;3413;2518
1753;20;64;21;65;0,45165137;2,8929538;0,45165137;2,8929538;3414;4458
2966;39;42;40;43;0,45127698;-363,59081;0,45127698;363,59081;3415;822
2214;27;28;28;29;0,45091698;56,808444;0,45091698;56,808444;3416;2938
1705;19;91;20;92;0,45086753;-61,431106;0,45086753;61,431106;3417;2808
4136;66;78;67;79;0,45065913;-68,631356;0,45065913;68,631356;3418;2616
47;0;48;1;49;0,4496611;1347,3156;0,4496611;1347,3156;3419;18
1713;20;24;21;25;0,44964261;-483,9102;0,44964261;483,9102;3420;566
774;8;51;9;52;0,44840361;-124,89984;0,44840361;124,89984;3421;1826
3085;41;52;42;53;0,44803109;87,882383;0,44803109;87,882383;3422;2271
2106;25;57;26;58;0,44738366;-14,423174;0,44738366;14,423174;3423;4121
1644;19;30;20;31;0,44574176;-398,91605;0,44574176;398,91605;3424;735
3788;56;65;57;66;0,44516208;-314,36732;0,44516208;314,36732;3425;948
1111;12;50;13;51;0,44482155;42,517911;0,44482155;42,517911;3426;3324
746;8;23;9;24;0,44384401;-95,395215;0,44384401;95,395215;3427;2157
3118;41;85;42;86;0,44361033;20,772485;0,44361033;20,772485;3428;3949
3751;55;67;56;68;0,44293302;-249,83501;0,44293302;249,83501;3429;1171
1555;17;94;18;95;0,44289491;71,389304;0,44289491;71,389304;3430;2546
3871;58;73;59;74;0,44227364;-649,96001;0,44227364;649,96001;3431;298
1303;14;79;15;80;0,4415241;136,49002;0,4415241;136,49002;3432;1738
1714;20;25;21;26;0,4414728;-766,42179;0,4414728;766,42179;3433;193
2117;25;68;26;69;0,44047778;-99,07352;0,44047778;99,07352;3434;2098
2384;29;65;30;66;0,43954336;305,27043;0,43954336;305,27043;3435;984
1575;18;37;19;38;0,43926192;41,559437;0,43926192;41,559437;3436;3360
2620;33;47;34;48;0,43913552;30,280519;0,43913552;30,280519;3437;3685
3431;47;95;48;96;0,43846407;-323,8755;0,43846407;323,8755;3438;923
1489;17;28;18;29;0,43816216;-53,420741;0,43816216;53,420741;3439;3027
3916;59;82;60;83;0,43765837;-461,59192;0,43765837;461,59192;3440;615
1487;17;26;18;27;0,43761217;51,914796;0,43761217;51,914796;3441;3070
1655;19;41;20;42;0,43742102;-48,588647;0,43742102;48,588647;3442;3155
653;7;17;8;18;0,43717258;-265,70077;0,43717258;265,70077;3443;1115
3733;54;89;55;90;0,43686774;-249,81415;0,43686774;249,81415;3444;1172
3415;47;79;48;80;0,43669601;580,76574;0,43669601;580,76574;3445;407
2296;28;43;29;44;0,43615498;-136,93921;0,43615498;136,93921;3446;1731
2436;30;52;31;53;0,43513169;-491,90214;0,43513169;491,90214;3447;551
1257;14;33;15;34;0,43430743;-864,89748;0,43430743;864,89748;3448;136
1319;14;95;15;96;0,43363598;65,566393;0,43363598;65,566393;3449;2699
2276;27;90;28;91;0,43222943;112,67059;0,43222943;112,67059;3450;1955
3232;43;94;44;95;0,43142224;-79,191487;0,43142224;79,191487;3451;2396
814;8;91;9;92;0,43123196;223,00063;0,43123196;223,00063;3452;1274
2597;32;86;33;87;0,43023175;115,92196;0,43023175;115,92196;3453;1915
4510;85;91;86;92;0,43016381;-39,48202;0,43016381;39,48202;3454;3412
848;9;39;10;40;0,42994751;37,08152;0,42994751;37,08152;3455;3486
2360;29;41;30;42;0,42917861;70,560619;0,42917861;70,560619;3456;2567
3471;48;88;49;89;0,42902538;80,958962;0,42902538;80,958962;3457;2373
1665;19;51;20;52;0,42876804;-41,773804;0,42876804;41,773804;3458;3351
1198;13;55;14;56;0,42868025;187,45997;0,42868025;187,45997;3459;1422
525;5;66;6;67;0,42822671;235,48445;0,42822671;235,48445;3460;1216
1558;18;20;19;21;0,42715253;43,771303;0,42715253;43,771303;3461;3283
2790;36;37;37;38;0,42694108;125,13473;0,42694108;125,13473;3462;1821
796;8;73;9;74;0,42690976;-3,7945333;0,42690976;3,7945333;3463;4426
3430;47;94;48;95;0,42609666;-481,33498;0,42609666;481,33498;3464;574
4114;65;85;66;86;0,42511164;-710,46115;0,42511164;710,46115;3465;231
2086;25;37;26;38;0,42494165;-551,44836;0,42494165;551,44836;3466;450
2145;26;27;27;28;0,42485735;195,41045;0,42485735;195,41045;3467;1390
2855;37;44;38;45;0,42478749;-139,11518;0,42478749;139,11518;3468;1718
3760;55;76;56;77;0,42451452;-293,80608;0,42451452;293,80608;3469;1015
607;6;59;7;60;0,4244865;-140,79328;0,4244865;140,79328;3470;1700
663;7;27;8;28;0,42441776;-38,267997;0,42441776;38,267997;3471;3454
3531;50;57;51;58;0,42425569;-42,266815;0,42425569;42,266815;3472;3334
3342;46;54;47;55;0,42346357;232,03408;0,42346357;232,03408;3473;1233
2611;33;38;34;39;0,42318655;-626,11505;0,42318655;626,11505;3474;336
2580;32;69;33;70;0,4228913;34,906727;0,4228913;34,906727;3475;3541
2963;38;95;39;96;0,42251509;76,778189;0,42251509;76,778189;3476;2444
1873;22;37;23;38;0,42204251;58,212216;0,42204251;58,212216;3477;2899
2040;24;61;25;62;0,4214449;-377,13125;0,4214449;377,13125;3478;778
2300;28;47;29;48;0,42136391;16,285317;0,42136391;16,285317;3479;4066
946;10;52;11;53;0,42133245;317,45329;0,42133245;317,45329;3480;937
1318;14;94;15;95;0,42126857;46,264313;0,42126857;46,264313;3481;3221
3576;51;58;52;59;0,42077979;-875,73312;0,42077979;875,73312;3482;129
1540;17;79;18;80;0,41989776;89,801351;0,41989776;89,801351;3483;2239
1551;17;90;18;91;0,41947461;-574,27475;0,41947461;574,27475;3484;414
3967;61;64;62;65;0,41943613;-5,6186271;0,41943613;5,6186271;3485;4381
1437;16;54;17;55;0,41909604;67,405579;0,41909604;67,405579;3486;2644
3233;43;95;44;96;0,41905482;-69,860472;0,41905482;69,860472;3487;2590
3295;45;56;46;57;0,41899169;-360,39049;0,41899169;360,39049;3488;825
3956;60;87;61;88;0,41892183;-60,428673;0,41892183;60,428673;3489;2832
2616;33;43;34;44;0,41838337;54,426377;0,41838337;54,426377;3490;3005
3570;51;52;52;53;0,41815797;-2,1673493;0,41815797;2,1673493;3491;4486
764;8;41;9;42;0,41778544;-56,997079;0,41778544;56,997079;3492;2930
1993;23;85;24;86;0,41755177;-31,477498;0,41755177;31,477498;3493;3647
3542;50;68;51;69;0,41734981;50,80274;0,41734981;50,80274;3494;3099
2986;39;62;40;63;0,4169648;-156,71809;0,4169648;156,71809;3495;1598
1252;14;28;15;29;0,41653582;-36,719343;0,41653582;36,719343;3496;3498
301;3;23;4;24;0,41607274;634,89427;0,41607274;634,89427;3497;320
2410;29;91;30;92;0,4157321;73,050358;0,4157321;73,050358;3498;2517
3631;52;70;53;71;0,41534319;-785,88475;0,41534319;785,88475;3499;184
128;1;35;2;36;0,41470131;0,49711336;0,41470131;0,49711336;3500;4550
998;11;20;12;21;0,41452336;973,61765;0,41452336;973,61765;3501;83
3704;54;60;55;61;0,41445736;42,640538;0,41445736;42,640538;3502;3318
1470;16;87;17;88;0,41428315;32,027334;0,41428315;32,027334;3503;3635
424;4;55;5;56;0,41329153;-250,12896;0,41329153;250,12896;3504;1168
2821;36;68;37;69;0,41140496;265,90339;0,41140496;265,90339;3505;1113
913;10;19;11;20;0,41072238;-556,09307;0,41072238;556,09307;3506;443
638;6;90;7;91;0,41031169;1034,576;0,41031169;1034,576;3507;66
2962;38;94;39;95;0,41014768;46,736526;0,41014768;46,736526;3508;3207
1769;20;80;21;81;0,41009563;15,278224;0,41009563;15,278224;3509;4099
3375;46;87;47;88;0,40991562;622,86297;0,40991562;622,86297;3510;343
3936;60;67;61;68;0,4099066;-99,090702;0,4099066;99,090702;3511;2097
821;9;12;10;13;0,40959727;269,98108;0,40959727;269,98108;3512;1097
3257;44;68;45;69;0,40925137;611,94978;0,40925137;611,94978;3513;356
3494;49;65;50;66;0,40815174;-954,76671;0,40815174;954,76671;3514;90
2644;33;71;34;72;0,40806843;13,826809;0,40806843;13,826809;3515;4138
406;4;37;5;38;0,40750668;54,716842;0,40750668;54,716842;3516;2994
4283;71;95;72;96;0,40739698;-634,50511;0,40739698;634,50511;3517;322
1687;19;73;20;74;0,40727419;25,729639;0,40727419;25,729639;3518;3808
4521;86;93;87;94;0,40725427;-543,49586;0,40725427;543,49586;3519;461
2265;27;79;28;80;0,40714294;724,16742;0,40714294;724,16742;3520;217
2000;23;92;24;93;0,40694083;-20,209013;0,40694083;20,209013;3521;3969
164;1;71;2;72;0,40686101;-88,03631;0,40686101;88,03631;3522;2268
1904;22;68;23;69;0,40650639;-128,51332;0,40650639;128,51332;3523;1795
507;5;48;6;49;0,40618874;720,99951;0,40618874;720,99951;3524;219
4049;63;81;64;82;0,40602318;1195,6917;0,40602318;1195,6917;3525;34
2291;28;38;29;39;0,40541493;36,81074;0,40541493;36,81074;3526;3496
1450;16;67;17;68;0,40526791;-83,345345;0,40526791;83,345345;3527;2337
1684;19;70;20;71;0,40473313;-473,92405;0,40473313;473,92405;3528;597
3716;54;72;55;73;0,40460791;250,62433;0,40460791;250,62433;3529;1166
2810;36;57;37;58;0,40449908;239,4752;0,40449908;239,4752;3530;1202
2442;30;58;31;59;0,40380607;-15,68359;0,40380607;15,68359;3531;4090
369;3;91;4;92;0,4034607;-39,272588;0,4034607;39,272588;3532;3421
2593;32;82;33;83;0,403331;569,46136;0,403331;569,46136;3533;418
1937;23;29;24;30;0,40312005;61,317592;0,40312005;61,317592;3534;2811
3426;47;90;48;91;0,40267635;103,77826;0,40267635;103,77826;3535;2036
3246;44;57;45;58;0,40234548;-210,45893;0,40234548;210,45893;3536;1328
3063;40;84;41;85;0,40205907;142,3523;0,40205907;142,3523;3537;1689
2861;37;50;38;51;0,40181368;-122,25868;0,40181368;122,25868;3538;1852
3453;48;70;49;71;0,40137665;-598,05718;0,40137665;598,05718;3539;377
3355;46;67;47;68;0,40090039;736,26459;0,40090039;736,26459;3540;209
1802;21;39;22;40;0,40045769;183,55276;0,40045769;183,55276;3541;1441
2608;33;35;34;36;0,40022813;-45,431174;0,40022813;45,431174;3542;3238
4232;69;93;70;94;0,39991382;33,836128;0,39991382;33,836128;3543;3577
1327;15;23;16;24;0,39984975;13,005148;0,39984975;13,005148;3544;4160
1893;22;57;23;58;0,3996005;-372,49002;0,3996005;372,49002;3545;798
2789;35;95;36;96;0,39955667;-123,96703;0,39955667;123,96703;3546;1833
1891;22;55;23;56;0,3987557;-225,35466;0,3987557;225,35466;3547;1260
1314;14;90;15;91;0,39784826;-96,356892;0,39784826;96,356892;3548;2137
4092;64;93;65;94;0,39774291;-56,715866;0,39774291;56,715866;3549;2944
4476;82;90;83;91;0,39713982;595,29123;0,39713982;595,29123;3550;384
3634;52;73;53;74;0,39666412;8,2874748;0,39666412;8,2874748;3551;4303
4525;87;89;88;90;0,39651145;106,79328;0,39651145;106,79328;3552;2008
4317;73;84;74;85;0,3963203;23,566461;0,3963203;23,566461;3553;3873
2887;37;76;38;77;0,39628369;8,7469588;0,39628369;8,7469588;3554;4288
3244;44;55;45;56;0,39601072;-52,421923;0,39601072;52,421923;3555;3058
2072;24;93;25;94;0,39573414;-187,49579;0,39573414;187,49579;3556;1421
1203;13;60;14;61;0,39565382;-6,8432212;0,39565382;6,8432212;3557;4345
942;10;48;11;49;0,3953874;-598,63247;0,3953874;598,63247;3558;375
4282;71;94;72;95;0,39502956;-588,28288;0,39502956;588,28288;3559;398
2974;39;50;40;51;0,39472322;97,174236;0,39472322;97,174236;3560;2123
3042;40;63;41;64;0,39448824;-300,93337;0,39448824;300,93337;3561;997
4550;91;92;92;93;0,39432878;13,954302;0,39432878;13,954302;3562;4133
2808;36;55;37;56;0,39385713;-28,328094;0,39385713;28,328094;3563;3732
1950;23;42;24;43;0,39279191;27,823331;0,39279191;27,823331;3564;3754
1180;13;37;14;38;0,39211797;-228,88134;0,39211797;228,88134;3565;1243
437;4;68;5;69;0,39197056;-35,648744;0,39197056;35,648744;3566;3527
131;1;38;2;39;0,39174289;60,965711;0,39174289;60,965711;3567;2824
576;6;28;7;29;0,39162413;43,994783;0,39162413;43,994783;3568;3277
3945;60;76;61;77;0,3914881;-194,94603;0,3914881;194,94603;3569;1393
733;8;10;9;11;0,39108681;49,957711;0,39108681;49,957711;3570;3116
1159;13;16;14;17;0,39101514;48,111637;0,39101514;48,111637;3571;3167
4457;81;84;82;85;0,39052413;100,90791;0,39052413;100,90791;3572;2072
2324;28;71;29;72;0,39029682;-172,77603;0,39029682;172,77603;3573;1496
580;6;32;7;33;0,39015913;1062,8908;0,39015913;1062,8908;3574;59
319;3;41;4;42;0,39001418;435,32941;0,39001418;435,32941;3575;669
866;9;57;10;58;0,3890314;224,18015;0,3890314;224,18015;3576;1265
1103;12;42;13;43;0,3882678;67,797874;0,3882678;67,797874;3577;2635
3649;52;88;53;89;0,38769447;21,178827;0,38769447;21,178827;3578;3942
4175;67;89;68;90;0,38749622;82,297908;0,38749622;82,297908;3579;2351
1395;15;91;16;92;0,3872377;-42,288726;0,3872377;42,288726;3580;3332
2788;35;94;36;95;0,38718926;-35,355916;0,38718926;35,355916;3581;3530
642;6;94;7;95;0,38689138;100,71802;0,38689138;100,71802;3582;2075
1459;16;76;17;77;0,38684942;568,7704;0,38684942;568,7704;3583;421
2958;38;90;39;91;0,38672738;-221,34882;0,38672738;221,34882;3584;1281
1189;13;46;14;47;0,38664762;140,19615;0,38664762;140,19615;3585;1707
793;8;70;9;71;0,38509755;-51,3756;0,38509755;51,3756;3586;3083
426;4;57;5;58;0,38506468;-125,42985;0,38506468;125,42985;3587;1818
1097;12;36;13;37;0,38393321;313,6847;0,38393321;313,6847;3588;950
3461;48;78;49;79;0,38375632;-734,60583;0,38375632;734,60583;3589;213
1828;21;65;22;66;0,38372064;96,369964;0,38372064;96,369964;3590;2136
3364;46;76;47;77;0,3824819;390,17778;0,3824819;390,17778;3591;752
2288;28;35;29;36;0,38245651;1143,4209;0,38245651;1143,4209;3592;41
877;9;68;10;69;0,38212552;-61,879043;0,38212552;61,879043;3593;2799
1105;12;44;13;45;0,38177962;-0,60012508;0,38177962;0,60012508;3594;4544
3699;54;55;55;56;0,38143094;169,39278;0,38143094;169,39278;3595;1520
1076;12;15;13;16;0,38120996;-26,673088;0,38120996;26,673088;3596;3788
3125;41;92;42;93;0,38088227;56,773598;0,38088227;56,773598;3597;2940
4189;68;76;69;77;0,38074757;-102,44154;0,38074757;102,44154;3598;2052
107;1;14;2;15;0,380622;18,29443;0,380622;18,29443;3599;4015
4479;82;93;83;94;0,38035352;79,262292;0,38035352;79,262292;3600;2394
429;4;60;5;61;0,3802651;-373,93796;0,3802651;373,93796;3601;790
3177;42;91;43;92;0,38017986;-85,813104;0,38017986;85,813104;3602;2298
3197;43;59;44;60;0,37995565;88,443766;0,37995565;88,443766;3603;2261
1083;12;22;13;23;0,37903464;51,18126;0,37903464;51,18126;3604;3089
2335;28;82;29;83;0,37845227;43,480907;0,37845227;43,480907;3605;3289
2878;37;67;38;68;0,37786519;69,920569;0,37786519;69,920569;3606;2587
4229;69;90;70;91;0,37757953;16,865063;0,37757953;16,865063;3607;4056
1702;19;88;20;89;0,3770844;33,13139;0,3770844;33,13139;3608;3599
1211;13;68;14;69;0,37658184;65,27377;0,37658184;65,27377;3609;2705
140;1;47;2;48;0,37579391;-409,03401;0,37579391;409,03401;3610;715
385;4;16;5;17;0,37562642;39,577101;0,37562642;39,577101;3611;3404
3602;51;84;52;85;0,37482645;5,0306053;0,37482645;5,0306053;3612;4391
2575;32;64;33;65;0,37476543;-143,70314;0,37476543;143,70314;3613;1679
643;6;95;7;96;0,37452397;52,540935;0,37452397;52,540935;3614;3054
1153;12;92;13;93;0,37411888;66,868541;0,37411888;66,868541;3615;2656
581;6;33;7;34;0,37385252;-454,22272;0,37385252;454,22272;3616;635
3837;57;76;58;77;0,37384168;-309,45413;0,37384168;309,45413;3617;969
1345;15;41;16;42;0,37379119;0,50281794;0,37379119;0,50281794;3618;4549
4480;82;94;83;95;0,37371952;37,728457;0,37371952;37,728457;3619;3470
1232;13;89;14;90;0,37324345;-137,6429;0,37324345;137,6429;3620;1726
2011;24;32;25;33;0,37275667;-204,15782;0,37275667;204,15782;3621;1346
4278;71;90;72;91;0,37160926;-15,575919;0,37160926;15,575919;3622;4092
2088;25;39;26;40;0,37159525;-515,09773;0,37159525;515,09773;3623;513
832;9;23;10;24;0,37146244;-46,980735;0,37146244;46,980735;3624;3199
415;4;46;5;47;0,3712589;-234,78292;0,3712589;234,78292;3625;1219
4518;86;90;87;91;0,37023908;152,53307;0,37023908;152,53307;3626;1622
1200;13;57;14;58;0,36967596;0,33038944;0,36967596;0,33038944;3627;4553
4382;76;89;77;90;0,36907772;-11,788897;0,36907772;11,788897;3628;4194
2898;37;87;38;88;0,36884996;56,705295;0,36884996;56,705295;3629;2945
3081;41;48;42;49;0,36868876;-18,303887;0,36868876;18,303887;3630;4014
3143;42;57;43;58;0,36770193;33,53398;0,36770193;33,53398;3631;3588
4001;62;65;63;66;0,36721353;-228,53641;0,36721353;228,53641;3632;1246
641;6;93;7;94;0,36718165;800,54705;0,36718165;800,54705;3633;172
51;0;52;1;53;0,36705874;355,82124;0,36705874;355,82124;3634;835
3075;41;42;42;43;0,36673335;62,72957;0,36673335;62,72957;3635;2766
846;9;37;10;38;0,3665894;14,917092;0,3665894;14,917092;3636;4107
1896;22;60;23;61;0,36572928;-180,25854;0,36572928;180,25854;3637;1450
290;3;12;4;13;0,36498697;938,85143;0,36498697;938,85143;3638;95
381;4;12;5;13;0,36449881;107,48911;0,36449881;107,48911;3639;1998
2784;35;90;36;91;0,36376895;37,293385;0,36376895;37,293385;3640;3481
288;3;10;4;11;0,36331555;207,02476;0,36331555;207,02476;3641;1338
3249;44;60;45;61;0,3629843;-230,66147;0,3629843;230,66147;3642;1238
4154;67;68;68;69;0,36232907;-142,4126;0,36232907;142,4126;3643;1688
4481;82;95;83;96;0,36135211;30,89859;0,36135211;30,89859;3644;3670
1405;16;22;17;23;0,3610906;-343,97496;0,3610906;343,97496;3645;863
2813;36;60;37;61;0,36083071;210,27266;0,36083071;210,27266;3646;1330
3154;42;68;43;69;0,36079605;-48,87793;0,36079605;48,87793;3647;3143
2655;33;82;34;83;0,36068065;-739,00167;0,36068065;739,00167;3648;206
1361;15;57;16;58;0,3606441;-31,255268;0,3606441;31,255268;3649;3655
1071;11;93;12;94;0,3606149;47,438198;0,3606149;47,438198;3650;3188
3009;39;85;40;86;0,3590667;-214,04674;0,3590667;214,04674;3651;1310
110;1;17;2;18;0,35899566;54,300203;0,35899566;54,300203;3652;3010
2322;28;69;29;70;0,35889197;70,314252;0,35889197;70,314252;3653;2575
900;9;91;10;92;0,35885039;-59,529526;0,35885039;59,529526;3654;2859
1427;16;44;17;45;0,35834562;-250,9543;0,35834562;250,9543;3655;1164
458;4;89;5;90;0,35785473;57,752732;0,35785473;57,752732;3656;2911
2468;30;84;31;85;0,35785273;-244,35703;0,35785273;244,35703;3657;1187
811;8;88;9;89;0,35744883;196,48327;0,35744883;196,48327;3658;1384
348;3;70;4;71;0,35732629;3,4032839;0,35732629;3,4032839;3659;4443
1577;18;39;19;40;0,35727499;2,4021018;0,35727499;2,4021018;3660;4479
1882;22;46;23;47;0,35672308;260,65806;0,35672308;260,65806;3661;1131
18;0;19;1;20;0,35644868;412,16039;0,35644868;412,16039;3662;711
2682;34;48;35;49;0,35623866;220,41608;0,35623866;220,41608;3663;1284
1419;16;36;17;37;0,35619202;159,93469;0,35619202;159,93469;3664;1570
3037;40;58;41;59;0,35610573;-286,00633;0,35610573;286,00633;3665;1044
3828;57;67;58;68;0,35542319;-150,80135;0,35542319;150,80135;3666;1635
3474;48;91;49;92;0,35524225;62,412672;0,35524225;62,412672;3667;2780
986;10;92;11;93;0,35418363;-482,01085;0,35418363;482,01085;3668;572
4233;69;94;70;95;0,35415922;-264,36392;0,35415922;264,36392;3669;1118
2752;35;58;36;59;0,35403619;-46,980873;0,35403619;46,980873;3670;3198
3235;44;46;45;47;0,3539781;-78,135981;0,3539781;78,135981;3671;2422
1372;15;68;16;69;0,35373822;48,151074;0,35373822;48,151074;3672;3166
3853;57;92;58;93;0,35355302;11,41483;0,35355302;11,41483;3673;4200
1775;20;86;21;87;0,3533458;526,17549;0,3533458;526,17549;3674;491
4200;68;87;69;88;0,35331384;-105,16492;0,35331384;105,16492;3675;2021
1137;12;76;13;77;0,35327582;168,42783;0,35327582;168,42783;3676;1529
2799;36;46;37;47;0,3518245;1145,6072;0,3518245;1145,6072;3677;40
2339;28;86;29;87;0,35155152;-10,260973;0,35155152;10,260973;3678;4242
2417;30;33;31;34;0,35045824;-344,6532;0,35045824;344,6532;3679;861
2479;30;95;31;96;0,34978678;62,378871;0,34978678;62,378871;3680;2783
3721;54;77;55;78;0,34944458;353,88948;0,34944458;353,88948;3681;841
1074;12;13;13;14;0,3491101;31,854699;0,3491101;31,854699;3682;3638
4256;70;92;71;93;0,34819438;-589,00626;0,34819438;589,00626;3683;397
2531;31;83;32;84;0,34728924;30,61849;0,34728924;30,61849;3684;3675
909;10;15;11;16;0,34709255;-183,27829;0,34709255;183,27829;3685;1442
1751;20;62;21;63;0,34708726;-134,31996;0,34708726;134,31996;3686;1749
4522;86;94;87;95;0,34681877;11,315296;0,34681877;11,315296;3687;4205
4205;68;92;69;93;0,34664713;-3,1140016;0,34664713;3,1140016;3688;4454
58;0;59;1;60;0,34660683;57,225151;0,34660683;57,225151;3689;2921
3848;57;87;58;88;0,34640795;-286,13932;0,34640795;286,13932;3690;1043
120;1;27;2;28;0,34624084;490,13501;0,34624084;490,13501;3691;552
3869;58;71;59;72;0,34619588;-614,65208;0,34619588;614,65208;3692;353
1758;20;69;21;70;0,34600535;50,60583;0,34600535;50,60583;3693;3105
488;5;29;6;30;0,34569889;159,85825;0,34569889;159,85825;3694;1572
2554;32;43;33;44;0,34562828;102,44147;0,34562828;102,44147;3695;2053
2205;26;87;27;88;0,34540724;173,70098;0,34540724;173,70098;3696;1487
850;9;41;10;42;0,34540388;-270,53634;0,34540388;270,53634;3697;1095
2853;37;42;38;43;0,34525993;-224,28977;0,34525993;224,28977;3698;1264
723;7;87;8;88;0,34496766;-9,2321063;0,34496766;9,2321063;3699;4272
2358;29;39;30;40;0,34463498;-89,295612;0,34463498;89,295612;3700;2248
3879;58;81;59;82;0,34457079;-277,68916;0,34457079;277,68916;3701;1064
335;3;57;4;58;0,3444211;624,907;0,3444211;624,907;3702;338
1925;22;89;23;90;0,3433189;58,090702;0,3433189;58,090702;3703;2902
1956;23;48;24;49;0,3426302;-62,367531;0,3426302;62,367531;3704;2784
4234;69;95;70;96;0,34179181;-90,962302;0,34179181;90,962302;3705;2222
2642;33;69;34;70;0,34112035;4,3962598;0,34112035;4,3962598;3706;4408
1374;15;70;16;71;0,34110329;-115,02706;0,34110329;115,02706;3707;1925
3278;44;89;45;90;0,34057392;-92,249426;0,34057392;92,249426;3708;2200
3898;59;64;60;65;0,34043806;-28,697364;0,34043806;28,697364;3709;3719
3004;39;80;40;81;0,34021808;97,04097;0,34021808;97,04097;3710;2127
936;10;42;11;43;0,34003472;-799,64054;0,34003472;799,64054;3711;174
2038;24;59;25;60;0,3384293;-449,71802;0,3384293;449,71802;3712;642
2842;36;89;37;90;0,33842033;162,55373;0,33842033;162,55373;3713;1555
1341;15;37;16;38;0,33820209;-275,94846;0,33820209;275,94846;3714;1071
1010;11;32;12;33;0,33763742;-483,59421;0,33763742;483,59421;3715;567
346;3;68;4;69;0,33751522;-60,448494;0,33751522;60,448494;3716;2830
2478;30;94;31;95;0,33741937;67,002715;0,33741937;67,002715;3717;2654
735;8;12;9;13;0,3372157;-20,391737;0,3372157;20,391737;3718;3963
7;0;8;1;9;0,3368131;-19,303819;0,3368131;19,303819;3719;3993
2185;26;67;27;68;0,33639201;900,86534;0,33639201;900,86534;3720;112
1958;23;50;24;51;0,33623816;-3,0642689;0,33623816;3,0642689;3721;4456
703;7;67;8;68;0,33595243;15,259791;0,33595243;15,259791;3722;4100
3677;53;74;54;75;0,33490539;225,11532;0,33490539;225,11532;3723;1261
1128;12;67;13;68;0,33485732;518,22529;0,33485732;518,22529;3724;508
4523;86;95;87;96;0,33445136;-10,977532;0,33445136;10,977532;3725;4219
4095;65;66;66;67;0,33438225;-117,80267;0,33438225;117,80267;3726;1893
3156;42;70;43;71;0,33404546;-416,88711;0,33404546;416,88711;3727;703
2659;33;86;34;87;0,3337799;-455,49475;0,3337799;455,49475;3728;630
3190;43;52;44;53;0,33370992;13,737776;0,33370992;13,737776;3729;4139
2624;33;51;34;52;0,33348452;22,707591;0,33348452;22,707591;3730;3890
3613;51;95;52;96;0,33281307;-684,07686;0,33281307;684,07686;3731;260
2283;28;30;29;31;0,33268662;23,684566;0,33268662;23,684566;3732;3869
544;5;85;6;86;0,33126717;68,316616;0,33126717;68,316616;3733;2624
2903;37;92;38;93;0,33111101;-885,39981;0,33111101;885,39981;3734;122
2926;38;58;39;59;0,33107776;-4,6557684;0,33107776;4,6557684;3735;4402
1710;20;21;21;22;0,33058015;-344,3338;0,33058015;344,3338;3736;862
366;3;88;4;89;0,32967757;152,26793;0,32967757;152,26793;3737;1629
4431;79;87;80;88;0,32769283;683,55742;0,32769283;683,55742;3738;261
1771;20;82;21;83;0,32644506;629,52966;0,32644506;629,52966;3739;331
3922;59;88;60;89;0,3259711;-28,462405;0,3259711;28,462405;3740;3724
1148;12;87;13;88;0,32584209;219,08986;0,32584209;219,08986;3741;1289
3565;50;91;51;92;0,32362611;108,69514;0,32362611;108,69514;3742;1986
2397;29;78;30;79;0,32326647;-271,48077;0,32326647;271,48077;3743;1092
1657;19;43;20;44;0,32309985;10,169508;0,32309985;10,169508;3744;4245
3231;43;93;44;94;0,3226508;72,660222;0,3226508;72,660222;3745;2519
1169;13;26;14;27;0,32213924;-6,4057169;0,32213924;6,4057169;3746;4366
315;3;37;4;38;0,3219791;58,405511;0,3219791;58,405511;3747;2894
649;7;13;8;14;0,32169965;367,5401;0,32169965;367,5401;3748;811
4535;88;92;89;93;0,32054565;-67,049176;0,32054565;67,049176;3749;2652
3612;51;94;52;95;0,32044565;-133,08611;0,32044565;133,08611;3750;1765
1282;14;58;15;59;0,31995688;-13,169645;0,31995688;13,169645;3751;4155
819;9;10;10;11;0,31870524;7,5814857;0,31870524;7,5814857;3752;4321
4165;67;79;68;80;0,3186776;822,18474;0,3186776;822,18474;3753;162
2194;26;76;27;77;0,31797352;139,12575;0,31797352;139,12575;3754;1717
1080;12;19;13;20;0,31758013;-24,439312;0,31758013;24,439312;3755;3842
712;7;76;8;77;0,31753393;-31,769145;0,31753393;31,769145;3756;3640
780;8;57;9;58;0,31664984;2,3733041;0,31664984;2,3733041;3757;4481
2304;28;51;29;52;0,31571291;-92,663769;0,31571291;92,663769;3758;2193
3394;47;58;48;59;0,31512879;-367,13355;0,31512879;367,13355;3759;814
2474;30;90;31;91;0,31399907;-635,01092;0,31399907;635,01092;3760;319
4449;80;90;81;91;0,31348925;47,665927;0,31348925;47,665927;3761;3182
1392;15;88;16;89;0,31345457;195,91034;0,31345457;195,91034;3762;1389
568;6;20;7;21;0,31327319;351,39306;0,31327319;351,39306;3763;844
1933;23;25;24;26;0,31311018;-46,104888;0,31311018;46,104888;3764;3222
879;9;70;10;71;0,31271599;-64,419628;0,31271599;64,419628;3765;2721
31;0;32;1;33;0,31227946;128,13257;0,31227946;128,13257;3766;1799
2646;33;73;34;74;0,31199067;48,510818;0,31199067;48,510818;3767;3160
4328;73;95;74;96;0,31131922;-121,98999;0,31131922;121,98999;3768;1856
3083;41;50;42;51;0,3101796;88,379009;0,3101796;88,379009;3769;2262
791;8;68;9;69;0,30974396;178,88259;0,30974396;178,88259;3770;1462
2;0;3;1;4;0,30904184;155,47159;0,30904184;155,47159;3771;1608
4413;78;85;79;86;0,30883475;-513,0352;0,30883475;513,0352;3772;515
2778;35;84;36;85;0,30808285;-71,579259;0,30808285;71,579259;3773;2539
1113;12;52;13;53;0,30697006;22,993533;0,30697006;22,993533;3774;3883
395;4;26;5;27;0,30675052;-21,729639;0,30675052;21,729639;3775;3928
3174;42;88;43;89;0,30639673;6,807262;0,30639673;6,807262;3776;4347
376;4;7;5;8;0,30631093;-16,072406;0,30631093;16,072406;3777;4077
240;2;54;3;55;0,30613174;82,898658;0,30613174;82,898658;3778;2342
1222;13;79;14;80;0,30442483;16,182236;0,30442483;16,182236;3779;4072
766;8;43;9;44;0,30346428;472,687;0,30346428;472,687;3780;599
1037;11;59;12;60;0,30331005;-186,61508;0,30331005;186,61508;3781;1424
260;2;74;3;75;0,3028686;9,2206284;0,3028686;9,2206284;3782;4273
2695;34;61;35;62;0,30058126;97,263268;0,30058126;97,263268;3783;2119
2140;25;91;26;92;0,30049814;-119,52605;0,30049814;119,52605;3784;1877
4372;76;79;77;80;0,3002591;611,30048;0,3002591;611,30048;3785;358
4272;71;84;72;85;0,30024254;1,2944989;0,30024254;1,2944989;3786;4524
91;0;92;1;93;0,29990993;416,95667;0,29990993;416,95667;3787;702
1043;11;65;12;66;0,29977743;-6,426377;0,29977743;6,426377;3788;4364
4327;73;94;74;95;0,29895181;595,8364;0,29895181;595,8364;3789;382
1561;18;23;19;24;0,29878992;-472,96919;0,29878992;472,96919;3790;598
1519;17;58;18;59;0,29833053;-57,205535;0,29833053;57,205535;3791;2922
3904;59;70;60;71;0,29832238;-617,5746;0,29832238;617,5746;3792;350
3608;51;90;52;91;0,29702535;14,404397;0,29702535;14,404397;3793;4124
1671;19;57;20;58;0,29701427;-11,153439;0,29701427;11,153439;3794;4208
1628;18;90;19;91;0,29643235;25,473814;0,29643235;25,473814;3795;3816
2353;29;34;30;35;0,29574881;-13,335118;0,29574881;13,335118;3796;4152
133;1;40;2;41;0,2954406;-144,84079;0,2954406;144,84079;3797;1672
2333;28;80;29;81;0,29480169;49,823468;0,29480169;49,823468;3798;3123
2826;36;73;37;74;0,29423915;-115,77367;0,29423915;115,77367;3799;1918
2326;28;73;29;74;0,29421906;20,479725;0,29421906;20,479725;3800;3959
760;8;37;9;38;0,29420783;98,480838;0,29420783;98,480838;3801;2105
4029;62;93;63;94;0,29317879;-164,63942;0,29317879;164,63942;3802;1546
14;0;15;1;16;0,29281884;1011,128;0,29281884;1011,128;3803;71
953;10;59;11;60;0,29233312;-251,85463;0,29233312;251,85463;3804;1159
1862;22;26;23;27;0,2922147;479,33866;0,2922147;479,33866;3805;582
3262;44;73;45;74;0,29208556;-107,99019;0,29208556;107,99019;3806;1990
3768;55;84;56;85;0,29177598;21,377758;0,29177598;21,377758;3807;3936
658;7;22;8;23;0,29177511;9,7863957;0,29177511;9,7863957;3808;4258
2599;32;88;33;89;0,29164373;61,374418;0,29164373;61,374418;3809;2809
1682;19;68;20;69;0,29010838;-71,946164;0,29010838;71,946164;3810;2533
4453;80;94;81;95;0,29006895;302,45559;0,29006895;302,45559;3811;993
480;5;21;6;22;0,28987618;232,01565;0,28987618;232,01565;3812;1234
2162;26;44;27;45;0,28946972;-52,207762;0,28946972;52,207762;3813;3062
2223;27;37;28;38;0,28939986;71,042083;0,28939986;71,042083;3814;2553
1909;22;73;23;74;0,28934058;364,57828;0,28934058;364,57828;3815;819
92;0;93;1;94;0,28930198;63,264519;0,28930198;63,264519;3816;2751
1774;20;85;21;86;0,28918915;-14,944913;0,28918915;14,944913;3817;4106
600;6;52;7;53;0,28917907;-88,479587;0,28917907;88,479587;3818;2258
448;4;79;5;80;0,28903611;339,13382;0,28903611;339,13382;3819;879
680;7;44;8;45;0,28903013;-126,26904;0,28903013;126,26904;3820;1811
3784;56;61;57;62;0,28837536;-649,92523;0,28837536;649,92523;3821;299
2154;26;36;27;37;0,28731612;486,90346;0,28731612;486,90346;3822;559
2090;25;41;26;42;0,28705162;54,215694;0,28705162;54,215694;3823;3012
672;7;36;8;37;0,28687654;3,6174449;0,28687654;3,6174449;3824;4435
3618;52;57;53;58;0,2864042;-62,939346;0,2864042;62,939346;3825;2757
1629;18;91;19;92;0,28617787;-96,205467;0,28617787;96,205467;3826;2142
41;0;42;1;43;0,28576101;-75,678793;0,28576101;75,678793;3827;2464
2244;27;58;28;59;0,28557571;-567,59887;0,28557571;567,59887;3828;425
2952;38;84;39;85;0,28512442;-293,55839;0,28512442;293,55839;3829;1016
897;9;88;10;89;0,28506726;88,605898;0,28506726;88,605898;3830;2257
2972;39;48;40;49;0,28414513;140,62336;0,28414513;140,62336;3831;1701
174;1;81;2;82;0,28390566;662,27273;0,28390566;662,27273;3832;290
944;10;50;11;51;0,28348096;50,494818;0,28348096;50,494818;3833;3109
3010;39;86;40;87;0,28346826;32,874589;0,28346826;32,874589;3834;3612
3725;54;81;55;82;0,28268279;163,19956;0,28268279;163,19956;3835;1552
2139;25;90;26;91;0,28211208;-281,98192;0,28211208;281,98192;3836;1052
1988;23;80;24;81;0,28173302;-699,48543;0,28173302;699,48543;3837;241
2719;34;85;35;86;0,28131709;-33,305001;0,28131709;33,305001;3838;3596
4040;63;72;64;73;0,28126753;1147,6651;0,28126753;1147,6651;3839;39
3629;52;68;53;69;0,27949832;-99,336231;0,27949832;99,336231;3840;2092
567;6;19;7;20;0,278569;2,0481312;0,278569;2,0481312;3841;4489
1566;18;28;19;29;0,27774479;-70,632538;0,27774479;70,632538;3842;2565
4454;80;95;81;96;0,27770153;98,028516;0,27770153;98,028516;3843;2108
3544;50;70;51;71;0,2774917;49,065451;0,2774917;49,065451;3844;3140
2653;33;80;34;81;0,27703008;67,321001;0,27703008;67,321001;3845;2648
1856;21;93;22;94;0,27667169;293,15817;0,27667169;293,15817;3846;1019
1498;17;37;18;38;0,27664504;-438,3002;0,27664504;438,3002;3847;662
2993;39;69;40;70;0,27612781;89,856995;0,27612781;89,856995;3848;2236
3643;52;82;53;83;0,2760072;532,90352;0,2760072;532,90352;3849;476
321;3;43;4;44;0,27569302;-45,032901;0,27569302;45,032901;3850;3255
4323;73;90;74;91;0,2755315;75,309454;0,2755315;75,309454;3851;2471
442;4;73;5;74;0,27480476;56,273907;0,27480476;56,273907;3852;2955
1718;20;29;21;30;0,27475743;42,978714;0,27475743;42,978714;3853;3313
1651;19;37;20;38;0,27457226;-450,51325;0,27457226;450,51325;3854;640
1915;22;79;23;80;0,27450028;534,51116;0,27450028;534,51116;3855;474
1308;14;84;15;85;0,27400354;11,101342;0,27400354;11,101342;3856;4211
2254;27;68;28;69;0,27386373;-106,63831;0,27386373;106,63831;3857;2009
521;5;62;6;63;0,27336907;377,3861;0,27336907;377,3861;3858;777
3981;61;78;62;79;0,2730636;-198,70759;0,2730636;198,70759;3859;1373
1632;18;94;19;95;0,27301204;-97,472632;0,27301204;97,472632;3860;2113
2804;36;51;37;52;0,27274531;-267,41831;0,27274531;267,41831;3861;1107
1579;18;41;19;42;0,27273136;137,97412;0,27273136;137,97412;3862;1724
3268;44;79;45;80;0,2717553;-83,825833;0,2717553;83,825833;3863;2329
3033;40;54;41;55;0,27114785;118,11964;0,27114785;118,11964;3864;1890
3240;44;51;45;52;0,27059171;-179,99249;0,27059171;179,99249;3865;1453
2573;32;62;33;63;0,27020131;-240,00285;0,27020131;240,00285;3866;1200
2832;36;79;37;80;0,26960171;395,87334;0,26960171;395,87334;3867;742
3420;47;84;48;85;0,26917545;-52,499478;0,26917545;52,499478;3868;3056
4450;80;91;81;92;0,26912097;40,919525;0,26912097;40,919525;3869;3373
1732;20;43;21;44;0,26874234;58,368576;0,26874234;58,368576;3870;2896
4536;88;93;89;94;0,26866625;38,59317;0,26866625;38,59317;3871;3442
1887;22;51;23;52;0,26784673;-215,3523;0,26784673;215,3523;3872;1305
1841;21;78;22;79;0,26744376;-688,38819;0,26744376;688,38819;3873;252
2243;27;57;28;58;0,26695785;-74,922865;0,26695785;74,922865;3874;2485
180;1;87;2;88;0,26679073;139,77387;0,26679073;139,77387;3875;1713
3230;43;92;44;93;0,2665611;92,567644;0,2665611;92,567644;3876;2196
3092;41;59;42;60;0,26563449;70,183281;0,26563449;70,183281;3877;2579
1696;19;82;20;83;0,26539713;409,89191;0,26539713;409,89191;3878;713
2044;24;65;25;66;0,26465818;-459,08145;0,26465818;459,08145;3879;620
8;0;9;1;10;0,26443154;19,735481;0,26443154;19,735481;3880;3981
2581;32;70;33;71;0,26399501;-203,34541;0,26399501;203,34541;3881;1350
2863;37;52;38;53;0,26396219;-542,85581;0,26396219;542,85581;3882;463
4309;73;76;74;77;0,26358176;-655,87779;0,26358176;655,87779;3883;295
2077;25;28;26;29;0,26342453;-108,94157;0,26342453;108,94157;3884;1985
4064;64;65;65;66;0,26264942;-136,96008;0,26264942;136,96008;3885;1730
1529;17;68;18;69;0,26110891;-88,842039;0,26110891;88,842039;3886;2255
1633;18;95;19;96;0,26064463;-281,75621;0,26064463;281,75621;3887;1055
919;10;25;11;26;0,26035299;-424,19142;0,26035299;424,19142;3888;685
1571;18;33;19;34;0,25997318;45,642765;0,25997318;45,642765;3889;3234
2858;37;47;38;48;0,25984678;24,84072;0,25984678;24,84072;3890;3832
4331;74;77;75;78;0,25955576;116,54573;0,25955576;116,54573;3891;1907
1347;15;43;16;44;0,25947002;-42,183487;0,25947002;42,183487;3892;3337
1216;13;73;14;74;0,25941604;17,538708;0,25941604;17,538708;3893;4036
3564;50;90;51;91;0,25898411;-81,694999;0,25898411;81,694999;3894;2354
556;6;8;7;9;0,25893343;85,478543;0,25893343;85,478543;3895;2302
3953;60;84;61;85;0,25874956;-20,811991;0,25874956;20,811991;3896;3948
2143;25;94;26;95;0,25869178;61,955278;0,25869178;61,955278;3897;2794
926;10;32;11;33;0,25800575;838,1894;0,25800575;838,1894;3898;153
160;1;67;2;68;0,2577755;679,16971;0,2577755;679,16971;3899;264
3006;39;82;40;83;0,25656751;423,64422;0,25656751;423,64422;3900;687
3630;52;69;53;70;0,25644691;89,016694;0,25644691;89,016694;3901;2251
2420;30;36;31;37;0,25577159;113,29095;0,25577159;113,29095;3902;1945
3113;41;80;42;81;0,25567446;-24,759687;0,25567446;24,759687;3903;3836
1261;14;37;15;38;0,25501869;-702,83842;0,25501869;702,83842;3904;239
2119;25;70;26;71;0,25436373;-861,20769;0,25436373;861,20769;3905;144
1518;17;57;18;58;0,25420303;28,329139;0,25420303;28,329139;3906;3731
1467;16;84;17;85;0,25411088;-7,4809757;0,25411088;7,4809757;3907;4325
1795;21;32;22;33;0,25369421;793,3283;0,25369421;793,3283;3908;179
2428;30;44;31;45;0,25361799;-103,0064;0,25361799;103,0064;3909;2045
420;4;51;5;52;0,25331091;-634,63936;0,25331091;634,63936;3910;321
3129;42;43;43;44;0,25241219;95,648607;0,25241219;95,648607;3911;2153
1545;17;84;18;85;0,25237719;-144,96348;0,25237719;144,96348;3912;1669
3925;59;91;60;92;0,25218797;-90,921889;0,25218797;90,921889;3913;2223
3490;49;61;50;62;0,25136503;-343,732;0,25136503;343,732;3914;864
4014;62;78;63;79;0,25093665;-223,4519;0,25093665;223,4519;3915;1269
1866;22;30;23;31;0,25087302;61,481883;0,25087302;61,481883;3916;2807
520;5;61;6;62;0,25063118;266,65918;0,25063118;266,65918;3917;1112
3562;50;88;51;89;0,24984298;-24,604648;0,24984298;24,604648;3918;3839
3372;46;84;47;85;0,24974336;6,4334012;0,24974336;6,4334012;3919;4363
3647;52;86;53;87;0,24910646;-685,77478;0,24910646;685,77478;3920;256
1088;12;27;13;28;0,24639199;108,22411;0,24639199;108,22411;3921;1989
2144;25;95;26;96;0,24632437;29,141617;0,24632437;29,141617;3922;3709
912;10;18;11;19;0,24603272;78,766643;0,24603272;78,766643;3923;2405
1683;19;69;20;70;0,24583684;39,175281;0,24583684;39,175281;3924;3425
3742;55;58;56;59;0,24582264;-218,08041;0,24582264;218,08041;3925;1295
805;8;82;9;83;0,24576156;-33,923071;0,24576156;33,923071;3926;3573
2082;25;33;26;34;0,24565291;-916,74237;0,24565291;916,74237;3927;103
4159;67;73;68;74;0,24516326;-28,080338;0,24516326;28,080338;3928;3742
3404;47;68;48;69;0,24431066;-1,9299578;0,24431066;1,9299578;3929;4494
2849;37;38;38;39;0,24389781;-419,48654;0,24389781;419,48654;3930;697
106;1;13;2;14;0,24352273;-3,6985457;0,24352273;3,6985457;3931;4431
587;6;39;7;40;0,24339565;171,5979;0,24339565;171,5979;3932;1506
3594;51;76;52;77;0,24208791;228,10607;0,24208791;228,10607;3933;1249
4257;70;93;71;94;0,24101753;-944,56069;0,24101753;944,56069;3934;94
2303;28;50;29;51;0,24029655;484,48793;0,24029655;484,48793;3935;563
1608;18;70;19;71;0,24004347;-61,372191;0,24004347;61,372191;3936;2810
1797;21;34;22;35;0,2399261;195,96696;0,2399261;195,96696;3937;1387
2270;27;84;28;85;0,23962237;-3,2205597;0,23962237;3,2205597;3938;4449
1967;23;59;24;60;0,23957592;37,933298;0,23957592;37,933298;3939;3464
1292;14;68;15;69;0,23948257;-114,30152;0,23948257;114,30152;3940;1934
169;1;76;2;77;0,239357;199,40119;0,239357;199,40119;3941;1369
1700;19;86;20;87;0,23849639;345,88732;0,23849639;345,88732;3942;858
1194;13;51;14;52;0,23792219;-33,884885;0,23792219;33,884885;3943;3574
3393;47;57;48;58;0,23740477;-157,00508;0,23740477;157,00508;3944;1596
3447;48;64;49;65;0,23738379;-65,697295;0,23738379;65,697295;3945;2692
4498;84;89;85;90;0,23633918;-121,72853;0,23633918;121,72853;3946;1860
399;4;30;5;31;0,23633719;61,205261;0,23633719;61,205261;3947;2816
4320;73;87;74;88;0,23614803;159,88725;0,23614803;159,88725;3948;1571
3896;59;62;60;63;0,23587394;-213,8362;0,23587394;213,8362;3949;1313
3568;50;94;51;95;0,23556381;3,1185927;0,23556381;3,1185927;3950;4453
19;0;20;1;21;0,23539351;231,39765;0,23539351;231,39765;3951;1235
2027;24;48;25;49;0,23537502;-310,40794;0,23537502;310,40794;3952;966
4512;85;93;86;94;0,23528069;-518,27481;0,23528069;518,27481;3953;506
987;10;93;11;94;0,23502827;-157,61731;0,23502827;157,61731;3954;1593
3058;40;79;41;80;0,2345385;-270,8049;0,2345385;270,8049;3955;1094
1078;12;17;13;18;0,23363717;31,493498;0,23363717;31,493498;3956;3646
1281;14;57;15;58;0,23257668;28,323365;0,23257668;28,323365;3957;3733
2552;32;41;33;42;0,23130712;76,830286;0,23130712;76,830286;3958;2441
284;3;6;4;7;0,23116216;54,645129;0,23116216;54,645129;3959;2997
852;9;43;10;44;0,23108272;-270,37317;0,23108272;270,37317;3960;1096
49;0;50;1;51;0,22920726;457,02497;0,22920726;457,02497;3961;625
974;10;80;11;81;0,22897582;59,045561;0,22897582;59,045561;3962;2877
2882;37;71;38;72;0,22877969;-38,773873;0,22877969;38,773873;3963;3439
2936;38;68;39;69;0,22836168;-54,379077;0,22836168;54,379077;3964;3007
97;1;4;2;5;0,22813401;347,65695;0,22813401;347,65695;3965;851
2137;25;88;26;89;0,22671501;-7,7772134;0,22671501;7,7772134;3966;4315
792;8;69;9;70;0,22620126;13,354802;0,22620126;13,354802;3967;4150
4045;63;77;64;78;0,22610419;118,24595;0,22610419;118,24595;3968;1887
2460;30;76;31;77;0,22511419;55,575644;0,22511419;55,575644;3969;2974
1994;23;86;24;87;0,22498319;-26,86061;0,22498319;26,86061;3970;3783
899;9;90;10;91;0,22375982;16,693748;0,22375982;16,693748;3971;4059
3585;51;67;52;68;0,22366942;904,96139;0,22366942;904,96139;3972;110
2696;34;62;35;63;0,22341899;3,5225708;0,22341899;3,5225708;3973;4438
3569;50;95;51;96;0,22319639;34,102386;0,22319639;34,102386;3974;3567
4425;79;81;80;82;0,22300356;1440,3318;0,22300356;1440,3318;3975;14
4244;70;80;71;81;0,22298656;-49,890727;0,22298656;49,890727;3976;3119
2623;33;50;34;51;0,22252494;-78,744801;0,22252494;78,744801;3977;2406
1094;12;33;13;34;0,22229662;67,273564;0,22229662;67,273564;3978;2649
640;6;92;7;93;0,22203025;496,39076;0,22203025;496,39076;3979;543
1156;12;95;13;96;0,22162516;30,254155;0,22162516;30,254155;3980;3686
2925;38;57;39;58;0,2214558;11,023581;0,2214558;11,023581;3981;4217
1173;13;30;14;31;0,22094847;-192,36746;0,22094847;192,36746;3982;1402
2731;35;37;36;38;0,22093938;-34,485567;0,22093938;34,485567;3983;3555
2412;29;93;30;94;0,22084897;148,80051;0,22084897;148,80051;3984;1650
1822;21;59;22;60;0,21936684;-87,587259;0,21936684;87,587259;3985;2273
809;8;86;9;87;0,21886081;18,215831;0,21886081;18,215831;3986;4017
360;3;82;4;83;0,2179903;57,192601;0,2179903;57,192601;3987;2924
2602;32;91;33;92;0,2178606;-8,3165473;0,2178606;8,3165473;3988;4301
1977;23;69;24;70;0,21764274;35,776169;0,21764274;35,776169;3989;3523
676;7;40;8;41;0,21726368;31,154415;0,21726368;31,154415;3990;3660
1108;12;47;13;48;0,21683891;297,23683;0,21683891;297,23683;3991;1005
2158;26;40;27;41;0,21682409;-59,120888;0,21682409;59,120888;3992;2872
563;6;15;7;16;0,21493917;-148,35237;0,21493917;148,35237;3993;1652
1777;20;88;21;89;0,21475779;-79,132504;0,21475779;79,132504;3994;2398
3605;51;87;52;88;0,21465418;496,73916;0,21465418;496,73916;3995;541
1737;20;48;21;49;0,21426759;-709,96578;0,21426759;709,96578;3996;232
115;1;22;2;23;0,21359818;435,53891;0,21359818;435,53891;3997;668
4184;68;71;69;72;0,21324356;-144,9045;0,21324356;144,9045;3998;1671
3858;58;60;59;61;0,21279622;-684,92641;0,21279622;684,92641;3999;258
1626;18;88;19;89;0,21239474;51,203102;0,21239474;51,203102;4000;3088
4519;86;91;87;92;0,21237114;-133,44383;0,21237114;133,44383;4001;1761
2596;32;85;33;86;0,21230321;-306,08848;0,21230321;306,08848;4002;980
1075;12;14;13;15;0,21201082;1,8800877;0,21201082;1,8800877;4003;4497
137;1;44;2;45;0,2108532;-152,48786;0,2108532;152,48786;4004;1623
1155;12;94;13;95;0,20925775;333,27384;0,20925775;333,27384;4005;893
4478;82;92;83;93;0,20885838;1154,8202;0,20885838;1154,8202;4006;38
129;1;36;2;37;0,20869961;6,4462673;0,20869961;6,4462673;4007;4362
3126;41;93;42;94;0,20832964;7,8175577;0,20832964;7,8175577;4008;4313
1441;16;58;17;59;0,20815754;-539,00397;0,20815754;539,00397;4009;467
590;6;42;7;43;0,20788133;-455,23197;0,20788133;455,23197;4010;631
2451;30;67;31;68;0,2066957;86,604579;0,2066957;86,604579;4011;2291
3832;57;71;58;72;0,20633768;-187,92057;0,20633768;187,92057;4012;1418
3885;58;87;59;88;0,20612561;174,71134;0,20612561;174,71134;4013;1478
24;0;25;1;26;0,20607928;-65,568826;0,20607928;65,568826;4014;2698
2730;35;36;36;37;0,2060017;275,29575;0,2060017;275,29575;4015;1076
470;5;11;6;12;0,20593296;189,24136;0,20593296;189,24136;4016;1416
717;7;81;8;82;0,20572874;20,397511;0,20572874;20,397511;4017;3962
2762;35;68;36;69;0,20540326;306,02274;0,20540326;306,02274;4018;981
2199;26;81;27;82;0,20528915;277,73798;0,20528915;277,73798;4019;1062
1940;23;32;24;33;0,20524855;26,599988;0,20524855;26,599988;4020;3789
837;9;28;10;29;0,20507227;-62,461223;0,20507227;62,461223;4021;2777
4230;69;91;70;92;0,20503069;-9,8535856;0,20503069;9,8535856;4022;4253
1089;12;28;13;29;0,204525;-9,2424707;0,204525;9,2424707;4023;4270
4285;72;74;73;75;0,20439242;1304,7774;0,20439242;1304,7774;4024;23
2738;35;44;36;45;0,20384811;350,49607;0,20384811;350,49607;4025;847
3346;46;58;47;59;0,20379002;1065,4984;0,20379002;1065,4984;4026;58
3176;42;90;43;91;0,20243035;-557,2447;0,20243035;557,2447;4027;440
1386;15;82;16;83;0,2017673;-749,61856;0,2017673;749,61856;4028;201
2630;33;57;34;58;0,20173075;40,00967;0,20173075;40,00967;4029;3395
1871;22;35;23;36;0,20110313;-96,670724;0,20110313;96,670724;4030;2131
3856;57;95;58;96;0,2010593;-224,46227;0,2010593;224,46227;4031;1263
1099;12;38;13;39;0,20088994;65,216876;0,20088994;65,216876;4032;2707
903;9;94;10;95;0,20033952;-17,375462;0,20033952;17,375462;4033;4044
1026;11;48;12;49;0,20025578;186,42311;0,20025578;186,42311;4034;1425
3119;41;86;42;87;0,19892463;28,691453;0,19892463;28,691453;4035;3720
2967;39;43;40;44;0,19886479;115,0827;0,19886479;115,0827;4036;1924
2751;35;57;36;58;0,19849737;-175,47395;0,19849737;175,47395;4037;1475
347;3;69;4;70;0,19843;458,71482;0,19843;458,71482;4038;621
2824;36;71;37;72;0,1981614;49,009945;0,1981614;49,009945;4039;3141
1990;23;82;24;83;0,19808244;21,208807;0,19808244;21,208807;4040;3941
2351;29;32;30;33;0,19787149;-122,45065;0,19787149;122,45065;4041;1848
2471;30;87;31;88;0,19768047;76,881201;0,19768047;76,881201;4042;2439
3865;58;67;59;68;0,19711038;-66,37894;0,19711038;66,37894;4043;2663
3260;44;71;45;72;0,1960078;-277,42304;0,1960078;277,42304;4044;1066
3188;43;50;44;51;0,19585843;122,43229;0,19585843;122,43229;4045;1849
1394;15;90;16;91;0,19537252;-18,686862;0,19537252;18,686862;4046;4003
4447;80;88;81;89;0,19533784;19,472769;0,19533784;19,472769;4047;3988
4551;91;93;92;94;0,19488312;-91,12673;0,19488312;91,12673;4048;2221
2641;33;68;34;69;0,19482487;-27,894136;0,19482487;27,894136;4049;3752
3168;42;82;43;83;0,19470947;-649,28754;0,19470947;649,28754;4050;300
4208;68;95;69;96;0,19415341;-140,04111;0,19415341;140,04111;4051;1711
1907;22;71;23;72;0,19326282;-566,70995;0,19326282;566,70995;4052;428
3641;52;80;53;81;0,19235663;54,367325;0,19235663;54,367325;4053;3008
17;0;18;1;19;0,19175902;94,625514;0,19175902;94,625514;4054;2170
3102;41;69;42;70;0,19158418;-11,611603;0,19158418;11,611603;4055;4197
364;3;86;4;87;0,19108955;2,891703;0,19108955;2,891703;4056;4459
3887;58;89;59;90;0,19038584;-18,144188;0,19038584;18,144188;4057;4019
4231;69;92;70;93;0,18929809;63,152119;0,18929809;63,152119;4058;2753
3855;57;94;58;95;0,18869188;-223,99235;0,18869188;223,99235;4059;1267
4546;90;92;91;93;0,18828144;33,779646;0,18828144;33,779646;4060;3579
904;9;95;10;96;0,18797211;-357,22154;0,18797211;357,22154;4061;831
842;9;33;10;34;0,18730065;28,910136;0,18730065;28,910136;4062;3715
1759;20;70;21;71;0,18710907;-695,88009;0,18710907;695,88009;4063;243
404;4;35;5;36;0,1865673;-51,892954;0,1865673;51,892954;4064;3071
557;6;9;7;10;0,18655186;86,825695;0,18655186;86,825695;4065;2286
1151;12;90;13;91;0,18583744;79,594214;0,18583744;79,594214;4066;2387
1132;12;71;13;72;0,18577182;211,93246;0,18577182;211,93246;4067;1319
4477;82;91;83;92;0,1854704;-92,14871;0,1854704;92,14871;4068;2202
2202;26;84;27;85;0,18523498;29,365098;0,18523498;29,365098;4069;3704
148;1;55;2;56;0,18515752;-484,50977;0,18515752;484,50977;4070;562
571;6;23;7;24;0,18491058;53,51666;0,18491058;53,51666;4071;3026
720;7;84;8;85;0,18479539;-161,15671;0,18479539;161,15671;4072;1566
2310;28;57;29;58;0,18395914;23,956597;0,18395914;23,956597;4073;3859
2295;28;42;29;43;0,1837428;36,543368;0,1837428;36,543368;4074;3501
1056;11;78;12;79;0,18350054;781,12923;0,18350054;781,12923;4075;185
2791;36;38;37;39;0,18304328;141,89748;0,18304328;141,89748;4076;1693
1201;13;58;14;59;0,1828576;-134,64297;0,1828576;134,64297;4077;1746
249;2;63;3;64;0,18279135;-152,81992;0,18279135;152,81992;4078;1621
2001;23;93;24;94;0,18227108;-58,557417;0,18227108;58,557417;4079;2888
1373;15;69;16;70;0,18220701;-40,624469;0,18220701;40,624469;4080;3380
4520;86;92;87;93;0,18195764;-89,619672;0,18195764;89,619672;4081;2243
4207;68;94;69;95;0,181786;-30,401057;0,181786;30,401057;4082;3682
1694;19;80;20;81;0,18174656;-27,553939;0,18174656;27,553939;4083;3762
914;10;20;11;21;0,18111981;-634,06643;0,18111981;634,06643;4084;323
2983;39;59;40;60;0,18109086;-262,97274;0,18109086;262,97274;4085;1125
2912;38;44;39;45;0,18088968;-81,021423;0,18088968;81,021423;4086;2372
2610;33;37;34;38;0,17928875;-492,64742;0,17928875;492,64742;4087;549
368;3;90;4;91;0,17914952;85,484247;0,17914952;85,484247;4088;2301
3180;42;94;43;95;0,17901005;59,55596;0,17901005;59,55596;4089;2858
440;4;71;5;72;0,178727;-428,80719;0,178727;428,80719;4090;679
3874;58;76;59;77;0,17869188;-569,43681;0,17869188;569,43681;4091;419
2906;37;95;38;96;0,17861729;55,121933;0,17861729;55,121933;4092;2986
1874;22;38;23;39;0,1781447;49,971484;0,1781447;49,971484;4093;3114
3919;59;85;60;86;0,17797584;-422,80956;0,17797584;422,80956;4094;689
1096;12;35;13;36;0,17793151;-42,325798;0,17793151;42,325798;4095;3331
3969;61;66;62;67;0,17759553;-36,605898;0,17759553;36,605898;4096;3500
2321;28;68;29;69;0,17705325;1438,8329;0,17705325;1438,8329;4097;15
2383;29;64;30;65;0,17689394;43,258677;0,17689394;43,258677;4098;3299
1332;15;28;16;29;0,17668497;-146,68804;0,17668497;146,68804;4099;1657
2770;35;76;36;77;0,17534431;-85,251722;0,17534431;85,251722;4100;2305
1590;18;52;19;53;0,17529973;-10,011127;0,17529973;10,011127;4101;4249
3155;42;69;43;70;0,17514917;9,1393216;0,17514917;9,1393216;4102;4276
2008;24;29;25;30;0,17488517;-468,91132;0,17488517;468,91132;4103;603
1390;15;86;16;87;0,17486656;-63,024763;0,17486656;63,024763;4104;2755
79;0;80;1;81;0,17470212;118,28407;0,17470212;118,28407;4105;1886
891;9;82;10;83;0,17338;42,720388;0,17338;42,720388;4106;3317
2092;25;43;26;44;0,17273046;2,5213199;0,17273046;2,5213199;4107;4475
639;6;91;7;92;0,17229853;14,294568;0,17229853;14,294568;4108;4126
980;10;86;11;87;0,17222599;-307,15789;0,17222599;307,15789;4109;976
3115;41;82;42;83;0,17202388;67,365029;0,17202388;67,365029;4110;2645
1398;15;94;16;95;0,17195222;12,097726;0,17195222;12,097726;4111;4183
1260;14;36;15;37;0,17192239;96,412535;0,17192239;96,412535;4112;2134
1178;13;35;14;36;0,17117859;79,141823;0,17117859;79,141823;4113;2397
2421;30;37;31;38;0,17116949;-717,41365;0,17116949;717,41365;4114;223
483;5;24;6;25;0,17081372;55,809626;0,17081372;55,809626;4115;2966
1268;14;44;15;45;0,1697688;-12,274884;0,1697688;12,274884;4116;4179
2345;28;92;29;93;0,16959388;132,46818;0,16959388;132,46818;4117;1772
523;5;64;6;65;0,16880495;543,89302;0,16880495;543,89302;4118;460
3172;42;86;43;87;0,16780872;-420,02831;0,16780872;420,02831;4119;696
4428;79;84;80;85;0,16752056;115,70536;0,16752056;115,70536;4120;1919
4264;71;76;72;77;0,167504;639,28664;0,167504;639,28664;4121;309
427;4;58;5;59;0,16746888;-375,07575;0,16746888;375,07575;4122;787
2800;36;47;37;48;0,1670943;-138,80601;0,1670943;138,80601;4123;1721
1246;14;22;15;23;0,16702382;48,891634;0,16702382;48,891634;4124;3142
3181;42;95;43;96;0,16664264;52,163597;0,16664264;52,163597;4125;3063
2905;37;94;38;95;0,16624988;61,31175;0,16624988;61,31175;4126;2812
4250;70;86;71;87;0,16623674;-29,318705;0,16623674;29,318705;4127;3707
2615;33;42;34;43;0,16597118;-233,77819;0,16597118;233,77819;4128;1224
3068;40;89;41;90;0,16571988;67,626559;0,16571988;67,626559;4129;2638
38;0;39;1;40;0,16551597;504,63956;0,16551597;504,63956;4130;530
3851;57;90;58;91;0,16527158;45,008557;0,16527158;45,008557;4131;3258
3236;44;47;45;48;0,16494071;-134,17187;0,16494071;134,17187;4132;1751
963;10;69;11;70;0,16488554;45,042152;0,16488554;45,042152;4133;3253
4555;92;94;93;95;0,16486114;158,96342;0,16486114;158,96342;4134;1579
1557;18;19;19;20;0,16468966;-21,337482;0,16468966;21,337482;4135;3937
407;4;38;5;39;0,16360888;62,257358;0,16360888;62,257358;4136;2788
2378;29;59;30;60;0,16354412;-694,78403;0,16354412;694,78403;4137;244
1214;13;71;14;72;0,16333828;-59,15803;0,16333828;59,15803;4138;2871
4084;64;85;65;86;0,16246222;-166,00981;0,16246222;166,00981;4139;1540
1883;22;47;23;48;0,16219573;75,019196;0,16219573;75,019196;4140;2480
803;8;80;9;81;0,16211099;53,173054;0,16211099;53,173054;4141;3037
2290;28;37;29;38;0,16151713;-23,787647;0,16151713;23,787647;4142;3865
2101;25;52;26;53;0,16097946;-492,33032;0,16097946;492,33032;4143;550
306;3;28;4;29;0,16046197;32,998261;0,16046197;32,998261;4144;3606
2064;24;85;25;86;0,16045345;-521,83154;0,16045345;521,83154;4145;499
3476;48;93;49;94;0,16035912;-355,24358;0,16035912;355,24358;4146;837
4496;84;87;85;88;0,16017227;20,091953;0,16017227;20,091953;4147;3975
1399;15;95;16;96;0,15958481;-5,397648;0,15958481;5,397648;4148;4384
1337;15;33;16;34;0,15891335;-359,40217;0,15891335;359,40217;4149;827
4209;69;70;70;71;0,15889629;-16,123321;0,15889629;16,123321;4150;4074
589;6;41;7;42;0,15885202;117,12312;0,15885202;117,12312;4151;1897
1581;18;43;19;44;0,15841019;-468,98546;0,15841019;468,98546;4152;602
4203;68;90;69;91;0,1583657;-100,97976;0,1583657;100,97976;4153;2071
2761;35;67;36;68;0,15692581;-64,222787;0,15692581;64,222787;4154;2727
3968;61;65;62;66;0,15678672;-161,66363;0,15678672;161,66363;4155;1560
2259;27;73;28;74;0,15669793;-607,9148;0,15669793;607,9148;4156;363
1012;11;34;12;35;0,15598288;39,279475;0,15598288;39,279475;4157;3420
372;3;94;4;95;0,15572922;-248,62545;0,15572922;248,62545;4158;1175
2452;30;68;31;69;0,15563337;-12,592056;0,15563337;12,592056;4159;4171
1730;20;41;21;42;0,15442117;19,635878;0,15442117;19,635878;4160;3984
2862;37;51;38;52;0,15419578;18,743481;0,15419578;18,743481;4161;4002
4462;81;89;82;90;0,15418494;122,06524;0,15418494;122,06524;4162;1854
878;9;69;10;70;0,1538197;-33,940254;0,1538197;33,940254;4163;3571
1894;22;58;23;59;0,15293306;-584,31648;0,15293306;584,31648;4164;401
4556;92;95;93;96;0,15249372;12,393964;0,15249372;12,393964;4165;4175
383;4;14;5;15;0,152488;69,785145;0,152488;69,785145;4166;2592
2944;38;76;39;77;0,15238588;1,336094;0,15238588;1,336094;4167;4521
3025;40;46;41;47;0,15231571;-111,10586;0,15231571;111,10586;4168;1967
153;1;60;2;61;0,1521311;303,36071;0,1521311;303,36071;4169;990
2665;33;92;34;93;0,15182227;-559,98894;0,15182227;559,98894;4170;433
813;8;90;9;91;0,15137826;89,941504;0,15137826;89,941504;4171;2234
598;6;50;7;51;0,15132758;80,928844;0,15132758;80,928844;4172;2374
4170;67;84;68;85;0,15115704;0,75746061;0,15115704;0,75746061;4173;4539
1639;19;25;20;26;0,15036939;-895,58962;0,15036939;895,58962;4174;114
1497;17;36;18;37;0,15029605;44,376644;0,15029605;44,376644;4175;3271
3247;44;58;45;59;0,15018808;-179,20658;0,15018808;179,20658;4176;1460
4157;67;71;68;72;0,14908551;615,43131;0,14908551;615,43131;4177;352
2441;30;57;31;58;0,14872749;51,485361;0,14872749;51,485361;4178;3080
2057;24;78;25;79;0,1483813;-741,55951;0,1483813;741,55951;4179;204
1181;13;38;14;39;0,14822016;-85,196147;0,14822016;85,196147;4180;2306
1505;17;44;18;45;0,14814245;-220,48438;0,14814245;220,48438;4181;1283
2811;36;58;37;59;0,14803449;332,57251;0,14803449;332,57251;4182;898
1423;16;40;17;41;0,14794819;-735,63476;0,14794819;735,63476;4183;211
2781;35;87;36;88;0,14791058;-158,80149;0,14791058;158,80149;4184;1584
416;4;47;5;48;0,14765991;36,706683;0,14765991;36,706683;4185;3499
109;1;16;2;17;0,14749241;904,32482;0,14749241;904,32482;4186;111
2550;32;39;33;40;0,14676349;169,02845;0,14676349;169,02845;4187;1523
895;9;86;10;87;0,14647925;28,547959;0,14647925;28,547959;4188;3722
4077;64;78;65;79;0,14637253;-81,383669;0,14637253;81,383669;4189;2363
1483;17;22;18;23;0,14539747;25,653198;0,14539747;25,653198;4190;3811
976;10;82;11;83;0,14532525;506,95096;0,14532525;506,95096;4191;524
741;8;18;9;19;0,14505409;30,961257;0,14505409;30,961257;4192;3668
3012;39;88;40;89;0,14488024;155,89991;0,14488024;155,89991;4193;1603
1534;17;73;18;74;0,14394311;39,054812;0,14394311;39,054812;4194;3430
2699;34;65;35;66;0,14379454;107,18571;0,14379454;107,18571;4195;2002
373;3;95;4;96;0,14336181;-405,97962;0,14336181;405,97962;4196;725
3039;40;60;41;61;0,14330951;-451,69611;0,14330951;451,69611;4197;636
139;1;46;2;47;0,14312489;483,55623;0,14312489;483,55623;4198;568
2901;37;90;38;91;0,14282957;-787,42408;0,14282957;787,42408;4199;183
311;3;33;4;34;0,14269035;57,646243;0,14269035;57,646243;4200;2913
3218;43;80;44;81;0,14135329;-233,05377;0,14135329;233,05377;4201;1226
1300;14;76;15;77;0,141265;28,115046;0,141265;28,115046;4202;3741
1780;20;91;21;92;0,14097466;6,362871;0,14097466;6,362871;4203;4369
3369;46;81;47;82;0,14078077;208,79349;0,14078077;208,79349;4204;1334
1951;23;43;24;44;0,14037973;174,60715;0,14037973;174,60715;4205;1479
4275;71;87;72;88;0,14007027;283,79474;0,14007027;283,79474;4206;1047
1007;11;29;12;30;0,13976593;156,4903;0,13976593;156,4903;4207;1600
4246;70;82;71;83;0,13933599;-407,77826;0,13933599;407,77826;4208;720
2176;26;58;27;59;0,13928164;-173,93218;0,13928164;173,93218;4209;1484
694;7;58;8;59;0,13884205;-115,5145;0,13884205;115,5145;4210;1920
3586;51;68;52;69;0,13865966;-59,052654;0,13865966;59,052654;4211;2876
4516;86;88;87;89;0,13858801;6,9161157;0,13858801;6,9161157;4212;4344
3556;50;82;51;83;0,13815571;1,4982955;0,13815571;1,4982955;4213;4516
3526;50;52;51;53;0,13785149;-91,604716;0,13785149;91,604716;4214;2216
2222;27;36;28;37;0,13754123;-107,63129;0,13754123;107,63129;4215;1995
2559;32;48;33;49;0,13738164;-58,433401;0,13738164;58,433401;4216;2892
1157;13;14;14;15;0,13709928;-174,2922;0,13709928;174,2922;4217;1482
1227;13;84;14;85;0,13690426;468,83633;0,13690426;468,83633;4218;604
3412;47;76;48;77;0,13643691;211,70675;0,13643691;211,70675;4219;1320
1464;16;81;17;82;0,13641325;868,29589;0,13641325;868,29589;4220;135
2230;27;44;28;45;0,13538763;-200,75176;0,13538763;200,75176;4221;1362
2237;27;51;28;52;0,13520408;-267,512;0,13520408;267,512;4222;1105
358;3;80;4;81;0,13433973;27,952075;0,13433973;27,952075;4223;3749
2935;38;67;39;68;0,13396739;37,422899;0,13396739;37,422899;4224;3477
3445;48;62;49;63;0,13281967;1045,7519;0,13281967;1045,7519;4225;63
4377;76;84;77;85;0,13273854;26,69959;0,13273854;26,69959;4226;3787
2884;37;73;38;74;0,13270193;52,745777;0,13270193;52,745777;4227;3048
751;8;28;9;29;0,13269071;221,35828;0,13269071;221,35828;4228;1280
1863;22;27;23;28;0,13264265;262,18592;0,13264265;262,18592;4229;1127
2501;31;53;32;54;0,13246831;11,32107;0,13246831;11,32107;4230;4204
1190;13;47;14;48;0,13227119;18,30841;0,13227119;18,30841;4231;4013
558;6;10;7;11;0,13215338;673,70446;0,13215338;673,70446;4232;272
3950;60;81;61;82;0,13177457;482,64888;0,13177457;482,64888;4233;570
3575;51;57;52;58;0,13175377;33,787784;0,13175377;33,787784;4234;3578
1704;19;90;20;91;0,13174269;-194,8234;0,13174269;194,8234;4235;1394
4227;69;88;70;89;0,13124756;50,57119;0,13124756;50,57119;4236;3107
386;4;17;5;18;0,13086165;29,996942;0,13086165;29,996942;4237;3688
748;8;25;9;26;0,13073382;50,835015;0,13073382;50,835015;4238;3098
182;1;89;2;90;0,12972072;57,332616;0,12972072;57,332616;4239;2918
1712;20;23;21;24;0,12836261;-28,449745;0,12836261;28,449745;4240;3726
573;6;25;7;26;0,12819961;-26,477292;0,12819961;26,477292;4241;3792
1091;12;30;13;31;0,12816162;75,299021;0,12816162;75,299021;4242;2473
817;8;94;9;95;0,12795796;48,742505;0,12795796;48,742505;4243;3150
3229;43;91;44;92;0,12776768;127,59087;0,12776768;127,59087;4244;1803
1664;19;50;20;51;0,12724142;29,434652;0,12724142;29,434652;4245;3702
3409;47;73;48;74;0,12714485;-597,09077;0,12714485;597,09077;4246;379
618;6;70;7;71;0,12616413;-286,25513;0,12616413;286,25513;4247;1042
1063;11;85;12;86;0,12533421;277,05161;0,12533421;277,05161;4248;1067
4451;80;92;81;93;0,12520781;74,010852;0,12520781;74,010852;4249;2506
2955;38;87;39;88;0,12495215;52,947209;0,12495215;52,947209;4250;3041
3763;55;79;56;80;0,12425542;45,27843;0,12425542;45,27843;4251;3244
3017;39;93;40;94;0,12378601;-764,04852;0,12378601;764,04852;4252;194
3707;54;63;55;64;0,12334038;101,03867;0,12334038;101,03867;4253;2068
1291;14;67;15;68;0,1228465;126,25972;0,1228465;126,25972;4254;1812
1512;17;51;18;52;0,12244926;-38,580578;0,12244926;38,580578;4255;3444
1297;14;73;15;74;0,12231676;69,87195;0,12231676;69,87195;4256;2588
3877;58;79;59;80;0,12156722;78,137232;0,12156722;78,137232;4257;2421
453;4;84;5;85;0,12151554;44,363916;0,12151554;44,363916;4258;3272
3651;52;90;53;91;0,12113262;560,37226;0,12113262;560,37226;4259;432
1827;21;64;22;65;0,12107123;18,342005;0,12107123;18,342005;4260;4012
2013;24;34;25;35;0,12086364;70,079224;0,12086364;70,079224;4261;2585
1537;17;76;18;77;0,11963865;47,757392;0,11963865;47,757392;4262;3180
1787;21;24;22;25;0,11906246;-114,5826;0,11906246;114,5826;4263;1930
2698;34;64;35;65;0,11885487;307,03304;0,11885487;307,03304;4264;977
3543;50;69;51;70;0,11859542;-38,028378;0,11859542;38,028378;4265;3461
2216;27;30;28;31;0,11823036;46,440219;0,11823036;46,440219;4266;3216
1384;15;80;16;81;0,11811673;62,322252;0,11811673;62,322252;4267;2785
396;4;27;5;28;0,11810683;-396,0016;0,11810683;396,0016;4268;741
3403;47;67;48;68;0,11801841;216,82249;0,11801841;216,82249;4269;1300
85;0;86;1;87;0,11795229;712,3699;0,11795229;712,3699;4270;226
296;3;18;4;19;0,11728282;-470,87891;0,11728282;470,87891;4271;601
2994;39;70;40;71;0,11723152;-28,052516;0,11723152;28,052516;4272;3744
4186;68;73;69;74;0,11716581;-111,61981;0,11716581;111,61981;4273;1964
1811;21;48;22;49;0,11631256;-371,18571;0,11631256;371,18571;4274;800
4107;65;78;66;79;0,11627688;-529,36851;0,11627688;529,36851;4275;483
818;8;95;9;96;0,11559055;37,639493;0,11559055;37,639493;4276;3473
1160;13;17;14;18;0,11547293;-282,45656;0,11547293;282,45656;4277;1049
2131;25;82;26;83;0,11502774;-225,62663;0,11502774;225,62663;4278;1258
756;8;33;9;34;0,11491909;91,981986;0,11491909;91,981986;4279;2205
3076;41;43;42;44;0,11432117;36,242539;0,11432117;36,242539;4280;3507
566;6;18;7;19;0,11387934;30,721501;0,11387934;30,721501;4281;3673
1311;14;87;15;88;0,11383127;3,0444474;0,11383127;3,0444474;4282;4457
1642;19;28;20;29;0,11305513;-84,161439;0,11305513;84,161439;4283;2322
4474;82;88;83;89;0,11168727;122,73207;0,11168727;122,73207;4284;1843
3560;50;86;51;87;0,11125497;12,467065;0,11125497;12,467065;4285;4174
933;10;39;11;40;0,11124226;-52,427559;0,11124226;52,427559;4286;3057
1748;20;59;21;60;0,11121331;-423,2262;0,11121331;423,2262;4287;688
2941;38;73;39;74;0,11119588;71,344163;0,11119588;71,344163;4288;2549
1112;12;51;13;52;0,11118791;226,46025;0,11118791;226,46025;4289;1256
3166;42;80;43;81;0,1110589;62,886974;0,1110589;62,886974;4290;2760
3789;56;66;57;67;0,11077983;-60,359393;0,11077983;60,359393;4291;2833
68;0;69;1;70;0,11061184;3,6683597;0,11061184;3,6683597;4292;4433
3034;40;55;41;56;0,11028308;227,77506;0,11028308;227,77506;4293;1251
3834;57;73;58;74;0,11025992;-458,16944;0,11025992;458,16944;4294;622
3423;47;87;48;88;0,10900318;508,07366;0,10900318;508,07366;4295;522
1708;19;94;20;95;0,10832238;62,71691;0,10832238;62,71691;4296;2767
1630;18;92;19;93;0,10815091;76,706477;0,10815091;76,706477;4297;2446
773;8;50;9;51;0,10760585;236,30848;0,10760585;236,30848;4298;1212
22;0;23;1;24;0,1070309;57,92182;0,1070309;57,92182;4299;2904
691;7;55;8;56;0,10698059;46,803716;0,10698059;46,803716;4300;3206
1920;22;84;23;85;0,10697972;20,701886;0,10697972;20,701886;4301;3951
2262;27;76;28;77;0,10688383;-3,4194216;0,10688383;3,4194216;4302;4442
177;1;84;2;85;0,10661846;25,30375;0,10661846;25,30375;4303;3823
2173;26;55;27;56;0,10654101;-421,52946;0,10654101;421,52946;4304;692
3387;47;51;48;52;0,105651;-316,17173;0,105651;316,17173;4305;940
1491;17;30;18;31;0,10547554;-919,45997;0,10547554;919,45997;4306;101
4000;62;64;63;65;0,10456412;-1,3593245;0,10456412;1,3593245;4307;4520
3273;44;84;45;85;0,10423474;-161,20888;0,10423474;161,20888;4308;1565
3442;48;59;49;60;0,10305427;-180,39869;0,10305427;180,39869;4309;1449
303;3;25;4;26;0,10296256;13,878906;0,10296256;13,878906;4310;4137
1170;13;27;14;28;0,10271811;49,227378;0,10271811;49,227378;4311;3138
861;9;52;10;53;0,1026272;52,122002;0,1026272;52,122002;4312;3064
2041;24;62;25;63;0,10255535;-255,17994;0,10255535;255,17994;4313;1148
2305;28;52;29;53;0,10244507;-65,927662;0,10244507;65,927662;4314;2678
2837;36;84;37;85;0,10208115;37,7841;0,10208115;37,7841;4315;3468
1528;17;67;18;68;0,10122016;82,844197;0,10122016;82,844197;4316;2343
1322;15;18;16;19;0,10105983;-13,117548;0,10105983;13,117548;4317;4157
1275;14;51;15;52;0,10082291;-3,1361187;0,10082291;3,1361187;4318;4452
1620;18;82;19;83;0,10070747;31,240038;0,10070747;31,240038;4319;3656
3765;55;81;56;82;0,098748145;-240,95305;0,098748145;240,95305;4320;1198
636;6;88;7;89;0,098515401;189,86979;0,098515401;189,86979;4321;1410
258;2;72;3;73;0,098476175;889,24838;0,098476175;889,24838;4322;120
3655;52;94;53;95;0,097712318;38,274746;0,097712318;38,274746;4323;3453
628;6;80;7;81;0,096822438;71,000419;0,096822438;71,000419;4324;2554
4261;71;73;72;74;0,096077758;-631,66252;0,096077758;631,66252;4325;329
3314;45;75;46;76;0,095969543;-727,22731;0,095969543;727,22731;4326;215
1709;19;95;20;96;0,095954973;28,626627;0,095954973;28,626627;4327;3721
2118;25;69;26;70;0,095467444;12,883565;0,095467444;12,883565;4328;4164
1647;19;33;20;34;0,095283516;-417,23086;0,095283516;417,23086;4329;701
90;0;91;1;92;0,094418853;276,96244;0,094418853;276,96244;4330;1068
1580;18;42;19;43;0,094001994;50,890452;0,094001994;50,890452;4331;3095
524;5;65;6;66;0,093844466;6,4080125;0,093844466;6,4080125;4332;4365
2141;25;92;26;93;0,093830643;-628,60117;0,093830643;628,60117;4333;333
1548;17;87;18;88;0,092204925;109,39744;0,092204925;109,39744;4334;1981
828;9;19;10;20;0,092017136;-55,629129;0,092017136;55,629129;4335;2973
3948;60;79;61;80;0,091228996;406,30166;0,091228996;406,30166;4336;724
81;0;82;1;83;0,091051543;43,0562;0,091051543;43,0562;4337;3310
889;9;80;10;81;0,089729425;-635,01322;0,089729425;635,01322;4338;318
2919;38;51;39;52;0,089702029;28,998124;0,089702029;28,998124;4339;3713
1134;12;73;13;74;0,089694059;-79,279406;0,089694059;79,279406;4340;2393
2431;30;47;31;48;0,088677285;54,855744;0,088677285;54,855744;4341;2990
2253;27;67;28;68;0,088465338;289,46484;0,088465338;289,46484;4342;1034
2767;35;73;36;74;0,088237451;-104,80615;0,088237451;104,80615;4343;2027
2135;25;86;26;87;0,088126994;-521,95653;0,088126994;521,95653;4344;498
937;10;43;11;44;0,08762253;123,06879;0,08762253;123,06879;4345;1841
1329;15;25;16;26;0,086739561;-403,20192;0,086739561;403,20192;4346;730
1462;16;79;17;80;0,086590314;682,80399;0,086590314;682,80399;4347;262
1996;23;88;24;89;0,086395178;-44,542255;0,086395178;44,542255;4348;3269
3656;52;95;53;96;0,085344906;38,068723;0,085344906;38,068723;4349;3459
2625;33;52;34;53;0,084673449;-627,14287;0,084673449;627,14287;4350;334
3224;43;86;44;87;0,084603464;42,098909;0,084603464;42,098909;4351;3340
2965;39;41;40;42;0,084543628;-0,9648036;0,084543628;0,9648036;4352;4534
999;11;21;12;22;0,083943214;589,55394;0,083943214;589,55394;4353;396
1254;14;30;15;31;0,083849195;-791,26786;0,083849195;791,26786;4354;180
4441;80;82;81;83;0,083650572;108,284;0,083650572;108,284;4355;1988
3367;46;79;47;80;0,082222792;373,64881;0,082222792;373,64881;4356;792
3208;43;70;44;71;0,081633275;-6,5793275;0,081633275;6,5793275;4357;4359
3138;42;52;43;53;0,081297733;-660,54448;0,081297733;660,54448;4358;291
1607;18;69;19;70;0,081147178;-257,99701;0,081147178;257,99701;4359;1142
40;0;41;1;42;0,08097234;110,13014;0,08097234;110,13014;4360;1972
328;3;50;4;51;0,079834587;3,3697577;0,079834587;3,3697577;4361;4445
2091;25;42;26;43;0,079681728;-770,67754;0,079681728;770,67754;4362;192
2273;27;87;28;88;0,079450105;576,63497;0,079450105;576,63497;4363;412
119;1;26;2;27;0,078616512;107,85491;0,078616512;107,85491;4364;1993
100;1;7;2;8;0,078176927;-29,627947;0,078176927;29,627947;4365;3698
5;0;6;1;7;0,077879678;317,80156;0,077879678;317,80156;4366;936
3207;43;69;44;70;0,077263013;219,19747;0,077263013;219,19747;4367;1288
1721;20;32;21;33;0,076885941;117,46018;0,076885941;117,46018;4368;1895
3468;48;85;49;86;0,074921568;146,42895;0,074921568;146,42895;4369;1660
3589;51;71;52;72;0,07458391;-150,07102;0,07458391;150,07102;4370;1642
1356;15;52;16;53;0,0742399;-221,47736;0,0742399;221,47736;4371;1278
696;7;60;8;61;0,07395417;-42,801557;0,07395417;42,801557;4372;3314
1624;18;86;19;87;0,073806728;11,434515;0,073806728;11,434515;4373;4199
4534;88;91;89;92;0,07378313;1276,826;0,07378313;1276,826;4374;29
3495;49;66;50;67;0,073769494;38,800307;0,073769494;38,800307;4375;3437
2178;26;60;27;61;0,073514585;-203,46338;0,073514585;203,46338;4376;1349
2422;30;38;31;39;0,072728312;-841,15441;0,072728312;841,15441;4377;150
827;9;18;10;19;0,072672524;-622,2817;0,072672524;622,2817;4378;344
732;8;9;9;10;0,072381563;44,15803;0,072381563;44,15803;4379;3274
2381;29;62;30;63;0,072329821;-213,37553;0,072329821;213,37553;4380;1316
3015;39;91;40;92;0,071097115;-82,575781;0,071097115;82,575781;4381;2348
3566;50;92;51;93;0,070702671;-17,051472;0,070702671;17,051472;4382;4050
1656;19;42;20;43;0,070687666;-487,88016;0,070687666;487,88016;4383;558
1728;20;39;21;40;0,069877546;735,43013;0,069877546;735,43013;4384;212
652;7;16;8;17;0,069315487;-27,412672;0,069315487;27,412672;4385;3767
1409;16;26;17;27;0,068875902;488,60026;0,068875902;488,60026;4386;556
4433;79;89;80;90;0,068818619;110,00737;0,068818619;110,00737;4387;1974
2221;27;35;28;36;0,068460476;-117,70891;0,068460476;117,70891;4388;1894
1040;11;62;12;63;0,067436105;-519,33616;0,067436105;519,33616;4389;504
3653;52;92;53;93;0,067148818;355,14426;0,067148818;355,14426;4390;838
2745;35;51;36;52;0,066743603;-42,065382;0,066743603;42,065382;4391;3342
682;7;46;8;47;0,064947966;4,0642002;0,064947966;4,0642002;4392;4419
2164;26;46;27;47;0,06450838;95,798148;0,06450838;95,798148;4393;2150
4219;69;80;70;81;0,064090276;-171,1718;0,064090276;171,1718;4394;1508
1323;15;19;16;20;0,063629833;7,2865675;0,063629833;7,2865675;4395;4331
1354;15;50;16;51;0,063611589;333,48098;0,063611589;333,48098;4396;892
172;1;79;2;80;0,060902101;993,8387;0,060902101;993,8387;4397;75
151;1;58;2;59;0,060665123;-460,63706;0,060665123;460,63706;4398;618
2257;27;71;28;72;0,060620168;-23,146277;0,060620168;23,146277;4399;3878
2367;29;48;30;49;0,060489849;-47,97969;0,060489849;47,97969;4400;3172
3121;41;88;42;89;0,060336617;53,331572;0,060336617;53,331572;4401;3030
1978;23;70;24;71;0,058746452;-73,146483;0,058746452;73,146483;4402;2513
1947;23;39;24;40;0,058485067;-13,211309;0,058485067;13,211309;4403;4154
834;9;25;10;26;0,058352257;-77,361826;0,058352257;77,361826;4404;2433
2840;36;87;37;88;0,058091121;711,34444;0,058091121;711,34444;4405;229
330;3;52;4;53;0,058016903;26,449539;0,058016903;26,449539;4406;3793
4021;62;85;63;86;0,057898102;-193,03172;0,057898102;193,03172;4407;1398
3220;43;82;44;83;0,057702717;17,348891;0,057702717;17,348891;4408;4046
2455;30;71;31;72;0,057610193;28,199487;0,057610193;28,199487;4409;3737
3927;59;93;60;94;0,057304849;-342,52939;0,057304849;342,52939;4410;872
4445;80;86;81;87;0,056749826;33,726161;0,056749826;33,726161;4411;3582
3136;42;50;43;51;0,056553756;-100,68345;0,056553756;100,68345;4412;2076
1706;19;92;20;93;0,056538751;152,31668;0,056538751;152,31668;4413;1628
3276;44;87;45;88;0,055937528;-66,828128;0,055937528;66,828128;4414;2657
1792;21;29;22;30;0,055822712;578,91625;0,055822712;578,91625;4415;409
1496;17;35;18;36;0,055705656;-36,031856;0,055705656;36,031856;4416;3513
3773;55;89;56;90;0,055436799;75,944845;0,055436799;75,944845;4417;2460
4288;72;77;73;78;0,055163335;512,43924;0,055163335;512,43924;4418;517
3554;50;80;51;81;0,05450514;50,693817;0,05450514;50,693817;4419;3102
9;0;10;1;11;0,054273704;141,9335;0,054273704;141,9335;4420;1692
3226;43;88;44;89;0,053984549;296,7969;0,053984549;296,7969;4421;1009
1782;20;93;21;94;0,053908462;-396,4206;0,053908462;396,4206;4422;739
1923;22;87;23;88;0,053192548;-172,95764;0,053192548;172,95764;4423;1493
917;10;23;11;24;0,052757197;-24,930095;0,052757197;24,930095;4424;3831
725;7;89;8;90;0,051543793;-130,26327;0,051543793;130,26327;4425;1783
2207;26;89;27;90;0,051104207;68,310637;0,051104207;68,310637;4426;2625
765;8;42;9;43;0,051052092;100,0063;0,051052092;100,0063;4427;2086
493;5;34;6;35;0,049950078;168,59435;0,049950078;168,59435;4428;1527
2419;30;35;31;36;0,049769886;-21,839743;0,049769886;21,839743;4429;3926
2820;36;67;37;68;0,049075889;620,31202;0,049075889;620,31202;4430;348
69;0;70;1;71;0,048284449;593,78542;0,048284449;593,78542;4431;389
1532;17;71;18;72;0,047865349;-41,168531;0,047865349;41,168531;4432;3365
297;3;19;4;20;0,047406835;76,91716;0,047406835;76,91716;4433;2438
3256;44;67;45;68;0,046922295;-116,9022;0,046922295;116,9022;4434;1902
4255;70;91;71;92;0,046134404;-123,12207;0,046134404;123,12207;4435;1839
3882;58;84;59;85;0,04595334;-22,492522;0,04595334;22,492522;4436;3902
2224;27;38;28;39;0,045502049;70,962233;0,045502049;70,962233;4437;2556
287;3;9;4;10;0,044610301;610,39194;0,044610301;610,39194;4438;361
591;6;43;7;44;0,044530852;-3,9474151;0,044530852;3,9474151;4439;4422
1903;22;67;23;68;0,044177316;-96,867359;0,044177316;96,867359;4440;2128
738;8;15;9;16;0,043994259;0,64756217;0,043994259;0,64756217;4441;4542
263;2;77;3;78;0,04331284;320,53648;0,04331284;320,53648;4442;930
1098;12;37;13;38;0,04300787;57,193714;0,04300787;57,193714;4443;2923
3343;46;55;47;56;0,042032626;-272,15101;0,042032626;272,15101;4444;1089
1848;21;85;22;86;0,041390993;-177,21694;0,041390993;177,21694;4445;1469
985;10;91;11;92;0,040145149;20,484385;0,040145149;20,484385;4446;3957
634;6;86;7;87;0,040072611;-593,45072;0,040072611;593,45072;4447;390
2741;35;47;36;48;0,038907399;32,462405;0,038907399;32,462405;4448;3623
456;4;87;5;88;0,038656724;445,82938;0,038656724;445,82938;4449;649
2457;30;73;31;74;0,038467565;57,234196;0,038467565;57,234196;4450;2919
1438;16;55;17;56;0,037665104;-363,13014;0,037665104;363,13014;4451;823
1588;18;50;19;51;0,037448238;-17,604785;0,037448238;17,604785;4452;4035
1042;11;64;12;65;0,037128013;-200,35473;0,037128013;200,35473;4453;1364
3485;49;56;50;57;0,037010334;-945,74355;0,037010334;945,74355;4454;92
815;8;92;9;93;0,036903177;104,52716;0,036903177;104,52716;4455;2030
2663;33;90;34;91;0,036459171;-531,11971;0,036459171;531,11971;4456;478
4549;90;95;91;96;0,035787714;68,974962;0,035787714;68,974962;4457;2608
901;9;92;10;93;0,035478386;4,649789;0,035478386;4,649789;4458;4404
859;9;50;10;51;0,035224286;18,038743;0,035224286;18,038743;4459;4021
1002;11;24;12;25;0,035119246;-517,67525;0,035119246;517,67525;4460;509
1179;13;36;14;37;0,034823117;-7,3663487;0,034823117;7,3663487;4461;4329
1251;14;27;15;28;0,034381166;75,130071;0,034381166;75,130071;4462;2476
2570;32;59;33;60;0,03432737;-476,78633;0,03432737;476,78633;4463;589
1259;14;35;15;36;0,034079309;-54,43347;0,034079309;54,43347;4464;3004
982;10;88;11;89;0,033637981;-33,998261;0,033637981;33,998261;4465;3568
42;0;43;1;44;0,033348826;95,427628;0,033348826;95,427628;4466;2155
3744;55;60;56;61;0,033026422;-957,13362;0,033026422;957,13362;4467;89
1499;17;38;18;39;0,032747229;249,91048;0,032747229;249,91048;4468;1169
617;6;69;7;70;0,032732161;69,170621;0,032732161;69,170621;4469;2604
3103;41;70;42;71;0,032687891;-52,259928;0,032687891;52,259928;4470;3059
1187;13;44;14;45;0,032669524;123,6187;0,032669524;123,6187;4471;1835
2129;25;80;26;81;0,031377168;43,906659;0,031377168;43,906659;4472;3280
3407;47;71;48;72;0,031067092;114,88384;0,031067092;114,88384;4473;1926
2829;36;76;37;77;0,030657394;556,19628;0,030657394;556,19628;4474;442
775;8;52;9;53;0,030245641;95,742436;0,030245641;95,742436;4475;2152
1165;13;22;14;23;0,029924544;8,2817702;0,029924544;8,2817702;4476;4305
436;4;67;5;68;0,029641491;429,77499;0,029641491;429,77499;4477;678
2233;27;47;28;48;0,029553076;-373,4912;0,029553076;373,4912;4478;793
3265;44;76;45;77;0,0285038;-7,9890102;0,0285038;7,9890102;4479;4312
824;9;15;10;16;0,028387304;-56,036516;0,028387304;56,036516;4480;2964
286;3;8;4;9;0,027771262;172,09668;0,027771262;172,09668;4481;1502
4252;70;88;71;89;0,027648726;-93,414899;0,027648726;93,414899;4482;2185
2712;34;78;35;79;0,02751766;74,25054;0,02751766;74,25054;4483;2498
1129;12;68;13;69;0,027471748;-107,54455;0,027471748;107,54455;4484;1997
4380;76;87;77;88;0,027433728;440,47298;0,027433728;440,47298;4485;658
4472;82;86;83;87;0,026900746;64,492591;0,026900746;64,492591;4486;2718
935;10;41;11;42;0,026698637;20,197192;0,026698637;20,197192;4487;3971
1295;14;71;15;72;0,026239002;-17,521526;0,026239002;17,521526;4488;4038
1949;23;41;24;42;0,026058561;-463,67406;0,026058561;463,67406;4489;610
1912;22;76;23;77;0,025758821;233,27732;0,025758821;233,27732;4490;1225
4548;90;94;91;95;0,023420302;81,325661;0,023420302;81,325661;4491;2364
320;3;42;4;43;0,023280831;69,459903;0,023280831;69,459903;4492;2596
1230;13;87;14;88;0,023268004;68,61049;0,023268004;68,61049;4493;2617
2099;25;50;26;51;0,023127972;-88,627878;0,023127972;88,627878;4494;2256
2604;32;93;33;94;0,022977479;685,44404;0,022977479;685,44404;4495;257
2732;35;38;36;39;0,022958427;-37,858245;0,022958427;37,858245;4496;3466
2868;37;57;38;58;0,022442007;34,363847;0,022442007;34,363847;4497;3560
537;5;78;6;79;0,022432419;145,21242;0,022432419;145,21242;4498;1668
3958;60;89;61;90;0,022410377;-17,754189;0,022410377;17,754189;4499;4031
1241;14;17;15;18;0,021626346;-271,96223;0,021626346;271,96223;4500;1090
3591;51;73;52;74;0,021493848;-715,55255;0,021493848;715,55255;4501;224
851;9;42;10;43;0,021329471;39,550186;0,021329471;39,550186;4502;3408
87;0;88;1;89;0,020635723;191,30618;0,020635723;191,30618;4503;1405
1118;12;57;13;58;0,020565863;-164,3025;0,020565863;164,3025;4504;1549
742;8;19;9;20;0,019635573;57,460041;0,019635573;57,460041;4505;2915
4221;69;82;70;83;0,019560296;-59,864087;0,019560296;59,864087;4506;2850
405;4;36;5;37;0,019434398;-70,947278;0,019434398;70,947278;4507;2557
2343;28;90;29;91;0,018687554;10,804966;0,018687554;10,804966;4508;4227
4162;67;76;68;77;0,018418495;428,24497;0,018418495;428,24497;4509;681
1472;16;89;17;90;0,017771695;61,155528;0,017771695;61,155528;4510;2818
2286;28;33;29;34;0,017771617;-13,646449;0,017771617;13,646449;4511;4141
2197;26;79;27;80;0,017714412;715,47757;0,017714412;715,47757;4512;225
413;4;44;5;45;0,017280804;-81,105933;0,017280804;81,105933;4513;2369
715;7;79;8;80;0,017274827;-6,6892947;0,017274827;6,6892947;4514;4357
2348;28;95;29;96;0,01710016;1,1162971;0,01710016;1,1162971;4515;4528
1618;18;80;19;81;0,017056902;-408,20415;0,017056902;408,20415;4516;717
2435;30;51;31;52;0,016973717;31,761983;0,016973717;31,761983;4517;3641
1508;17;47;18;48;0,016798256;68,867359;0,016798256;68,867359;4518;2611
1825;21;62;22;63;0,016507109;-7,5815544;0,016507109;7,5815544;4519;4320
293;3;15;4;16;0,016222998;10,497045;0,016222998;10,497045;4520;4235
2915;38;47;39;48;0,015948973;34,503931;0,015948973;34,503931;4521;3554
2879;37;68;38;69;0,015536122;-28,180009;0,015536122;28,180009;4522;3739
382;4;13;5;14;0,01538872;20,422968;0,01538872;20,422968;4523;3961
2939;38;71;39;72;0,015118119;39,496976;0,015118119;39,496976;4524;3410
391;4;22;5;23;0,014535825;204,28893;0,014535825;204,28893;4525;1345
2404;29;85;30;86;0,014431719;-102,67643;0,014431719;102,67643;4526;2048
1563;18;25;19;26;0,014320266;-6,4914775;0,014320266;6,4914775;4527;4361
1210;13;67;14;68;0,014252772;77,247062;0,014252772;77,247062;4528;2434
3178;42;92;43;93;0,014148915;-481,1012;0,014148915;481,1012;4529;575
3124;41;91;42;92;0,013446513;11,980873;0,013446513;11,980873;4530;4186
3377;46;89;47;90;0,013404173;170,70766;0,013404173;170,70766;4531;1511
630;6;82;7;83;0,013171865;322,72873;0,013171865;322,72873;4532;928
2667;33;94;34;95;0,013038869;59,308272;0,013038869;59,308272;4533;2869
1488;17;27;18;28;0,01275482;39,557142;0,01275482;39,557142;4534;3406
1999;23;91;24;92;0,012612048;-122,82235;0,012612048;122,82235;4535;1842
4559;94;95;95;96;0,012367412;490,00654;0,012367412;490,00654;4536;553
3060;40;81;41;82;0,01153494;-571,94957;0,01153494;571,94957;4537;415
445;4;76;5;77;0,011222996;-42,138208;0,011222996;42,138208;4538;3339
1262;14;38;15;39;0,011120883;-325,66015;0,011120883;325,66015;4539;917
1666;19;52;20;53;0,010610067;-476,99931;0,010610067;476,99931;4540;588
370;3;92;4;93;0,0091319155;133,68798;0,0091319155;133,68798;4541;1760
4173;67;87;68;88;0,0090152324;370,53085;0,0090152324;370,53085;4542;804
3348;46;60;47;61;0,0090062041;-122,02247;0,0090062041;122,02247;4543;1855
2765;35;71;36;72;0,0078403071;-164,65681;0,0078403071;164,65681;4544;1545
4225;69;86;70;87;0,0073404501;26,58385;0,0073404501;26,58385;4545;3790
1396;15;92;16;93;0,0070910821;15,021492;0,0070910821;15,021492;4546;4103
1346;15;42;16;43;0,007057833;-248,27022;0,007057833;248,27022;4547;1177
3829;57;68;58;69;0,006905885;-173,37442;0,006905885;173,37442;4548;1490
964;10;70;11;71;0,0059892549;-851,64402;0,0059892549;851,64402;4549;146
1872;22;36;23;37;0,0048985731;31,361758;0,0048985731;31,361758;4550;3652
1271;14;47;15;48;0,00482809;32,919456;0,00482809;32,919456;4551;3610
2347;28;94;29;95;0,0047327479;9,9010227;0,0047327479;9,9010227;4552;4252
1443;16;60;17;61;0,0046386823;90,729914;0,0046386823;90,729914;4553;2225
1429;16;46;17;47;0,0043675218;81,247199;0,0043675218;81,247199;4554;2367
1219;13;76;14;77;0,0041657235;-4,7818733;0,0041657235;4,7818733;4555;4400
1880;22;44;23;45;0,0027449792;-154,87097;0,0027449792;154,87097;4556;1611
2797;36;44;37;45;0,0021535939;-116,21931;0,0021535939;116,21931;4557;1912
2043;24;64;25;65;0,0020087674;-155,47513;0,0020087674;155,47513;4558;1607
2668;33;95;34;96;0,00067145705;57,742299;0,00067145705;57,742299;4559;2912
662;7;26;8;27;0,0004395852;-84,132572;0,0004395852;84,132572;4560;2323
