iteration;n_subjects_A;n_subjects_B;n_valid_items;skipped;raw_calorie_split_spearman;raw_calorie_split_pearson;raw_calorie_spearman_brown;raw_calorie_corr_ceiling;raw_calorie_r2_ceiling;resclip_split_spearman;resclip_split_pearson;resclip_spearman_brown;resclip_corr_ceiling;resclip_r2_ceiling;split_A_clip_cv_r2;split_B_clip_cv_r2;split_A_clip_spearman;split_B_clip_spearman
1;12;13;96;False;0,95763867;0,98389262;0,97836101;0,98912133;0,97836101;0,82513565;0,84683935;0,90419104;0,9508896;0,90419104;0,74949671;0,75913828;0,8539037;0,86249042
2;12;13;96;False;0,94555135;0,98362657;0,97201377;0,98590759;0,97201377;0,88825285;0,90125186;0,94081982;0,96995867;0,94081982;0,76134659;0,76322936;0,85768256;0,86525183
3;12;13;96;False;0,9430116;0,9850746;0,97067006;0,9852259;0,97067006;0,78709984;0,81024269;0,88086834;0,93854587;0,88086834;0,76018526;0,74382682;0,85207241;0,85161408
4;12;13;96;False;0,93370728;0,97943651;0,96571729;0,98270916;0,96571729;0,84011123;0,86182149;0,91310918;0,95556747;0,91310918;0,74632054;0,76790245;0,83903064;0,87752901
5;12;13;96;False;0,94651166;0,98243726;0,97252092;0,98616476;0,97252092;0,79686652;0,82109683;0,88695127;0,9417809;0,88695127;0,77141881;0,73956687;0,87023905;0,85107927
6;12;13;96;False;0,95094621;0,98620755;0,97485641;0,98734817;0,97485641;0,89934889;0,91661653;0,94700757;0,97314314;0,94700757;0,76801272;0,75842749;0,88022437;0,85435715
7;12;13;96;False;0,94744107;0,98402691;0,97301128;0,98641334;0,97301128;0,77763158;0,81073075;0,87490748;0,93536489;0,87490748;0,75236356;0,73597154;0,86283726;0,84331899
8;12;13;96;False;0,95199837;0,98253845;0,97540898;0,98762796;0,97540898;0,84138633;0,86150391;0,91386182;0,9559612;0,91386182;0,73277171;0,78675816;0,85428063;0,86927799
9;12;13;96;False;0,94604952;0,98170025;0,97227692;0,98604104;0,97227692;0,83513294;0,84678017;0,9101607;0,95402343;0,9101607;0,7810542;0,73874491;0,87348027;0,85182045
10;12;13;96;False;0,95684863;0,98721244;0,97794854;0,98891281;0,97794854;0,9005019;0,89593022;0,94764641;0,97347132;0,94764641;0,75367977;0,76285244;0,87196183;0,85001831
11;12;13;96;False;0,9521744;0,98867091;0,97550137;0,98767473;0,97550137;0,89879273;0,90629712;0,94669915;0,97298466;0,94669915;0,76423088;0,75625771;0,86309407;0,86085007
12;12;13;96;False;0,94505092;0,98627361;0,97174928;0,98577344;0,97174928;0,85307922;0,87621555;0,92071533;0,95953912;0,92071533;0,75436769;0,75714672;0,8596233;0,85632217
13;12;13;96;False;0,94649167;0,98380268;0,97251038;0,98615941;0,97251038;0,87765871;0,8887542;0,9348437;0,96687316;0,9348437;0,74029375;0,77567857;0,84910946;0,87046671
14;12;13;96;False;0,94363938;0,98551153;0,97100253;0,98539461;0,97100253;0,89640532;0,90590935;0,94537313;0,972303;0,94537313;0,77167712;0,75200709;0,86771389;0,8568638
15;12;13;96;False;0,93419201;0,98168996;0,96597649;0,98284103;0,96597649;0,86899078;0,88580303;0,92990376;0,96431518;0,92990376;0,75435296;0,76405549;0,85634737;0,86789318
16;12;13;96;False;0,94943247;0,98548405;0,97406038;0,98694497;0,97406038;0,82581389;0,85050148;0,9045981;0,95110362;0,9045981;0,7542277;0,75641863;0,85217804;0,86790469
17;12;13;96;False;0,95665503;0,98315779;0,97784742;0,98886168;0,97784742;0,80442214;0,80725709;0,89161191;0,94425204;0,89161191;0,76625664;0,73992889;0,87387452;0,84217666
18;12;13;96;False;0,94402599;0,98587426;0,97120717;0,98549844;0,97120717;0,83891753;0,86567631;0,91240364;0,95519822;0,91240364;0,75741658;0,75708912;0,85061892;0,86447662
19;12;13;96;False;0,94724669;0,98335502;0,97290877;0,98636138;0,97290877;0,81365979;0,83008221;0,89725735;0,94723669;0,89725735;0,75620847;0,75473978;0,86556494;0,86396809
20;12;13;96;False;0,95395859;0,98845243;0,97643686;0,9881482;0,97643686;0,94476397;0,95701922;0,97159757;0,98569649;0,97159757;0,75050534;0,77790573;0,85456161;0,87960498
21;12;13;96;False;0,94938074;0,98597897;0,97403316;0,98693118;0,97403316;0,87828269;0,89973456;0,93519756;0,96705613;0,93519756;0,7578407;0,76592009;0,86196816;0,87326112
22;12;13;96;False;0,94378559;0,9838663;0,97107993;0,98543388;0,97107993;0,84130494;0,85597035;0,91381381;0,95593609;0,91381381;0,76440748;0,75964683;0,85301229;0,86748328
23;12;13;96;False;0,96109772;0,98879264;0,98016301;0,99003182;0,98016301;0,87088985;0,88993162;0,93098998;0,96487822;0,93098998;0,76353447;0,75644772;0,85968827;0,86971768
24;12;13;96;False;0,92958764;0,98061058;0,96350912;0,981585;0,96350912;0,80854585;0,86077094;0,89413918;0,94558933;0,89413918;0,78598452;0,74515303;0,85440555;0,86338664
25;12;13;96;False;0,95741838;0,98651918;0,97824603;0,98906321;0,97824603;0,84778893;0,87770392;0,91762529;0,9579276;0,91762529;0,77053131;0,75081816;0,87949131;0,84921695
26;12;13;96;False;0,95021501;0,9831781;0,97447205;0,98715351;0,97447205;0,86039067;0,88072895;0,92495698;0,96174684;0,92495698;0,76437464;0,7536117;0,87236287;0,85614485
27;12;13;96;False;0,96263489;0,98819089;0,98096176;0,99043514;0,98096176;0,86620998;0,89668716;0,92830924;0,96348806;0,92830924;0,74279495;0,78143668;0,85621463;0,87109541
28;12;13;96;False;0,94034381;0,98109227;0,96925483;0,98450741;0,96925483;0,81664406;0,84788737;0,89906887;0,94819242;0,89906887;0,76467615;0,74760639;0,85915144;0,84825486
29;12;13;96;False;0,9494472;0,98604408;0,97406813;0,9869489;0,97406813;0,84765328;0,89109376;0,91754583;0,95788613;0,91754583;0,76550541;0,74915792;0,86450685;0,8589984
30;12;13;96;False;0,95262335;0,98642836;0,97573692;0,98779397;0,97573692;0,89093869;0,88969425;0,94232425;0,97073387;0,94232425;0,76093181;0,76037948;0,85260534;0,87132897
31;12;13;96;False;0,96148746;0,98833358;0,98036565;0,99013416;0,98036565;0,83578405;0,84818116;0,91054724;0,95422599;0,91054724;0,73157805;0,77832617;0,85374282;0,87192496
32;12;13;96;False;0,94631011;0,98342544;0,97241453;0,98611081;0,97241453;0,81427021;0,84296108;0,89762838;0,94743252;0,89762838;0,74129557;0,76701052;0,84435928;0,86079186
33;12;13;96;False;0,9551434;0,98997493;0,97705713;0,988462;0,97705713;0,86939772;0,89616291;0,93013671;0,96443595;0,93013671;0,76905167;0,75710992;0,86965663;0,85761569
34;12;13;96;False;0,95109676;0,98654937;0,97493551;0,98738823;0,97493551;0,82502713;0,85422941;0,90412588;0,95085534;0,90412588;0,7497437;0,75373623;0,85449668;0,85489784
35;12;13;96;False;0,94053829;0,98083467;0,96935813;0,98455987;0,96935813;0,88376289;0,89865089;0,93829525;0,96865642;0,93829525;0,7503332;0,77395114;0,85599854;0,86838268
36;12;13;96;False;0,950195;0,98861575;0,97446153;0,98714818;0,97446153;0,85104449;0,88882492;0,91952894;0,95892072;0,91952894;0,76619586;0,75405274;0,86207376;0,86110386
37;12;13;96;False;0,95055754;0,98392722;0,97465214;0,98724472;0,97465214;0,84211883;0,86497255;0,91429371;0,95618707;0,91429371;0,75120775;0,76925142;0,8561652;0,86487495
38;12;13;96;False;0,94740715;0,98372061;0,9729934;0,98640428;0,9729934;0,87478296;0,87554808;0,93320985;0,96602787;0,93320985;0,75318544;0,76440839;0,84740992;0,87297625
39;12;13;96;False;0,93722276;0,98212667;0,96759421;0,98366366;0,96759421;0,84933532;0,86780423;0,91853036;0,9583999;0,91853036;0,73698874;0,77556142;0,82620772;0,88438752
40;12;13;96;False;0,94908569;0,98605441;0,97387785;0,9868525;0,97387785;0,8616522;0,86315236;0,92568547;0,9621255;0,92568547;0,76684731;0,7484022;0,87244808;0,83973385
41;12;13;96;False;0,94753513;0,98575297;0,97306089;0,98643849;0,97306089;0,89207813;0,89493624;0,9429612;0,97106189;0,9429612;0,75589766;0,76181551;0,85940727;0,85220317
42;12;13;96;False;0,93487211;0,97906392;0,96633995;0,98302592;0,96633995;0,89089799;0,89461384;0,94230148;0,97072215;0,94230148;0,77096889;0,75473207;0,85765253;0,86350195
43;12;13;96;False;0,93897484;0,97938506;0,9685271;0,98413775;0,9685271;0,86511123;0,86606672;0,9276779;0,96316037;0,9276779;0,75884993;0,75833116;0,84292453;0,86797277
44;12;13;96;False;0,9384905;0,98392701;0,96826938;0,9840068;0,96826938;0,87741454;0,89194524;0,93470517;0,96680152;0,93470517;0,76573131;0,7602246;0,86331311;0,86986984
45;12;13;96;False;0,94317226;0,98199001;0,97075517;0,98526909;0,97075517;0,82188009;0,83048549;0,90223291;0,94985942;0,90223291;0,75454021;0,74953502;0,86096924;0,86016699
46;12;13;96;False;0,95345036;0,98111149;0,97617055;0,98801344;0,97617055;0,82182583;0,8618772;0,90220022;0,94984221;0,90220022;0,75366019;0,77200564;0,86651135;0,85713317
47;12;13;96;False;0,95770397;0,98439975;0,97839508;0,98913856;0,97839508;0,85944113;0,88335045;0,924408;0,96146139;0,924408;0,76889511;0,75442765;0,87465325;0,8526228
48;12;13;96;False;0,94133267;0,98174268;0,96977987;0,98477402;0,96977987;0,80164135;0,8172027;0,88990114;0,94334572;0,88990114;0,76228033;0,75580774;0,84437602;0,86893769
49;12;13;96;False;0,94169196;0,98289584;0,9699705;0,9848708;0,9699705;0,8453337;0,86051782;0,91618518;0,95717563;0,91618518;0,75142168;0,76715015;0,8551052;0,8631901
50;12;13;96;False;0,94612505;0,98575864;0,97231681;0,98606126;0,97231681;0,88574335;0,89881812;0,93941029;0,9692318;0,93941029;0,76686732;0,75594058;0,87303051;0,85914662
51;12;13;96;False;0,94854629;0,98598764;0,9735938;0,98670857;0,9735938;0,89000271;0,89786776;0,94180046;0,97046404;0,94180046;0,75332021;0,76352415;0,85805075;0,85319832
52;12;13;96;False;0,9499064;0,98381682;0,97430974;0,98707129;0,97430974;0,86844818;0,89027594;0,92959301;0,96415404;0,92959301;0,7607336;0,7553532;0,86801526;0,85356747
53;12;13;96;False;0,96223721;0,98827119;0,98075524;0,99033087;0,98075524;0,88119913;0,89038241;0,93684833;0,96790926;0,93684833;0,74412815;0,77594237;0,86171627;0,8644273
54;12;13;96;False;0,94827323;0,98722827;0,97344994;0,98663567;0,97344994;0,86771568;0,88839587;0,9291732;0,96393631;0,9291732;0,7615772;0,75854015;0,86431987;0,86516972
55;12;13;96;False;0,94571606;0,98487988;0,97210079;0,98595172;0,97210079;0,84515735;0,87563425;0,9160816;0,95712152;0,9160816;0,75824493;0,76255752;0,8518359;0,8765278
56;12;13;96;False;0,94424963;0,98127867;0,97132551;0,98555848;0,97132551;0,8299376;0,8629688;0,90706656;0,95240042;0,90706656;0,75737786;0,74830678;0,86361632;0,85480578
57;12;13;96;False;0,95031997;0,98675165;0,97452724;0,98718146;0,97452724;0,88509224;0,897405;0,93904396;0,96904281;0,93904396;0,76362482;0,75894713;0,86236248;0,86728773
58;12;13;96;False;0,94241491;0,98226427;0,97035387;0,98506541;0,97035387;0,87932718;0,88128302;0,93578935;0,96736206;0,93578935;0,76038489;0,7584053;0,86056125;0,8664815
59;12;13;96;False;0,95604533;0,98713074;0,97752881;0,98870057;0,97752881;0,90401519;0,90978679;0,94958821;0,97446817;0,94958821;0,75437062;0,76665029;0,86365409;0,86909457
60;12;13;96;False;0,93349951;0,9792039;0,96560615;0,98265261;0,96560615;0,84820944;0,86174285;0,91787156;0,95805614;0,91787156;0,74994287;0,76037098;0,86289059;0,85326714
61;12;13;96;False;0,96283685;0,98511692;0,98106661;0,99048807;0,98106661;0,8383885;0,84666195;0,91209067;0,95503438;0,91209067;0,75072092;0,76552533;0,85535807;0,87076634
62;12;13;96;False;0,94178392;0,98346304;0,97001928;0,98489557;0,97001928;0,84537439;0,86499346;0,91620908;0,95718811;0,91620908;0,74471387;0,77334845;0,83058015;0,87920346
63;12;13;96;False;0,96132533;0,9891935;0,98028136;0,99009159;0,98028136;0,85115301;0,88560583;0,91959228;0,95895374;0,91959228;0,7611949;0,7603284;0,85906523;0,86496697
64;12;13;96;False;0,94714602;0,97938639;0,97285567;0,98633446;0,97285567;0,77490505;0,8013181;0,87317916;0,93444056;0,87317916;0,77705416;0,72098171;0,87850024;0,83847448
65;12;13;96;False;0,96006376;0,9848551;0,97962503;0,98976009;0,97962503;0,87234129;0,89117803;0,93181868;0,96530756;0,93181868;0,75203634;0,76900791;0,86749301;0,86401357
66;12;13;96;False;0,94493148;0,98528674;0,97168614;0,98574142;0,97168614;0,83583831;0,86329322;0,91057944;0,95424286;0,91057944;0,75466596;0,76574171;0,86792619;0,85508485
67;12;13;96;False;0,94428091;0,98335918;0,97134206;0,98556687;0,97134206;0,81611503;0,83975231;0,89874817;0,9480233;0,89874817;0,73779738;0,76892394;0,84332683;0,88063159
68;12;13;96;False;0,95148239;0,98616443;0,97513807;0,9874908;0,97513807;0,88917526;0,90185182;0,94133697;0,97022522;0,94133697;0,73721199;0,78626963;0,85118765;0,87850404
69;12;13;96;False;0,9448938;0,97837854;0,97166622;0,98573131;0,97166622;0,83482094;0,86575084;0,90997538;0,9539263;0,90997538;0,7378201;0,77138222;0,85259756;0,86421997
70;12;13;96;False;0,94121098;0,98231362;0,96971529;0,98474123;0,96971529;0,84302767;0,86209747;0,9148291;0,95646699;0,9148291;0,76669277;0,74731836;0,87745274;0,84674132
71;12;13;96;False;0,94137936;0,98455444;0,96980464;0,9847866;0,96980464;0,83288117;0,85516322;0,90882179;0,95332145;0,90882179;0,72760914;0,78790595;0,83841124;0,88048971
72;12;13;96;False;0,9438762;0,98295606;0,97112789;0,98545822;0,97112789;0,80577862;0,8370527;0,89244452;0,94469282;0,89244452;0,73887789;0,75738946;0,84711229;0,86850744
73;12;13;96;False;0,96445891;0,98974029;0,98190795;0,99091269;0,98190795;0,90396093;0,91175232;0,94955828;0,97445281;0,94955828;0,74816176;0,77605915;0,85853715;0,87005297
74;12;13;96;False;0,95287351;0,98781301;0,97586813;0,98786038;0,97586813;0,88465817;0,88813542;0,9387996;0,96891671;0,9387996;0,77007187;0,75548168;0,87847228;0,85166935
75;12;13;96;False;0,94082796;0,98094438;0,96951196;0,98463798;0,96951196;0,80839664;0,83618026;0,89404793;0,94554108;0,89404793;0,75544365;0,75204229;0,86301946;0,85113353
76;12;13;96;False;0,9559017;0,9861778;0,97745373;0,98866259;0,97745373;0,84294628;0,85621015;0,91478118;0,95644193;0,91478118;0,73999666;0,76421828;0,85503831;0,8693234
77;12;13;96;False;0,954237;0,98458495;0,97658267;0,98822198;0,97658267;0,84967444;0,85176655;0,91872864;0,95850333;0,91872864;0,74424299;0,76598566;0,85928322;0,85743936
78;12;13;96;False;0,95581044;0,98731128;0,97740601;0,98863846;0,97740601;0,88472599;0,90469485;0,93883779;0,96893642;0,93883779;0,76265263;0,7638365;0,87123226;0,8574442
79;12;13;96;False;0,95165229;0,98372051;0,97522729;0,98753597;0,97522729;0,8336815;0,86126143;0,90929804;0,9535712;0,90929804;0,78497609;0,7319919;0,86305151;0,85257432
80;12;13;96;False;0,94902126;0,98805372;0,97384393;0,98683531;0,97384393;0,87999186;0,89696024;0,93616561;0,96755651;0,93616561;0,75717515;0,75976006;0,8488729;0,86434683
81;12;13;96;False;0,95633167;0,98316392;0,97767846;0,98877625;0,97767846;0,82909658;0,84204212;0,90656403;0,95213656;0,90656403;0,76320228;0,74786384;0,86491693;0,86063973
82;12;13;96;False;0,95054448;0,98527663;0,97464527;0,98724124;0,97464527;0,87909658;0,89190302;0,93565875;0,96729455;0,93565875;0,75265506;0,76865052;0,85943922;0,86863247
83;12;13;96;False;0,95564471;0,98444734;0,97731935;0,98859463;0,97731935;0,88792729;0,89471112;0,94063717;0,96986451;0,94063717;0,76646429;0,75701957;0,87015383;0,8647063
84;12;13;96;False;0,94646309;0,9845148;0,97249529;0,98615176;0,97249529;0,84321758;0,85189422;0,9149409;0,95652543;0,9149409;0,74453474;0,76553581;0,83503858;0,87539128
85;12;13;96;False;0,96874555;0,99089259;0,98412469;0,99203059;0,98412469;0,89211883;0,91892666;0,94298393;0,9710736;0,94298393;0,75354215;0,77338954;0,8571632;0,87145401
86;12;13;96;False;0,94442108;0,9850023;0,97141621;0,98560449;0,97141621;0,86913999;0,88924463;0,92998919;0,96435947;0,92998919;0,74649314;0,76812474;0,84372594;0,88254026
87;12;13;96;False;0,95622463;0,98767508;0,97762252;0,98874796;0,97762252;0,88430548;0,89744187;0,93860097;0,96881421;0,93860097;0,73003238;0,79400515;0,85473894;0,87486477
88;12;13;96;False;0,94620571;0,98481065;0,9723594;0,98608286;0,9723594;0,84690722;0,85867243;0,91710857;0,95765786;0,91710857;0,77085074;0,75109712;0,87316234;0,85356648
89;12;13;96;False;0,94334772;0,98432453;0,9708481;0,98531624;0,9708481;0,83686923;0,85695749;0,91119087;0,95456318;0,91119087;0,74252706;0,76730803;0,83604128;0,87662611
90;12;13;96;False;0,96051454;0,98659715;0,97985964;0,9898786;0,97985964;0,862344;0,87155132;0,92608455;0,96233287;0,92608455;0,77092448;0,75129065;0,85936949;0,87455066
91;12;13;96;False;0,94708194;0,98521841;0,97282187;0,98631732;0,97282187;0,88403418;0,89449462;0,93844814;0,96873533;0,93844814;0,7680029;0,7546446;0,8815163;0,8505231
92;12;13;96;False;0,9357683;0,98094919;0,9668185;0,98326929;0,9668185;0,83366793;0,84713979;0,90928997;0,95356697;0,90928997;0,75173902;0,76225148;0,84087726;0,87018655
93;12;13;96;False;0,93354676;0,98221118;0,96563143;0,98266547;0,96563143;0,86231687;0,87608856;0,92606891;0,96232474;0,92606891;0,76214443;0,75726605;0,85172751;0,8640669
94;12;13;96;False;0,95932362;0,98430903;0,97923958;0,98956535;0,97923958;0,87212425;0,90336694;0,93169484;0,96524341;0,93169484;0,75494768;0,76971092;0,86763364;0,86070274
95;12;13;96;False;0,96031119;0,98790965;0,97975382;0,98982515;0,97975382;0,88210798;0,90980933;0,93736171;0,96817442;0,93736171;0,77622642;0,75446592;0,87090845;0,8603704
96;12;13;96;False;0,95338884;0,98404627;0,97613831;0,98799712;0,97613831;0,8601465;0,86807871;0,92481587;0,96167347;0,92481587;0,75817187;0,75786;0,86740303;0,8506006
97;12;13;96;False;0,9451233;0,97924829;0,97178754;0,98579285;0,97178754;0,80511394;0,80359456;0,8920367;0,94447695;0,8920367;0,78465712;0,72801013;0,86236846;0,85580282
98;12;13;96;False;0,94624301;0,98137523;0,9723791;0,98609284;0,9723791;0,82124254;0,84298839;0,90184862;0,94965711;0,90184862;0,72772098;0,77942064;0,85041934;0,87943623
99;12;13;96;False;0,94325539;0,98135742;0,9707992;0,98529143;0,9707992;0,84650027;0,86835236;0,91686991;0,95753324;0,91686991;0,75163147;0,76419747;0,87416828;0,85664773
100;12;13;96;False;0,93987201;0,98141633;0,96900415;0,98438008;0,96900415;0,86150298;0,8694822;0,92559936;0,96208074;0,92559936;0,7543635;0,76246862;0,8617075;0,86153502
101;12;13;96;False;0,9449588;0,98690791;0,97170058;0,98574874;0,97170058;0,90930548;0,91953209;0,95249869;0,97596039;0,95249869;0,76276064;0,764283;0,86492627;0,86553579
102;12;13;96;False;0,94007088;0,9796253;0,96910983;0,98443376;0,96910983;0,85139718;0,86346717;0,91973477;0,95902803;0,91973477;0,76135983;0,75554281;0,87090079;0,85882301
103;12;13;96;False;0,93897352;0,97795075;0,9685264;0,98413739;0,9685264;0,83265057;0,85846671;0,90868449;0,95324943;0,90868449;0,74237077;0,76729298;0,85651596;0,86205049
104;12;13;96;False;0,9501092;0,98530142;0,97441641;0,98712533;0,97441641;0,87059143;0,88391414;0,93081943;0,96478984;0,93081943;0,75165093;0,7667238;0,85326515;0,86464636
105;12;13;96;False;0,94736503;0,98166605;0,97297118;0,98639302;0,97297118;0,83482094;0,86613732;0,90997538;0,9539263;0,90997538;0,74701634;0,76326054;0,86237804;0,85879105
106;12;13;96;False;0,95657718;0,98633273;0,97780674;0,98884111;0,97780674;0,87634292;0,8981115;0,93409676;0,96648681;0,93409676;0,76332734;0,75996322;0,86955401;0,85611869
107;12;13;96;False;0,94888239;0,98442661;0,97377081;0,98679826;0,97377081;0,83141617;0,85916654;0,90794892;0,95286354;0,90794892;0,76039927;0,75148687;0,87148322;0,84525412
108;12;13;96;False;0,95491511;0,98125404;0,97693768;0,98840158;0,97693768;0,76994031;0,80000885;0,87001839;0,93274777;0,87001839;0,75103909;0,75160099;0,85688124;0,86654548
109;12;13;96;False;0,95558276;0,98928944;0,97728696;0,98857825;0,97728696;0,86786489;0,89377557;0,92925875;0,96398068;0,92925875;0,76512489;0,76202944;0,85705371;0,86616454
110;12;13;96;False;0,93813524;0,98378885;0,96808027;0,9839107;0,96808027;0,88646229;0,90595966;0,93981448;0,96944029;0,93981448;0,75408071;0,76806385;0,84686628;0,86916534
111;12;13;96;False;0,95344105;0,98836592;0,97616567;0,98801097;0,97616567;0,86814976;0,88747148;0,92942202;0,96406536;0,92942202;0,77719756;0,74397705;0,87540484;0,85125736
112;12;13;96;False;0,96335624;0,98786345;0,98133616;0,99062413;0,98133616;0,89146772;0,91437759;0,94262007;0,97088623;0,94262007;0,74051997;0,78588608;0,83392511;0,88810437
113;12;13;96;False;0,95066811;0,98536228;0,97471026;0,98727416;0,97471026;0,84682583;0,85978378;0,91706085;0,95763294;0,91706085;0,74785616;0,76489206;0,86040242;0,85341726
114;12;13;96;False;0,94180727;0,98580027;0,97003166;0,98490186;0,97003166;0,83179598;0,8654363;0,90817536;0,95298235;0,90817536;0,75307079;0,76214221;0,84418505;0,87183765
115;12;13;96;False;0,93452664;0,98155775;0,96615536;0,98293202;0,96615536;0,83095496;0,85097646;0,90767384;0,95271918;0,90767384;0,7472022;0,76477861;0,85044358;0,86763928
116;12;13;96;False;0,94825551;0,98750779;0,97344061;0,98663094;0,97344061;0,88445469;0,91066543;0,93868502;0,96885758;0,93868502;0,75695754;0,76982877;0,87168844;0,85964948
117;12;13;96;False;0,94119403;0,98223544;0,96970629;0,98473666;0,96970629;0,77467444;0,79692885;0,87303274;0,93436221;0,87303274;0,72083157;0,77012183;0,82430861;0,88262405
118;12;13;96;False;0,95408622;0,98900563;0,97650371;0,98818202;0,97650371;0,89373304;0,90548647;0,94388493;0,97153741;0,94388493;0,76008928;0,76320784;0,85875714;0,87323523
119;12;13;96;False;0,94992064;0,98481165;0,97431723;0,98707509;0,97431723;0,85345903;0,87927738;0,9209365;0,95965436;0,9209365;0,75369017;0,76508991;0,85982291;0,85936075
120;12;13;96;False;0,93352641;0,97861213;0,96562054;0,98265993;0,96562054;0,83524145;0,84487232;0,91022514;0,9540572;0,91022514;0,77889907;0,73405806;0,88163838;0,8373978
121;12;13;96;False;0,93527317;0,98284099;0,96655416;0,98313487;0,96655416;0,8257732;0,85198535;0,90457369;0,95109079;0,90457369;0,76094512;0,75489379;0,85692872;0,85718065
122;12;13;96;False;0,94599865;0,98128371;0,97225006;0,98602741;0,97225006;0,76034997;0,78992853;0,86386228;0,92944192;0,86386228;0,77466898;0,72972239;0,85825327;0,8509455
123;12;13;96;False;0,95527475;0,98392524;0,97712585;0,98849676;0,97712585;0,83086001;0,84855839;0,90761719;0,95268945;0,90761719;0,75594764;0,75366701;0,85357524;0,86280827
124;12;13;96;False;0,95055737;0,98225075;0,97465205;0,98724468;0,97465205;0,85831525;0,86822227;0,92375634;0,96112244;0,92375634;0,77298697;0,7367186;0,86551838;0,84826061
125;12;13;96;False;0,9479976;0,98623785;0,97330469;0,98656206;0,97330469;0,89801953;0,90463001;0,94627006;0,97276414;0,94627006;0,7789054;0,74230995;0,87610088;0,85007156
126;12;13;96;False;0,94484557;0,9827351;0,97164072;0,98571838;0,97164072;0,85207542;0,86162703;0,92013037;0,95923426;0,92013037;0,75009687;0,76480579;0,85283974;0,8680996
127;12;13;96;False;0,9564949;0,98410415;0,97776376;0,98881938;0,97776376;0,9074471;0,92475082;0,95147813;0,9754374;0,95147813;0,75082907;0,77200668;0,85721359;0,86798135
128;12;13;96;False;0,94359434;0,98487109;0,97097868;0,98538251;0,97097868;0,86502984;0,88988906;0,9276311;0,96313608;0,9276311;0,76096813;0,75657224;0,85788023;0,861225
129;12;13;96;False;0,94784697;0,98831284;0,97322529;0,98652182;0,97322529;0,89534726;0,90576743;0,9447844;0,9720002;0,9447844;0,76244818;0,75817585;0,8539114;0,86180538
130;12;13;96;False;0,9367772;0,98419326;0,9673567;0,98354293;0,9673567;0,86743082;0,87993432;0,92900986;0,96385157;0,92900986;0,7552817;0,76506522;0,85706728;0,856421
131;12;13;96;False;0,94133547;0,98580907;0,96978135;0,98477477;0,96978135;0,89584916;0,92004986;0,94506375;0,97214389;0,94506375;0,74511596;0,77409056;0,83001207;0,87761933
132;12;13;96;False;0,95177246;0,98608668;0,97529039;0,98756792;0,97529039;0,88681498;0,90271778;0,94001265;0,9695425;0,94001265;0,75573146;0,76409216;0,87092584;0,85149012
133;12;13;96;False;0,95231442;0,98470719;0,97557484;0,98771192;0,97557484;0,85541237;0,87445838;0,92207251;0,96024607;0,92207251;0,75447584;0,76283013;0,84259325;0,86847353
134;12;13;96;False;0,94093109;0,979306;0,96956671;0,98466579;0,96956671;0,79850787;0,80919725;0,88796706;0,94232004;0,88796706;0,74123483;0,76498989;0,86050321;0,85833175
135;12;13;96;False;0,96160564;0,98884753;0,98042707;0,99016518;0,98042707;0,89951167;0,91414222;0,94709781;0,9731895;0,94709781;0,7518955;0,77461446;0,86276957;0,86775279
136;12;13;96;False;0,95011988;0,98235384;0,97442203;0,98712817;0,97442203;0,83735757;0,8589589;0,91148025;0,95471475;0,91148025;0,7697247;0,74086475;0,87496651;0,85496178
137;12;13;96;False;0,94603669;0,98219497;0,97227015;0,9860376;0,97227015;0,86157081;0,86334851;0,9256385;0,96210109;0,9256385;0,76173778;0,75224091;0,86678378;0,85367599
138;12;13;96;False;0,94714566;0,98673255;0,97285548;0,98633436;0,97285548;0,87581389;0,89395851;0,93379615;0,96633128;0,93379615;0,76565195;0,75438902;0,85420793;0,85936075
139;12;13;96;False;0,95391205;0,98863252;0,97641247;0,98813586;0,97641247;0,84648671;0,86474016;0,91686196;0,95752909;0,91686196;0,75490563;0,75841024;0,8631696;0,85994404
140;12;13;96;False;0,95281957;0,98199636;0,97583984;0,98784606;0,97583984;0,87387412;0,88350564;0,93269245;0,96576004;0,93269245;0,75041048;0,76909681;0,86830602;0,84965494
141;12;13;96;False;0,96049758;0,98406119;0,97985082;0,98987414;0,97985082;0,89542865;0,88215493;0,94482971;0,97202351;0,94482971;0,77494579;0,74800822;0,88323148;0,85692194
142;12;13;96;False;0,95871317;0,9855345;0,97892145;0,98940459;0,97892145;0,89423494;0,90538263;0,94416476;0,97168141;0,94416476;0,76622134;0,75919833;0,87229504;0,85856431
143;12;13;96;False;0,94849525;0,98252832;0,97356691;0,98669494;0,97356691;0,79352957;0,82372734;0,88488039;0,94068081;0,88488039;0,73925991;0,76920336;0,84926629;0,87966766
144;12;13;96;False;0,94570452;0,98534285;0,97209469;0,98594863;0,97209469;0,89099295;0,89719105;0,9423546;0,9707495;0,9423546;0,76569851;0,7579681;0,8625621;0,86130639
145;12;13;96;False;0,94466375;0,98517636;0,97154457;0,9856696;0,97154457;0,87414542;0,89720868;0,93284695;0,96584002;0,93284695;0,76271804;0,75987792;0,86823908;0,86832726
146;12;13;96;False;0,951724;0,97799728;0,97526494;0,98755503;0,97526494;0,76214053;0,77861877;0,86501674;0,93006276;0,86501674;0,75430645;0,74188051;0,85416335;0,86291187
147;12;13;96;False;0,9400645;0,98178734;0,96910644;0,98443204;0,96910644;0,83208085;0,86151753;0,90834512;0,95307141;0,90834512;0,77445243;0,73341494;0,87826069;0,83639286
148;12;13;96;False;0,95506186;0,98666566;0,97701447;0,98844042;0,97701447;0,89936245;0,91244989;0,94701509;0,973147;0,94701509;0,76596882;0,75663444;0,86070077;0,86725946
149;12;13;96;False;0,94723794;0,98426845;0,97290416;0,98635904;0,97290416;0,85739284;0,8795767;0,92322186;0,96084435;0,92322186;0,78279032;0,74702002;0,86418991;0,85774359
150;12;13;96;False;0,93428157;0,98099553;0,96602437;0,98286539;0,96602437;0,82559685;0,86078601;0,90446787;0,95103516;0,90446787;0,74543255;0,76709801;0,85996439;0,86512994
151;12;13;96;False;0,93483436;0,97523542;0,96631979;0,98301566;0,96631979;0,80900705;0,82507361;0,89442112;0,9457384;0,89442112;0,74401178;0,75938167;0,85334753;0,86428596
152;12;13;96;False;0,94252605;0,98043157;0,97041278;0,98509531;0,97041278;0,87288388;0,86515972;0,93212814;0,96546783;0,93212814;0,73899703;0,76960975;0,85023044;0,87162183
153;12;13;96;False;0,95380363;0,98753232;0,97635567;0,98810712;0,97635567;0,84735486;0,87517959;0,91737097;0,95779485;0,91737097;0,75796009;0,75304083;0,86189671;0,85153169
154;12;13;96;False;0,94848864;0,98470026;0,97356343;0,98669318;0,97356343;0,89426207;0,89181208;0,94417988;0,97168919;0,94417988;0,74817743;0,7749451;0,85280203;0,87758756
155;12;13;96;False;0,95022485;0,98557846;0,97447722;0,98715613;0,97447722;0,86336137;0,89037207;0,92667089;0,96263746;0,92667089;0,7565242;0,76555516;0,86829334;0,85413622
156;12;13;96;False;0,93981673;0,98192502;0,96897477;0,98436516;0,96897477;0,84196961;0,85292542;0,91420576;0,95614108;0,91420576;0,74726523;0,76378168;0,84808427;0,86835644
157;12;13;96;False;0,94095344;0,98294877;0,96957858;0,98467181;0,96957858;0,80798969;0,8266943;0,893799;0,94540944;0,893799;0,76059025;0,74413211;0,87723737;0,83709826
158;12;13;96;False;0,93570738;0,98018993;0,96678598;0,98325276;0,96678598;0,85774552;0,8794867;0,92342628;0,96095072;0,92342628;0,75547685;0,76520632;0,86020382;0,86085394
159;12;13;96;False;0,95956468;0,98126605;0,97936515;0,9896288;0,97936515;0,8505019;0,87420054;0,91921213;0,95875551;0,91921213;0,76700173;0,74786542;0,85614968;0,86347189
160;12;13;96;False;0,94956692;0,98592672;0,97413114;0,98698082;0,97413114;0,89001628;0,91606024;0,94180806;0,97046796;0,94180806;0,7715733;0,75660555;0,8599315;0,86725946
161;12;13;96;False;0,95153507;0,98636695;0,97516574;0,9875048;0,97516574;0,82980195;0,86625846;0,90698554;0,95235788;0,90698554;0,76208459;0,7542152;0,86207177;0,84790504
162;12;13;96;False;0,95253066;0,98130225;0,9756883;0,98776936;0,9756883;0,82859468;0,83405198;0,90626391;0,95197894;0,90626391;0,74078421;0,76666885;0,85757985;0,8673585
163;12;13;96;False;0,9425338;0,98163199;0,97041689;0,9850974;0,97041689;0,77312805;0,80166877;0,87204988;0,93383611;0,87204988;0,74410254;0,76426202;0,82251802;0,87695762
164;12;13;96;False;0,95709843;0,98192778;0,97807899;0,98897876;0,97807899;0,86279164;0,88022497;0,92634262;0,96246694;0,92634262;0,77080066;0,74384354;0,86433821;0,85662059
165;12;13;96;False;0,947191;0,98344703;0,9728794;0,98634649;0,9728794;0,8490369;0,87574414;0,91835582;0,95830883;0,91835582;0,736323;0,77341457;0,84880527;0,87950867
166;12;13;96;False;0,94445914;0,9810914;0,97143635;0,9856147;0,97143635;0,76644059;0,80782212;0,86777964;0,93154691;0,86777964;0,74500066;0,7550162;0,87360321;0,83968922
167;12;13;96;False;0,95280907;0,98769754;0,97583434;0,98784328;0,97583434;0,82760445;0,8434946;0,9056713;0,95166764;0,9056713;0,76005992;0,74760709;0,86470062;0,84689054
168;12;13;96;False;0,94689827;0,98255848;0,97272496;0,9862682;0,97272496;0,89317689;0,8996438;0,94357468;0,97137772;0,94357468;0,76717022;0,75777871;0,86689908;0,85907879
169;12;13;96;False;0,96029044;0,98783768;0,97974302;0,98981969;0,97974302;0,90417797;0,90824987;0,94967801;0,97451424;0,94967801;0,74780349;0,7726041;0,86448357;0,85720002
170;12;13;96;False;0,94964612;0,9814328;0,97417281;0,98700193;0,97417281;0,84354314;0,85845541;0,91513252;0,95662559;0,91513252;0,77555982;0,7437659;0,85697814;0,86277236
171;12;13;96;False;0,95265678;0,98574799;0,97575446;0,98780284;0,97575446;0,86280521;0,87351424;0,92635044;0,96247101;0,92635044;0,75291241;0,76352639;0,8493894;0,87385502
172;12;13;96;False;0,94533862;0,98451044;0,97190136;0,98585058;0,97190136;0,87122897;0,891892;0,93118372;0,96497861;0,93118372;0,75716765;0,77006077;0,85718452;0,87240948
173;12;13;96;False;0,9580048;0,98831226;0,97855204;0,98921789;0,97855204;0,88998915;0,90452236;0,94179287;0,97046013;0,94179287;0,74779634;0,77147432;0,86678672;0,86683126
174;12;13;96;False;0,95375234;0,98821181;0,9763288;0,98809352;0,9763288;0,91663049;0,93279343;0,95650205;0,97800923;0,95650205;0,77872024;0,75426775;0,86595722;0,8675735
175;12;13;96;False;0,95487518;0,98659297;0,97691678;0,988391;0,97691678;0,80569723;0,84216051;0,8923946;0,9446664;0,8923946;0,75809645;0,75548009;0,8483159;0,8685443
176;12;13;96;False;0,95159206;0,98539506;0,97519567;0,98751996;0,97519567;0,87944927;0,90302658;0,93585848;0,96739779;0,93585848;0,77748598;0,74852377;0,87504197;0,84699906
177;12;13;96;False;0,94252507;0,9829925;0,97041226;0,98509505;0,97041226;0,82798426;0,85967792;0,90589868;0,9517871;0,90589868;0,77069414;0,74898973;0,86384139;0,86705304
178;12;13;96;False;0,94173865;0,98086934;0,96999527;0,98488338;0,96999527;0,84613402;0,83907946;0,91665503;0,95742103;0,91665503;0,74108439;0,75356953;0,84776526;0,8632365
179;12;13;96;False;0,95816786;0,98565039;0,9786371;0,98926089;0,9786371;0,85657895;0,86868918;0,92274982;0,96059868;0,92274982;0,76098666;0,75401374;0,85927644;0,86408725
180;12;13;96;False;0,9542911;0,98353029;0,97661101;0,98823631;0,97661101;0,84196961;0,8548569;0,91420576;0,95614108;0,91420576;0,7398883;0,77919211;0,85405581;0,86625089
181;12;13;96;False;0,94437473;0,98422734;0,97139169;0,98559205;0,97139169;0,84138633;0,86458029;0,91386182;0,9559612;0,91386182;0,74739748;0,76652036;0,84660854;0,87729294
182;12;13;96;False;0,94629516;0,98517872;0,97240663;0,98610681;0,97240663;0,82364352;0,84045088;0,90329443;0,95041803;0,90329443;0,73230735;0,77984571;0,83654714;0,8735778
183;12;13;96;False;0,94427036;0,97969684;0,97133647;0,98556404;0,97133647;0,81204558;0,84256816;0,896275;0,94671802;0,896275;0,76276022;0,75072711;0,87175244;0,84890208
184;12;13;96;False;0,93050907;0,97937758;0,96400383;0,98183697;0,96400383;0,84521161;0,8547741;0,91611348;0,95713817;0,91611348;0,76794294;0,74668537;0,86099242;0,85725235
185;12;13;96;False;0,94955099;0,98184326;0,97412276;0,98697657;0,97412276;0,83411557;0,84686692;0,90955618;0,95370655;0,90955618;0,75006181;0,76674591;0,86550664;0,84989233
186;12;13;96;False;0,94589123;0,98214734;0,97219332;0,98599864;0,97219332;0,84952523;0,8808843;0,91864141;0,95845783;0,91864141;0,75845211;0,76576023;0,85939275;0,86013199
187;12;13;96;False;0,94573183;0,9851378;0,97210912;0,98595594;0,97210912;0,88392566;0,90272405;0,93838699;0,96870377;0,93838699;0,77711806;0,75051536;0,85886758;0,86158636
188;12;13;96;False;0,943271;0,98415052;0,97080747;0,98529562;0,97080747;0,87262615;0,88172315;0,93198117;0,96539172;0,93198117;0,75351621;0,76179624;0,85822713;0,8659147
189;12;13;96;False;0,94489436;0,98519336;0,97166651;0,98573146;0,97166651;0,84480467;0,84865097;0,91587438;0,95701326;0,91587438;0,76263715;0,75741391;0,85519529;0,86454352
190;12;13;96;False;0,95811628;0,98629222;0,9786102;0,98924729;0,9786102;0,89563212;0,90941932;0,94494297;0,97208177;0,94494297;0,7737213;0,75317405;0,87028477;0,85236795
191;12;13;96;False;0,94898987;0,98532416;0,9738274;0,98682694;0,9738274;0,85577862;0,87419625;0,92228525;0,96035683;0,92228525;0,73475923;0,77910735;0,84528699;0,87631754
192;12;13;96;False;0,93600165;0,98347569;0,96694303;0,98333262;0,96694303;0,83746609;0,86074664;0,91154454;0,95474842;0,91154454;0,76546114;0,7510431;0,85765446;0,85259756
193;12;13;96;False;0,94125906;0,98035926;0,9697408;0,98475418;0,9697408;0,80282149;0,84120786;0,89062782;0,9437308;0,89062782;0,76355082;0,75156014;0,86358149;0,8534348
194;12;13;96;False;0,94662733;0,98495698;0,97258198;0,98619571;0,97258198;0,84557786;0,85895776;0,91632857;0,95725053;0,91632857;0,76496101;0,7440801;0,87069819;0,85661672
195;12;13;96;False;0,95705565;0,9864371;0,97805665;0,98896747;0,97805665;0,85824742;0,86608603;0,92371706;0,961102;0,92371706;0,75379476;0,76095238;0,8559656;0,86400385
196;12;13;96;False;0,95250999;0,98666517;0,97567745;0,98776387;0,97567745;0,88878188;0,90271679;0,94111648;0,97011158;0,94111648;0,74422377;0,78097079;0,86386636;0,86805711
197;12;13;96;False;0,93983552;0,98196844;0,96898475;0,98437023;0,96898475;0,81980467;0,84751573;0,90098095;0,94920016;0,90098095;0,75524278;0,75369133;0,86662281;0,8593617
198;12;13;96;False;0,95075407;0,98452706;0,97475544;0,98729704;0,97475544;0,88954151;0,90081948;0,94154217;0,97033096;0,94154217;0,77136619;0,75767565;0,87106653;0,85648107
199;12;13;96;False;0,95661375;0,98274703;0,97782585;0,98885077;0,97782585;0,89203744;0,88873836;0,94293846;0,97105019;0,94293846;0,7680569;0,74876988;0,87271173;0,85245991
200;12;13;96;False;0,94503266;0,98171939;0,97173963;0,98576855;0,97173963;0,83349159;0,86045188;0,90918507;0,95351197;0,90918507;0,75909671;0,75650185;0,84832063;0,86647856
201;12;13;96;False;0,95279308;0,98844388;0,97582595;0,98783903;0,97582595;0,88286761;0,88849781;0,93779043;0,9683958;0,93779043;0,74951408;0,76982674;0,85005121;0,87216408
202;12;13;96;False;0,9548775;0,98353117;0,97691799;0,98839162;0,97691799;0,85599566;0,885068;0,92241127;0,96042245;0,92241127;0,75573902;0,76887304;0,86129961;0,86498842
203;12;13;96;False;0,94839351;0,98398519;0,97351331;0,98666778;0,97351331;0,86789202;0,88022215;0,9292743;0,96398874;0,9292743;0,77989114;0,74095575;0,87419541;0,85481355
204;12;13;96;False;0,94558206;0,98482734;0,97203;0,98591582;0,97203;0,89152198;0,91960838;0,9426504;0,97090185;0,9426504;0,77180836;0,76145756;0,87096774;0,86360954
205;12;13;96;False;0,95659075;0,98316327;0,97781383;0,98884469;0,97781383;0,86303581;0,85827709;0,92648333;0,96254004;0,92648333;0,74671637;0,76590591;0,8515705;0,87421068
206;12;13;96;False;0,95296539;0,98830886;0,97591631;0,98788477;0,97591631;0,82618014;0,85262539;0,90481779;0,95121911;0,90481779;0,7475106;0,76329768;0,85120424;0,87237939
207;12;13;96;False;0,94671817;0,98653468;0,97262992;0,98622002;0,97262992;0,8373847;0,86829931;0,91149632;0,95472317;0,91149632;0,74660066;0,77267499;0,84999203;0,8699822
208;12;13;96;False;0,94545603;0,98359999;0,9719634;0,98588204;0,9719634;0,86418882;0,86970444;0,92714731;0,96288489;0,92714731;0,76109876;0,75437695;0,85263047;0,86933313
209;12;13;96;False;0,95383895;0,9847008;0,97637418;0,98811648;0,97637418;0,88008681;0,88180002;0,93621934;0,96758428;0,93621934;0,77403643;0,73930173;0,87602123;0,84776549
210;12;13;96;False;0,94346738;0,98284004;0,97091146;0,9853484;0,97091146;0,8606077;0,87030187;0,92508238;0,96181203;0,92508238;0,78081493;0,74017325;0,88272059;0,83634193
211;12;13;96;False;0,94735182;0,98384168;0,97296422;0,98638949;0,97296422;0,85534455;0,86616369;0,92203311;0,96022555;0,92203311;0,75921549;0,76128536;0,84764628;0,86581884
212;12;13;96;False;0,942132;0,98226099;0,97020388;0,98498928;0,97020388;0,83832067;0,85587538;0,91205053;0,95501337;0,91205053;0,76334051;0,75031597;0,8587251;0,85175954
213;12;13;96;False;0,95411908;0,98610748;0,97652092;0,98819073;0,97652092;0,90238741;0,91441882;0,94868943;0,97400689;0,94868943;0,75771878;0,76380459;0,86070463;0,86760831
214;12;13;96;False;0,96226409;0,98458725;0,9807692;0,99033792;0,9807692;0,87946283;0,87765487;0,93586616;0,96740176;0,93586616;0,74677318;0,76578278;0,86771299;0,85508578
215;12;13;96;False;0,95354516;0,98652078;0,97622024;0,98803858;0,97622024;0,868828;0,87739034;0,92981055;0,96426685;0,92981055;0,7738654;0,74187749;0,87840446;0,84579281
216;12;13;96;False;0,95257039;0,9838797;0,97570914;0,98777991;0,97570914;0,87672273;0,88276469;0,93431248;0,96659841;0,93431248;0,75028642;0,7688858;0,86237804;0,86333068
217;12;13;96;False;0,9488456;0,98222895;0,97375144;0,98678845;0,97375144;0,8631172;0,87921468;0,92653023;0,9625644;0,92653023;0,76121115;0,76186681;0,86363081;0,87396736
218;12;13;96;False;0,96398703;0,9883083;0,98166334;0,99078925;0,98166334;0,8989962;0,90138914;0,94681201;0,97304265;0,94681201;0,76266925;0,76465658;0,86905505;0,85846836
219;12;13;96;False;0,95318907;0,98502357;0,97603359;0,98794412;0,97603359;0,884414;0,88189919;0,9386621;0,96884576;0,9386621;0,73940091;0,78009225;0,83969207;0,88858066
220;12;13;96;False;0,94610149;0,98358216;0,97230437;0,98605495;0,97230437;0,83450895;0,85812417;0,90979;0,95382913;0,90979;0,7571203;0,7543942;0,85723684;0,86778171
221;12;13;96;False;0,96021895;0,98924266;0,97970581;0,9898009;0,97970581;0,84172545;0,87616161;0,91406181;0,9560658;0,91406181;0,7555084;0,76046117;0,86472188;0,86558144
222;12;13;96;False;0,96751078;0,98937094;0,98348714;0,9917092;0,98348714;0,88247423;0,9081229;0,93756846;0,96828119;0,93756846;0,73877116;0,7822929;0,85985397;0,87409623
223;12;13;96;False;0,9579063;0,98799748;0,97850066;0,98919192;0,97850066;0,85002713;0,87097804;0,91893477;0,95861086;0,91893477;0,76137873;0,75526523;0,85418857;0,86906183
224;12;13;96;False;0,95643312;0,98260406;0,97773147;0,98880305;0,97773147;0,83087358;0,86077865;0,90762529;0,9526937;0,90762529;0,75384397;0,75891948;0,8690869;0,85580373
225;12;13;96;False;0,95429418;0,98908917;0,97661262;0,98823713;0,97661262;0,89358383;0,91500516;0,94380171;0,97149458;0,94380171;0,7756655;0,75522975;0,86740598;0,86079478
226;12;13;96;False;0,95781106;0,98626607;0,97845096;0,9891668;0,97845096;0,88435974;0,89608273;0,93863154;0,96882998;0,93863154;0,74873613;0,76887737;0,87026706;0,85608864
227;12;13;96;False;0,9571571;0,98466526;0,97810963;0,98899425;0,97810963;0,86010581;0,8841679;0,92479235;0,96166124;0,92479235;0,73827677;0,7773127;0,84572394;0,88284488
228;12;13;96;False;0,94945196;0,98610465;0,97407064;0,98695017;0,97407064;0,89635106;0,90318903;0,94534296;0,97228749;0,94534296;0,76411753;0,75952646;0,86311149;0,86772271
229;12;13;96;False;0,94518225;0,9818287;0,97181871;0,98580866;0,97181871;0,83478025;0,86191201;0,90995121;0,95391363;0,90995121;0,76172862;0,75231452;0,86671889;0,84307588
230;12;13;96;False;0,96197973;0,98927998;0,98062147;0,99026334;0,98062147;0,86638633;0,88649171;0,92841049;0,9635406;0,92841049;0,73613127;0,78874225;0,85994404;0,86644465
231;12;13;96;False;0,94667087;0,98227103;0,97260496;0,98620736;0,97260496;0,85396093;0,88337353;0,92122862;0,95980655;0,92122862;0,76897655;0,751117;0,87410427;0,85362661
232;12;13;96;False;0,94758421;0,98459316;0,97308677;0,9864516;0,97308677;0,82456593;0,86973168;0,90384887;0,95070967;0,90384887;0,76273644;0,75779016;0,8773654;0,85481065
233;12;13;96;False;0,94367573;0,98500618;0,97102178;0,98540437;0,97102178;0,89895551;0,91676979;0,94678944;0,97303106;0,94678944;0,76331068;0,75907705;0,86576842;0,86507073
234;12;13;96;False;0,95549549;0,98715453;0,97724131;0,98855516;0,97724131;0,88829354;0,89927046;0,94084264;0,96997043;0,94084264;0,76525144;0,75798693;0,86797751;0,86075795
235;12;13;96;False;0,9488483;0,98614731;0,97375286;0,98678917;0,97375286;0,85396093;0,87963689;0,92122862;0,95980655;0,92122862;0,75170929;0,7703516;0,85918927;0,8688911
236;12;13;96;False;0,94739448;0,98290393;0,97298672;0,98640089;0,97298672;0,79631036;0,82102681;0,88660666;0,94159793;0,88660666;0,74352057;0,75821602;0,84149555;0,87557947
237;12;13;96;False;0,96293885;0,98907928;0,98111956;0,99051479;0,98111956;0,88872762;0,89561091;0,94108606;0,9700959;0,94108606;0,76011499;0,76228388;0,87161974;0,86068437
238;12;13;96;False;0,94766722;0,98645455;0,97313053;0,98647379;0,97313053;0,85455779;0,8810205;0,9215758;0,95998739;0,9215758;0,77922588;0,73882976;0,86407477;0,85331751
239;12;13;96;False;0,94625373;0,98378979;0,97238476;0,98609572;0,97238476;0,79591698;0,82338272;0,88636278;0,94146842;0,88636278;0,72935955;0,77612896;0,84144129;0,86599609
240;12;13;96;False;0,95829278;0,98750783;0,97870225;0,98929382;0,97870225;0,90358112;0,90571478;0,94934869;0,97434526;0,94934869;0,75822172;0,7713349;0,86073176;0,8702199
241;12;13;96;False;0,94766454;0,98076845;0,97312912;0,98647307;0,97312912;0,7633885;0,79893169;0,86581998;0,93049448;0,86581998;0,75331748;0,74665768;0,85727754;0,86396223
242;12;13;96;False;0,95215421;0,98601507;0,97549078;0,98766937;0,97549078;0,89210526;0,89348368;0,94297636;0,9710697;0,94297636;0,74496743;0,77903611;0,85519627;0,87609752
243;12;13;96;False;0,94973598;0,98594261;0,97422009;0,98702588;0,97422009;0,81433804;0,84211995;0,89766958;0,94745427;0,89766958;0,75035443;0,76307759;0,8598579;0,86019981
244;12;13;96;False;0,95112083;0,98771869;0,97494816;0,98739463;0,97494816;0,84599837;0,88108407;0,91657543;0,95737946;0,91657543;0,76616164;0,75012979;0,87161;0,84979737
245;12;13;96;False;0,94341536;0,98611616;0,97088392;0,98533442;0,97088392;0,88658437;0,89444721;0,93988309;0,96947568;0,93988309;0,77555539;0,74686411;0,8722187;0,85001543
246;12;13;96;False;0,95006935;0,98703566;0,97439545;0,98711471;0,97439545;0,85071894;0,88111;0,91933888;0,95882161;0,91933888;0,776327;0,74271524;0,85993726;0,85874645
247;12;13;96;False;0,94452753;0,98591244;0,97147252;0,98563306;0,97147252;0,88701845;0,90055968;0,94012695;0,96960144;0,94012695;0,76740307;0,7531141;0,8592881;0,85807885
248;12;13;96;False;0,95391466;0,98841838;0,97641384;0,98813655;0,97641384;0,86692892;0,90369674;0,92872194;0,9637022;0,92872194;0,73409841;0,79937271;0,85644521;0,87162061
249;12;13;96;False;0,93790082;0,98146635;0,96795544;0,98384726;0,96795544;0,87588171;0,90699391;0,9338347;0,96635123;0,9338347;0,77164417;0,75561116;0,85905458;0,86637004
250;12;13;96;False;0,95140959;0,98492687;0,97509984;0,98747144;0,97509984;0,86573521;0,87851028;0,92803653;0,96334652;0,92803653;0,74130679;0,78328443;0,85481065;0,87163418
251;12;13;96;False;0,94432085;0,9853216;0,97136319;0,98557759;0,97136319;0,8693299;0,87590286;0,93009789;0,96441583;0,93009789;0,77714363;0,7461659;0,87195887;0,842509
252;12;13;96;False;0,94772986;0,98526858;0,97316356;0,98649053;0,97316356;0,86812263;0,8798405;0,92940647;0,9640573;0,92940647;0,75742265;0,76121393;0,84932362;0,87150827
253;12;13;96;False;0,94629104;0,98215104;0,97240446;0,9861057;0,97240446;0,78281335;0,82761517;0,87817757;0,93711129;0,87817757;0,75964145;0,75132841;0,86770825;0,85419634
254;12;13;96;False;0,9664148;0,98595157;0,98292059;0,99142352;0,98292059;0,89106077;0,89804443;0,94239253;0,97076904;0,94239253;0,75796385;0,76021451;0,86821784;0,85642099
255;12;13;96;False;0,95180604;0,98762849;0,97530802;0,98757684;0,97530802;0,87250407;0,90179602;0,93191153;0,96535565;0,93191153;0,73955079;0,78603844;0,85476219;0,87653115
256;12;13;96;False;0,93636114;0,97843117;0,96713482;0,98343013;0,96713482;0,85792187;0,87687424;0,92352847;0,96100388;0,92352847;0,7412321;0,77636763;0,85829298;0,8768648
257;12;13;96;False;0,94419895;0,98131803;0,97129869;0,98554487;0,97129869;0,79142702;0,83967462;0,8835716;0,93998489;0,8835716;0,74453959;0,76280932;0,85030708;0,86584009
258;12;13;96;False;0,94794585;0,98443865;0,97327741;0,98654823;0,97327741;0,82139175;0,84693452;0,90193859;0,94970447;0,90193859;0,73694398;0,77576572;0,84009658;0,87614797
259;12;13;96;False;0,94076433;0,98115675;0,96947817;0,98462083;0,96947817;0,83956864;0,85947131;0,9127886;0,95539971;0,9127886;0,78221728;0,73010506;0,89100275;0,83793078
260;12;13;96;False;0,94899004;0,98717126;0,97382749;0,98682698;0,97382749;0,87413185;0,89656838;0,93283922;0,96583602;0,93283922;0,76014656;0,76358853;0,85497048;0,86233735
261;12;13;96;False;0,95218522;0,98195941;0,97550705;0,9876776;0,97550705;0,83562127;0,84863618;0,91045063;0,95417537;0,91045063;0,73476661;0,78187981;0,85511876;0,87856724
262;12;13;96;False;0,94647024;0,98367613;0,97249906;0,98615367;0,97249906;0,83974498;0,85101206;0,91289281;0,95545424;0,91289281;0,75710208;0,75166802;0,84921017;0,877953
263;12;13;96;False;0,94502964;0,98603967;0,97173804;0,98576774;0,97173804;0,81463646;0,85622547;0,89785087;0,94754993;0,89785087;0,75453789;0,76185371;0,84988453;0,86198559
264;12;13;96;False;0,94806151;0,98449542;0,97333837;0,98657913;0,97333837;0,87962561;0,90314296;0,93595832;0,96744939;0,93595832;0,77116293;0,7595274;0,87641585;0,85502184
265;12;13;96;False;0,9553847;0,98740673;0,97718336;0,98852585;0,97718336;0,82582746;0,85694521;0,90460624;0,9511079;0,90460624;0,75755136;0,75539468;0,863411;0,86445955
266;12;13;96;False;0,93268605;0,9817271;0,96517078;0,98243105;0,96517078;0,80583288;0,84811145;0,8924778;0,94471043;0,8924778;0,73561369;0,7700369;0,83808678;0,88044547
267;12;13;96;False;0,95478979;0,98087951;0,97687208;0,9883684;0,97687208;0,7680548;0,78935883;0,86881334;0,93210157;0,86881334;0,77804588;0,72653668;0,86714235;0,84830521
268;12;13;96;False;0,95075679;0,98238465;0,97475687;0,98729776;0,97475687;0,8385784;0,84400287;0,91220304;0,95509321;0,91220304;0,75680054;0,75330156;0,8512217;0,87083034
269;12;13;96;False;0,94257633;0,98507094;0,97043943;0,98510884;0,97043943;0,86912642;0,88652127;0,92998142;0,96435544;0,92998142;0,75678429;0,7690672;0,84019005;0,8758173
270;12;13;96;False;0,96193877;0,98608187;0,9806002;0,99025259;0,9806002;0,87026587;0,88869929;0,93063332;0,96469338;0,93063332;0,75402417;0,76600567;0,85487941;0,86721492
271;12;13;96;False;0,96029235;0,98117275;0,97974401;0,98982019;0,97974401;0,83946012;0,86411061;0,91272446;0,95536614;0,91272446;0,76146419;0,7551897;0,86828772;0,86336459
272;12;13;96;False;0,94534127;0,98536593;0,97190276;0,98585129;0,97190276;0,89388226;0,91172934;0,94396814;0,97158023;0,94396814;0,76866927;0,75684452;0,87343786;0,85203762
273;12;13;96;False;0,96111859;0,98408183;0,98017386;0,9900373;0,98017386;0,87015735;0,85099475;0,93057127;0,96466122;0,93057127;0,74916238;0,75664495;0,85051242;0,87025438
274;12;13;96;False;0,93290828;0,98115373;0,96528976;0,98249161;0,96528976;0,85280792;0,87143305;0,92055729;0,95945677;0,92055729;0,75460335;0,7669408;0,85440364;0,86254176
275;12;13;96;False;0,95936093;0,98892316;0,97925902;0,98957517;0,97925902;0,8888497;0,91197849;0,9411545;0,97013118;0,9411545;0,75331069;0,76774417;0,85729983;0,8728813
276;12;13;96;False;0,95654622;0,98946255;0,97779057;0,98883293;0,97779057;0,88524145;0,90052377;0,93912793;0,96908613;0,93912793;0,76233334;0,75612719;0,85993435;0,86050416
277;12;13;96;False;0,94218469;0,98078147;0,97023182;0,98500346;0,97023182;0,81502984;0,81678884;0,89808974;0,94767597;0,89808974;0,72629379;0,7749482;0,85189707;0,86477614
278;12;13;96;False;0,93347442;0,98230001;0,96559273;0,98264578;0,96559273;0,84797884;0,87934324;0,91773652;0,95798566;0,91773652;0,7645826;0,75501466;0,86540398;0,85772326
279;12;13;96;False;0,95125599;0,98785526;0,97501916;0,98743059;0,97501916;0,85240098;0,88139151;0,92032015;0,95933318;0,92032015;0,75004914;0,7729808;0,8584141;0,86260865
280;12;13;96;False;0,93520173;0,98057027;0,96651601;0,98311546;0,96651601;0,84597124;0,86219146;0,9165595;0,95737114;0,9165595;0,74433493;0,7696315;0,85034863;0,85503447
281;12;13;96;False;0,9471835;0,98017806;0,97287544;0,98634448;0,97287544;0,79700217;0,82266187;0,88703529;0,94182551;0,88703529;0,75304916;0,75557445;0,84328222;0,87330946
282;12;13;96;False;0,96021637;0,98803625;0,97970447;0,98980022;0,97970447;0,86033641;0,88273455;0,92492563;0,96173054;0,92492563;0,75456642;0,76327636;0,85140584;0,87082235
283;12;13;96;False;0,94786873;0,98779306;0,97323676;0,98652763;0,97323676;0,83338307;0,86229527;0,9091205;0,95347811;0,9091205;0,76799204;0,75091094;0,86010391;0,85746842
284;12;13;96;False;0,95179232;0,98094434;0,97530081;0,98757319;0,97530081;0,82475583;0,84496545;0,90396295;0,95076966;0,90396295;0,77351449;0,735402;0,88267452;0,85035845
285;12;13;96;False;0,94192017;0,98316733;0,97009155;0,98493225;0,97009155;0,87003527;0,87347318;0,93050145;0,96462503;0,93050145;0,75312462;0,76285602;0,86618691;0,84914337
286;12;13;96;False;0,96172577;0,98341217;0,98048951;0,9901967;0,98048951;0,87010309;0,87517115;0,93054024;0,96464514;0,93054024;0,74467308;0,77653515;0,85614002;0,87712421
287;12;13;96;False;0,9662493;0,98819556;0,98283499;0,99138034;0,98283499;0,81573521;0,85761188;0,89851781;0,94790179;0,89851781;0,75596426;0,75669848;0,86379745;0,8647239
288;12;13;96;False;0,94600653;0,9856648;0,97225422;0,98602952;0,97225422;0,82021161;0,8542238;0,90122666;0,94932958;0,90122666;0,7671743;0,75059441;0,8528931;0,86176176
289;12;13;96;False;0,94719368;0,98242475;0,97288081;0,9863472;0,97288081;0,89542865;0,90827331;0,94482971;0,97202351;0,94482971;0,78201405;0,74833518;0,87599068;0,8609895
290;12;13;96;False;0,95747856;0,98714542;0,97827744;0,98907909;0,97827744;0,89431633;0,90390792;0,94421013;0,97170475;0,94421013;0,76718774;0,75895059;0,86861802;0,86523553
291;12;13;96;False;0,95374233;0,98615889;0,97632355;0,98809086;0,97632355;0,81157081;0,84925847;0,89598574;0,94656523;0,89598574;0,76178775;0,75412977;0,86339635;0,85048241
292;12;13;96;False;0,94776021;0,98539478;0,97317956;0,98649863;0,97317956;0,85501899;0,85718439;0,92184392;0,96012703;0,92184392;0,76173935;0,75031252;0,87475795;0,85091938
293;12;13;96;False;0,96185021;0,9902296;0,98055418;0,99022936;0,98055418;0,91511123;0,91735931;0,95567424;0,97758592;0,95567424;0,74647432;0,77837586;0,84566681;0,8774744
294;12;13;96;False;0,95358585;0,98415297;0,97624156;0,98804937;0,97624156;0,86949267;0,87630904;0,93019105;0,96446412;0,93019105;0,7693603;0,74528128;0,85532416;0,86217164
295;12;13;96;False;0,96279679;0,98365229;0,98104581;0,99047757;0,98104581;0,85953608;0,87092683;0,92446292;0,96148995;0,92446292;0,76342238;0,75381969;0,86076379;0,86795716
296;12;13;96;False;0,94734647;0,98554198;0,97296139;0,98638805;0,97296139;0,85508681;0,87999979;0,92188334;0,96014756;0,92188334;0,76823378;0,75221355;0,8706575;0,86081221
297;12;13;96;False;0,95426027;0,98737832;0,97659486;0,98822814;0,97659486;0,83218937;0,8529593;0,90840978;0,95310533;0,90840978;0,76654286;0,74657391;0,86112232;0,85575824
298;12;13;96;False;0,95868618;0,98877655;0,97890738;0,98939748;0,97890738;0,8728025;0,88820846;0,93208173;0,9654438;0,93208173;0,74647736;0,7732321;0,85696264;0,8615225
299;12;13;96;False;0,95179844;0,98531106;0,97530403;0,98757482;0,97530403;0,82198861;0,84373988;0,90229829;0,94989383;0,90229829;0,76183892;0,74717841;0,86193916;0,86346125
300;12;13;96;False;0,95544816;0,98903073;0,97721656;0,98854264;0,97721656;0,8210255;0,86512885;0,90171774;0,9495882;0,90171774;0,75700541;0,75019817;0,86250492;0,85535517
301;12;13;96;False;0,95524362;0,9816294;0,97710956;0,98848853;0,97710956;0,86143516;0,87936988;0,92556021;0,9620604;0,92556021;0,76822371;0,7501629;0,86680616;0,85916601
302;12;13;96;False;0,94351108;0,98587639;0,97093461;0,98536014;0,97093461;0,88277265;0,89164434;0,93773685;0,96836814;0,93773685;0,77890607;0,74695278;0,88382835;0,85155895
303;12;13;96;False;0,94743589;0,98605828;0,97300856;0,98641196;0,97300856;0,85132935;0,87013882;0,91969519;0,9590074;0,91969519;0,76928511;0,74387232;0,86086467;0,85594913
304;12;13;96;False;0,9525544;0,98640389;0,97570075;0,98777566;0,97570075;0,86942485;0,88943767;0,93015223;0,964444;0,93015223;0,7670815;0,75245936;0,86372099;0,85364108
305;12;13;96;False;0,95045274;0,98733042;0,97459705;0,98721682;0,97459705;0,90059685;0,91629224;0,94769898;0,97349832;0,94769898;0,76046946;0,77056507;0,86449219;0,87172148
306;12;13;96;False;0,95192715;0,9861726;0,9753716;0,98760903;0,9753716;0,84674444;0,86834455;0,91701312;0,95760802;0,91701312;0,75882392;0,75562764;0,86265905;0,85819319
307;12;13;96;False;0,94081977;0,98122986;0,96950761;0,98463578;0,96950761;0,85942756;0,88735181;0,92440015;0,96145731;0,92440015;0,76458677;0,75780632;0,8720114;0,84644863
308;12;13;96;False;0,95509086;0,9854938;0,97702964;0,9884481;0,97702964;0,79708356;0,83770742;0,8870857;0,94185227;0,8870857;0,75950969;0,74828323;0,86440327;0,85803137
309;12;13;96;False;0,95382341;0,98606136;0,97636603;0,98811236;0,97636603;0,92116115;0,93726423;0,95896292;0,97926652;0,95896292;0,75716644;0,77557988;0,84803966;0,87966766
310;12;13;96;False;0,94867073;0,98492152;0,97365934;0,98674178;0,97365934;0,87247694;0,87232491;0,93189606;0,96534764;0,93189606;0,74105805;0,7729314;0,85006274;0,86987869
311;12;13;96;False;0,93779886;0,98254081;0,96790114;0,98381967;0,96790114;0,81988606;0,84489486;0,9010301;0,94922605;0,9010301;0,7565677;0,75307447;0,87283888;0,84814634
312;12;13;96;False;0,94895447;0,98683756;0,97380876;0,98681749;0,97380876;0,8885784;0,89690605;0,9410024;0,97005278;0,9410024;0,76758842;0,75355617;0,87336076;0,85622819
313;12;13;96;False;0,94575218;0,98514262;0,97211987;0,9859614;0,97211987;0,84546934;0,85829124;0,91626485;0,95721724;0,91626485;0,76866421;0,74567971;0,87020985;0,84891462
314;12;13;96;False;0,94327874;0,9842913;0,97081157;0,98529771;0,97081157;0,88804938;0,90756902;0,94070567;0,96989982;0,94070567;0,76058041;0,76007672;0,85152967;0,85973087
315;12;13;96;False;0,95601686;0,9870948;0,97751393;0,98869304;0,97751393;0,84476397;0,87714135;0,91585047;0,95700077;0,91585047;0,75107462;0,76027918;0,84850273;0,86962184
316;12;13;96;False;0,94417803;0,98404455;0,97128763;0,98553926;0,97128763;0,79688009;0,82345733;0,88695967;0,94178536;0,88695967;0,74410551;0,76301262;0,85446178;0,86351844
317;12;13;96;False;0,95156783;0,98644772;0,97518294;0,98751352;0,97518294;0,89804666;0,9125931;0,94628513;0,97277188;0,94628513;0,78963188;0,74079989;0,86635173;0,86332853
318;12;13;96;False;0,94602276;0,98341637;0,97226279;0,98603387;0,97226279;0,80789474;0,82014356;0,8937409;0,94537871;0,8937409;0,75541618;0,74706982;0,84493897;0,86111356
319;12;13;96;False;0,94933953;0,98541601;0,97401147;0,98692019;0,97401147;0,85118014;0,87628107;0,91960812;0,958962;0,91960812;0,76293815;0,75118887;0,86550775;0,86356499
320;12;13;96;False;0,93920947;0,98083232;0,9686519;0,98420115;0,9686519;0,84944384;0,85707736;0,91859382;0,958433;0,91859382;0,75626663;0,7575297;0,85662932;0,86456881
321;12;13;96;False;0,96351286;0,98857253;0,98141742;0,99066514;0,98141742;0,87688551;0,88823688;0,9344049;0,96664621;0,9344049;0,77133236;0,75044254;0,87499152;0,85595591
322;12;13;96;False;0,95899874;0,98707799;0,9790703;0,98947981;0,9790703;0,83629951;0,86524242;0,91085306;0,95438622;0,91085306;0,7778973;0,73274788;0,88111613;0,83878144
323;12;13;96;False;0,95601097;0,98597856;0,97751085;0,98869148;0,97751085;0,8292051;0,85438662;0,9066289;0,95217062;0,9066289;0,76353794;0,75151948;0,86947557;0,85167714
324;12;13;96;False;0,93769649;0,98004276;0,96784661;0,98379195;0,96784661;0,85710798;0,88217515;0,9230567;0,9607584;0,9230567;0,75978439;0,75609852;0,86486926;0,86521316
325;12;13;96;False;0,94560222;0,98008315;0,97204065;0,98592122;0,97204065;0,87734672;0,90903653;0,93466669;0,96678161;0,93466669;0,77180068;0,76104222;0,87513989;0,85239308
326;12;13;96;False;0,9361801;0,9790698;0,96703824;0,98338103;0,96703824;0,86626424;0,86496387;0,9283404;0,96350423;0,9283404;0,74677777;0,76304738;0,84597071;0,86758118
327;12;13;96;False;0,93914309;0,98215808;0,96861659;0,98418321;0,96861659;0,84674444;0,86832609;0,91701312;0,95760802;0,91701312;0,76677784;0,75413797;0,86440109;0,86313184
328;12;13;96;False;0,94976701;0,98627259;0,97423642;0,98703415;0,97423642;0,90233315;0,91771296;0,94865944;0,9739915;0,94865944;0,76597363;0,76730647;0,86633229;0,86549803
329;12;13;96;False;0,94855255;0,98203068;0,9735971;0,98671024;0,9735971;0,83868692;0,86083571;0,91226724;0,95512682;0,91226724;0,7600615;0,75937917;0,86006423;0,86259508
330;12;13;96;False;0,9418374;0,98294189;0,97004764;0,98490997;0,97004764;0,83752035;0,86205731;0,91157668;0,95476525;0,91157668;0,76159354;0,75209247;0,86711432;0,85341825
331;12;13;96;False;0,93996317;0,9851939;0,96905259;0,98440469;0,96905259;0,78073793;0,83469254;0,87687011;0,93641343;0,87687011;0,76137618;0,75010879;0,86565403;0,84811243
332;12;13;96;False;0,94741162;0,98392085;0,97299575;0,98640547;0,97299575;0,82281606;0,83998421;0,90279659;0,95015609;0,90279659;0,74595077;0,76188299;0,84904265;0,86841632
333;12;13;96;False;0,94303853;0,98259736;0,97068433;0,98523314;0,97068433;0,78741183;0,80394557;0,88106369;0,93864993;0,88106369;0,78217849;0,72203948;0,87968936;0,83591747
334;12;13;96;False;0,95056399;0,98299976;0,97465553;0,98724644;0,97465553;0,86170646;0,88079011;0,92571678;0,96214177;0,92571678;0,7430301;0,77761927;0,85403935;0,87073035
335;12;13;96;False;0,9389284;0,98143242;0,96850239;0,98412519;0,96850239;0,81694249;0,86218005;0,89924969;0,94828777;0,89924969;0,75571073;0,7632737;0,86163488;0,86727596
336;12;13;96;False;0,95714324;0,98776429;0,97810239;0,98899059;0,97810239;0,8817146;0,89619669;0,93713956;0,96805969;0,93713956;0,76404832;0,75278899;0,87868717;0,84132776
337;12;13;96;False;0,96056567;0,98229184;0,97988625;0,98989204;0,97988625;0,8492268;0,87842033;0,9184669;0,95836679;0,9184669;0,77453274;0,75030618;0,86301653;0,8621348
338;12;13;96;False;0,95038492;0,98631932;0,97456139;0,98719876;0,97456139;0,82863538;0,83114429;0,90628825;0,95199173;0,90628825;0,72605909;0,77646076;0,83594916;0,88342297
339;12;13;96;False;0,94500665;0,98360687;0,97172588;0,98576157;0,97172588;0,8289338;0,86148427;0,90646671;0,95208545;0,90646671;0,75335956;0,76094545;0,86272581;0,85841797
340;12;13;96;False;0,93090783;0,97706549;0,96421778;0,98194592;0,96421778;0,78084645;0,80515869;0,87693855;0,93644997;0,87693855;0,74603497;0,75893821;0,85445987;0,86732254
341;12;13;96;False;0,95781235;0,98854411;0,97845164;0,98916714;0,97845164;0,84199674;0,86610847;0,91422175;0,95614944;0,91422175;0,75465359;0,76313908;0,85133513;0,86836117
342;12;13;96;False;0,94649271;0,98615394;0,97251092;0,98615968;0,97251092;0,88045307;0,89876293;0,93642653;0,96769134;0,93642653;0,77063534;0,76290841;0,85405765;0,87014793
343;12;13;96;False;0,96084243;0,98861075;0,98003023;0,98996476;0,98003023;0,8732637;0,9030522;0,93234466;0,96557996;0,93234466;0,75063395;0,76956741;0,84863551;0,87440864
344;12;13;96;False;0,94574201;0,98324786;0,9721145;0,98595867;0,9721145;0,86669832;0,87717946;0,9285896;0,96363354;0,9285896;0,7754999;0,74677877;0,87059558;0,85476219
345;12;13;96;False;0,94108929;0,98069097;0,9696507;0,98470843;0,9696507;0,79964731;0,82252333;0,88867114;0,94269356;0,88867114;0,7617339;0,7449865;0,86500766;0,85519239
346;12;13;96;False;0,95168976;0,98507693;0,97524697;0,98754593;0,97524697;0,89791101;0,91911172;0,94620981;0,97273317;0,94620981;0,77803986;0,75273599;0,85430196;0,87308219
347;12;13;96;False;0,95028048;0,98294135;0,97450648;0,98717095;0,97450648;0,86268313;0,88532067;0,92628007;0,96243445;0,92628007;0,7591917;0,7569714;0,84393664;0,87259261
348;12;13;96;False;0,95304324;0,98510311;0,97595713;0,98790543;0,97595713;0,87628866;0,88008648;0,93406593;0,96647087;0,93406593;0,75324528;0,76555799;0,8623674;0,85728529
349;12;13;96;False;0,95845966;0,98576127;0,97878928;0,9893378;0,97878928;0,87805209;0,88803584;0,93506681;0,96698853;0,93506681;0,74387314;0,7772811;0,85695973;0,87591013
350;12;13;96;False;0,93997714;0,97984533;0,96906002;0,98440846;0,96906002;0,8556701;0,88411034;0,92222222;0,96032402;0,92222222;0,74983477;0,76904157;0,85567105;0,8682904
351;12;13;96;False;0,95900427;0,98950084;0,97907318;0,98948127;0,97907318;0,87478296;0,88660282;0,93320985;0,96602787;0,93320985;0,72939198;0,77966163;0,84356782;0,87274096
352;12;13;96;False;0,95582121;0,98814616;0,97741164;0,98864131;0,97741164;0,87734672;0,88996804;0,93466669;0,96678161;0,93466669;0,76262806;0,75267324;0,8572475;0,8605719
353;12;13;96;False;0,95077458;0,9857417;0,97476622;0,9873025;0,97476622;0,83034455;0,86564061;0,90730955;0,95252798;0,90730955;0,7438869;0,77487606;0,84389943;0,86970706
354;12;13;96;False;0,93173463;0,97759031;0,9646611;0,98217163;0,9646611;0,86269669;0,8737444;0,92628789;0,96243851;0,92628789;0,78059599;0,73634899;0,87263713;0,8319395
355;12;13;96;False;0,93554491;0,9827017;0,96669926;0,98320865;0,96669926;0,870293;0,8940809;0,93064883;0,96470142;0,93064883;0,76257604;0,75926489;0,87137853;0,85897605
356;12;13;96;False;0,9538977;0,98880316;0,97640496;0,98813206;0,97640496;0,85085458;0,87390937;0,91941808;0,95886291;0,91941808;0,74589659;0,76996492;0,84999695;0,87004531
357;12;13;96;False;0,94712549;0,98481349;0,97284484;0,98632897;0,97284484;0,85729788;0,87657741;0,92316681;0,9608157;0,92316681;0,7549519;0,75804298;0,85656246;0,85931618
358;12;13;96;False;0,96656718;0,98629916;0,9829994;0,99146326;0,9829994;0,86425665;0,86652365;0,92718634;0,96290516;0,92718634;0,75687924;0,75405114;0,86245371;0,86243523
359;12;13;96;False;0,94628692;0,9819425;0,97240228;0,9861046;0,97240228;0,85325556;0,87664786;0,92081802;0,95959263;0,92081802;0,75458888;0,76727985;0,86056615;0,8617841
360;12;13;96;False;0,9442078;0,98550916;0,97130338;0,98554725;0,97130338;0,86549105;0,89152553;0,92789622;0,9632737;0,92789622;0,74954559;0,76474349;0,86301375;0,86380238
361;12;13;96;False;0,95754004;0,98579681;0,97830953;0,98909531;0,97830953;0,87364352;0,87851843;0,93256109;0,96569202;0,93256109;0,75697216;0,76144407;0,86236155;0,85066741
362;12;13;96;False;0,95642044;0,98495803;0,97772485;0,9887997;0,97772485;0,82014379;0,83664127;0,90118571;0,94930802;0,90118571;0,76778116;0,74705893;0,8621562;0,85590746
363;12;13;96;False;0,9553529;0,98778735;0,97716673;0,98851744;0,97716673;0,82594954;0,85543111;0,90467948;0,9511464;0,90467948;0,75554415;0,75925345;0,85815249;0,86724205
364;12;13;96;False;0,95497616;0,98654697;0,97696962;0,98841774;0,97696962;0,90417797;0,90506622;0,94967801;0,97451424;0,94967801;0,75620614;0,76783317;0,8623025;0,86366087
365;12;13;96;False;0,96168716;0,98867359;0,98046945;0,99018657;0,98046945;0,89102008;0,89338675;0,94236977;0,97075732;0,94236977;0,74293507;0,78005996;0,86366581;0,87062478
366;12;13;96;False;0,94302254;0,9837994;0,97067586;0,98522884;0,97067586;0,84787032;0,8751544;0,91767297;0,95795249;0,91767297;0,78384993;0,72862612;0,8877758;0,82698888
367;12;13;96;False;0,95352189;0,98766131;0,97620804;0,98803241;0,97620804;0,89883342;0,90917551;0,94672172;0,97299626;0,94672172;0,74728576;0,77933722;0,8619042;0,8710674
368;12;13;96;False;0,94946977;0,98473226;0,97408001;0,98695492;0,97408001;0,80313348;0,8287257;0,89081977;0,94383249;0,89081977;0,75612832;0,75377949;0,86056125;0,86053215
369;12;13;96;False;0,95236771;0,98363876;0,97560281;0,98772608;0,97560281;0,83536354;0,8700246;0,91029763;0,95409519;0,91029763;0,74743338;0,76957997;0,86101182;0,8610739
370;12;13;96;False;0,94966476;0,98731868;0,97418262;0,9870069;0,97418262;0,84763972;0,86580781;0,91753788;0,95788198;0,91753788;0,75575864;0,75716297;0,86385865;0,86161161
371;12;13;96;False;0,94965239;0,98069413;0,97417611;0,9870036;0,97417611;0,80214324;0,85236676;0,89021031;0,94350957;0,89021031;0,76280272;0,75621342;0,862346;0,86779732
372;12;13;96;False;0,95428155;0,98737156;0,97660601;0,98823378;0,97660601;0,89042322;0,91374989;0,94203585;0,97058531;0,94203585;0,77052153;0,75135894;0,86913438;0,85160831
373;12;13;96;False;0,94377541;0,98173974;0,97107455;0,98543115;0,97107455;0,87996473;0,87808296;0,93615026;0,96754858;0,93615026;0,75349335;0,75999318;0,86006518;0,85446185
374;12;13;96;False;0,95520049;0,98269483;0,977087;0,98847711;0,977087;0,86865165;0,88906343;0,92970956;0,96421448;0,92970956;0,75705272;0,76643737;0,85972415;0,86210312
375;12;13;96;False;0,94134803;0,98308952;0,96978802;0,98477816;0,96978802;0,83155182;0,8640839;0,9080298;0,95290598;0,9080298;0,77645474;0,74174318;0,86465882;0,86336722
376;12;13;96;False;0,94566629;0,9855434;0,9720745;0,98593838;0,9720745;0,84795171;0,86388437;0,91772064;0,95797737;0,91772064;0,75149433;0,75697316;0,8548823;0,86698635
377;12;13;96;False;0,94501552;0,98505413;0,97173057;0,98576395;0,97173057;0,87407759;0,89401356;0,93280833;0,96582003;0,93280833;0,75554108;0,76611029;0,85447923;0,86625089
378;12;13;96;False;0,94033541;0,98033728;0,96925037;0,98450514;0,96925037;0,87177157;0,87427611;0,93149355;0,96513913;0,93149355;0,76411113;0,75416338;0,86238775;0,86190326
379;12;13;96;False;0,95487503;0,98621747;0,9769167;0,98839096;0,9769167;0,88631308;0,89507334;0,93973062;0,96939704;0,93973062;0,75919373;0,75850968;0,87426198;0,85076049
380;12;13;96;False;0,95421665;0,98415209;0,97657202;0,98821658;0,97657202;0,86629137;0,88127504;0,92835597;0,96351231;0,92835597;0,74759408;0,77051844;0,85090971;0,87145609
381;12;13;96;False;0,95389755;0,98596743;0,97640488;0,98813201;0,97640488;0,9252306;0,92613798;0,96116341;0,98038942;0,96116341;0,7594605;0,76589656;0,87181348;0,86433344
382;12;13;96;False;0,95603102;0,98925517;0,97752133;0,98869678;0,97752133;0,84314976;0,86429621;0,91490098;0,95650456;0,91490098;0,73730282;0,77270889;0,8362894;0,88267831
383;12;13;96;False;0,94211451;0,98422176;0,9701946;0,98498457;0,9701946;0,88608247;0,91330571;0,93960098;0,96933017;0,93960098;0,77706994;0,75602346;0,88514861;0,84537593
384;12;13;96;False;0,95783184;0,98122415;0,9784618;0,98917228;0,9784618;0,87665491;0,8936654;0,93427396;0,96657848;0,93427396;0,75721074;0,76577189;0,85291634;0,86995123
385;12;13;96;False;0,94425227;0,98674308;0,9713269;0,98555918;0,9713269;0,86303581;0,88129776;0,92648333;0,96254004;0,92648333;0,75521636;0,76231858;0,86633907;0,86150215
386;12;13;96;False;0,95620663;0,98642915;0,97761312;0,9887432;0,97761312;0,84846717;0,87362736;0,91802244;0,95813488;0,91802244;0,76717946;0,74757894;0,87046288;0,85095415
387;12;13;96;False;0,94465886;0,98772281;0,97154198;0,98566829;0,97154198;0,87220564;0,88130827;0,93174128;0,96526747;0,93174128;0,77388361;0,74867457;0,86445552;0,85654114
388;12;13;96;False;0,94082477;0,98228911;0,96951027;0,98463712;0,96951027;0,81083831;0,83299136;0,89553916;0,94632931;0,89553916;0,754197;0,75151467;0,86506688;0,85495018
389;12;13;96;False;0,94443879;0,98474529;0,97142558;0,98560924;0,97142558;0,84225448;0,85527939;0,91437365;0,95622887;0,91437365;0,7404464;0,7581;0,85004544;0,86697098
390;12;13;96;False;0,95139859;0,98487223;0,97509406;0,98746851;0,97509406;0,86135377;0,87113373;0,92551323;0,96203598;0,92551323;0,77274563;0,74998305;0,87146287;0,85356557
391;12;13;96;False;0,94856203;0,98484892;0,97360209;0,98671277;0,97360209;0,8195198;0,84993006;0,90080889;0,94910952;0,90080889;0,74005195;0,76815783;0,85319732;0,8689244
392;12;13;96;False;0,95893133;0,9837665;0,97903517;0,98946206;0,97903517;0,87015735;0,89146843;0,93057127;0,96466122;0,93057127;0,76358604;0,76295046;0,86502416;0,86892501
393;12;13;96;False;0,94946703;0,98342828;0,97407857;0,98695419;0,97407857;0,80295714;0,84277303;0,89071129;0,94377502;0,89071129;0,76165461;0,75381532;0,85683861;0,85941119
394;12;13;96;False;0,95435847;0,98738638;0,97664628;0,98825416;0,97664628;0,90486978;0,90375791;0,95005946;0,97470994;0,95005946;0,74113885;0,77442637;0,85670878;0,8712373
395;12;13;96;False;0,96443493;0,98661801;0,98189552;0,99090642;0,98189552;0,85006782;0,8652752;0,91895855;0,95862326;0,91895855;0,77103775;0,74107385;0,86893769;0,84531985
396;12;13;96;False;0,9518288;0,98630643;0,97531997;0,98758289;0,97531997;0,83411557;0,8718803;0,90955618;0,95370655;0,90955618;0,78049513;0,74403482;0,87674355;0,85338723
397;12;13;96;False;0,94428053;0,98653922;0,97134186;0,98556677;0,97134186;0,89723277;0,91292936;0,9458331;0,97253951;0,9458331;0,78028773;0,74562256;0,87404408;0,8474313
398;12;13;96;False;0,94327874;0,98231116;0,97081157;0,98529771;0,97081157;0,82512208;0,84269148;0,90418289;0,95088532;0,90418289;0,7691842;0,74064819;0,87469817;0,84624124
399;12;13;96;False;0,94677885;0,9853571;0,97266195;0,98623625;0,97266195;0,86800054;0,87481768;0,9293365;0,96402101;0,9293365;0,75669528;0,76514385;0,85533772;0,86734199
400;12;13;96;False;0,94303572;0,98406784;0,97068285;0,98523238;0,97068285;0,83179598;0,87293607;0,90817536;0,95298235;0,90817536;0,76647341;0,7547764;0,87237852;0,85036134
401;12;13;96;False;0,95420616;0,98426074;0,97656653;0,98821381;0,97656653;0,83254205;0,85071801;0,90861986;0,95321554;0,90861986;0,78435754;0,73078324;0,8858292;0,82356692
402;12;13;96;False;0,95171382;0,9883584;0,9752596;0,98755233;0,9752596;0,86397179;0,88781592;0,92702239;0,96282002;0,92702239;0,75295646;0,76630237;0,85291245;0,87109453
403;12;13;96;False;0,94605117;0,97688851;0,97227779;0,98604148;0,97227779;0,7918611;0,81882217;0,88384205;0,94012874;0,88384205;0,74144885;0,76681652;0,86257567;0,85733374
404;12;13;96;False;0,96157185;0,9892812;0,98040951;0,99015631;0,98040951;0,82311449;0,85421875;0,90297619;0,95025059;0,90297619;0,75384268;0,76037519;0,85815735;0,85923092
405;12;13;96;False;0,94650736;0,98244333;0,97251866;0,9861636;0,97251866;0,8787439;0,89089086;0,93545895;0,96719127;0,93545895;0,7439093;0,78240546;0,85732793;0,87799071
406;12;13;96;False;0,94881864;0,98420294;0,97373724;0,98678125;0,97373724;0,85938687;0,86558995;0,92437661;0,96144507;0,92437661;0,74570715;0,76760977;0,86053121;0,87386944
407;12;13;96;False;0,96209048;0,98756324;0,98067902;0,99029239;0,98067902;0,88274552;0,88611593;0,93772155;0,96836024;0,93772155;0,75811089;0,75658186;0,86701348;0,86846318
408;12;13;96;False;0,94814202;0,98387121;0,9733808;0,98660063;0,9733808;0,78256918;0,80671301;0,87802391;0,9370293;0,87802391;0,72762319;0,7582848;0,84515888;0,87346078
409;12;13;96;False;0,95200532;0,98659817;0,97541263;0,9876298;0,97541263;0,84677157;0,86401763;0,91702903;0,95761633;0,91702903;0,75026885;0,76815246;0,86036164;0,86762302
410;12;13;96;False;0,9439608;0,9834369;0,97117267;0,98548093;0,97117267;0,81498915;0,8389627;0,89806504;0,94766293;0,89806504;0,76380245;0,74968235;0,8804935;0,84881678
411;12;13;96;False;0,95669249;0,98600662;0,97786698;0,98887157;0,97786698;0,78351872;0,80677736;0,87862125;0,93734799;0,87862125;0,73467634;0,76646794;0,83905384;0,87934128
412;12;13;96;False;0,93580561;0,98043877;0,96683841;0,98327942;0,96683841;0,85275366;0,86157104;0,92052568;0,9594403;0,92052568;0,75563051;0,75360809;0,8527788;0,85890245
413;12;13;96;False;0,95169397;0,98534358;0,97524918;0,98754705;0,97524918;0,80793543;0,84393982;0,8937658;0,94539188;0,8937658;0,74910405;0,76407937;0,86392539;0,85706147
414;12;13;96;False;0,94151281;0,9802063;0,96987546;0,98482255;0,96987546;0,80067824;0,81898507;0,8893074;0,94303096;0,8893074;0,78839126;0,72328412;0,89428937;0,83769165
415;12;13;96;False;0,94191181;0,98441302;0,97008711;0,98493;0,97008711;0,88752035;0,8916473;0,94040877;0,96974676;0,94040877;0,74111819;0,77834145;0,85454219;0,87139209
416;12;13;96;False;0,94270957;0,98548129;0,97051004;0,98514468;0,97051004;0,88578405;0,8940517;0,93943318;0,96924361;0,93943318;0,7631533;0,7597217;0,86881649;0,85617003
417;12;13;96;False;0,94959998;0,97971193;0,97414853;0,98698963;0,97414853;0,89662235;0,91837998;0,94549382;0,97236506;0,94549382;0,75373192;0,77440097;0,86324143;0,87790254
418;12;13;96;False;0,9509635;0,98825679;0,9748655;0,98735277;0,9748655;0,86136734;0,87910845;0,92552106;0,96204005;0,92552106;0,76860016;0,74671696;0,87162687;0,85201526
419;12;13;96;False;0,93763396;0,98050824;0,9678133;0,98377502;0,9678133;0,85009495;0,85335999;0,9189744;0,95863153;0,9189744;0,7685437;0,75190123;0,87098984;0,84771226
420;12;13;96;False;0,94796672;0,98662335;0,97328842;0,98655381;0,97328842;0,87627509;0,88859767;0,93405823;0,96646688;0,93405823;0,7674589;0,75499757;0,87511488;0,85386499
421;12;13;96;False;0,96482131;0,98835088;0,98209573;0,99100743;0,98209573;0,87174444;0,89813866;0,93147806;0,96513111;0,93147806;0,76834841;0,75204498;0,8749627;0,86063878
422;12;13;96;False;0,95366678;0,98585857;0,97628397;0,98807083;0,97628397;0,82931362;0,85138417;0,90669376;0,95220468;0,90669376;0,7582655;0,75513662;0,86473838;0,8513689
423;12;13;96;False;0,94704695;0,98574093;0,97280341;0,98630797;0,97280341;0,80656538;0,84172433;0,89292687;0,94494808;0,89292687;0,75148567;0,74898254;0,87728235;0,84564541
424;12;13;96;False;0,95614838;0,97889384;0,97758267;0,98872781;0,97758267;0,81330711;0,83030926;0,89704287;0,94712347;0,89704287;0,72685671;0,78977382;0,85545789;0,8688946
425;12;13;96;False;0,951745;0,98147566;0,97527597;0,98756062;0,97527597;0,80336408;0,85053425;0,89096161;0,94390763;0,89096161;0,75291764;0,75961452;0,86362311;0,86241382
426;12;13;96;False;0,94243323;0,98358705;0,97036358;0,98507034;0,97036358;0,81465003;0,83991126;0,89785911;0,94755428;0,89785911;0,75985406;0,75333909;0,8616571;0,86010872
427;12;13;96;False;0,95700464;0,98611162;0,97803001;0,988954;0,97803001;0,76379544;0,79369495;0,86608166;0,93063508;0,86608166;0,72223422;0,76253431;0,84604663;0,87332216
428;12;13;96;False;0,95394857;0,98340501;0,97643161;0,98814554;0,97643161;0,84112859;0,87563152;0,91370977;0,95588167;0,91370977;0,74351262;0,76856465;0,84664532;0,871674
429;12;13;96;False;0,95233412;0,98554416;0,97558518;0,98771716;0,97558518;0,87702116;0,88954574;0,93448191;0,96668605;0,93448191;0,75907909;0,76782751;0,85885497;0,87423992
430;12;13;96;False;0,944494;0,9854706;0,97145478;0,98562406;0,97145478;0,86365979;0,88331166;0,92684276;0,96272673;0,92684276;0,75691325;0,76709426;0,84829555;0,87342687
431;12;13;96;False;0,94515851;0,98146261;0,97180616;0,98580229;0,97180616;0,82410472;0,85852162;0,90357172;0,9505639;0,90357172;0,74636573;0,76077747;0,85101044;0,86676727
432;12;13;96;False;0,93999464;0,98029975;0,96906932;0,98441318;0,96906932;0,82597667;0,85972993;0,90469575;0,95115496;0,90469575;0,76532155;0,75805999;0,85854205;0,86590792
433;12;13;96;False;0,94662448;0,98645941;0,97258047;0,98619495;0,97258047;0,82923223;0,86482534;0,90664511;0,95217914;0,90664511;0,73762604;0,77366491;0,84560681;0,87404875
434;12;13;96;False;0,95401671;0,98661911;0,9764673;0,9881636;0,9764673;0,88621812;0,89686503;0,93967724;0,96936951;0,93967724;0,74337367;0,77800048;0,85753237;0,86174434
435;12;13;96;False;0,95211723;0,98058344;0,97547137;0,98765954;0,97547137;0,83128052;0,86025096;0,90786803;0,95282109;0,90786803;0,74605782;0,77343579;0,86678762;0,86264841
436;12;13;96;False;0,95778125;0,98849229;0,97843541;0,98915894;0,97843541;0,87069995;0,89866498;0,93088146;0,96482198;0,93088146;0,77244633;0,75177603;0,86812583;0,85481743
437;12;13;96;False;0,94141107;0,98264328;0,96982147;0,98479514;0,96982147;0,8185974;0,8487054;0,90025137;0,94881577;0,90025137;0,76875607;0,74360128;0,87635778;0,84241691
438;12;13;96;False;0,94412453;0,98335921;0,97125932;0,98552489;0,97125932;0,85189908;0,87546292;0,92002754;0,95918066;0,92002754;0,73628928;0,7770701;0,85182058;0,8750674
439;12;13;96;False;0,94880047;0,97971133;0,97372767;0,9867764;0,97372767;0,84339392;0,86354005;0,9150447;0,95657969;0,9150447;0,74371926;0,76888628;0,85460619;0,85840249
440;12;13;96;False;0,95021501;0,98965457;0,97447205;0,98715351;0,97447205;0,88502442;0,90778173;0,93900579;0,96902311;0,93900579;0,75369283;0,7702009;0,84761524;0,87428614
441;12;13;96;False;0,94501701;0,98353635;0,97173136;0,98576435;0,97173136;0,85097667;0,8579024;0,91948935;0,95890007;0,91948935;0,74821525;0,76433333;0,86333717;0,85072268
442;12;13;96;False;0,95227953;0,98737066;0,97555654;0,98770266;0,97555654;0,88757461;0,90282684;0,94043923;0,96976246;0,94043923;0,76764848;0,75542508;0,87379694;0,86014468
443;12;13;96;False;0,94312108;0,98513087;0,97072806;0,98525533;0,97072806;0,80682311;0,83427633;0,89308478;0,94503163;0,89308478;0,74712734;0,76060458;0,85859045;0,85632024
444;12;13;96;False;0,95033032;0,9869887;0,97453268;0,98718422;0,97453268;0,87687195;0,91004445;0,9343972;0,96664223;0,9343972;0,74728225;0,78844938;0,86040817;0,86227338
445;12;13;96;False;0,9651974;0,98577797;0,98229053;0,99110571;0,98229053;0,8861503;0,90220114;0,93963911;0,96934984;0,93963911;0,75170634;0,7756532;0,85322255;0,87381472
446;12;13;96;False;0,94160418;0,98086814;0,96992393;0,98484716;0,96992393;0,82329083;0,84123011;0,90308229;0,95030642;0,90308229;0,75501036;0,75082533;0,87147731;0,8451435
447;12;13;96;False;0,96191177;0,98443362;0,98058617;0,99024551;0,98058617;0,86174715;0,8911413;0,92574027;0,96215397;0,92574027;0,7797838;0,74557879;0,87163157;0,85754787
448;12;13;96;False;0,95153764;0,98548994;0,97516709;0,98750549;0,97516709;0,83977211;0,87953266;0,91290884;0,95546263;0,91290884;0,75930047;0,76437299;0,85827554;0,85318764
449;12;13;96;False;0,95113307;0,98458694;0,97495459;0,98739789;0,97495459;0,88785947;0,90187443;0,94059911;0,96984489;0,94059911;0,76313834;0,76087591;0,87356462;0,85150845
450;12;13;96;False;0,94814378;0,98367976;0,97338173;0,9866011;0,97338173;0,85899349;0,86587734;0,924149;0,96132669;0,924149;0,79187431;0,7289789;0,88324584;0,84144915
451;12;13;96;False;0,94679188;0,982155;0,97266882;0,98623974;0,97266882;0,86740369;0,8621516;0,9289943;0,9638435;0,9289943;0,76318686;0,74049003;0,86275215;0,85330295
452;12;13;96;False;0,9513062;0,98568044;0,97504554;0,98744394;0,97504554;0,80949539;0,83031772;0,89471948;0,94589613;0,89471948;0,75287493;0,75217197;0,85231947;0,87295418
453;12;13;96;False;0,96210469;0,98734605;0,9806864;0,99029612;0,9806864;0,87913728;0,90358292;0,9356818;0,96730647;0,9356818;0,75054961;0,77343068;0,85575726;0,87266426
454;12;13;96;False;0,94082497;0,97782527;0,96951037;0,98463718;0,96951037;0,79175258;0,79665516;0,88377445;0,94009279;0,88377445;0,73844672;0,75992824;0,83982813;0,86439632
455;12;13;96;False;0,95155055;0,98466401;0,97517387;0,98750892;0,97517387;0,8084102;0,84531545;0,89405623;0,94554547;0,89405623;0,75682186;0,75802612;0,86174153;0,84967919
456;12;13;96;False;0,95216229;0,98371296;0,97549502;0,98767151;0,97549502;0,80051546;0,80937148;0,88920699;0,94297772;0,88920699;0,72109645;0,77888635;0,83424219;0,88564685
457;12;13;96;False;0,95287834;0,98507139;0,97587066;0,98786166;0,97587066;0,87270754;0,88054773;0,93202758;0,96541576;0,93202758;0,74972565;0,76859673;0,85342603;0,87391481
458;12;13;96;False;0,95030302;0,98433251;0,97451833;0,98717695;0,97451833;0,90134292;0,91402165;0,9481119;0,97371038;0,9481119;0,75537814;0,76595236;0,86398551;0,86183929
459;12;13;96;False;0,94827089;0,9858513;0,97344871;0,98663504;0,97344871;0,87900163;0,88617823;0,93560497;0,96726675;0,93560497;0,7597363;0,75687331;0,86078122;0,86090433
460;12;13;96;False;0,94567344;0,97751025;0,97207828;0,9859403;0,97207828;0,84149485;0,81745087;0,91392582;0,95599468;0,91392582;0,76699975;0,73668703;0,88545839;0,84368239
461;12;13;96;False;0,9625089;0,98916696;0,98089634;0,99040211;0,98089634;0,89861639;0,91336231;0,94660132;0,97293438;0,94660132;0,74862004;0,7815753;0,85840924;0,87146287
462;12;13;96;False;0,94580497;0,98193914;0,97214776;0,98597554;0,97214776;0,84743625;0,87865358;0,91741866;0,95781974;0,91741866;0,7479769;0,7677156;0,84079086;0,87954394
463;12;13;96;False;0,95559753;0,98506822;0,97729468;0,98858216;0,97729468;0,88438687;0,88579016;0,93864682;0,96883787;0,93864682;0,77225726;0,74300566;0,86858499;0,85596658
464;12;13;96;False;0,94125467;0,98370439;0,96973847;0,984753;0,96973847;0,87011666;0,89524042;0,930548;0,96464916;0,930548;0,76813342;0,76070874;0,86567346;0,86599407
465;12;13;96;False;0,94575557;0,98429103;0,97212166;0,9859623;0,97212166;0,86934346;0,89274861;0,93010565;0,96441985;0,93010565;0,75662067;0,76419046;0,86156601;0,86328305
466;12;13;96;False;0,94523368;0,98566658;0,97184589;0,98582244;0,97184589;0,86555887;0,8893215;0,9279352;0,96329393;0,9279352;0,75651342;0,75921252;0,84597594;0,86184315
467;12;13;96;False;0,95543136;0,98268821;0,97720777;0,9885382;0,97720777;0,84329897;0,86371986;0,91498881;0,95655048;0,91498881;0,74915101;0,76186633;0,85555574;0,87053541
468;12;13;96;False;0,95028657;0,98474487;0,97450968;0,98717257;0,97450968;0,81718665;0,838768;0,89939759;0,94836575;0,89939759;0,75060888;0,75635433;0,86845318;0,83532628
469;12;13;96;False;0,93862892;0,9841939;0,96834305;0,98404423;0,96834305;0,85870863;0,87425062;0,92398412;0,96124093;0,92398412;0,7551583;0,76139476;0,85118577;0,86390998
470;12;13;96;False;0,94294396;0,97592685;0,97063423;0,98520771;0,97063423;0,83427835;0,86195726;0,90965294;0,95375728;0,90965294;0,74810357;0,76248232;0,85966983;0,86344583
471;12;13;96;False;0,94610791;0,98385272;0,97230776;0,98605667;0,97230776;0,82839121;0,8599082;0,90614219;0,95191501;0,90614219;0,75552467;0,75975521;0,83815635;0,87372997
472;12;13;96;False;0,94969614;0,98310899;0,97419913;0,98701526;0,97419913;0,87381986;0,8823229;0,93266154;0,96574404;0,93266154;0,75505173;0,76440086;0,86776341;0,8516897
473;12;13;96;False;0,95331068;0,98583628;0,97609734;0,98797639;0,97609734;0,89534726;0,90898508;0,9447844;0,9720002;0,9447844;0,76319829;0,75672273;0,86879731;0,85687349
474;12;13;96;False;0,94847256;0,98447019;0,97355496;0,98668889;0,97355496;0,81112317;0,85630329;0,89571287;0,94642109;0,89571287;0,73719199;0,7665562;0,84894853;0,8738296
475;12;13;96;False;0,94120759;0,9826659;0,96971349;0,98474031;0,96971349;0,85025773;0,86495548;0,91906951;0,95868113;0,91906951;0,79602924;0,7241361;0,8831848;0,84806967
476;12;13;96;False;0,94684401;0,98537359;0,97269633;0,98625368;0,97269633;0,84834509;0,88182884;0,91795098;0,95809758;0,91795098;0,75989049;0,76372664;0,86024445;0,86734085
477;12;13;96;False;0,94769952;0,98556302;0,97314756;0,98648242;0,97314756;0,88666576;0,88217256;0,93992882;0,96949926;0,93992882;0,77385564;0,75185777;0,88010554;0,84667845
478;12;13;96;False;0,94819161;0,98531731;0,97340693;0,98661387;0,97340693;0,87498644;0,89939721;0,93332562;0,96608779;0,93332562;0,74147228;0,78237196;0,85535615;0,86428671
479;12;13;96;False;0,95063353;0,98392682;0,97469208;0,98726495;0,97469208;0,79856213;0,81933291;0,8880006;0,94233784;0,8880006;0,76023954;0,74721271;0,85475147;0,85420984
480;12;13;96;False;0,94749479;0,98423402;0,97303962;0,9864277;0,97303962;0,83176886;0,85471974;0,90815918;0,95297386;0,90815918;0,7405481;0,77762008;0,84555619;0,87141331
481;12;13;96;False;0,9489163;0,97713669;0,97378866;0,98680731;0,97378866;0,80758275;0,82437726;0,89354996;0,94527772;0,89354996;0,76119305;0,74899098;0,85259178;0,8482267
482;12;13;96;False;0,95500359;0,98813701;0,97698398;0,988425;0,97698398;0,8158573;0,84739553;0,89859186;0,94794086;0,89859186;0,74507984;0,75651664;0,85445599;0,86971089
483;12;13;96;False;0,93219023;0,98336154;0,96490523;0,9822959;0,96490523;0,87061856;0,88690434;0,93083494;0,96479788;0,93083494;0,76050028;0,75371567;0,85547823;0,86743785
484;12;13;96;False;0,96094158;0,98418746;0,9800818;0,98999081;0,9800818;0,88696419;0,90535216;0,94009647;0,96958572;0,94009647;0,76332427;0,76249965;0,86756377;0,87089313
485;12;13;96;False;0,96175577;0,98335144;0,9805051;0,99020458;0,9805051;0,87120184;0,88868276;0,93116822;0,96497058;0,93116822;0,74287305;0,77652167;0,85133022;0,87351504
486;12;13;96;False;0,9435823;0,98209612;0,97097231;0,98537927;0,97097231;0,88684211;0,89256109;0,94002789;0,96955036;0,94002789;0,74463509;0,77619859;0,85975604;0,86707837
487;12;13;96;False;0,96556414;0,98952905;0,98248042;0,9912015;0,98248042;0,86252035;0,88581561;0,92618623;0,9623857;0,92618623;0,76522289;0,75551668;0,86924968;0,86643696
488;12;13;96;False;0,95750699;0,98670499;0,97829228;0,98908659;0,97829228;0,8960255;0,90666067;0,94516187;0,97219436;0,94516187;0,74400059;0,78208694;0,85035744;0,86616747
489;12;13;96;False;0,97255242;0,9864159;0,98608525;0,99301825;0,98608525;0,87430819;0,87535229;0,93293963;0,965888;0,93293963;0,76339684;0,75379892;0,87672367;0,85270987
490;12;13;96;False;0,9586459;0,98751641;0,97888638;0,98938687;0,97888638;0,87627509;0,88570398;0,93405823;0,96646688;0,93405823;0,74019945;0,78101551;0,86020667;0,86054864
491;12;13;96;False;0,9494004;0,98551263;0,97404351;0,98693642;0,97404351;0,85033912;0,86483626;0,91911705;0,95870593;0,91911705;0,76138269;0,75293724;0,85861857;0,86202628
492;12;13;96;False;0,95712629;0,98459113;0,97809354;0,98898612;0,97809354;0,85950895;0,87663906;0,92444723;0,96148179;0,92444723;0,76832299;0,7506547;0,84587498;0,87438406
493;12;13;96;False;0,9518637;0,9806069;0,97533829;0,98759217;0,97533829;0,82163592;0,85069861;0,90208577;0,94978196;0,90208577;0,76016097;0,75052356;0,86127634;0,86890466
494;12;13;96;False;0,94834924;0,98727027;0,97348999;0,98665596;0,97348999;0,8606077;0,87223767;0,92508238;0,96181203;0,92508238;0,77454355;0,74124385;0,86790584;0,85100654
495;12;13;96;False;0,95398249;0,98781613;0,97644937;0,98815453;0,97644937;0,89932176;0,92039052;0,94699253;0,97313541;0,94699253;0,75933661;0,76411331;0,87377192;0,86052056
496;12;13;96;False;0,95016126;0,97950743;0,97444378;0,98713919;0,97444378;0,79187466;0,82981083;0,8838505;0,94013324;0,8838505;0,73807981;0,77398487;0,85414597;0,87877534
497;12;13;96;False;0,95590111;0,98166455;0,97745341;0,98866244;0,97745341;0,87030657;0,88929914;0,93065659;0,96470544;0,93065659;0,7406796;0,78046366;0,85747714;0,86422399
498;12;13;96;False;0,95701539;0,98647061;0,97803563;0,98895684;0,97803563;0,90769126;0,92197789;0,95161233;0,97550619;0,95161233;0,74389861;0,7866257;0,85585225;0,88242137
499;12;13;96;False;0,93267812;0,97715591;0,96516653;0,9824289;0,96516653;0,82674986;0,86145503;0,90515935;0,95139863;0,90515935;0,74331643;0,77524699;0,84942721;0,87217209
500;12;13;96;False;0,94450945;0,98519881;0,97146296;0,9856282;0,97146296;0,85170917;0,89097849;0,91991678;0,95912292;0,91991678;0,78492039;0,75019468;0,85618843;0,86162997
501;12;13;96;False;0,94637703;0,98445376;0,97244986;0,98612872;0,97244986;0,80537168;0,83516494;0,89219487;0,94456068;0,89219487;0,75986149;0,75460625;0,85347912;0,86616069
502;12;13;96;False;0,94679527;0,9842691;0,97267061;0,98624064;0,97267061;0,8462968;0,86849785;0,91675055;0,95747091;0,91675055;0,76108468;0,75265876;0,85761765;0,86045857
503;12;13;96;False;0,95320168;0,98576982;0,9760402;0,98794747;0,9760402;0,82215138;0,83919406;0,90239636;0,94994545;0,90239636;0,76974005;0,73903403;0,86859972;0,85185725
504;12;13;96;False;0,94874656;0,98554293;0,97369928;0,98676202;0,97369928;0,87727889;0,91184399;0,9346282;0,96676171;0,9346282;0,75079669;0,77907801;0,85662932;0,87225139
505;12;13;96;False;0,95458692;0,98496929;0,97676589;0,98831467;0,97676589;0,86447368;0,88470808;0,92731122;0,96297;0,92731122;0,7673619;0,74881448;0,85787828;0,85643845
506;12;13;96;False;0,95621416;0,97962822;0,97761705;0,98874519;0,97761705;0,84454693;0,8451282;0,9157229;0,95693411;0,9157229;0,75938804;0,75238244;0,86776251;0,84908233
507;12;13;96;False;0,94259204;0,98243324;0,97044775;0,98511307;0,97044775;0,8707949;0,87866135;0,93093572;0,9648501;0,93093572;0,76217617;0,75811885;0,86184701;0,8594867
508;12;13;96;False;0,94068929;0,98353633;0,96943833;0,98460059;0,96943833;0,80217037;0,85009159;0,89022701;0,94351842;0,89022701;0,76785195;0,7542902;0,85026317;0,86630719
509;12;13;96;False;0,95605167;0,98256939;0,97753212;0,98870224;0,97753212;0,80954965;0,83351985;0,89475262;0,94591364;0,89475262;0,74708127;0,75471478;0,85807885;0,86234799
510;12;13;96;False;0,942531;0,98299374;0,9704154;0,98509664;0,9704154;0,86005155;0,88270149;0,92476098;0,96164494;0,92476098;0,76064617;0,7586341;0,86312213;0,87063715
511;12;13;96;False;0,9458223;0,97832093;0,97215691;0,98598018;0,97215691;0,84191536;0,86124515;0,91417377;0,95612435;0,91417377;0,7519189;0,75802385;0,8766524;0,84557549
512;12;13;96;False;0,96261429;0,98652868;0,98095106;0,99042974;0,98095106;0,88902604;0,90867922;0,94125335;0,97018212;0,94125335;0,74286153;0,78359637;0,83512503;0,88024716
513;12;13;96;False;0,95455208;0,98678073;0,97674766;0,98830545;0,97674766;0,83933804;0,86969853;0,91265229;0,95532837;0,91265229;0,76840148;0,74140775;0,86871592;0,84816175
514;12;13;96;False;0,95419708;0,9842105;0,97656177;0,9882114;0,97656177;0,88430548;0,8965242;0,93860097;0,96881421;0,93860097;0,74211294;0,77513049;0,85940436;0,8678233
515;12;13;96;False;0,95173658;0,98572708;0,97527155;0,98755838;0,97527155;0,8479924;0,87838682;0,91774447;0,95798981;0,91774447;0,77493841;0,75004992;0,88604925;0,84719264
516;12;13;96;False;0,94569059;0,98500938;0,97208733;0,98594489;0,97208733;0,83254205;0,84975437;0,90861986;0,95321554;0,90861986;0,75871399;0,75131007;0,85319922;0,86135575
517;12;13;96;False;0,95502333;0,98933796;0,97699431;0,98843022;0,97699431;0,88014107;0,90338786;0,93625004;0,96760014;0,93625004;0,7486043;0,78144387;0,85327003;0,87838328
518;12;13;96;False;0,94725686;0,98541372;0,97291413;0,9863641;0,97291413;0,76924851;0,81564976;0,86957655;0,93251089;0,86957655;0,76532532;0,74406303;0,86022213;0,85221184
519;12;13;96;False;0,94849577;0,98204631;0,97356719;0,98669508;0,97356719;0,8544357;0,88036924;0,9215048;0,95995042;0,9215048;0,78253345;0,73659219;0,88024336;0,85304331
520;12;13;96;False;0,94605896;0,98614957;0,97228191;0,98604356;0,97228191;0,87243625;0,88561889;0,93187284;0,96533561;0,93187284;0,76423844;0,75129411;0,86680616;0,84890866
521;12;13;96;False;0,95009564;0,98276104;0,97440927;0,98712171;0,97440927;0,83956864;0,86310225;0,9127886;0,95539971;0,9127886;0,76546897;0,74904935;0,86499135;0,85481256
522;12;13;96;False;0,95987995;0,98394964;0,97952933;0,98971174;0,97952933;0,82638361;0,85941562;0,9049398;0,95128324;0,9049398;0,75140833;0,76286815;0,85531349;0,86127926
523;12;13;96;False;0,94830235;0,98391723;0,97346528;0,98664344;0,97346528;0,85387954;0,87997012;0,92118126;0,95978188;0,92118126;0,77349254;0,74836993;0,86859972;0,85452369
524;12;13;96;False;0,95879131;0,98884578;0,97896219;0,98942518;0,97896219;0,85268584;0,88167277;0,92048616;0,9594197;0,92048616;0,76819321;0,74984265;0,8758474;0,85081085
525;12;13;96;False;0,94832194;0,98515377;0,9734756;0,98664867;0,9734756;0,85128866;0,86406376;0,91967145;0,95899502;0,91967145;0,76561653;0,74901911;0,85796258;0,86692147
526;12;13;96;False;0,95988361;0,98734028;0,97953124;0,9897127;0,97953124;0,9066739;0,92382852;0,95105293;0,97521943;0,95105293;0,7518636;0,7733809;0,85656149;0,86221619
527;12;13;96;False;0,95732638;0,9893486;0,978198;0,98903893;0,978198;0,93804938;0,94029827;0,96803455;0,98388747;0,96803455;0,76720177;0,76498744;0,85972409;0,87167905
528;12;13;96;False;0,94363241;0,98104628;0,97099884;0,98539273;0,97099884;0,85925122;0,87645157;0,92429814;0,96140425;0,92429814;0,77558559;0,74821885;0,85493755;0,85940822
529;12;13;96;False;0,95826777;0,98589386;0,97868921;0,98928722;0,97868921;0,82055073;0,8422016;0,90143133;0,94943737;0,90143133;0,73954098;0,76208267;0,85138348;0,85979591
530;12;13;96;False;0,951802;0,98724425;0,9753059;0,98757577;0,9753059;0,91772925;0,9275583;0,95709991;0,97831483;0,95709991;0,75897646;0,75984649;0,85513424;0,86242259
531;12;13;96;False;0,95084547;0,98648403;0,97480347;0,98732136;0,97480347;0,83783234;0,86550216;0,91176145;0,95486201;0,91176145;0,76864478;0,74689579;0,86347867;0,86116208
532;12;13;96;False;0,95162806;0,98779032;0,97521457;0,98752953;0,97521457;0,86125882;0,88101761;0,92545841;0,96200749;0,92545841;0,76029601;0,75451649;0,87062007;0,8486094
533;12;13;96;False;0,9490796;0,98466085;0,97387464;0,98685087;0,97387464;0,89886055;0,91162897;0,94673677;0,97300399;0,94673677;0,74372752;0,77698904;0,86227338;0,85726979
534;12;13;96;False;0,94717314;0,98339429;0,97286997;0,98634171;0,97286997;0,93931091;0,94025656;0,96870585;0,98422855;0,96870585;0,77474839;0,7545964;0,8699374;0,86525679
535;12;13;96;False;0,94278156;0,98387511;0,97054819;0,98516404;0,97054819;0,85723006;0,87533944;0,92312749;0,96079524;0,92312749;0,76471492;0,75370174;0,85456549;0,85763798
536;12;13;96;False;0,94618536;0,98603762;0,97234866;0,98607741;0,97234866;0,8270076;0,84088598;0,9053138;0,9514798;0,9053138;0,74438793;0,76253573;0,84688455;0,86359983
537;12;13;96;False;0,94781037;0,98302025;0,973206;0,98651204;0,973206;0,85927835;0,87869914;0,92431383;0,96141242;0,92431383;0,76118463;0,76110999;0,86400971;0,8569045
538;12;13;96;False;0,94230958;0,97950699;0,97029803;0,98503707;0,97029803;0,80259088;0,83285446;0,8904859;0,94365561;0,8904859;0,76437711;0,74523329;0,86098083;0,85333397
539;12;13;96;False;0,94079724;0,98316346;0,96949565;0,9846297;0,96949565;0,80693163;0,83888467;0,89315126;0,9450668;0,89315126;0,76251821;0,75575298;0,8479408;0,86517723
540;12;13;96;False;0,95253469;0,98378471;0,97569042;0,98777043;0,97569042;0,87930005;0,88061583;0,93577399;0,96735412;0,93577399;0,7674409;0,75350471;0,86550188;0,86496605
541;12;13;96;False;0,94551689;0,98406974;0,97199556;0,98589835;0,97199556;0,86945198;0,88324236;0,93016776;0,96445205;0,93016776;0,76480401;0,75942242;0,8681394;0,85994506
542;12;13;96;False;0,96249233;0,98892193;0,98088774;0,99039777;0,98088774;0,86557244;0,88476936;0,92794299;0,96329798;0,92794299;0,75330904;0,765119;0,86254561;0,87045107
543;12;13;96;False;0,94292778;0,98554662;0,97062566;0,98520336;0,97062566;0,79947097;0,82839626;0,88856223;0,94263579;0,88856223;0,74395687;0,76418527;0,85881523;0,85699074
544;12;13;96;False;0,93594761;0,98308515;0,96691419;0,98331795;0,96691419;0,86671188;0,89277736;0,92859738;0,96363758;0,92859738;0,77342648;0,748544;0,88103393;0,84118641
545;12;13;96;False;0,95729954;0,98800978;0,97818399;0,98903185;0,97818399;0,86302225;0,89009489;0,92647551;0,96253598;0,92647551;0,75583757;0,75894732;0,86246036;0,86874688
546;12;13;96;False;0,94312293;0,97710684;0,97072904;0,98525583;0,97072904;0,81266956;0,82939331;0,89665494;0,94691866;0,89665494;0,74191845;0,76419803;0,86026282;0,85029623
547;12;13;96;False;0,95103911;0,98483772;0,97490522;0,98737289;0,97490522;0,86197775;0,87288004;0,92587331;0,96222311;0,92587331;0,75364424;0,76815504;0,85794611;0,86988341
548;12;13;96;False;0,95644816;0,98576766;0,97773933;0,98880703;0,97773933;0,82714324;0,85934861;0,90539507;0,9515225;0,90539507;0,76269421;0,7547307;0,84930225;0,86230636
549;12;13;96;False;0,94994302;0,9868185;0,97432901;0,98708105;0,97432901;0,88902604;0,90548078;0,94125335;0,97018212;0,94125335;0,75163624;0,77207662;0,85904392;0,86976722
550;12;13;96;False;0,94611863;0,9825942;0,97231342;0,98605954;0,97231342;0,85237385;0,87031103;0,92030434;0,95932494;0,92030434;0,74507203;0,76561928;0,8531266;0,86724973
551;12;13;96;False;0,96010038;0,98897156;0,9796441;0,98976972;0,9796441;0,85999729;0,88974328;0,92472961;0,96162863;0,92472961;0,75965933;0,76643335;0,85827362;0,86843872
552;12;13;96;False;0,95160935;0,98295575;0,97520474;0,98752455;0,97520474;0,88703201;0,89192514;0,94013457;0,96960537;0,94013457;0,78313688;0,74600963;0,88224203;0,84511064
553;12;13;96;False;0,94219845;0,98449996;0,97023911;0,98500716;0,97023911;0,8210662;0,83824559;0,90174228;0,94960112;0,90174228;0,72685013;0,77494832;0,83995022;0,88111532
554;12;13;96;False;0,95469221;0,98604041;0,97682101;0,98834256;0,97682101;0,87839121;0,8929098;0,93525907;0,96708793;0,93525907;0,76875106;0,75535413;0,85004256;0,87264773
555;12;13;96;False;0,95393485;0,98788075;0,97642442;0,9881419;0,97642442;0,89848074;0,90682102;0,94652605;0,9728957;0,94652605;0,77009654;0,75045041;0,86825765;0,85825132
556;12;13;96;False;0,95268375;0,98215078;0,97576861;0,98781001;0,97576861;0,82756375;0,83934409;0,90564693;0,95165484;0,90564693;0,73874206;0,76779305;0,85776007;0,86015627
557;12;13;96;False;0,93858331;0,98356172;0,96831878;0,9840319;0,96831878;0,86660336;0,880585;0,92853509;0,96360526;0,92853509;0,76237215;0,75739283;0,86267741;0,85419634
558;12;13;96;False;0,94878656;0,98347789;0,97372034;0,98677269;0,97372034;0,89991861;0,89662167;0,94732333;0,97330536;0,94732333;0,7777265;0,74167224;0,87674819;0,85283585
559;12;13;96;False;0,94503135;0,98462972;0,97173894;0,9857682;0,97173894;0,85287575;0,86773149;0,92059681;0,95947736;0,92059681;0,74833424;0,76707707;0,84707055;0,86993295
560;12;13;96;False;0,94830498;0,98339049;0,97346667;0,98664415;0,97346667;0,83925665;0,86693235;0,91260417;0,95530318;0,91260417;0,75713347;0,75934569;0,84488968;0,86421135
561;12;13;96;False;0,95354886;0,98442802;0,97622218;0,98803956;0,97622218;0,88544493;0,8919895;0,93924242;0,9691452;0,93924242;0,77024244;0,75656864;0,8615874;0,86697844
562;12;13;96;False;0,94384888;0,98449491;0,97111343;0,98545088;0,97111343;0,8413185;0,86330144;0,91382181;0,95594027;0,91382181;0,77982826;0,73607648;0,86175217;0,85288053
563;12;13;96;False;0,95310025;0,98540698;0,97598703;0,98792056;0,97598703;0,85652469;0,88274055;0,92271834;0,96058229;0,92271834;0,77302258;0,75388599;0,88347187;0,84999491
564;12;13;96;False;0,94819786;0,98245431;0,97341023;0,98661554;0,97341023;0,84548291;0,86366724;0,91627281;0,9572214;0,91627281;0,74832885;0,76316674;0,85870671;0,86101955
565;12;13;96;False;0,95255779;0,9820423;0,97570253;0,98777656;0,97570253;0,86994031;0,88877727;0,93044715;0,96459688;0,93044715;0,75434548;0,76633619;0,85587355;0,87615262
566;12;13;96;False;0,94245541;0,98213293;0,97037534;0,98507631;0,97037534;0,79983722;0,83204747;0,8887884;0,94275575;0,8887884;0,75774789;0,75462932;0,86969055;0,85699558
567;12;13;96;False;0,94479996;0,97875105;0,9716166;0,98570614;0,9716166;0,74711069;0,788865;0,85525284;0,92479881;0,85525284;0,75040211;0,74847903;0,86017173;0,84958813
568;12;13;96;False;0,94733647;0,98561324;0,97295612;0,98638538;0,97295612;0,82837765;0,85226856;0,90613408;0,95191075;0,90613408;0,77220489;0,74095483;0,87145488;0,84581602
569;12;13;96;False;0,94746177;0,98550298;0,9730222;0,98641888;0,9730222;0,85071894;0,87473104;0,91933888;0,95882161;0,91933888;0,75501916;0,76830915;0,87477533;0,84979635
570;12;13;96;False;0,94172229;0,98389929;0,96998659;0,98487897;0,96998659;0,85629409;0,86562146;0,92258451;0,96051263;0,92258451;0,75913089;0,75569052;0,84041889;0,86809192
571;12;13;96;False;0,94365481;0,98311282;0,9710107;0,98539875;0,9710107;0,83918882;0,86014447;0,91256407;0,9552822;0,91256407;0,76687875;0,7474681;0,85934527;0,85705565
572;12;13;96;False;0,93784464;0,97982619;0,96792552;0,98383206;0,96792552;0,84940315;0,86144474;0,91857002;0,95842059;0,91857002;0,75096528;0,75977823;0,87191139;0,85857298
573;12;13;96;False;0,96683228;0,98847753;0,98313648;0,99153239;0,98313648;0,88416983;0,89627917;0,93852456;0,96877477;0,93852456;0,74711508;0,78136829;0,86601057;0,87055696
574;12;13;96;False;0,94010778;0,98288174;0,96912944;0,98444372;0,96912944;0,87931362;0,88616262;0,93578167;0,96735809;0,93578167;0,74615109;0,77530624;0,85924062;0,86239746
575;12;13;96;False;0,94727132;0,98631112;0,97292176;0,98636796;0,97292176;0,85105806;0,86395274;0,91953686;0,95892485;0,91953686;0,75919903;0,75417605;0,86843373;0,85942958
576;12;13;96;False;0,94508994;0,98515565;0,97176991;0,98578391;0,97176991;0,88271839;0,87693113;0,93770624;0,96835233;0,93770624;0,75171401;0,765681;0,87230861;0,85331452
577;12;13;96;False;0,95962491;0,98707195;0,97939652;0,98964464;0,97939652;0,83741183;0,8656492;0,9115124;0,95473158;0,9115124;0,74975075;0,76246768;0,85926388;0,86055164
578;12;13;96;False;0,94275124;0,9843628;0,97053212;0,98515589;0,97053212;0,85198047;0,8630222;0,920075;0,9592054;0,920075;0,76150856;0,7475696;0,86529344;0,84338003
579;12;13;96;False;0,95172012;0,98514203;0,97526291;0,987554;0,97526291;0,86766142;0,88618606;0,92914209;0,96392017;0,92914209;0,75199986;0,76917143;0,85483576;0,87217765
580;12;13;96;False;0,95819839;0,98505644;0,97865302;0,98926893;0,97865302;0,87386055;0,88233079;0,93268472;0,96575604;0,93268472;0,75794284;0,75986163;0,87248409;0,85380974
581;12;13;96;False;0,93774481;0,98011428;0,96787235;0,98380504;0,96787235;0,84279707;0,85438122;0,9146933;0,956396;0,9146933;0,74441437;0,77327678;0,84155659;0,86721696
582;12;13;96;False;0,95294022;0,98601131;0,97590311;0,98787809;0,97590311;0,87615301;0,90091709;0,93398887;0,96643099;0,93398887;0,74975752;0,78131331;0,86712699;0,86055258
583;12;13;96;False;0,94782644;0,98590006;0,97321447;0,98651633;0,97321447;0,89814162;0,89941329;0,94633784;0,97279897;0,94633784;0,75453971;0,76962763;0,86181509;0,85122546
584;12;13;96;False;0,95012328;0,98594334;0,97442381;0,98712907;0,97442381;0,86865165;0,89136159;0,92970956;0,96421448;0,92970956;0,77874338;0,7398869;0,869219;0,85828812
585;12;13;96;False;0,95755938;0,98837945;0,97831962;0,98910041;0,97831962;0,82927292;0,85532374;0,90666944;0,95219191;0,90666944;0,73662802;0,76548803;0,83806707;0,87201818
586;12;13;96;False;0,94083793;0,98345644;0,96951726;0,98464067;0,96951726;0,85945469;0,8951702;0,92441585;0,96146547;0,92441585;0,76962734;0,75526464;0,84729645;0,86378003
587;12;13;96;False;0,9557668;0,98398136;0,97738319;0,98862692;0,97738319;0,89503527;0,89497384;0,94461067;0,97191084;0,94461067;0,76501574;0,75397337;0,86960237;0,86463371
588;12;13;96;False;0,94631011;0,98123673;0,97241453;0,98611081;0,97241453;0,82141888;0,86247554;0,90195494;0,94971308;0,90195494;0,73639426;0,77587655;0,84505141;0,87590379
589;12;13;96;False;0,94731148;0,98295362;0,97294294;0,9863787;0,97294294;0,80446283;0,83311972;0,89163691;0,94426528;0,89163691;0,73169104;0,77274829;0,84590993;0,86336444
590;12;13;96;False;0,94497952;0,98487445;0,97171154;0,9857543;0,97171154;0,85033912;0,88293566;0,91911705;0,95870593;0,91911705;0,73685184;0,77944885;0,85259278;0,87455362
591;12;13;96;False;0,94704999;0,98192858;0,97280501;0,98630878;0,97280501;0,81751221;0,8398427;0,89959474;0,94846968;0,89959474;0,76809212;0,73885213;0,8755265;0,84667429
592;12;13;96;False;0,94888526;0,98635555;0,97377232;0,98679903;0,97377232;0,86275095;0,87947186;0,92631916;0,96245476;0,92631916;0,76790644;0,75049336;0,85982779;0,85626015
593;12;13;96;False;0,95121885;0,9843915;0,97499965;0,98742071;0,97499965;0,85877645;0,88329791;0,92402338;0,96126135;0,92402338;0,74155709;0,77369325;0,85296192;0,86775279
594;12;13;96;False;0,95904172;0,987027;0,9790927;0,98949113;0,9790927;0,90473413;0,91207872;0,94998469;0,97467158;0,94998469;0,74881769;0,77705792;0,84683603;0,8801522
595;12;13;96;False;0,94712478;0,98702861;0,97284446;0,98632878;0,97284446;0,88492946;0,90997932;0,93895234;0,96899553;0,93895234;0,77437727;0,74876297;0,87590251;0,85829397
596;12;13;96;False;0,94400111;0,98157308;0,971194;0,98549176;0,971194;0,81530114;0,84266678;0,89825442;0,94776285;0,89825442;0,76659074;0,75045289;0,85937919;0,85757888
597;12;13;96;False;0,94972378;0,98460545;0,97421367;0,98702263;0,97421367;0,83379002;0,85821056;0,90936259;0,95360505;0,90936259;0,74386725;0,77467521;0,84012833;0,87860362
598;12;13;96;False;0,94048483;0,98093103;0,96932974;0,98454545;0,96932974;0,80746066;0,81771249;0,89347523;0,94523818;0,89347523;0,74163995;0,7608424;0,84347499;0,86544377
599;12;13;96;False;0,93891123;0,98096656;0,96849326;0,98412055;0,96849326;0,84989148;0,86913098;0,9188555;0,95856951;0,9188555;0,753395;0,7629993;0,83897638;0,87398515
600;12;13;96;False;0,95362639;0,9882583;0,97626281;0,98806012;0,97626281;0,87417254;0,89717336;0,9328624;0,96584802;0,9328624;0,76621966;0,76148564;0,85246191;0,87065279
601;12;13;96;False;0,94829498;0,98163583;0,9734614;0,98664148;0,9734614;0,85037982;0,88110249;0,91914083;0,95871832;0,91914083;0,76229861;0,75650352;0,86619754;0,8530878
602;12;13;96;False;0,94157386;0,98657954;0,96990784;0,98483899;0,96990784;0,87603093;0,88724228;0,93391949;0,9663951;0,93391949;0,75971157;0,75852438;0,86371421;0,86581772
603;12;13;96;False;0,95028216;0,98822864;0,97450736;0,98717139;0,97450736;0,85006782;0,89670091;0,91895855;0,95862326;0,91895855;0,7856063;0,75386597;0,86277236;0,86580142
604;12;13;96;False;0,96149803;0,98629448;0,98037114;0,99013693;0,98037114;0,8861096;0,89161609;0,93961624;0,96933804;0,93961624;0,76507436;0,74552611;0,85760601;0,86253883
605;12;13;96;False;0,95446391;0,98626949;0,97670149;0,98828209;0,97670149;0,8871541;0,89551169;0,94020313;0,96964072;0,94020313;0,77392962;0,75465373;0,86609692;0,87097245
606;12;13;96;False;0,94938108;0,9860536;0,97403334;0,98693127;0,97403334;0,87864894;0,90622978;0,93540514;0,96716345;0,93540514;0,76827106;0,75629977;0,86961211;0,85771646
607;12;13;96;False;0,94427337;0,98504222;0,97133807;0,98556485;0,97133807;0,917051;0,91950252;0,95673094;0,97812624;0,95673094;0,75815171;0,76707985;0,86181123;0,86380038
608;12;13;96;False;0,9500763;0,9860755;0,97439911;0,98711656;0,97439911;0,86758003;0,89936369;0,92909543;0,96389596;0,92909543;0,75581496;0,76755332;0,8724646;0,85532514
609;12;13;96;False;0,94014407;0,97869446;0,96914872;0,98445351;0,96914872;0,8192892;0,84456068;0,90066956;0,94903612;0,90066956;0,76253655;0,74867533;0,86142566;0,85607605
610;12;13;96;False;0,93235773;0,97895207;0,96499495;0,98234157;0,96499495;0,8113809;0,82178089;0,89587;0,94650409;0,89587;0,76856024;0,74368041;0,87595211;0,83418456
611;12;13;96;False;0,94835603;0,9850569;0,97349356;0,98665777;0,97349356;0,87729246;0,89108301;0,93463589;0,96676569;0,93463589;0,76441908;0,75550183;0,86600378;0,85989467
612;12;13;96;False;0,94705499;0,98184229;0,97280765;0,98631012;0,97280765;0,83552632;0,83396227;0,91039427;0,95414583;0,91039427;0,76490841;0,73770665;0,87645952;0,84081159
613;12;13;96;False;0,94445594;0,98051002;0,97143465;0,98561384;0,97143465;0,80221107;0,84855715;0,89025207;0,9435317;0,89025207;0,77289037;0,73929016;0,87713694;0,84600098
614;12;13;96;False;0,94799813;0,98744141;0,97330497;0,9865622;0,97330497;0,87158166;0,90183045;0,93138513;0,96508296;0,93138513;0,77582922;0,75485991;0,85946344;0,86533707
615;12;13;96;False;0,95347071;0,9863468;0,97618122;0,98801883;0,97618122;0,88416983;0,90638567;0,93852456;0,96877477;0,93852456;0,77784606;0,74892983;0,87361296;0,86372577
616;12;13;96;False;0,95061892;0,98471649;0,9746844;0,98726106;0,9746844;0,89815518;0,91037673;0,94634537;0,97280284;0,94634537;0,76330534;0,76207877;0,84855905;0,87037263
617;12;13;96;False;0,94227567;0,98541924;0,97028005;0,98502795;0,97028005;0,89306837;0,90913136;0,94351412;0,97134655;0,94351412;0,761822;0,76341971;0,86627712;0,85791316
618;12;13;96;False;0,94570489;0,98617445;0,97209489;0,98594872;0,97209489;0,88648942;0,88270671;0,93982973;0,96944816;0,93982973;0,74935451;0,77028991;0,84578889;0,86826621
619;12;13;96;False;0,95253373;0,98748683;0,97568991;0,98777017;0,97568991;0,86502984;0,88472424;0,9276311;0,96313608;0,9276311;0,76339984;0,75975344;0,87527766;0,85022942
620;12;13;96;False;0,94792585;0,98132046;0,97326687;0,98654289;0,97326687;0,86945198;0,88686723;0,93016776;0,96445205;0,93016776;0,75840573;0,76213506;0,85813602;0,8630805
621;12;13;96;False;0,95856832;0,98803793;0,97884594;0,98936643;0,97884594;0,89244438;0,91155029;0,94316577;0,97116722;0,94316577;0,74920514;0,77780417;0,86320259;0,87493429
622;12;13;96;False;0,96057112;0,9839454;0,97988908;0,98989347;0,97988908;0,89007054;0,91600464;0,94183843;0,97048361;0,94183843;0,7551346;0,76810766;0,86538768;0,86388963
623;12;13;96;False;0,9395594;0,98334656;0,96883797;0,98429567;0,96883797;0,80472056;0,82674347;0,8917952;0,94434909;0,8917952;0,76262001;0,74188857;0,86882917;0,84839914
624;12;13;96;False;0,95414882;0,9871385;0,9765365;0,98819861;0,9765365;0,89688009;0,90754271;0,94563709;0,97243874;0,94563709;0,77558168;0,7475841;0,87550827;0,84394796
625;12;13;96;False;0,94035895;0,98161542;0,96926288;0,98451149;0,96926288;0,83823928;0,85713102;0,91200236;0,95498815;0,91200236;0,77730042;0,74581341;0,86042947;0,8601069
626;12;13;96;False;0,95502009;0,98996276;0,97699261;0,98842937;0,97699261;0,88353228;0,89599558;0,93816527;0,96858932;0,93816527;0,74033329;0,76935342;0,8543688;0,86843016
627;12;13;96;False;0,94574521;0,98477162;0,97211619;0,98595953;0,97211619;0,87887954;0,90542792;0,93553581;0,967231;0,93553581;0,74665505;0,77140371;0,85413721;0,87398389
628;12;13;96;False;0,95751897;0,98670607;0,97829853;0,98908975;0,97829853;0,89346175;0,89010933;0,94373361;0,97145953;0,94373361;0,76283898;0,75856409;0,85887245;0,86944549
629;12;13;96;False;0,94595905;0,98329414;0,97222914;0,98601681;0,97222914;0,81367336;0,85324975;0,8972656;0,94724105;0,8972656;0,75622312;0,75956115;0,86095172;0,86505038
630;12;13;96;False;0,94915708;0,98243322;0,97391543;0,98687154;0,97391543;0,80135648;0,83020371;0,88972559;0,94325267;0,88972559;0,75188237;0,74065389;0,87450318;0,84236943
631;12;13;96;False;0,95433858;0,98509148;0,97663587;0,98824889;0,97663587;0,89537439;0,92384301;0,9447995;0,97200797;0,9447995;0,76150632;0,76604061;0,86329276;0,86118525
632;12;13;96;False;0,95562067;0,98599875;0,97730678;0,98858828;0,97730678;0,85128866;0,87727471;0,91967145;0,95899502;0,91967145;0,75393875;0,75677344;0,86143036;0,86351273
633;12;13;96;False;0,95306554;0,98169238;0,97596883;0,98791135;0,97596883;0,80801682;0,84074025;0,8938156;0,94541821;0,8938156;0,75451484;0,75561021;0,8592678;0,86763454
634;12;13;96;False;0,93755617;0,98356405;0,96777186;0,98375396;0,96777186;0,8983044;0,90621616;0,94642819;0,97284541;0,94642819;0,7487437;0,78135048;0,85413325;0,868526
635;12;13;96;False;0,9477495;0,98623377;0,97317391;0,98649577;0,97317391;0,81657623;0,85009311;0,89902776;0,94817075;0,89902776;0,74963716;0,76627193;0,84076196;0,87695464
636;12;13;96;False;0,94400941;0,98444918;0,9711984;0,98549399;0,9711984;0,86455507;0,86113813;0,92735804;0,96299431;0,92735804;0,75792555;0,75550849;0,85930066;0,85103468
637;12;13;96;False;0,94995032;0,98568966;0,97433284;0,987083;0,97433284;0,86513836;0,87681965;0,92769349;0,96316847;0,92769349;0,76808602;0,74857921;0,86864898;0,86144204
638;12;13;96;False;0,94533017;0,98651801;0,97189689;0,98584831;0,97189689;0,86722735;0,8887984;0,92889315;0,96379103;0,92889315;0,77072305;0,74939237;0,86835671;0,85234471
639;12;13;96;False;0,95522343;0,98606675;0,977099;0,98848318;0,977099;0,84283776;0,87043752;0,91471727;0,95640853;0,91471727;0,74550133;0,76953543;0,85766609;0,86229373
640;12;13;96;False;0,94922847;0,97995779;0,97395301;0,98689058;0,97395301;0,85976668;0,85225716;0,92459629;0,9615593;0,92459629;0,77568901;0,74220334;0,88146802;0,85705178
641;12;13;96;False;0,94224854;0,97867854;0,97026567;0,98502064;0,97026567;0,83429192;0,85822572;0,90966101;0,9537615;0,90966101;0,75898614;0,75096122;0,86384894;0,85101534
642;12;13;96;False;0,95354066;0,98751511;0,97621788;0,98803739;0,97621788;0,82356213;0,85559642;0,90324548;0,95039228;0,90324548;0,74954757;0,76071521;0,85486874;0,8647162
643;12;13;96;False;0,95743844;0,98490805;0,9782565;0,9890685;0,9782565;0,8836815;0,88344421;0,93824938;0,96863274;0,93824938;0,76110693;0,75438144;0,87586944;0,85384167
644;12;13;96;False;0,95718113;0,9801138;0,97812217;0,98900059;0,97812217;0,79243082;0,83067194;0,88419682;0,94031741;0,88419682;0,76558149;0,73851921;0,87042601;0,85474572
645;12;13;96;False;0,96102989;0,98897232;0,98012773;0,99001401;0,98012773;0,86976397;0,88533104;0,93034627;0,96454459;0,93034627;0,7571239;0,75747256;0,8646667;0,8608529
646;12;13;96;False;0,96361713;0,98863481;0,9814715;0,99069244;0,9814715;0,86846175;0,89080723;0,92960078;0,96415807;0,92960078;0,7482972;0,7768888;0,86582562;0,86128991
647;12;13;96;False;0,95109337;0,98820934;0,97493373;0,98738733;0,97493373;0,8804802;0,90118867;0,93644187;0,96769927;0,93644187;0,7711607;0,75274644;0,8743404;0,85656149
648;12;13;96;False;0,95227663;0,9865684;0,97555502;0,98770189;0,97555502;0,87436245;0,89961152;0,93297052;0,96590399;0,93297052;0,74444611;0,78009962;0,84756017;0,87944138
649;12;13;96;False;0,95621371;0,98709675;0,97761682;0,98874507;0,97761682;0,90897992;0,91036324;0,95232005;0,97586887;0,95232005;0,7515056;0,77068244;0,85906719;0,8716227
650;12;13;96;False;0,95901598;0,98850258;0,97907928;0,98948435;0,97907928;0,83380358;0,87344204;0,90937065;0,95360928;0,90937065;0,74443453;0,77050124;0,85937526;0,8571322
651;12;13;96;False;0,95802557;0,98780556;0,97856288;0,98922337;0,97856288;0,85978025;0,88327145;0,92460413;0,96156338;0,92460413;0,75417699;0,76951032;0,87260025;0,85967274
652;12;13;96;False;0,94507034;0,98618248;0,97175955;0,98577865;0,97175955;0,81831253;0,84861888;0,90007908;0,94872497;0,90007908;0,77308225;0,73278142;0,86080062;0,85945279
653;12;13;96;False;0,9432797;0,98014831;0,97081208;0,98529796;0,97081208;0,81089257;0,84901119;0,89557225;0,94634679;0,89557225;0,75228276;0,75833004;0,86395252;0,87108009
654;12;13;96;False;0,95659635;0,98420915;0,97781676;0,98884618;0,97781676;0,85990233;0,86296786;0,92467472;0,96160008;0,92467472;0,78051761;0,73910151;0,89210536;0,83851473
655;12;13;96;False;0,9499437;0,98693062;0,97432936;0,98708123;0,97432936;0,86062127;0,89189532;0,92509022;0,9618161;0,92509022;0,78206991;0,74431581;0,8831471;0,84325116
656;12;13;96;False;0,94989283;0,98412916;0,9743026;0,98706768;0,9743026;0,81976397;0,84956405;0,90095637;0,94918722;0,90095637;0,73815663;0,77117726;0,83866614;0,88169563
657;12;13;96;False;0,94265153;0,98430741;0,97047928;0,98512907;0,97047928;0,83701845;0,86705039;0,91127931;0,9546095;0,91127931;0,76859503;0,74540608;0,87769989;0,84968003
658;12;13;96;False;0,95453513;0,9865311;0,97673878;0,98830096;0,97673878;0,87529843;0,88516493;0,93350308;0,96617963;0,93350308;0,72961484;0,79004782;0,85276712;0,8767533
659;12;13;96;False;0,95641012;0,98421639;0,97771946;0,98879697;0,97771946;0,85606348;0,87395398;0,92245065;0,96044294;0,92245065;0,7428037;0,77188598;0,86132382;0,86188396
660;12;13;96;False;0,94285559;0,98423734;0,97058741;0,98518395;0,97058741;0,81029571;0,83743067;0,89520812;0,94615439;0,89520812;0,755607;0,75198535;0,86834671;0,85399866
661;12;13;96;False;0,95551139;0,98325801;0,97724963;0,98855937;0,97724963;0,85406945;0,87870908;0,92129176;0,95983944;0,92129176;0,74918423;0,76691878;0,85126529;0,87395716
662;12;13;96;False;0,96022641;0,98988869;0,97970969;0,98980286;0,97970969;0,90562941;0,92273541;0,95047799;0,97492461;0,95047799;0,77032413;0,75634692;0,86858499;0,86591561
663;12;13;96;False;0,94135661;0,9792865;0,96979257;0,98478047;0,96979257;0,83220293;0,8719661;0,90841786;0,95310957;0,90841786;0,74880316;0,77418451;0,86482179;0,86632053
664;12;13;96;False;0,95827285;0,98176275;0,97869186;0,98928856;0,97869186;0,85743353;0,8673007;0,92324545;0,96085663;0,92324545;0,74059161;0,77414732;0,84648749;0,87475625
665;12;13;96;False;0,96453982;0,98658048;0,98194988;0,99093384;0,98194988;0,875;0,87761226;0,93333333;0,96609178;0,93333333;0,75707044;0,75989787;0,855703;0,86918864
666;12;13;96;False;0,95785868;0,98523924;0,97847581;0,98917936;0,97847581;0,82121541;0,85176209;0,90183227;0,9496485;0,90183227;0,76753659;0,74564544;0,85318086;0,86548062
667;12;13;96;False;0,9571947;0,98323857;0,97812926;0,98900417;0,97812926;0,85103093;0,87466496;0,91952102;0,95891659;0,91952102;0,756278;0,76031739;0,86582744;0,86399707
668;12;13;96;False;0,94896952;0,98546555;0,97381669;0,98682151;0,97381669;0,83619099;0,86091462;0,91078869;0,9543525;0,91078869;0,76953009;0,74074573;0,87246583;0,84431603
669;12;13;96;False;0,93532819;0,9825211;0,96658354;0,98314981;0,96658354;0,80495117;0,83669034;0,89193678;0,94442405;0,89193678;0,75031015;0,75731292;0,85818157;0,84702308
670;12;13;96;False;0,94736985;0,98874866;0,97297373;0,98639431;0,97297373;0,8477618;0,88292079;0,9176094;0,95791931;0,9176094;0,75175273;0,76635638;0,85653436;0,87327937
671;12;13;96;False;0,94461872;0,9808024;0,97152075;0,98565752;0,97152075;0,81304938;0,85157198;0,89688608;0,9470407;0,89688608;0,75510787;0,75512641;0,8430534;0,86847942
672;12;13;96;False;0,9477429;0,98340177;0,97317043;0,98649401;0,97317043;0,86047206;0,86020325;0,92500401;0,96177129;0,92500401;0,76445807;0,74529036;0,87006566;0,84885562
673;12;13;96;False;0,95464673;0,98757665;0,97679721;0,98833051;0,97679721;0,85702659;0,88779093;0,9230095;0,96073383;0,9230095;0,76340159;0,75567378;0,87703008;0,845306
674;12;13;96;False;0,95239823;0,98683825;0,97561882;0,98773419;0,97561882;0,86684753;0,88055693;0,92867523;0,96367797;0,92867523;0,75778634;0,75725744;0,86574625;0,85368087
675;12;13;96;False;0,94176018;0,98287889;0,97000669;0,98488918;0,97000669;0,85463918;0,88425011;0,92162312;0,96001204;0,92162312;0,77600816;0,74424206;0,86664632;0,85092428
676;12;13;96;False;0,95180265;0,98641588;0,97530624;0,98757594;0,97530624;0,90048833;0,91590716;0,9476389;0,97346746;0,9476389;0,77861882;0,75613575;0,86975749;0,86412686
677;12;13;96;False;0,9498791;0,98341028;0,97429538;0,98706402;0,97429538;0,83446826;0,83914828;0,90976582;0,95381645;0,90976582;0,75988548;0,74926514;0,8742255;0,85692388
678;12;13;96;False;0,95683434;0,98450826;0,97794107;0,98890903;0,97794107;0,82295171;0,8449512;0,90287823;0,95019905;0,90287823;0,7834667;0,73430733;0,87478338;0,84695341
679;12;13;96;False;0,95474909;0,98579719;0,97685078;0,98835762;0,97685078;0,86250678;0,88340849;0,92617841;0,96238163;0,92617841;0,77081215;0,7490364;0,86166973;0,86490116
680;12;13;96;False;0,95370408;0,98635528;0,97630351;0,98808072;0,97630351;0,85988877;0,88069754;0,92466688;0,961596;0,92466688;0,76572558;0,75467842;0,8569045;0,8592164
681;12;13;96;False;0,94445047;0,98401829;0,97143176;0,98561238;0,97143176;0,87909658;0,89636159;0,93565875;0,96729455;0,93565875;0,76424243;0,75940695;0,85827554;0,86258338
682;12;13;96;False;0,94988215;0,9881801;0,97429698;0,98706483;0,97429698;0,86256104;0,88481683;0,92620969;0,96239789;0,92620969;0,74389824;0,77850754;0,8428974;0,87711361
683;12;13;96;False;0,94305248;0,98284258;0,97069173;0,98523689;0,97069173;0,83790016;0,85065376;0,91180161;0,95488303;0,91180161;0,75946584;0,75133732;0,8676888;0,84652819
684;12;13;96;False;0,93743556;0,97994929;0,9677076;0,9837213;0,9677076;0,82513565;0,84400049;0,90419104;0,9508896;0,90419104;0,75675507;0,74968023;0,85561969;0,86804355
685;12;13;96;False;0,94482993;0,98319038;0,97163244;0,98571418;0,97163244;0,82510852;0,84077827;0,90417475;0,95088104;0,90417475;0,75171822;0,75679026;0,86499997;0,84514847
686;12;13;96;False;0,95728936;0,98257942;0,97817868;0,98902916;0,97817868;0,91051275;0,91344391;0,95316061;0,97629945;0,95316061;0,75245834;0,76969253;0,86229852;0,86412703
687;12;13;96;False;0,94984553;0,98212878;0,97427772;0,98705507;0,97427772;0,83024959;0,85149005;0,90725286;0,95249822;0,90725286;0,75024628;0,77254049;0,86552111;0,85632313
688;12;13;96;False;0,94614539;0,98598023;0,97232755;0,98606671;0,97232755;0,8695198;0,89408157;0,93020657;0,96447217;0,93020657;0,75856893;0,76336508;0,84892325;0,87632852
689;12;13;96;False;0,94746177;0,98337435;0,9730222;0,98641888;0,9730222;0,83965003;0,86087339;0,9128367;0,95542488;0,9128367;0,74392848;0,76990466;0,86539042;0,85990043
690;12;13;96;False;0,94656556;0,97956925;0,97254937;0,98617918;0,97254937;0,82896093;0,84855234;0,90648293;0,95209397;0,90648293;0,77380691;0,752725;0,84752028;0,87029714
691;12;13;96;False;0,94107932;0,98372374;0,9696454;0,98470574;0,9696454;0,87571894;0,877035;0,93374217;0,96630335;0,93374217;0,74662323;0,77745423;0,85359948;0,87917931
692;12;13;96;False;0,94237585;0,98103851;0,97033316;0,9850549;0,97033316;0,78874118;0,82501265;0,88189526;0,93909278;0,88189526;0,73031211;0,77547314;0,85260613;0,85768255
693;12;13;96;False;0,95597322;0,98864974;0,97749111;0,9886815;0,97749111;0,85904775;0,88680849;0,9241804;0,96134302;0,9241804;0,77149309;0,74919082;0,88178381;0,84365706
694;12;13;96;False;0,95100776;0,98165286;0,97488875;0,98736455;0,97488875;0,89256647;0,86474192;0,94323394;0,97120232;0,94323394;0,74746053;0,76202124;0,85514781;0,87049886
695;12;13;96;False;0,95529292;0,98686586;0,97713535;0,98850157;0,97713535;0,85623983;0,8774473;0,92255302;0,96049623;0,92255302;0,75992747;0,75937875;0,86433326;0,8618276
696;12;13;96;False;0,94493789;0,98371745;0,97168953;0,98574313;0,97168953;0,86873304;0,86742349;0,92975618;0,96423865;0,92975618;0,74943987;0,76541218;0,85274289;0,87065367
697;12;13;96;False;0,95836753;0,98621314;0,97874124;0,98931352;0,97874124;0,82849973;0,84614559;0,90620711;0,95194911;0,90620711;0,75318499;0,7628276;0,85504705;0,86958026
698;12;13;96;False;0,95224013;0,98597298;0,97553586;0,98769219;0,97553586;0,8462561;0,86854914;0,91672667;0,95745844;0,91672667;0,76885284;0,74461609;0,87723951;0,85140873
699;12;13;96;False;0,94252102;0,9823657;0,97041011;0,98509396;0,97041011;0,82635648;0,86319912;0,90492354;0,95127469;0,90492354;0,74813906;0,76430803;0,85079542;0,86428194
700;12;13;96;False;0,95386348;0,98697279;0,97638703;0,98812298;0,97638703;0,88132122;0,87971245;0,93691732;0,9679449;0,93691732;0,74980116;0,76833609;0,85929006;0,86049343
701;12;13;96;False;0,94150105;0,98468299;0,96986922;0,98481938;0,96986922;0,86410743;0,89194378;0,92710046;0,96286056;0,92710046;0,7488285;0,77205445;0,85536775;0,86961624
702;12;13;96;False;0,93694021;0,98239674;0,9674436;0,98358711;0,9674436;0,84134563;0,86442661;0,91383781;0,95594865;0,91383781;0,73656323;0,77851039;0,83970957;0,87397922
703;12;13;96;False;0,95033575;0,98113702;0,97453554;0,98718567;0,97453554;0,85554802;0,86662426;0,92215131;0,9602871;0,92215131;0,77012702;0,74745857;0,87468588;0,85272643
704;12;13;96;False;0,94404352;0,98565123;0,97121645;0,98550314;0,97121645;0,86079761;0,87928806;0,92519209;0,96186906;0,92519209;0,74786362;0,76512876;0,86043333;0,85609156
705;12;13;96;False;0,93781645;0,98096186;0,96791051;0,98382443;0,96791051;0,87911015;0,89425659;0,93566644;0,96729852;0,93566644;0,77504844;0,74905625;0,87569903;0,85044561
706;12;13;96;False;0,94465226;0,98198339;0,97153849;0,98566652;0,97153849;0,86550461;0,86902344;0,92790402;0,96327775;0,92790402;0,75100752;0,7653373;0,86817715;0,85472242
707;12;13;96;False;0,95595272;0,98601041;0,9774804;0,98867608;0,9774804;0,8705236;0,87947075;0,93078067;0,96476975;0,93078067;0,76693282;0,75684081;0,86520253;0,86445351
708;12;13;96;False;0,95604828;0,98456957;0,97753035;0,98870135;0,97753035;0,84892838;0,86359493;0,91829233;0,95827571;0,91829233;0,76391449;0,75027118;0,87796143;0,84460873
709;12;13;96;False;0,95448842;0,98585633;0,97671433;0,98828858;0,97671433;0,87759088;0,90173949;0,93480522;0,96685326;0,93480522;0,7449453;0,77691778;0,84769191;0,87005975
710;12;13;96;False;0,94518978;0,9832936;0,97182269;0,98581067;0,97182269;0,81216766;0,829811;0,89634936;0,94675729;0,89634936;0,74957682;0,75891336;0,86552607;0,85116167
711;12;13;96;False;0,95281214;0,98745492;0,97583595;0,98784409;0,97583595;0,89662235;0,9038138;0,94549382;0,97236506;0,94549382;0,76244532;0,76046958;0,85851875;0,86085102
712;12;13;96;False;0,95235834;0,98802794;0,97559789;0,98772359;0,97559789;0,87150027;0,87812519;0,93133865;0,96505889;0,93133865;0,77531406;0,74890328;0,88006403;0,84547976
713;12;13;96;False;0,95739846;0,98893541;0,97823563;0,98905795;0,97823563;0,90709441;0,9178907;0,95128422;0,975338;0,95128422;0,75628637;0,77023166;0,86364438;0,87006064
714;12;13;96;False;0,94340557;0,98046973;0,97087873;0,98533179;0,97087873;0,82643787;0,8390309;0,90497233;0,95130034;0,90497233;0,75962507;0,75065668;0,84767628;0,86885424
715;12;13;96;False;0,94463606;0,9846047;0,97152992;0,98566217;0,97152992;0,80689094;0,82509758;0,89312633;0,94505361;0,89312633;0,73746506;0,7647456;0,83327794;0,87424078
716;12;13;96;False;0,95639685;0,98638571;0,97771252;0,98879347;0,97771252;0,86177428;0,88391403;0,92575592;0,96216211;0,92575592;0,75381612;0,76619474;0,8556778;0,87782661
717;12;13;96;False;0,953966;0,9807202;0,97644074;0,98815016;0,97644074;0,75302496;0,79634583;0,85911493;0,92688453;0,85911493;0,76355968;0,73506847;0,86583513;0,84778193
718;12;13;96;False;0,94483332;0,98501227;0,97163424;0,98571509;0,97163424;0,8425936;0,86152192;0,91457346;0,95633334;0,91457346;0,74119262;0,76981432;0,84991267;0,87706316
719;12;13;96;False;0,93932241;0,97607435;0,96871197;0,98423166;0,96871197;0,81772925;0,83818557;0,89972613;0,94853894;0,89972613;0,76066153;0,75015527;0,86872948;0,85576408
720;12;13;96;False;0,95253098;0,98572734;0,97568847;0,98776944;0,97568847;0,83453608;0,8594434;0,90980613;0,95383758;0,90980613;0,75766219;0,76054335;0,86091979;0,8618083
721;12;13;96;False;0,9332585;0,98085929;0,9654772;0,98258699;0,9654772;0,77447097;0,82069605;0,87290351;0,93429305;0,87290351;0,72546627;0,77289995;0,83432924;0,87842645
722;12;13;96;False;0,95562112;0,98301552;0,97730702;0,9885884;0,97730702;0,84852143;0,86619625;0,9180542;0,95815145;0,9180542;0,75088569;0,752353;0,8631212;0,85229045
723;12;13;96;False;0,95406821;0,98863126;0,97649427;0,98817725;0,97649427;0,87383342;0,90250649;0,93266927;0,96574804;0,93266927;0,75072512;0,77126853;0,86066007;0,86517044
724;12;13;96;False;0,95172772;0,98513564;0,9752669;0,98755602;0,9752669;0,81683397;0,84588132;0,89918394;0,9482531;0,89918394;0,76257512;0,75366717;0,8548019;0,86116198
725;12;13;96;False;0,94551497;0,98415772;0,97199455;0,98589784;0,97199455;0,8628866;0,87134535;0,92639734;0,96249537;0,92639734;0,76396466;0,75201286;0,85461877;0,86162705
726;12;13;96;False;0,96423097;0,98904581;0,9817898;0,99085307;0,9817898;0,90929192;0,92150456;0,95249124;0,97595658;0,95249124;0,7500822;0,78152803;0,856234;0,87476812
727;12;13;96;False;0,95009343;0,98395157;0,97440811;0,98712112;0,97440811;0,79210526;0,82061188;0,88399413;0,94020962;0,88399413;0,73541338;0,77070282;0,84952217;0,8585885
728;12;13;96;False;0,9519924;0,98369572;0,97540585;0,98762637;0,97540585;0,84475041;0,87951472;0,91584249;0,9569966;0,91584249;0,78958331;0,74232974;0,86358534;0,85862241
729;12;13;96;False;0,94936413;0,98530517;0,97402442;0,98692675;0,97402442;0,87162235;0,8645269;0,93140836;0,965095;0,93140836;0,75522116;0,75839651;0,86684482;0,85422347
730;12;13;96;False;0,94247915;0,98145551;0,97038792;0,9850827;0,97038792;0,88525502;0,89126661;0,93913557;0,96909007;0,93913557;0,74533265;0,7732801;0,86365887;0,86020572
731;12;13;96;False;0,93885635;0,98347851;0,96846406;0,98410572;0,96846406;0,83590613;0,87166174;0,91061968;0,95426395;0,91061968;0,73538372;0,77390091;0,84470263;0,88250415
732;12;13;96;False;0,96803535;0,98898919;0,98375809;0,9918458;0,98375809;0,86885513;0,89028776;0,92982609;0,9642749;0,92982609;0,76280485;0,76242854;0,86409018;0,86345955
733;12;13;96;False;0,94354007;0,9843074;0,97094995;0,98536793;0,97094995;0,85883071;0,88298722;0,92405479;0,96127769;0,92405479;0,7614008;0,75890135;0,86544286;0,85231947
734;12;13;96;False;0,95867656;0,99003172;0,97890237;0,98939495;0,97890237;0,91039067;0,92086418;0,95309371;0,97626519;0,95309371;0,76572498;0,76187159;0,86010004;0,86908985
735;12;13;96;False;0,95325531;0,98506751;0,97606831;0,9879617;0,97606831;0,88384428;0,901882;0,93834112;0,96868009;0,93834112;0,74527564;0,77838978;0,85765156;0,87690466
736;12;13;96;False;0,95339704;0,9782273;0,97614261;0,9879993;0,97614261;0,8118828;0,83111043;0,89617585;0,94666565;0,89617585;0,7712765;0,75052055;0,86219;0,86426544
737;12;13;96;False;0,94485236;0,97907699;0,9716443;0,9857202;0,9716443;0,8408573;0,86223672;0,91354968;0,95579793;0,91354968;0,76865265;0,74968736;0,86623461;0,85049987
738;12;13;96;False;0,95089311;0,9844921;0,97482851;0,98733404;0,97482851;0,91969615;0,92902058;0,95816846;0,9788608;0,95816846;0,74368754;0,78839456;0,85061806;0,88337312
739;12;13;96;False;0,95297557;0,98448101;0,97592165;0,98788747;0,97592165;0,857637;0,88570993;0,92336339;0,960918;0,92336339;0,75002718;0,76644681;0,86783213;0,84814819
740;12;13;96;False;0,94730113;0,98517205;0,97293748;0,98637593;0,97293748;0,90538524;0,90797167;0,9503435;0,97485563;0,9503435;0,76653574;0,75830136;0,86251077;0,86227151
741;12;13;96;False;0,95106235;0,98440135;0,97491743;0,98737907;0,97491743;0,88440043;0,90957397;0,93865446;0,96884181;0,93865446;0,75320042;0,76799669;0,86189355;0,86594477
742;12;13;96;False;0,94936717;0,98054843;0,97402602;0,98692757;0,97402602;0,81492132;0,83051021;0,89802386;0,94764121;0,89802386;0,74701813;0,75956747;0,87122548;0,84690514
743;12;13;96;False;0,96080553;0,99013471;0,98001104;0,98995507;0,98001104;0,87103907;0,89697407;0,93107523;0,9649224;0,93107523;0,7523379;0,76428374;0,85848967;0,86836438
744;12;13;96;False;0,94202771;0,98375026;0,97014858;0,98496121;0,97014858;0,81973684;0,83139933;0,90093999;0,94917858;0,90093999;0,75227299;0,76046597;0,85413622;0,85846158
745;12;13;96;False;0,95427399;0,98612958;0,97660205;0,98823178;0,97660205;0,85531742;0,87821259;0,92201734;0,96021734;0,92201734;0,73043369;0,7825926;0,83739559;0,88647431
746;12;13;96;False;0,96392852;0,98449577;0,981633;0,99077394;0,981633;0,85935974;0,89350837;0,92436092;0,9614369;0,92436092;0,76909039;0,7592904;0,87755877;0,86439833
747;12;13;96;False;0,93973338;0,9838604;0,96893046;0,98434265;0,96893046;0,87101194;0,86980057;0,93105973;0,96491437;0,93105973;0,76691538;0,75423052;0,85353943;0,86402713
748;12;13;96;False;0,95658337;0,98563721;0,97780998;0,98884275;0,97780998;0,86657623;0,88122915;0,92851952;0,96359718;0,92851952;0,74516819;0,77272606;0,86319581;0,85841896
749;12;13;96;False;0,94556529;0,98383916;0,97202113;0,98591132;0,97202113;0,8703337;0,89002043;0,9306721;0,96471348;0,9306721;0,75997558;0,76565486;0,85761376;0,86625089
750;12;13;96;False;0,94152618;0,98350199;0,96988255;0,98482615;0,96988255;0,86576234;0,87180751;0,92805211;0,96335461;0,92805211;0,75309476;0,76358729;0,86358241;0,85182434
751;12;13;96;False;0,94513064;0,97975979;0,97179143;0,98579482;0,97179143;0,8418611;0,88082412;0,91414179;0,95610762;0,91414179;0,76258901;0,77477513;0,87654899;0,8407998
752;12;13;96;False;0,94692558;0,98500699;0,97273937;0,9862755;0,97273937;0,86353771;0,8893958;0,92677246;0,96269022;0,92677246;0,75423165;0,76442936;0,86556677;0,86884568
753;12;13;96;False;0,95286397;0,98711305;0,97586313;0,98785785;0,97586313;0,88185024;0,8994689;0,93721618;0,96809926;0,93721618;0,73621391;0,7786119;0,85049987;0,87216913
754;12;13;96;False;0,95766862;0,98616722;0,97837664;0,98912923;0,97837664;0,83933804;0,85869355;0,91265229;0,95532837;0,91265229;0,75721263;0,75449448;0,86585841;0,86453306
755;12;13;96;False;0,94212065;0,98131632;0,97019786;0,98498622;0,97019786;0,83764243;0,85747;0,91164899;0,95480311;0,91164899;0,76044709;0,76189532;0,84513595;0,87181644
756;12;13;96;False;0,95428463;0,98692173;0,97660762;0,9882346;0,97660762;0,85697233;0,8882633;0,92297803;0,96071745;0,92297803;0,75939099;0,75867915;0,86450484;0,86114747
757;12;13;96;False;0,94528757;0,98355664;0,97187437;0,98583689;0,97187437;0,85004069;0,86293037;0,9189427;0,95861499;0,9189427;0,77050788;0,75091393;0,87922679;0,8533204
758;12;13;96;False;0,9417504;0,98341726;0,9700015;0,98488654;0,9700015;0,84462832;0,87152747;0,91577074;0,95695911;0,91577074;0,75823153;0,75729321;0,85993923;0,85826294
759;12;13;96;False;0,94693219;0,98373152;0,97274285;0,98627727;0,97274285;0,86281877;0,88190676;0,92635825;0,96247507;0,92635825;0,74325846;0,77115564;0,84618698;0,88231364
760;12;13;96;False;0,96022261;0,98672877;0,97970772;0,98980186;0,97970772;0,90489691;0,91066613;0,95007441;0,97471761;0,95007441;0,7541321;0,77103144;0,85635608;0,87051626
761;12;13;96;False;0,94909753;0,97692356;0,97388408;0,98685565;0,97388408;0,82352143;0,83780714;0,90322101;0,9503794;0,90322101;0,75408066;0,75583514;0,85427766;0,87116652
762;12;13;96;False;0,94807186;0,98459895;0,97334383;0,98658189;0,97334383;0,79598481;0,82935769;0,88640483;0,94149075;0,88640483;0,77954903;0,73394969;0,87377449;0,8481375
763;12;13;96;False;0,95686161;0,98507088;0,97795532;0,98891624;0,97795532;0,84475041;0,86598742;0,91584249;0,9569966;0,91584249;0,74699381;0,7668078;0,84948538;0,85830366
764;12;13;96;False;0,94374298;0,98270157;0,97105738;0,98542244;0,97105738;0,83768313;0,85206062;0,91167309;0,95481574;0,91167309;0,75086631;0,76028579;0,85298507;0,85971249
765;12;13;96;False;0,95524453;0,98435041;0,97711004;0,98848877;0,97711004;0,87818774;0,90365284;0,93514372;0,9670283;0,93514372;0,76446655;0,76075472;0,85635318;0,87746928
766;12;13;96;False;0,95447424;0,98353021;0,9767069;0,98828483;0,9767069;0,87809278;0,89864417;0,93508989;0,96700046;0,93508989;0,78173048;0,75040518;0,88154263;0,85783662
767;12;13;96;False;0,94009543;0,9830049;0,96912288;0,98444039;0,96912288;0,8589121;0,87571981;0,9241019;0,96130219;0,9241019;0,76865129;0,74934281;0,86668498;0,85907297
768;12;13;96;False;0,95628198;0,98619318;0,9776525;0,98876312;0,9776525;0,81062127;0,84770837;0,89540677;0,94625936;0,89540677;0,75848846;0,76113218;0,84411647;0,87906319
769;12;13;96;False;0,94315461;0,98429899;0,97074582;0,98526434;0,97074582;0,832949;0,85493824;0,90886216;0,95334263;0,90886216;0,7473337;0,76341483;0,84231517;0,87614836
770;12;13;96;False;0,9482302;0,98265115;0,97342726;0,98662418;0,97342726;0,84248508;0,8605482;0,91450953;0,95629991;0,91450953;0,75209918;0,75674;0,84837879;0,86085394
771;12;13;96;False;0,94933056;0,98449286;0,97400675;0,9869178;0,97400675;0,85584645;0,87208095;0,92232463;0,96037734;0,92232463;0,75340751;0,77551671;0,86727686;0,85171683
772;12;13;96;False;0,94992692;0,98322113;0,97432053;0,98707676;0,97432053;0,8769669;0,88331679;0,93445111;0,96667011;0,93445111;0,74026443;0,78397569;0,8473168;0,88514194
773;12;13;96;False;0,93985546;0,98187946;0,96899535;0,98437562;0,96899535;0,88275909;0,90268168;0,9377292;0,96836419;0,9377292;0,75634501;0,76239009;0,86230623;0,86289059
774;12;13;96;False;0,94598188;0,98451296;0,9722412;0,98602292;0,9722412;0,87481009;0,89506971;0,93322529;0,96603586;0,93322529;0,77588345;0,74587167;0,88358559;0,8450496
775;12;13;96;False;0,94626336;0,98061314;0,97238984;0,98609829;0,97238984;0,8034726;0,80207087;0,89102834;0,94394298;0,89102834;0,76777388;0,73320542;0,87022844;0,84128707
776;12;13;96;False;0,9445639;0,98131977;0,97149176;0,98564281;0,97149176;0,86785133;0,87827594;0,92925097;0,96397664;0,92925097;0,74052852;0,77018087;0,8577407;0,87023522
777;12;13;96;False;0,9442387;0,98298532;0,97131973;0,98555554;0,97131973;0,86395822;0,86138398;0,92701458;0,96281596;0,92701458;0,75984532;0,75446162;0,85470601;0,86644781
778;12;13;96;False;0,95419368;0,98338445;0,97655999;0,9882105;0,97655999;0,87786218;0,88959729;0,93495911;0,96693284;0,93495911;0,75193121;0,7660543;0,86952482;0,84943502
779;12;13;96;False;0,94940615;0,98710785;0,97404653;0,98693796;0,97404653;0,85477482;0,86865131;0,92170199;0,96005312;0,92170199;0,75124406;0,75789084;0,8658731;0,84912571
780;12;13;96;False;0,95597367;0,98664851;0,97749135;0,98868162;0,97749135;0,85086815;0,87770057;0,919426;0,95886704;0,919426;0,74597243;0,77088917;0,85822032;0,86515688
781;12;13;96;False;0,93440205;0,98362812;0,96608877;0,98289815;0,96608877;0,84517092;0,86681571;0,91608957;0,95712568;0,91608957;0,76187135;0,75398887;0,87702711;0,84400117
782;12;13;96;False;0,95868223;0,98965949;0,97890532;0,98939644;0,97890532;0,90263158;0,91904125;0,94882434;0,97407615;0,94882434;0,75291753;0,77207281;0,85201703;0,86976899
783;12;13;96;False;0,94815699;0,98578299;0,97338869;0,98660463;0,97338869;0,92375203;0,92743676;0,96036497;0,97998213;0,96036497;0,77415037;0,75096431;0,87260704;0,85602762
784;12;13;96;False;0,95277823;0,98800736;0,97581816;0,98783509;0,97581816;0,82989691;0,85516431;0,90704225;0,95238766;0,90704225;0,77091534;0,75719274;0,87554684;0,84146234
785;12;13;96;False;0,95601068;0,98706352;0,97751069;0,9886914;0,97751069;0,89586272;0,91463432;0,9450713;0,97214778;0,9450713;0,75349184;0,76708531;0,86102633;0,8637065
786;12;13;96;False;0,94588444;0,98503346;0,97218974;0,98599682;0,97218974;0,80954965;0,85131924;0,89475262;0,94591364;0,89475262;0,74017967;0,77401604;0,84558255;0,86283926
787;12;13;96;False;0,94830229;0,98488254;0,97346525;0,98664343;0,97346525;0,84400434;0,86052517;0,91540385;0,9567674;0,91540385;0,76931697;0,74999512;0,86859089;0,84487325
788;12;13;96;False;0,93504234;0,97468115;0,96643088;0,98307217;0,96643088;0,7814433;0,82414165;0,87731481;0,93665085;0,87731481;0,78117423;0,73985839;0,8667935;0,85661091
789;12;13;96;False;0,94076591;0,98087069;0,96947901;0,98462125;0,96947901;0,85792187;0,87579004;0,92352847;0,96100388;0,92352847;0,77013854;0,75185195;0,86586338;0,86251369
790;12;13;96;False;0,95105623;0,98595939;0,97491422;0,98737745;0,97491422;0,85280792;0,8719623;0,92055729;0,95945677;0,92055729;0,74484154;0,76764126;0,86225782;0,85842671
791;12;13;96;False;0,94543888;0,98450922;0,97195434;0,98587745;0,97195434;0,80406945;0,82952627;0,89139523;0,94413729;0,89139523;0,7567724;0,74729043;0,87271975;0,84758523
792;12;13;96;False;0,94690791;0,98231324;0,97273004;0,98627078;0,97273004;0,81379544;0,84344301;0,89733982;0,94728023;0,89733982;0,75670037;0,7525232;0,85389105;0,8665066
793;12;13;96;False;0,94626034;0,98257594;0,97238824;0,98609748;0,97238824;0,85075963;0,86655678;0,91936264;0,958834;0,91936264;0,72956648;0,78809051;0,83927657;0,89062749
794;12;13;96;False;0,93931059;0,98112974;0,96870568;0,98422847;0,96870568;0,83936517;0,86386591;0,91266833;0,95533676;0,91266833;0,75971822;0,75578446;0,86690406;0,8552728
795;12;13;96;False;0,95308409;0,98644708;0,97597855;0,98791627;0,97597855;0,87284319;0,89199467;0,93210494;0,96545582;0,93210494;0,76121435;0,75857256;0,86105742;0,86437103
796;12;13;96;False;0,94974649;0,98508652;0,97422562;0,98702868;0,97422562;0,82995117;0,86414155;0,90707466;0,95240467;0,90707466;0,75073833;0,76824246;0,8635465;0,85919123
797;12;13;96;False;0,94352107;0,983866;0,97093989;0,98536282;0,97093989;0,81527401;0,85250844;0,89823796;0,94775417;0,89823796;0,75202346;0,7633229;0,85729207;0,86198266
798;12;13;96;False;0,94293999;0,98079397;0,97063213;0,98520664;0,97063213;0,86888226;0,88218975;0,92984162;0,96428296;0,92984162;0,76706991;0,75441911;0,87396736;0,86537412
799;12;13;96;False;0,94751229;0,98205377;0,97304884;0,98643238;0,97304884;0,80078676;0,82637512;0,88937433;0,94306645;0,88937433;0,77839826;0,73411904;0,87646714;0,84757454
800;12;13;96;False;0,94140808;0,98307209;0,96981988;0,98479434;0,96981988;0,83571622;0,85021634;0,91050699;0,9542049;0,91050699;0,74570291;0,76105517;0,854643;0,85941209
801;12;13;96;False;0,94626106;0,98336028;0,97238863;0,98609768;0,97238863;0,82653283;0,84264174;0,90502926;0,95133026;0,90502926;0,76491253;0,74420047;0,88011449;0,84588489
802;12;13;96;False;0,94858412;0,98590498;0,97361372;0,98671867;0,97361372;0,86816332;0,87662008;0,92942979;0,96406939;0,92942979;0,75564966;0,76628339;0,85454804;0,86493984
803;12;13;96;False;0,93282871;0,98015482;0,96524716;0,98246993;0,96524716;0,86154368;0,87537081;0,92562285;0,96209295;0,92562285;0,76287354;0,75645951;0,84983128;0,87225904
804;12;13;96;False;0,95023214;0,98461793;0,97448106;0,98715807;0,97448106;0,81002442;0,84543889;0,89504253;0,94606687;0,89504253;0,76820865;0,7527457;0,84453021;0,86890377
805;12;13;96;False;0,93892294;0,98152284;0,96849949;0,98412372;0,96849949;0,84857569;0,87373795;0,91808596;0,95816802;0,91808596;0,7594105;0,75901976;0,85936758;0,87225853
806;12;13;96;False;0,95916803;0,98888222;0,97915852;0,98952439;0,97915852;0,89932176;0,90943147;0,94699253;0,97313541;0,94699253;0,77334242;0,74864423;0,86843194;0,86063492
807;12;13;96;False;0,95672345;0,98642627;0,97788315;0,98887975;0,97788315;0,88339664;0,88912789;0,93808879;0,96854984;0,93808879;0,77458922;0,74263854;0,86806952;0,86317639
808;12;13;96;False;0,94059436;0,98314849;0,96938792;0,98457499;0,96938792;0,84275638;0,85679997;0,91466934;0,95638347;0,91466934;0,75723246;0,7534473;0,86647947;0,85598983
809;12;13;96;False;0,94352426;0,9857034;0,97094158;0,98536368;0,97094158;0,88148399;0,89910474;0,93700929;0,9679924;0,93700929;0,7403464;0,77308307;0,84767835;0,8722573
810;12;13;96;False;0,94982382;0,98395282;0,9742663;0,98704929;0,9742663;0,82049647;0,8503548;0,90139859;0,94942013;0,90139859;0,74872161;0,76735644;0,86232963;0,86602232
811;12;13;96;False;0,93085767;0,98174476;0,96419087;0,98193221;0,96419087;0,85463918;0,87561928;0,92162312;0,96001204;0,92162312;0,73893523;0,77846253;0,8431205;0,87279313
812;12;13;96;False;0,94469691;0,98425462;0,9715621;0,9856785;0,9715621;0,78917526;0,8130435;0,88216652;0,9392372;0,88216652;0,75783123;0,74232964;0,86615594;0,84758523
813;12;13;96;False;0,95455948;0,9888328;0,97675153;0,98830741;0,97675153;0,90113945;0,91954103;0,94799932;0,97365256;0,94799932;0,7669235;0,75588555;0,87558838;0,84918592
814;12;13;96;False;0,94264969;0,98381422;0,97047831;0,98512857;0,97047831;0,85961747;0,87964402;0,92451;0,96151443;0,92451;0,78166213;0,73912339;0,88756931;0,84899127
815;12;13;96;False;0,95091536;0,98255071;0,9748402;0,98733996;0,9748402;0,85458492;0,84997373;0,92159157;0,95999561;0,92159157;0,78007051;0,73724971;0,8805551;0,84539837
816;12;13;96;False;0,94752193;0,98169396;0,97305392;0,98643496;0,97305392;0,86607434;0,88861053;0,92823133;0,96344763;0,92823133;0,75707102;0,76294526;0,86307079;0,86833904
817;12;13;96;False;0,94575988;0,97924606;0,97212394;0,98596346;0,97212394;0,83880901;0,86423037;0,91233946;0,95516462;0,91233946;0,76178948;0,75988353;0,8677071;0,85627276
818;12;13;96;False;0,94001703;0,97892032;0,96908121;0,98441923;0,96908121;0,85983451;0,87966336;0,9246355;0,96157969;0,9246355;0,79138302;0,7371886;0,87629422;0,85967078
819;12;13;96;False;0,94255279;0,97945943;0,97042695;0,98510251;0,97042695;0,85177699;0,85075675;0,91995634;0,95914355;0,91995634;0,74724294;0,75148629;0,86408156;0,85416822
820;12;13;96;False;0,95560047;0,98716539;0,97729622;0,98858293;0,97729622;0,82655996;0,86558867;0,90504552;0,95133881;0,90504552;0,76709169;0,75279476;0,86515212;0,86021535
821;12;13;96;False;0,94876552;0,98711553;0,97370926;0,98676708;0,97370926;0,90446283;0,91524176;0,94983511;0,97459484;0,94983511;0,75304417;0,7682872;0,86222602;0,86966253
822;12;13;96;False;0,96275923;0,98779397;0,98102632;0,99046773;0,98102632;0,83444113;0,86876422;0,90974969;0,953808;0,90974969;0,7669346;0,74599074;0,87265365;0,85573401
823;12;13;96;False;0,95106558;0,9831462;0,97491913;0,98737993;0,97491913;0,80908844;0,83053648;0,89447085;0,94576469;0,89447085;0,7542327;0,73862054;0,87402288;0,84054491
824;12;13;96;False;0,94121537;0,98175213;0,96971762;0,98474241;0,96971762;0,77679056;0,81130402;0,87437493;0,93508017;0,87437493;0,7388606;0,77362666;0,85771743;0,85633574
825;12;13;96;False;0,94524762;0,98115996;0,97185326;0,98582618;0,97185326;0,84868421;0,86577493;0,91814947;0,95820116;0,91814947;0,7668767;0,74505157;0,8649534;0,86341085
826;12;13;96;False;0,95098146;0,9829014;0,97487493;0,98735755;0,97487493;0,78170103;0,80287436;0,87747722;0,93673754;0,87747722;0,73425628;0,76196301;0,84815003;0,86397765
827;12;13;96;False;0,9535424;0,98997957;0,97621879;0,98803785;0,97621879;0,89426207;0,91146772;0,94417988;0,97168919;0,94417988;0,74506369;0,7728872;0,84676845;0,869705
828;12;13;96;False;0,9578892;0,98606468;0,97849174;0,98918741;0,97849174;0,82973413;0,85781208;0,90694502;0,95233661;0,90694502;0,74706029;0,76528681;0,83578526;0,87614074
829;12;13;96;False;0,94624659;0,98690188;0,97238099;0,9860938;0,97238099;0,88007325;0,90073509;0,93621166;0,96758031;0,93621166;0,77581254;0,75307043;0,87627852;0,85103078
830;12;13;96;False;0,94991047;0,98580378;0,97431188;0,98707238;0,97431188;0,81204558;0,84693779;0,896275;0,94671802;0,896275;0,74811737;0,76577416;0,8519978;0,87647773
831;12;13;96;False;0,94467977;0,98242427;0,97155304;0,9856739;0,97155304;0,81075692;0,83449849;0,89548952;0,94630308;0,89548952;0,74584248;0,76539363;0,84834282;0,86559096
832;12;13;96;False;0,9590964;0,98608815;0,97912119;0,98950553;0,97912119;0,8658573;0,87924965;0,92810667;0,96338293;0,92810667;0,77576709;0,75069665;0,87120251;0,85666615
833;12;13;96;False;0,9516006;0,98320817;0,97520015;0,98752223;0,97520015;0,88130765;0,87962665;0,93690965;0,96794094;0,93690965;0,75979432;0,75831639;0,86826559;0,8560092
834;12;13;96;False;0,94841081;0,98241795;0,97352243;0,9866724;0,97352243;0,84891481;0,87319363;0,9182844;0,95827157;0,9182844;0,76011204;0,75837666;0,85315473;0,86454168
835;12;13;96;False;0,94322429;0,97748299;0,97078273;0,98528307;0,97078273;0,73650298;0,76509113;0,84825997;0,9210103;0,84825997;0,74971083;0,74215024;0,86172984;0,8356157
836;12;13;96;False;0,93781009;0,9800524;0,96790712;0,98382271;0,96790712;0,84975583;0,85721302;0,91877622;0,95852815;0,91877622;0,74273479;0,76447135;0,84011761;0,87240825
837;12;13;96;False;0,9461311;0,98121672;0,97232;0,98606288;0,97232;0,79883342;0,84539332;0,88816831;0,94242682;0,88816831;0,75588364;0,75335264;0,87343154;0,84833214
838;12;13;96;False;0,95438021;0,98801297;0,97665767;0,98825992;0,97665767;0,8591427;0,88700196;0,92423535;0,9613716;0,92423535;0,75710881;0,76051318;0,87051802;0,86193226
839;12;13;96;False;0,94750621;0,98261775;0,97304564;0,98643076;0,97304564;0,86874661;0,89946003;0,92976394;0,96424268;0,92976394;0,75616447;0,77244289;0,85381462;0,87405468
840;12;13;96;False;0,94642651;0,98497454;0,97247598;0,98614197;0,97247598;0,86172002;0,87012092;0,92572461;0,96214584;0,92572461;0,75978991;0,76689553;0,84057204;0,87727937
841;12;13;96;False;0,95249061;0,98463342;0,97566729;0,98775872;0,97566729;0,85973956;0,88473191;0,9245806;0,96155114;0,9245806;0,7386092;0,77817805;0,85956809;0,86536531
842;12;13;96;False;0,94370568;0,98121712;0,97103763;0,98541242;0,97103763;0,82063212;0,85115956;0,90148044;0,94946324;0,90148044;0,73833026;0,77947101;0,86139457;0,86176866
843;12;13;96;False;0,96698161;0,98515213;0,98321368;0,99157132;0,98321368;0,82160879;0,83901666;0,90206942;0,94977335;0,90206942;0,76496002;0,74880664;0,85783177;0,86619866
844;12;13;96;False;0,95642472;0,9872689;0,97772708;0,98880083;0,97772708;0,89560499;0,91051872;0,94492787;0,972074;0,94492787;0,75554219;0,77398892;0,85770193;0,86476643
845;12;13;96;False;0,94856038;0,98575754;0,97360122;0,98671233;0,97360122;0,89921324;0,91155922;0,94693236;0,9731045;0,94693236;0,74802871;0,77681265;0,84326579;0,87082323
846;12;13;96;False;0,94891917;0,98710048;0,97379018;0,98680807;0,97379018;0,88529571;0,89946944;0,93915846;0,96910189;0,93915846;0,76599154;0,75774088;0,87622678;0,85630859
847;12;13;96;False;0,95623701;0,98746426;0,97762899;0,98875123;0,97762899;0,86295442;0,88933472;0,92643643;0,96251568;0,92643643;0,75354096;0,76215502;0,85440851;0,87047086
848;12;13;96;False;0,95880939;0,98616207;0,97897161;0,98942994;0,97897161;0,86776994;0,87415502;0,92920431;0,96395244;0,92920431;0,73223755;0,77551772;0,85692;0,86797162
849;12;13;96;False;0,93363698;0,98125536;0,96567969;0,98269003;0,96567969;0,78845632;0,82988771;0,88171717;0,93899796;0,88171717;0,76208079;0,75082804;0,85846062;0,85695779
850;12;13;96;False;0,95060129;0,98148527;0,97467514;0,98725637;0,97467514;0,83817146;0,86864908;0,91196222;0,95496713;0,91196222;0,76274138;0,75508098;0,87611574;0,85150946
851;12;13;96;False;0,95314853;0,98504731;0,97601234;0,98793337;0,97601234;0,88590613;0,90238663;0,93950183;0,96927903;0,93950183;0,75034078;0,78003027;0,86380624;0,86908985
852;12;13;96;False;0,94345605;0,97993342;0,97090547;0,98534535;0,97090547;0,78803581;0,80323774;0,88145417;0,93885791;0,88145417;0,78529061;0,72503665;0,87892538;0,83695298
853;12;13;96;False;0,94731987;0,97968436;0,97294737;0,98638094;0,97294737;0,83555345;0,85561909;0,91041037;0,95415427;0,91041037;0,75900751;0,75401239;0,87622297;0,82963405
854;12;13;96;False;0,95155104;0,98450566;0,97517413;0,98750905;0,97517413;0,89571351;0,90433901;0,94498826;0,97210507;0,94498826;0,76225391;0,75814986;0,86948235;0,85299195
855;12;13;96;False;0,93719541;0,98333897;0,96757963;0,98365626;0,96757963;0,89211883;0,91220844;0,94298393;0,9710736;0,94298393;0,74342264;0,77999953;0,84860365;0,88700182
856;12;13;96;False;0,95170091;0,98530237;0,97525282;0,9875489;0,97525282;0,87806565;0,89580103;0,9350745;0,9669925;0,9350745;0,74877443;0,78381382;0,86332267;0,86834377
857;12;13;96;False;0,94745463;0,98596658;0,97301844;0,98641697;0,97301844;0,87898806;0,90337924;0,93559728;0,96726278;0,93559728;0,75865442;0,7648133;0,85352777;0,86722465
858;12;13;96;False;0,95540777;0,98398501;0,97719543;0,98853196;0,97719543;0,87460662;0,89321499;0,9331095;0,96597593;0,9331095;0,74875459;0,77684149;0,85491529;0,87843026
859;12;13;96;False;0,93879081;0,97981253;0,96842919;0,984088;0,96842919;0,84233587;0,87403676;0,91442161;0,95625395;0,91442161;0,75866911;0,77730287;0,87706102;0,84311372
860;12;13;96;False;0,94854073;0,97842203;0,97359087;0,98670708;0,97359087;0,86744438;0,85963368;0,92901764;0,96385561;0,92901764;0,73723259;0,78163462;0,83931157;0,8828706
861;12;13;96;False;0,95059585;0,98478369;0,97467228;0,98725492;0,97467228;0,86482637;0,88228073;0,92751409;0,96307533;0,92751409;0,7514611;0,76701077;0,86285176;0,86080929
862;12;13;96;False;0,94787714;0,98718122;0,9732412;0,98652988;0,9732412;0,8695198;0,8934036;0,93020657;0,96447217;0,93020657;0,76588308;0,7551051;0,86841481;0,86044595
863;12;13;96;False;0,94532376;0,98142692;0,9718935;0,98584659;0,9718935;0,82331796;0,844184;0,90309861;0,95031501;0,90309861;0,7525798;0,75579169;0,87066635;0,85424085
864;12;13;96;False;0,94001641;0,98199479;0,96908089;0,98441906;0,96908089;0,85773196;0,87665024;0,92341842;0,96094663;0,92341842;0,75355092;0,76409306;0,86039563;0,86254854
865;12;13;96;False;0,95208364;0,98513496;0,97545374;0,98765062;0,97545374;0,84987792;0,86939045;0,91884757;0,95856537;0,91884757;0,76849887;0,75289989;0,86134709;0,85863501
866;12;13;96;False;0,94379538;0,98137583;0,97108512;0,98543651;0,97108512;0,84883342;0,85179983;0,91823678;0,95824672;0,91823678;0,76207059;0,75038976;0,84999203;0,86036937
867;12;13;96;False;0,94385661;0,98393547;0,97111753;0,98545296;0,97111753;0,86233044;0,87285476;0,92607673;0,9623288;0,92607673;0,73527347;0,76734459;0,85285141;0,87035316
868;12;13;96;False;0,95810597;0,98163725;0,97860482;0,98924457;0,97860482;0,8715681;0,87234298;0,93137738;0,96507895;0,93137738;0,74544353;0,76551499;0,84732151;0,87454006
869;12;13;96;False;0,95857412;0,98539543;0,97884896;0,98936796;0,97884896;0,8755019;0,89726611;0,93361878;0,96623951;0,93361878;0,77208947;0,75529361;0,85344339;0,8739432
870;12;13;96;False;0,93508947;0,98072816;0,96645606;0,98308497;0,96645606;0,81390396;0,84027726;0,89740579;0,94731504;0,89740579;0,73909026;0,76519759;0,84343821;0,85884053
871;12;13;96;False;0,95510381;0,98731991;0,97703642;0,98845153;0,97703642;0,89697504;0,90612389;0,94568987;0,97246587;0,94568987;0,75653707;0,77247686;0,86097028;0,86421612
872;12;13;96;False;0,94845777;0,98459718;0,97354717;0,98668494;0,97354717;0,87603093;0,88487587;0,93391949;0,9663951;0,93391949;0,76854311;0,74711591;0,87523569;0,85111694
873;12;13;96;False;0,95205231;0,98782667;0,97543729;0,98764229;0,97543729;0,84892838;0,86603756;0,91829233;0,95827571;0,91829233;0,73272178;0,77777726;0,83734417;0,88424587
874;12;13;96;False;0,95161919;0,98483505;0,97520991;0,98752717;0,97520991;0,865586;0,88021392;0,92795079;0,96330202;0,92795079;0,74514791;0,76556137;0,85707406;0,87290929
875;12;13;96;False;0,96247724;0,98892227;0,9808799;0,99039381;0,9808799;0,90645686;0,90884717;0,95093352;0,9751582;0,95093352;0,74893262;0,76982894;0,85966406;0,86467257
876;12;13;96;False;0,93871813;0,9809028;0,96839052;0,98406835;0,96839052;0,81623711;0,84824972;0,89882219;0,94806234;0,89882219;0,75074576;0,769644;0,85879297;0,85420602
877;12;13;96;False;0,95027962;0,98238598;0,97450602;0,98717072;0,97450602;0,91961476;0,92259548;0,95812428;0,97883823;0,95812428;0,76964847;0,76294194;0,87292878;0,86092073
878;12;13;96;False;0,94294716;0,98536974;0,97063593;0,98520857;0,97063593;0,86661693;0,89077149;0,92854288;0,9636093;0,92854288;0,74338254;0,77014177;0,83899455;0,87869775
879;12;13;96;False;0,94672889;0,98352471;0,97263558;0,98622288;0,97263558;0,83841563;0,86507896;0,91210672;0,95504279;0,91210672;0,74612097;0,76699935;0,86296706;0,86247885
880;12;13;96;False;0,94199817;0,98255836;0,97013291;0,98495325;0,97013291;0,87506782;0,8848313;0,93337192;0,96611175;0,93337192;0,77036659;0,74769332;0,8668776;0,85037186
881;12;13;96;False;0,9359497;0,97973869;0,96691531;0,98331852;0,96691531;0,85960391;0,88096671;0,92450215;0,96151035;0,92450215;0,76896022;0,75058303;0,86387021;0,85762152
882;12;13;96;False;0,95374817;0,98826012;0,97632662;0,98809241;0,97632662;0,86760716;0,87056081;0,92911098;0,96390403;0,92911098;0,75811022;0,74761042;0,86163874;0,87001435
883;12;13;96;False;0,95108121;0,98515685;0,97492734;0,98738409;0,97492734;0,91249322;0,91490489;0,95424466;0,97685447;0,95424466;0,74832416;0,77327602;0,85352388;0,86721924
884;12;13;96;False;0,93595648;0,98044749;0,96691893;0,98332036;0,96691893;0,80504612;0,8137032;0,89199507;0,94445491;0,89199507;0,77010024;0,73123842;0,87885971;0,83997979
885;12;13;96;False;0,96277983;0,98245272;0,98103701;0,99047313;0,98103701;0,85992946;0,89502459;0,9246904;0,96160824;0,9246904;0,77233453;0,75010616;0,86600378;0,86680028
886;12;13;96;False;0,94487177;0,9845018;0,97165457;0,9857254;0,97165457;0,8289338;0,84547512;0,90646671;0,95208545;0,90646671;0,7352023;0,7760806;0,84498722;0,86865487
887;12;13;96;False;0,94223197;0,98289869;0,97025689;0,98501619;0,97025689;0,83079219;0,86283274;0,90757672;0,95266821;0,90757672;0,75821695;0,75487219;0,86078027;0,86081994
888;12;13;96;False;0,95339625;0,98604853;0,9761422;0,98799909;0,9761422;0,87281606;0,89577943;0,93208947;0,96544781;0,93208947;0,74387445;0,77648069;0,86146918;0,87099662
889;12;13;96;False;0,9381115;0,98177761;0,96806763;0,98390428;0,96806763;0,81125882;0,84829366;0,89579558;0,94646478;0,89579558;0,76041039;0,76726202;0,84160585;0,87369988
890;12;13;96;False;0,95026521;0,98747507;0,97449845;0,98716688;0,97449845;0,87782149;0,90692174;0,93493603;0,9669209;0,93493603;0,77518064;0,75001489;0,87053278;0,85454804
891;12;13;96;False;0,95247752;0,9884725;0,97566042;0,98775524;0,97566042;0,86332067;0,86672323;0,92664745;0,96262529;0,92664745;0,73917313;0,77712505;0,85119457;0,86644556
892;12;13;96;False;0,94688222;0,98195723;0,97271649;0,9862639;0,97271649;0,81988606;0,84521342;0,9010301;0,94922605;0,9010301;0,73851695;0,7690433;0,83563544;0,87204878
893;12;13;96;False;0,95487796;0,98720811;0,97691823;0,98839174;0,97691823;0,86511123;0,89537862;0,9276779;0,96316037;0,9276779;0,74489048;0,7717955;0,86092751;0,85886079
894;12;13;96;False;0,94782912;0,9822539;0,97321589;0,98651705;0,97321589;0,83449539;0,86086558;0,90978194;0,9538249;0,90978194;0,77091331;0,74516671;0,86564836;0,85370502
895;12;13;96;False;0,95667214;0,98768979;0,97785635;0,98886619;0,97785635;0,85181769;0,863912;0,91998008;0,95915592;0,91998008;0,76446881;0,74964022;0,86530225;0,85293669
896;12;13;96;False;0,95520662;0,98609232;0,97709021;0,98847873;0,97709021;0,87588171;0,89318685;0,9338347;0,96635123;0,9338347;0,74261355;0,77816187;0,86156027;0,87674355
897;12;13;96;False;0,94279513;0,9822785;0,97055538;0,98516769;0,97055538;0,87155453;0,86278704;0,93136964;0,96507494;0,93136964;0,7815901;0,74088214;0,88044304;0,84892057
898;12;13;96;False;0,94230678;0,98374875;0,97029655;0,98503632;0,97029655;0,84521161;0,87455215;0,91611348;0,95713817;0,91611348;0,76611746;0,75748664;0,8590284;0,86478677
899;12;13;96;False;0,93637427;0,9755213;0,96714182;0,98343369;0,96714182;0,77400977;0,78066997;0,87261049;0,93413623;0,87261049;0,7487134;0,74454871;0,86015824;0,84984197
900;12;13;96;False;0,94524762;0,98482008;0,97185326;0,98582618;0,97185326;0,90288931;0,90662977;0,94896672;0,97414923;0,94896672;0,77277085;0,74762698;0,87078549;0,86084801
901;12;13;96;False;0,94662909;0,98252026;0,97258291;0,98619618;0,97258291;0,88232501;0,91431799;0,93748424;0,9682377;0,93748424;0,76835471;0,75539431;0,87003853;0,86387515
902;12;13;96;False;0,95425442;0,98685462;0,9765918;0,98822659;0,9765918;0,86730874;0,881428;0,92893984;0,96381525;0,92893984;0,76278462;0,75791074;0,8574316;0,86181895
903;12;13;96;False;0,94304532;0,98068728;0,97068793;0,98523496;0,97068793;0,84557786;0,88381736;0,91632857;0,95725053;0,91632857;0,7514589;0,78188448;0,87112462;0,84974497
904;12;13;96;False;0,93728041;0,98136465;0,96762493;0,98367928;0,96762493;0,88331525;0,90339475;0,9380429;0,96852615;0,9380429;0,76556261;0,76487371;0,85122849;0,86552516
905;12;13;96;False;0,95735337;0,9864211;0,97821209;0,98904605;0,97821209;0,82844547;0,8500264;0,90617465;0,95193206;0,90617465;0,75819366;0,75470285;0,86696307;0,8525801
906;12;13;96;False;0,94440281;0,9857933;0,97140655;0,98559959;0,97140655;0,86119099;0,89137133;0,92541926;0,96198714;0,92541926;0,776236;0,75140239;0,88148158;0,84780434
907;12;13;96;False;0,95465059;0,98695506;0,97679922;0,98833153;0,97679922;0,85134292;0,87899846;0,91970311;0,95901153;0,91970311;0,76069776;0,75605817;0,85858271;0,86598344
908;12;13;96;False;0,94617464;0,98224927;0,972343;0,98607454;0,972343;0,89624254;0,90777023;0,9452826;0,97225645;0,9452826;0,76411034;0,76120579;0,87471682;0,86101474
909;12;13;96;False;0,95534951;0,98430019;0,97716496;0,98851654;0,97716496;0,84078947;0,86324975;0,91350965;0,95577699;0,91350965;0,75092897;0,76896662;0,8567921;0,8611552
910;12;13;96;False;0,95850347;0,9875423;0,97881212;0,98934934;0,97881212;0,83899891;0,86246613;0,91245178;0,95522342;0,91245178;0,75300312;0,76410969;0,86621111;0,84839236
911;12;13;96;False;0,95005545;0,98335775;0,97438814;0,98711101;0,97438814;0,83001899;0,86724504;0,90711517;0,95242594;0,90711517;0,75557709;0,76047158;0,85807692;0,86658799
912;12;13;96;False;0,94156668;0,98246007;0,96990404;0,98483706;0,96990404;0,82498644;0,83787983;0,90410144;0,95084249;0,90410144;0,75763162;0,74681532;0,86224239;0,85154626
913;12;13;96;False;0,94554815;0,98335803;0,97201208;0,98590673;0,97201208;0,8393923;0,87116666;0,91268437;0,95534516;0,91268437;0,75144937;0,77186774;0,86371714;0,86373163
914;12;13;96;False;0,94935971;0,98867934;0,97402209;0,98692557;0,97402209;0,91895008;0,92070997;0,9577634;0,97865387;0,9577634;0,75213167;0,76979761;0,844124;0,87298686
915;12;13;96;False;0,96383757;0,98565977;0,98158583;0,99075014;0,98158583;0,86517906;0,87498775;0,92771689;0,96318061;0,92771689;0,76050394;0,76668034;0,85232047;0,87736588
916;12;13;96;False;0,94572111;0,98060659;0,97210346;0,98595307;0,97210346;0,82841834;0,8587452;0,90615842;0,95192354;0,90615842;0,75382578;0,75280207;0,85356069;0,86823819
917;12;13;96;False;0,94596657;0,98015408;0,97223311;0,98601882;0,97223311;0,7925529;0,81297685;0,88427282;0,94035781;0,88427282;0,71721333;0,78105827;0,83625943;0,86854903
918;12;13;96;False;0,94631248;0,9840536;0,97241578;0,98611144;0,97241578;0,82756375;0,84401741;0,90564693;0,95165484;0,90564693;0,72897895;0,78619416;0,85105993;0,87319416
919;12;13;96;False;0,95238822;0,98363242;0,97561357;0,98773153;0,97561357;0,86946555;0,87924412;0,93017552;0,96445608;0,93017552;0,74755388;0,77070951;0,86441575;0,86227923
920;12;13;96;False;0,94321604;0,97995089;0,97077836;0,98528085;0,97077836;0,83807651;0,86288712;0,91190601;0,9549377;0,91190601;0,7729596;0,74730875;0,87435015;0,85783564
921;12;13;96;False;0,95746867;0,98518145;0,97827228;0,98907648;0,97827228;0,85828812;0,88474695;0,92374063;0,96111426;0,92374063;0,74585103;0,77800537;0,85104435;0,88378686
922;12;13;96;False;0,93814797;0,98225472;0,96808704;0,98391414;0,96808704;0,87491861;0,89700913;0,93328703;0,96606782;0,93328703;0,77804998;0,744797;0,89046773;0,85250939
923;12;13;96;False;0,95245104;0,9877377;0,97564653;0,98774821;0,97564653;0,87660065;0,89419924;0,93424315;0,96656254;0,93424315;0,77453652;0,73874824;0,88313036;0,84482835
924;12;13;96;False;0,93768779;0,98047568;0,96784198;0,9837896;0,96784198;0,81204558;0,84459172;0,896275;0,94671802;0,896275;0,77191537;0,73647277;0,87242983;0,84068951
925;12;13;96;False;0,94154373;0,98158961;0,96989186;0,98483088;0,96989186;0,82862181;0,85359785;0,90628014;0,95198747;0,90628014;0,76385195;0,74988997;0,86086063;0,86929627
926;12;13;96;False;0,94242906;0,98159695;0,97036137;0,98506922;0,97036137;0,82390125;0,82904944;0,9034494;0,95049956;0,9034494;0,75107708;0,75928663;0,86438459;0,85757597
927;12;13;96;False;0,95756998;0,9890035;0,97832516;0,98910321;0,97832516;0,90058329;0,91225149;0,94769147;0,97349446;0,94769147;0,73929605;0,77883706;0,84815106;0,8790857
928;12;13;96;False;0,93769755;0,98026221;0,96784717;0,98379224;0,96784717;0,84854856;0,87331803;0,91807008;0,95815974;0,91807008;0,75544698;0,76137855;0,85415854;0,86376169
929;12;13;96;False;0,94249108;0,98219511;0,97039424;0,98508591;0,97039424;0,75604992;0,80627826;0,86108021;0,92794408;0,86108021;0,76922022;0,73955083;0,85934909;0,85874449
930;12;13;96;False;0,94535879;0,98672532;0,97191201;0,98585598;0,97191201;0,82666848;0,86074248;0,90511057;0,95137299;0,90511057;0,74118725;0,76969428;0,84794574;0,87425816
931;12;13;96;False;0,95839466;0,98464388;0,97875539;0,98932067;0,97875539;0,85805751;0,86348543;0,92360706;0,96104477;0,92360706;0,75742221;0,75296639;0,87970374;0,85436492
932;12;13;96;False;0,94304512;0,98338859;0,97068783;0,98523491;0,97068783;0,84838578;0,87507369;0,9179748;0,95811001;0,9179748;0,76763622;0,75413618;0,86320844;0,86303595
933;12;13;96;False;0,95610888;0,98518903;0,97756202;0,98871736;0,97756202;0,85957678;0,86659679;0,92448646;0,96150219;0,92448646;0,74306336;0,7652186;0,85863793;0,87066253
934;12;13;96;False;0,9426557;0,98459068;0,97048149;0,98513019;0,97048149;0,83354585;0,85595021;0,90921735;0,95352889;0,90921735;0,75765644;0,75337313;0,87071679;0,85520693
935;12;13;96;False;0,94280191;0,98123534;0,97055897;0,98516951;0,97055897;0,77409116;0,79206634;0,87266221;0,93416391;0,87266221;0,7490833;0,7578858;0,8675744;0,84228911
936;12;13;96;False;0,94874743;0,98599536;0,97369974;0,98676225;0,97369974;0,84964731;0,87299365;0,91871278;0,95849506;0,91871278;0,75225379;0,75662638;0,87273295;0,85736765
937;12;13;96;False;0,94458556;0,98258797;0,97150321;0,98564863;0,97150321;0,89389582;0,89761167;0,94397571;0,97158412;0,94397571;0,7663915;0,75230905;0,8714947;0,86093721
938;12;13;96;False;0,95930722;0,98842006;0,97923103;0,98956103;0,97923103;0,86378188;0,87885735;0,92691306;0,96276324;0,92691306;0,77794558;0,73666015;0,87357694;0,85035931
939;12;13;96;False;0,96200737;0,98405228;0,98063584;0,99027059;0,98063584;0,84023332;0,86976038;0,91318129;0,9556052;0,91318129;0,77327541;0,74973606;0,86604245;0,86247779
940;12;13;96;False;0,9504017;0,98464537;0,97457021;0,98720323;0,97457021;0,80161422;0,84605909;0,88988443;0,94333686;0,88988443;0,76420386;0,75114253;0,87298982;0,85124883
941;12;13;96;False;0,9463562;0,97911521;0,97243886;0,98612315;0,97243886;0,82459305;0,84707064;0,90386517;0,95071824;0,90386517;0,76206773;0,74310065;0,86963334;0,8420178
942;12;13;96;False;0,94688417;0,98628306;0,97271752;0,98626443;0,97271752;0,88921595;0,90781028;0,94135978;0,97023697;0,94135978;0,74518075;0,77479776;0,85991596;0,86327627
943;12;13;96;False;0,96102689;0,98904739;0,98012617;0,99001322;0,98012617;0,86950624;0,8896484;0,93019881;0,96446815;0,93019881;0,76184765;0,7574808;0,86753664;0,86603182
944;12;13;96;False;0,94471462;0,98299373;0,97157147;0,98568325;0,97157147;0,80774552;0,83919366;0,89364959;0,94533041;0,89364959;0,74297741;0,75995593;0,84491968;0,85951091
945;12;13;96;False;0,95151953;0,98604346;0,97515758;0,98750067;0,97515758;0,81496202;0,84444469;0,89804857;0,94765424;0,89804857;0,75387214;0,75384318;0,86913555;0,85305778
946;12;13;96;False;0,9468035;0,98197691;0,97267495;0,98624284;0,97267495;0,86353771;0,87856789;0,92677246;0,96269022;0,92677246;0,74709697;0,76898032;0,85236406;0,85674269
947;12;13;96;False;0,94741108;0,98412183;0,97299547;0,98640533;0,97299547;0,87095768;0,88117088;0,93102873;0,9648983;0,93102873;0,76612141;0,75406615;0,86440017;0,85681827
948;12;13;96;False;0,95271363;0,98653576;0,97578428;0,98781794;0,97578428;0,89239012;0,90483638;0,94313547;0,97115162;0,94313547;0,76014235;0,75359182;0,87223226;0,84943297
949;12;13;96;False;0,94768578;0,98527293;0,97314032;0,98647875;0,97314032;0,87661422;0,88823515;0,93425085;0,96656653;0,93425085;0,77433664;0,74822055;0,87769394;0,85532612
950;12;13;96;False;0,95607481;0,98608212;0,97754422;0,98870836;0,97754422;0,7974905;0,82676748;0,88733765;0,94198602;0,88733765;0,75199681;0,75679028;0,85984136;0,86438862
951;12;13;96;False;0,94977431;0,98147925;0,97424025;0,98703609;0,97424025;0,81667119;0,8206024;0,89908531;0,94820109;0,89908531;0,76679968;0,74409819;0,86723143;0,85291734
952;12;13;96;False;0,96278573;0,98683358;0,98104007;0,99047467;0,98104007;0,88277265;0,90145333;0,93773685;0,96836814;0,93773685;0,7573691;0,76163963;0,84963441;0,87044548
953;12;13;96;False;0,96318717;0,98718773;0,98124843;0,99057985;0,98124843;0,87455236;0,89022306;0,93307862;0,96595994;0,93307862;0,77024434;0,75177263;0,85232047;0,8672217
954;12;13;96;False;0,94999864;0,98345893;0,97435826;0,98709587;0,97435826;0,84989148;0,87651471;0,9188555;0,95856951;0,9188555;0,7400966;0,77396212;0,84712609;0,86801526
955;12;13;96;False;0,93354292;0,97623761;0,96562937;0,98266443;0,96562937;0,83452252;0,86604138;0,90979806;0,95383335;0,90979806;0,76709336;0,76160067;0,86399137;0,87161383
956;12;13;96;False;0,94114136;0,98206741;0,96967833;0,98472247;0,96967833;0,90299783;0,90455432;0,94902665;0,97417999;0,94902665;0,74559234;0,77253692;0,85486387;0,87282914
957;12;13;96;False;0,94928153;0,98624177;0,97398094;0,98690473;0,97398094;0,88189094;0,87990849;0,93723916;0,96811113;0,93723916;0,74889859;0,76333972;0,85974741;0,86625858
958;12;13;96;False;0,95375693;0,98541658;0,97633121;0,98809474;0,97633121;0,85084102;0,86093507;0,91941016;0,95885878;0,91941016;0,75283076;0,76001865;0,85115763;0,87039537
959;12;13;96;False;0,95938467;0,98523814;0,97927138;0,98958142;0,97927138;0,87333152;0,88361806;0,93238331;0,96559997;0,93238331;0,76164355;0,75556167;0,86855697;0,85048716
960;12;13;96;False;0,94142085;0,98085124;0,96982666;0,98479778;0,96982666;0,86486706;0,85095778;0,9275375;0,96308748;0,9275375;0,77248522;0,73961526;0,87105592;0,83553653
961;12;13;96;False;0,94110685;0,98319926;0,96966002;0,98471316;0,96966002;0,87668204;0,892895;0,93428937;0,96658645;0,93428937;0,75394098;0,76774706;0,84740314;0,86808104
962;12;13;96;False;0,93008129;0,97705587;0,96377421;0,98172003;0,96377421;0,87506782;0,88118409;0,93337192;0,96611175;0,93337192;0,75948951;0,7594472;0,86572367;0,85505674
963;12;13;96;False;0,94847542;0,98727045;0,97355647;0,98668965;0,97355647;0,84915898;0,88130614;0,91842723;0,95834609;0,91842723;0,75374162;0,76503995;0,83717791;0,87856889
964;12;13;96;False;0,95188;0,98650378;0,97534685;0,9875965;0,97534685;0,8366522;0,8655653;0,9110622;0,95449578;0,9110622;0,7632957;0,75084631;0,86666554;0,84676063
965;12;13;96;False;0,95465444;0,97976329;0,97680124;0,98833256;0,97680124;0,79511666;0,82971356;0,88586628;0,9412047;0,88586628;0,77624988;0,73072245;0,86789318;0,84467264
966;12;13;96;False;0,95075373;0,98709185;0,97475526;0,98729695;0,97475526;0,88932447;0,89664774;0,94142058;0,9702683;0,94142058;0,74333747;0,78479191;0,85376706;0,8672615
967;12;13;96;False;0,95249384;0,98720769;0,97566898;0,98775958;0,97566898;0,85139718;0,87446093;0,91973477;0,95902803;0,91973477;0,75762803;0,75596154;0,85521175;0,86362018
968;12;13;96;False;0,94368008;0,98583435;0,97102408;0,98540554;0,97102408;0,85222463;0,86972241;0,92021736;0,95927961;0,92021736;0,74200349;0,77316026;0,85565843;0,8653312
969;12;13;96;False;0,96015546;0,98628599;0,97967276;0,9897842;0,97967276;0,89157623;0,91515458;0,94268073;0,97091747;0,94268073;0,76562438;0,76525431;0,86241674;0,86958203
970;12;13;96;False;0,95458276;0,9867231;0,97676372;0,98831357;0,97676372;0,91473142;0,93235062;0,95546708;0,97747996;0,95546708;0,77245393;0,75910704;0,87707292;0,84805611
971;12;13;96;False;0,94606739;0,98510365;0,97228636;0,98604582;0,97228636;0,86352415;0,88518057;0,92676464;0,96268616;0,92676464;0,75116242;0,76444055;0,864;0,85997701
972;12;13;96;False;0,9606609;0,98667979;0,97993579;0,98991706;0,97993579;0,86090613;0,89229443;0,92525476;0,96190164;0,92525476;0,76155426;0,75927508;0,86802204;0,85873771
973;12;13;96;False;0,95303645;0,9869027;0,97595357;0,98790363;0,97595357;0,87604449;0,88744839;0,9339272;0,96639909;0,9339272;0,75322218;0,76715165;0,86248656;0,8640165
974;12;13;96;False;0,95944654;0,98328868;0,97930361;0,9895977;0,97930361;0,86190993;0,86224648;0,92583418;0,96220278;0,92583418;0,77047099;0,74170106;0,86504543;0,85871545
975;12;13;96;False;0,97029898;0,99123577;0,98492563;0,99243419;0,98492563;0,83486164;0,86840845;0,90999956;0,95393897;0,90999956;0,74876494;0,76347915;0,85315572;0,86816448
976;12;13;96;False;0,94307468;0,98607938;0,97070348;0,98524285;0,97070348;0,85685024;0,87953322;0,92290722;0,9606806;0,92290722;0,75056752;0,76716654;0,85153357;0,86442931
977;12;13;96;False;0,9517763;0,98661179;0,9752924;0,98756894;0,9752924;0,85295714;0,86235068;0,92064422;0,95950207;0,92064422;0,75250396;0,76475206;0,86375414;0,85876197
978;12;13;96;False;0,92976643;0,98021161;0,96360515;0,98163392;0,96360515;0,82578676;0,85161792;0,90458183;0,95109507;0,90458183;0,77188178;0,73819397;0,87440778;0,84167368
979;12;13;96;False;0,94258806;0,98343884;0,97044565;0,985112;0,97044565;0,86644059;0,90355663;0,92844165;0,96355677;0,92844165;0,74219109;0,77280027;0,84354567;0,87929544
980;12;13;96;False;0,95784258;0,98097738;0,97846741;0,98917512;0,97846741;0,80604992;0,80504408;0,8926109;0,94478087;0,8926109;0,76930158;0,73653799;0,8853552;0,83517423
981;12;13;96;False;0,95376387;0,98377763;0,97633484;0,98809658;0,97633484;0,85534455;0,86046648;0,92203311;0,96022555;0,92203311;0,75039358;0,76183099;0,85633281;0,87490292
982;12;13;96;False;0,9427243;0,98264162;0,97051784;0,98514864;0,97051784;0,87676343;0,89321855;0,93433559;0,96661036;0,93433559;0,76291475;0,76042444;0,86889788;0,86185672
983;12;13;96;False;0,95358325;0,98725234;0,9762402;0,98804868;0,9762402;0,87181226;0,89081961;0,93151678;0,96515117;0,93151678;0,78242607;0,74339956;0,88168287;0,8504078
984;12;13;96;False;0,95511905;0,9817357;0,97704439;0,98845556;0,97704439;0,86957406;0,88579784;0,93023762;0,96448827;0,93023762;0,74339442;0,78040846;0,85057347;0,87517084
985;12;13;96;False;0,94513742;0,98715402;0,97179501;0,98579664;0,97179501;0,84327184;0,87794299;0,91497284;0,95654213;0,91497284;0,77002798;0,74593503;0,87968637;0,83574963
986;12;13;96;False;0,9379091;0,98363065;0,96795985;0,9838495;0,96795985;0,85693163;0,88029765;0,92295442;0,96070517;0,92295442;0,76445798;0,754796;0,87373076;0,85157151
987;12;13;96;False;0,93572674;0,98204917;0,96679631;0,98325801;0,96679631;0,86040423;0,87388613;0,92496482;0,96175091;0,92496482;0,75972624;0,75779808;0,85635801;0,87220304
988;12;13;96;False;0,95750244;0,98785999;0,97828991;0,98908539;0,97828991;0,90298426;0,91805636;0,94901916;0,97417614;0,94901916;0,7694106;0,7550082;0,8620671;0,86209797
989;12;13;96;False;0,95285719;0,98521217;0,97585957;0,98785605;0,97585957;0,88133478;0,89965068;0,93692498;0,96794885;0,93692498;0,75899386;0,76267164;0,83861691;0,87887708
990;12;13;96;False;0,94623018;0,98701168;0,97237232;0,98608941;0,97237232;0,88840206;0,89669666;0,94090351;0,97000181;0,94090351;0,75791224;0,76403348;0,8464468;0,87467486
991;12;13;96;False;0,95840865;0,9889836;0,97876268;0,98932436;0,97876268;0,87308736;0,88354964;0,93224414;0,96552791;0,93224414;0,76488036;0,74971677;0,8771204;0,85562357
992;12;13;96;False;0,96012127;0,98669238;0,97965497;0,98977521;0,97965497;0,89769398;0,91473585;0,94608929;0,97267122;0,94608929;0,76287319;0,76416162;0,8688563;0,85948575
993;12;13;96;False;0,95225935;0,98846837;0,97554595;0,9876973;0,97554595;0,89669018;0,9197742;0,94553153;0,97238445;0,94553153;0,75902245;0,76456078;0,8683169;0,85097176
994;12;13;96;False;0,9594217;0,99026555;0,97929067;0,98959116;0,97929067;0,93779164;0,94882627;0,96789729;0,98381771;0,96789729;0,75550396;0,77295568;0,86146333;0,85998094
995;12;13;96;False;0,94211048;0,9822061;0,97019247;0,98498348;0,97019247;0,8477618;0,85832809;0,9176094;0,95791931;0,9176094;0,75128314;0,76087495;0,85023824;0,86322094
996;12;13;96;False;0,96765321;0,99156435;0,98356073;0,9917463;0,98356073;0,90325556;0,92300888;0,94916897;0,97425303;0,94916897;0,7594024;0,77271796;0,85310336;0,87434251
997;12;13;96;False;0,96090102;0,98920262;0,98006071;0,98998015;0,98006071;0,87791644;0,9022881;0,93498989;0,96694875;0,93498989;0,74434351;0,77008185;0,84971784;0,87218652
998;12;13;96;False;0,94624338;0,98599831;0,97237929;0,98609294;0,97237929;0,86125882;0,88907745;0,92545841;0,96200749;0,92545841;0,76569258;0,75122701;0,88253208;0,84455734
999;12;13;96;False;0,9416022;0,98112736;0,96992288;0,98484663;0,96992288;0,85097667;0,87037301;0,91948935;0,95890007;0,91948935;0,74627864;0,77058824;0,85333677;0,86802025
1000;12;13;96;False;0,93972537;0,97972124;0,9689262;0,98434049;0,9689262;0,778242;0,81322705;0,87529369;0,93557132;0,87529369;0,76782115;0,74270494;0,85180977;0,85829976
