model;permutation;cv_r2;spearman_rho;pearson_r
CLIP50_linear_ridge;1;-0,012857477;0,022341291;0,029489857
CLIP50_linear_ridge;2;-0,022828064;-0,13929734;-0,14952578
CLIP50_linear_ridge;3;-0,16637832;-0,26606077;-0,28857012
CLIP50_linear_ridge;4;-0,020747191;-0,19314976;-0,14365378
CLIP50_linear_ridge;5;-0,059585289;-0,17501356;-0,20790839
CLIP50_linear_ridge;6;-0,065991774;-0,30930548;-0,34724226
CLIP50_linear_ridge;7;-0,03343229;-0,020130222;-0,071240521
CLIP50_linear_ridge;8;-0,075334419;-0,25568367;-0,26850407
CLIP50_linear_ridge;9;0,061818785;0,28347802;0,26389844
CLIP50_linear_ridge;10;-0,02144049;-0,11752577;-0,1976375
CLIP50_linear_ridge;11;-0,096972288;-0,17013022;-0,21112139
CLIP50_linear_ridge;12;-0,033495454;-0,17372491;-0,13037343
CLIP50_linear_ridge;13;-0,070023879;-0,086625068;-0,14385351
CLIP50_linear_ridge;14;-0,027164091;-0,24019262;-0,22448309
CLIP50_linear_ridge;15;-0,051972689;-0,1953337;-0,21912178
CLIP50_linear_ridge;16;-0,037807774;-0,1628459;-0,20733078
CLIP50_linear_ridge;17;-0,027653201;-0,22868964;-0,27070542
CLIP50_linear_ridge;18;-0,033292448;0,01233044;-0,075089568
CLIP50_linear_ridge;19;-0,047197404;-0,17251763;-0,24125603
CLIP50_linear_ridge;20;-0,033337931;-0,084658166;-0,12339251
CLIP50_linear_ridge;21;-0,0015575682;-0,0072436245;-0,042975178
CLIP50_linear_ridge;22;0,017973452;0,097965274;0,13475549
CLIP50_linear_ridge;23;-0,015481288;-0,19696148;-0,17636214
CLIP50_linear_ridge;24;-0,06807721;-0,36364623;-0,3840665
CLIP50_linear_ridge;25;-0,017968404;0,014188823;-0,021110451
CLIP50_linear_ridge;26;-0,0017849434;0,095279436;0,12572105
CLIP50_linear_ridge;27;-0,08390168;-0,33297613;-0,38158204
CLIP50_linear_ridge;28;-0,076079068;0,0075556158;-0,023283505
CLIP50_linear_ridge;29;-0,023042741;-0,14716495;-0,20736179
CLIP50_linear_ridge;30;-0,032453811;-0,2913185;-0,24034461
CLIP50_linear_ridge;31;-0,057299361;-0,06656267;-0,025054806
CLIP50_linear_ridge;32;-0,05001597;-0,048046663;-0,038173906
CLIP50_linear_ridge;33;-0,062856206;-0,14275638;-0,16063254
CLIP50_linear_ridge;34;-0,035859381;-0,1807108;-0,22146759
CLIP50_linear_ridge;35;-0,022977684;-0,032406403;-0,080050883
CLIP50_linear_ridge;36;-0,016637017;-0,12239555;-0,16973956
CLIP50_linear_ridge;37;-0,037432953;-0,27707542;-0,25773131
CLIP50_linear_ridge;38;-0,026107461;-0,021513836;-0,048594959
CLIP50_linear_ridge;39;-0,053718372;-0,26063483;-0,2749899
CLIP50_linear_ridge;40;-0,033398785;-0,26523332;-0,24737849
CLIP50_linear_ridge;41;-0,050626618;-0,2854178;-0,29228115
CLIP50_linear_ridge;42;-0,028764067;-0,23981281;-0,22780271
CLIP50_linear_ridge;43;-0,040109803;-0,10040695;-0,11995498
CLIP50_linear_ridge;44;-0,030097937;-0,20508681;-0,20168884
CLIP50_linear_ridge;45;-0,017970522;-0,15533098;-0,18701861
CLIP50_linear_ridge;46;-0,042093241;-0,15698589;-0,18864352
CLIP50_linear_ridge;47;-0,03991315;-0,20645686;-0,15502114
CLIP50_linear_ridge;48;-0,041313973;-0,10876289;-0,21135064
CLIP50_linear_ridge;49;-0,044976184;-0,22498644;-0,18463806
CLIP50_linear_ridge;50;-0,026338195;-0,21500271;-0,16206705
CLIP50_linear_ridge;51;-0,013732689;-0,17873033;-0,1715344
CLIP50_linear_ridge;52;-0,16837543;-0,22783505;-0,26247689
CLIP50_linear_ridge;53;-0,026988206;-0,18383071;-0,18398387
CLIP50_linear_ridge;54;-0,062079817;-0,25398806;-0,33964008
CLIP50_linear_ridge;55;-0,043196662;-0,093977211;-0,1565006
CLIP50_linear_ridge;56;-0,055671974;-0,12851329;-0,15080824
CLIP50_linear_ridge;57;-0,040378255;-0,28558058;-0,27028067
CLIP50_linear_ridge;58;-0,045217651;-0,14682583;-0,19734593
CLIP50_linear_ridge;59;-0,022674431;-0,0092105263;0,023710645
CLIP50_linear_ridge;60;-0,059579746;-0,24385513;-0,1766208
CLIP50_linear_ridge;61;-0,087123011;-0,14852143;-0,21036347
CLIP50_linear_ridge;62;-0,037332406;-0,28669289;-0,27515539
CLIP50_linear_ridge;63;-0,036234531;-0,019112859;-0,011357472
CLIP50_linear_ridge;64;-0,023559842;-0,24065383;-0,21574175
CLIP50_linear_ridge;65;-0,027210877;0,12712968;0,11034541
CLIP50_linear_ridge;66;-0,015588066;0,064677157;0,034982386
CLIP50_linear_ridge;67;-0,017302799;-0,15553445;-0,17911133
CLIP50_linear_ridge;68;-0,01276307;-0,032433532;0,0053567251
CLIP50_linear_ridge;69;-0,026878193;-0,12268041;-0,12287048
CLIP50_linear_ridge;70;-0,015569808;-0,14645958;-0,096450297
CLIP50_linear_ridge;71;-0,03397049;-0,23308464;-0,24995725
CLIP50_linear_ridge;72;-0,029802291;-0,17170374;-0,22113519
CLIP50_linear_ridge;73;-0,087867573;-0,32679056;-0,37871745
CLIP50_linear_ridge;74;-0,035970354;-0,28126696;-0,25710414
CLIP50_linear_ridge;75;-0,032767655;-0,22497287;-0,20057719
CLIP50_linear_ridge;76;-0,040389283;-0,08343733;-0,089366708
CLIP50_linear_ridge;77;-0,041103114;-0,23954151;-0,19883868
CLIP50_linear_ridge;78;-0,032863936;-0,15995659;-0,21572698
CLIP50_linear_ridge;79;-0,028471472;-0,19510309;-0,21470747
CLIP50_linear_ridge;80;-0,065561378;-0,14119642;-0,14954451
CLIP50_linear_ridge;81;-0,072203954;-0,20838307;-0,22672856
CLIP50_linear_ridge;82;-0,029749469;-0,19424851;-0,24012555
CLIP50_linear_ridge;83;-0,081616185;-0,035960391;-0,11173497
CLIP50_linear_ridge;84;-0,095434795;0,17464731;0,020363271
CLIP50_linear_ridge;85;-0,036283102;-0,10811177;-0,21340876
CLIP50_linear_ridge;86;-0,057246985;-0,32350787;-0,27706188
CLIP50_linear_ridge;87;0,012194639;0,086733587;0,11673501
CLIP50_linear_ridge;88;-0,0331912;-0,23556701;-0,24592037
CLIP50_linear_ridge;89;-0,051397186;-0,052048291;-0,091342928
CLIP50_linear_ridge;90;-0,14009598;-0,013252849;0,056764294
CLIP50_linear_ridge;91;-0,11914825;-0,043366793;-0,029292917
CLIP50_linear_ridge;92;-0,066582974;-0,32569181;-0,37281135
CLIP50_linear_ridge;93;-0,015833557;-0,20450353;-0,18383552
CLIP50_linear_ridge;94;-0,04397425;-0,18042594;-0,24953034
CLIP50_linear_ridge;95;-0,028905338;-0,19021975;-0,23176572
CLIP50_linear_ridge;96;0,030160997;0,22799783;0,20115787
CLIP50_linear_ridge;97;0,0032248125;0,20145144;0,18067276
CLIP50_linear_ridge;98;-0,0556812;-0,28475312;-0,28720861
CLIP50_linear_ridge;99;0,094050315;0,33959577;0,30746904
CLIP50_linear_ridge;100;-0,044793448;-0,28039881;-0,29365659
CLIP50_linear_ridge;101;-0,018190012;-0,16108247;-0,090784747
CLIP50_linear_ridge;102;-0,070124741;-0,10721649;-0,036614364
CLIP50_linear_ridge;103;-0,021642095;-0,039934889;-0,071110777
CLIP50_linear_ridge;104;-0,017246712;-0,16269669;-0,18349727
CLIP50_linear_ridge;105;-0,057963412;-0,041345632;-0,042548634
CLIP50_linear_ridge;106;-0,034012152;-0,22954422;-0,24577884
CLIP50_linear_ridge;107;-0,029876145;-0,22352143;-0,2338227
CLIP50_linear_ridge;108;-0,010034589;-0,21402604;-0,14769573
CLIP50_linear_ridge;109;-0,032368773;-0,20904775;-0,24218978
CLIP50_linear_ridge;110;-0,014954683;-0,17715681;-0,17608178
CLIP50_linear_ridge;111;-0,062779573;0,16950624;0,096236453
CLIP50_linear_ridge;112;-0,044834442;-0,29072165;-0,29613994
CLIP50_linear_ridge;113;-0,030523828;0,030425936;0,010736752
CLIP50_linear_ridge;114;-0,022337143;-0,23123983;-0,20814955
CLIP50_linear_ridge;115;-0,041080904;0,010892566;-0,03856695
CLIP50_linear_ridge;116;-0,016114248;-0,15373033;-0,1668002
CLIP50_linear_ridge;117;0,051958003;0,2796663;0,2286234
CLIP50_linear_ridge;118;-0,071541182;-0,20746066;-0,13703925
CLIP50_linear_ridge;119;-0,093418458;-0,22992404;-0,23173874
CLIP50_linear_ridge;120;-0,12068693;-0,04024688;-0,086992002
CLIP50_linear_ridge;121;-0,037092512;-0,28186381;-0,2626216
CLIP50_linear_ridge;122;-0,034116659;-0,21600651;-0,24776361
CLIP50_linear_ridge;123;9,0588343e-05;0,078296256;0,11863019
CLIP50_linear_ridge;124;-0,034427767;-0,26603364;-0,32210891
CLIP50_linear_ridge;125;-0,019022513;-0,167051;-0,20638249
CLIP50_linear_ridge;126;-0,028645401;-0,13574335;-0,12670897
CLIP50_linear_ridge;127;-0,021037338;-0,23095496;-0,21121003
CLIP50_linear_ridge;128;-0,030140143;-0,14732773;-0,21658595
CLIP50_linear_ridge;129;-0,038249355;0,056918068;-0,015345423
CLIP50_linear_ridge;130;-0,087714002;-0,14706999;-0,1752206
CLIP50_linear_ridge;131;-0,048790851;-0,13974498;-0,21886308
CLIP50_linear_ridge;132;-0,1386257;-0,077984265;-0,099005427
CLIP50_linear_ridge;133;-0,048517123;-0,25290288;-0,26407945
CLIP50_linear_ridge;134;-0,028476403;-0,21257461;-0,23505125
CLIP50_linear_ridge;135;-0,02185301;-0,17689908;-0,12435311
CLIP50_linear_ridge;136;-0,044336981;-0,18644872;-0,25364372
CLIP50_linear_ridge;137;-0,041537518;-0,1645822;-0,26727939
CLIP50_linear_ridge;138;-0,025389682;-0,18000543;-0,21299423
CLIP50_linear_ridge;139;-0,076776524;-0,1824064;-0,16532397
CLIP50_linear_ridge;140;-0,078985284;-0,33151112;-0,34190635
CLIP50_linear_ridge;141;-0,0099786334;0,14610689;0,091011426
CLIP50_linear_ridge;142;-0,043368465;-0,08520076;-0,15186439
CLIP50_linear_ridge;143;-0,06756193;-0,25018991;-0,29178252
CLIP50_linear_ridge;144;-0,027074366;-0,2381172;-0,23153479
CLIP50_linear_ridge;145;-0,03555928;-0,095415084;-0,13349279
CLIP50_linear_ridge;146;-0,097720931;-0,36318502;-0,33402339
CLIP50_linear_ridge;147;-0,013631556;-0,17072708;-0,17502969
CLIP50_linear_ridge;148;-0,014446716;-0,17398264;-0,16864981
CLIP50_linear_ridge;149;0,068232509;0,28567553;0,26276794
CLIP50_linear_ridge;150;-0,038579447;-0,19275638;-0,19170583
CLIP50_linear_ridge;151;-0,19098225;-0,12535269;-0,19200696
CLIP50_linear_ridge;152;-0,076239531;-0,13412914;-0,20871543
CLIP50_linear_ridge;153;-0,085607559;-0,23151112;-0,24063197
CLIP50_linear_ridge;154;-0,028176285;-0,27025231;-0,23045395
CLIP50_linear_ridge;155;-0,04117254;-0,11814976;-0,17804196
CLIP50_linear_ridge;156;0,086042961;0,24424851;0,2947027
CLIP50_linear_ridge;157;-0,026465185;-0,21108247;-0,19110054
CLIP50_linear_ridge;158;-0,031951478;-0,30775909;-0,25505515
CLIP50_linear_ridge;159;-0,022247294;0,10492404;-0,029029698
CLIP50_linear_ridge;160;-0,080293228;-0,12394194;-0,15734144
CLIP50_linear_ridge;161;-0,037539169;-0,13526858;-0,1442637
CLIP50_linear_ridge;162;-0,012886706;-0,1665898;-0,15796032
CLIP50_linear_ridge;163;-0,017029014;-0,054964731;0,014554747
CLIP50_linear_ridge;164;-0,043172341;-0,28894466;-0,28814876
CLIP50_linear_ridge;165;0,0042214221;0,20465274;0,19774966
CLIP50_linear_ridge;166;-0,022370301;-0,30826099;-0,21286442
CLIP50_linear_ridge;167;-0,064784243;0,0015870863;-0,067842517
CLIP50_linear_ridge;168;-0,070574419;-0,18397992;-0,10218503
CLIP50_linear_ridge;169;-0,053369451;0,035553445;0,017708106
CLIP50_linear_ridge;170;-0,015419095;0,19919967;0,16727219
CLIP50_linear_ridge;171;-0,022174247;-0,21018719;-0,20038004
CLIP50_linear_ridge;172;-0,032531402;-0,21066196;-0,25004079
CLIP50_linear_ridge;173;-0,049806979;-0,17255833;-0,18862007
CLIP50_linear_ridge;174;-0,08901602;-0,10556158;-0,13678699
CLIP50_linear_ridge;175;-0,028903973;-0,10276723;-0,11641773
CLIP50_linear_ridge;176;-0,020560167;-0,21063483;-0,19822816
CLIP50_linear_ridge;177;-0,049961515;-0,2868828;-0,27799464
CLIP50_linear_ridge;178;-0,022330014;0,051817689;0,065078718
CLIP50_linear_ridge;179;-0,0040800288;-0,045293001;-0,09095305
CLIP50_linear_ridge;180;-0,0052791255;-0,079706999;-0,11502125
CLIP50_linear_ridge;181;-0,028464916;-0,23303039;-0,23256914
CLIP50_linear_ridge;182;-0,037871914;-0,30092241;-0,26897719
CLIP50_linear_ridge;183;-0,021181349;-0,27293814;-0,20588384
CLIP50_linear_ridge;184;-0,049058458;-0,20929192;-0,26173944
CLIP50_linear_ridge;185;-0,12766562;-0,39701574;-0,46040903
CLIP50_linear_ridge;186;-0,025934401;-0,24621541;-0,23871657
CLIP50_linear_ridge;187;-0,047562105;-0,033572979;-0,0009194602
CLIP50_linear_ridge;188;-0,030902035;-0,19700217;-0,21978488
CLIP50_linear_ridge;189;-0,014089864;-0,16641346;-0,16536063
CLIP50_linear_ridge;190;-0,036200961;-0,21513836;-0,23380116
CLIP50_linear_ridge;191;-0,044113248;-0,13377645;-0,14637382
CLIP50_linear_ridge;192;-0,016896618;-0,13739826;-0,20427439
CLIP50_linear_ridge;193;-0,051801916;-0,1017363;-0,19948526
CLIP50_linear_ridge;194;-0,070985344;-0,16298155;-0,16112361
CLIP50_linear_ridge;195;-0,046292078;-0,2143923;-0,23261687
CLIP50_linear_ridge;196;-0,04300752;-0,22105263;-0,22684051
CLIP50_linear_ridge;197;-0,12074206;-0,16443299;-0,19420415
CLIP50_linear_ridge;198;-0,019548099;-0,17193435;-0,19265199
CLIP50_linear_ridge;199;-0,023111168;-0,21218123;-0,20591442
CLIP50_linear_ridge;200;-0,0063859071;-0,053676072;-0,082740915
CLIP50_linear_ridge;201;-0,039271602;-0,15645686;-0,12298162
CLIP50_linear_ridge;202;0,004949523;0,17358926;0,13952422
CLIP50_linear_ridge;203;-0,035977502;-0,27041508;-0,26368543
CLIP50_linear_ridge;204;-0,12218183;0,033098209;-0,071224362
CLIP50_linear_ridge;205;-0,064582741;-0,1733044;-0,10493596
CLIP50_linear_ridge;206;-0,025906112;-0,1279707;-0,085227741
CLIP50_linear_ridge;207;-0,019677057;-0,1413592;-0,19210454
CLIP50_linear_ridge;208;-0,01002571;-0,13898535;-0,1327342
CLIP50_linear_ridge;209;-0,026842102;-0,23247423;-0,23217499
CLIP50_linear_ridge;210;-0,020286068;-0,079462832;-0,13044531
CLIP50_linear_ridge;211;-0,0047714535;-0,18041237;-0,13654805
CLIP50_linear_ridge;212;-0,0096282517;0,015151926;0,07724037
CLIP50_linear_ridge;213;-0,068523088;-0,071079761;-0,084088535
CLIP50_linear_ridge;214;0,032877244;0,217051;0,23275234
CLIP50_linear_ridge;215;-0,028968392;-0,33992132;-0,26671612
CLIP50_linear_ridge;216;-0,048874286;-0,16526044;-0,17198159
CLIP50_linear_ridge;217;-0,02275897;-0,18090071;-0,22046353
CLIP50_linear_ridge;218;-0,05625626;0,026383614;-0,049962171
CLIP50_linear_ridge;219;-0,0083916384;0,054354314;0,033360171
CLIP50_linear_ridge;220;-0,035830861;-0,2257732;-0,20210558
CLIP50_linear_ridge;221;-0,016500745;-0,22698047;-0,17793784
CLIP50_linear_ridge;222;-0,024786032;-0,21827184;-0,21009384
CLIP50_linear_ridge;223;-0,033012005;-0,26172002;-0,25079816
CLIP50_linear_ridge;224;-0,0084753341;-0,052441671;-0,10335842
CLIP50_linear_ridge;225;-0,05147344;-0,12098481;-0,16219317
CLIP50_linear_ridge;226;-0,031399273;-0,18746609;-0,23632718
CLIP50_linear_ridge;227;-0,092560161;-0,10333695;-0,18001679
CLIP50_linear_ridge;228;-0,0013067931;0,069696148;0,040947972
CLIP50_linear_ridge;229;-0,061909495;-0,31758003;-0,32673538
CLIP50_linear_ridge;230;-0,06644661;-0,23075149;-0,24476937
CLIP50_linear_ridge;231;-0,036048579;-0,27173087;-0,25357544
CLIP50_linear_ridge;232;-0,019493038;0,027007596;0,040097314
CLIP50_linear_ridge;233;-0,052167004;-0,23208085;-0,25347923
CLIP50_linear_ridge;234;-0,057712346;-0,062995117;-0,094423666
CLIP50_linear_ridge;235;-0,028005026;-0,24739555;-0,23238044
CLIP50_linear_ridge;236;-0,028349944;-0,099213239;-0,11069903
CLIP50_linear_ridge;237;-0,020035383;-0,1766956;-0,14358584
CLIP50_linear_ridge;238;-0,021999731;-0,21976397;-0,19988996
CLIP50_linear_ridge;239;-0,0084758109;-0,15259088;-0,12889255
CLIP50_linear_ridge;240;-0,019196455;-0,19993218;-0,16746786
CLIP50_linear_ridge;241;-0,025847068;-0,049199674;-0,021591461
CLIP50_linear_ridge;242;0,0081235012;0,15697233;0,12802378
CLIP50_linear_ridge;243;-0,0064490774;0,074470971;0,08569375
CLIP50_linear_ridge;244;-0,083580529;0,019194249;-0,1774078
CLIP50_linear_ridge;245;-0,029675977;-0,23967716;-0,24332285
CLIP50_linear_ridge;246;-0,02990484;-0,23826641;-0,24049804
CLIP50_linear_ridge;247;-0,0083366407;-0,14331253;-0,13917019
CLIP50_linear_ridge;248;-0,10126326;-0,17892024;-0,11146939
CLIP50_linear_ridge;249;-0,047852741;-0,12174444;-0,038769622
CLIP50_linear_ridge;250;-0,077971554;-0,29377374;-0,30379014
CLIP50_linear_ridge;251;-0,020881515;0,0011123169;-0,01350286
CLIP50_linear_ridge;252;-0,036134333;-0,13182311;-0,12169954
CLIP50_linear_ridge;253;-0,012848678;-0,13488877;-0,14952844
CLIP50_linear_ridge;254;-0,033010423;-0,17418611;-0,25679561
CLIP50_linear_ridge;255;-0,017345422;-0,14673087;-0,18601707
CLIP50_linear_ridge;256;-0,065514276;-0,20078676;-0,26062497
CLIP50_linear_ridge;257;-0,01942512;-0,14271568;-0,18511033
CLIP50_linear_ridge;258;-0,020136237;-0,15340477;-0,12085698
CLIP50_linear_ridge;259;-0,064297914;-0,27189365;-0,27688513
CLIP50_linear_ridge;260;-0,03007451;-0,10111232;-0,20321228
CLIP50_linear_ridge;261;-0,034564457;-0,011028215;-0,0053572882
CLIP50_linear_ridge;262;-0,016742682;-0,19538795;-0,18835509
CLIP50_linear_ridge;263;-0,031450501;-0,22973413;-0,24639423
CLIP50_linear_ridge;264;-0,034059683;-0,2697911;-0,27471066
CLIP50_linear_ridge;265;-0,026247473;-0,16295442;-0,19408715
CLIP50_linear_ridge;266;-0,025733871;-0,077902876;-0,1416572
CLIP50_linear_ridge;267;-0,018401032;-0,16991319;-0,19133083
CLIP50_linear_ridge;268;-0,045672588;-0,036625068;-0,13388067
CLIP50_linear_ridge;269;-0,019830891;-0,19439772;-0,19418704
CLIP50_linear_ridge;270;-0,038662348;-0,21935703;-0,26620224
CLIP50_linear_ridge;271;-0,045149281;-0,12443028;-0,19092373
CLIP50_linear_ridge;272;-0,059611148;-0,17917797;-0,28110574
CLIP50_linear_ridge;273;-0,049276419;-0,1385784;-0,10641675
CLIP50_linear_ridge;274;-0,028639995;-0,19924037;-0,2281303
CLIP50_linear_ridge;275;-0,037352615;-0,051519262;-0,067204488
CLIP50_linear_ridge;276;-0,047274289;-0,14126424;-0,16425138
CLIP50_linear_ridge;277;-0,027760525;-0,17411829;-0,21299823
CLIP50_linear_ridge;278;-0,021571533;0,033640803;-0,0069173828
CLIP50_linear_ridge;279;0,043671532;0,1975312;0,22095242
CLIP50_linear_ridge;280;-0,015725672;0,036801411;-0,017608532
CLIP50_linear_ridge;281;-0,011200675;0,024362453;0,053889689
CLIP50_linear_ridge;282;-0,021310284;-0,17014379;-0,17448632
CLIP50_linear_ridge;283;-0,027836569;-0,14696148;-0,15796234
CLIP50_linear_ridge;284;-0,066287179;-0,30481552;-0,27785195
CLIP50_linear_ridge;285;-0,022366963;-0,035756918;0,0036013294
CLIP50_linear_ridge;286;-0,039054247;-0,20214324;-0,19690236
CLIP50_linear_ridge;287;-0,038087177;-0,15965817;-0,11747326
CLIP50_linear_ridge;288;-0,054652422;-0,20341834;-0,1950748
CLIP50_linear_ridge;289;-0,035891319;-0,14313619;-0,15811025
CLIP50_linear_ridge;290;0,066818189;0,36246609;0,26763634
CLIP50_linear_ridge;291;-0,050510467;-0,18760174;-0,212507
CLIP50_linear_ridge;292;-0,067134778;-0,22334509;-0,2936378
CLIP50_linear_ridge;293;-0,021176143;0,12259902;0,062897611
CLIP50_linear_ridge;294;-0,022999373;-0,123535;-0,18962988
CLIP50_linear_ridge;295;-0,10118991;-0,12456593;-0,21705989
CLIP50_linear_ridge;296;-0,044060906;-0,27126967;-0,26932021
CLIP50_linear_ridge;297;-0,057294128;-0,25378459;-0,31750668
CLIP50_linear_ridge;298;-0,028624063;-0,14047748;-0,1743357
CLIP50_linear_ridge;299;-0,065012886;-0,17320944;-0,21874422
CLIP50_linear_ridge;300;-0,058863101;-0,27434889;-0,30913298
CLIP50_linear_ridge;301;-0,035035109;-0,15903418;-0,12878988
CLIP50_linear_ridge;302;-0,1038152;-0,21433804;-0,28826932
CLIP50_linear_ridge;303;-0,11413816;-0,260879;-0,26343054
CLIP50_linear_ridge;304;0,013431585;0,10514107;0,12678833
CLIP50_linear_ridge;305;-0,020422014;-0,056348345;-0,047258451
CLIP50_linear_ridge;306;-0,052007348;-0,20826099;-0,24221594
CLIP50_linear_ridge;307;0,0083273032;0,15908844;0,17868781
CLIP50_linear_ridge;308;-0,046146811;-0,28898535;-0,29837173
CLIP50_linear_ridge;309;-0,010449652;-0,05383885;-0,090876807
CLIP50_linear_ridge;310;-0,091415958;-0,26550461;-0,29733775
CLIP50_linear_ridge;311;-0,033992786;-0,19111503;-0,20744525
CLIP50_linear_ridge;312;-0,061332651;-0,14835865;-0,15693984
CLIP50_linear_ridge;313;-0,011660551;0,029096582;0,032845802
CLIP50_linear_ridge;314;-0,071501403;-0,17352143;-0,16818835
CLIP50_linear_ridge;315;-0,040924415;-0,031172002;-0,017226504
CLIP50_linear_ridge;316;-0,058457571;-0,30678242;-0,32016755
CLIP50_linear_ridge;317;-0,05221254;-0,17712968;-0,20002227
CLIP50_linear_ridge;318;-0,060754393;-0,23228432;-0,29317965
CLIP50_linear_ridge;319;-0,049841585;-0,21010581;-0,28355675
CLIP50_linear_ridge;320;-0,059600037;-0,14907759;-0,17871805
CLIP50_linear_ridge;321;-0,035314743;-0,26158437;-0,25602214
CLIP50_linear_ridge;322;-0,018509187;-0,13029029;-0,17287454
CLIP50_linear_ridge;323;-0,038531174;-0,2859197;-0,26741923
CLIP50_linear_ridge;324;-0,018465029;-0,14418068;-0,1759784
CLIP50_linear_ridge;325;-0,039788331;-0,30978025;-0,27175175
CLIP50_linear_ridge;326;-0,017398432;-0,13704558;-0,14564117
CLIP50_linear_ridge;327;-0,021689393;-0,20333695;-0,2084399
CLIP50_linear_ridge;328;-0,040484137;-0,27923223;-0,27459621
CLIP50_linear_ridge;329;-0,070938413;-0,19666305;-0,22894774
CLIP50_linear_ridge;330;-0,021320081;-0,16393109;-0,19672829
CLIP50_linear_ridge;331;-0,02243697;-0,16030928;-0,19766297
CLIP50_linear_ridge;332;-0,048828201;-0,14856213;-0,22558261
CLIP50_linear_ridge;333;-0,045881508;-0,24271568;-0,28813412
CLIP50_linear_ridge;334;-0,038099152;-0,16714596;-0,13026396
CLIP50_linear_ridge;335;-0,060963197;-0,20249593;-0,1912029
CLIP50_linear_ridge;336;-0,034494091;-0,22282963;-0,18331316
CLIP50_linear_ridge;337;-0,022046501;-0,1723006;-0,19686847
CLIP50_linear_ridge;338;-0,029375228;-0,20081389;-0,2382598
CLIP50_linear_ridge;339;-0,07730887;-0,10714867;-0,15704907
CLIP50_linear_ridge;340;-0,041606759;-0,22292458;-0,17064564
CLIP50_linear_ridge;341;-0,045326292;-0,27215138;-0,24590125
CLIP50_linear_ridge;342;-0,027321413;-0,070971243;-0,038879159
CLIP50_linear_ridge;343;-0,0064810348;-0,16892295;-0,13672252
CLIP50_linear_ridge;344;-0,012561666;-0,18852415;-0,16651655
CLIP50_linear_ridge;345;-0,087492669;-0,069967444;-0,049105617
CLIP50_linear_ridge;346;-0,045150631;-0,14190179;-0,25340951
CLIP50_linear_ridge;347;-0,054210039;-0,09234943;-0,097280199
CLIP50_linear_ridge;348;-0,0071457966;-0,10217037;-0,13257397
CLIP50_linear_ridge;349;-0,035791768;-0,24618828;-0,24657473
CLIP50_linear_ridge;350;-0,041484591;-0,30018991;-0,27840468
CLIP50_linear_ridge;351;-0,064091284;-0,065260445;-0,12705506
CLIP50_linear_ridge;352;-0,039122852;-0,25983451;-0,28181207
CLIP50_linear_ridge;353;-0,049060228;0,0074877916;-0,088254707
CLIP50_linear_ridge;354;-0,043144988;-0,2363809;-0,27767135
CLIP50_linear_ridge;355;-0,022751726;-0,19906403;-0,21569439
CLIP50_linear_ridge;356;-0,042786288;-0,26922138;-0,26087586
CLIP50_linear_ridge;357;-0,046201541;-0,031443299;-0,062933885
CLIP50_linear_ridge;358;-0,041783947;-0,20668747;-0,26515728
CLIP50_linear_ridge;359;-0,0098280776;-0,15697233;-0,13205688
CLIP50_linear_ridge;360;-0,0075409035;0,06227618;0,06570152
CLIP50_linear_ridge;361;-0,018484888;-0,16140803;-0,19329733
CLIP50_linear_ridge;362;-0,023686595;0,084739555;0,070955194
CLIP50_linear_ridge;363;-0,06850235;-0,11098752;-0,21337266
CLIP50_linear_ridge;364;-0,038409626;-0,39397721;-0,27228495
CLIP50_linear_ridge;365;-0,020302649;-0,083600109;-0,14095265
CLIP50_linear_ridge;366;-0,041149967;-0,11821758;-0,10975875
CLIP50_linear_ridge;367;-0,034437735;-0,28731687;-0,28445617
CLIP50_linear_ridge;368;-0,045954224;-0,21502984;-0,20381101
CLIP50_linear_ridge;369;-0,10593043;-0,013497016;-0,13599467
CLIP50_linear_ridge;370;-0,03074237;-0,26079761;-0,22982801
CLIP50_linear_ridge;371;-0,012802574;0,072653283;-0,015376502
CLIP50_linear_ridge;372;0,055795913;0,20425936;0,24075294
CLIP50_linear_ridge;373;0,045713188;0,23875475;0,22770993
CLIP50_linear_ridge;374;-0,03320961;-0,22273467;-0,27243344
CLIP50_linear_ridge;375;-0,072033644;-0,13430548;-0,16890014
CLIP50_linear_ridge;376;-0,0013232509;-0,061299512;-0,021826112
CLIP50_linear_ridge;377;0,013737176;0,098331525;0,1564708
CLIP50_linear_ridge;378;-0,01013885;0,015016278;0,066851112
CLIP50_linear_ridge;379;-0,011033669;-0,14399078;-0,14643703
CLIP50_linear_ridge;380;-0,039309865;-0,28568909;-0,26947246
CLIP50_linear_ridge;381;-0,023943569;-0,11502984;-0,055743323
CLIP50_linear_ridge;382;-0,011643699;-0,2049376;-0,19882364
CLIP50_linear_ridge;383;-0,036891619;-0,14072165;-0,18363686
CLIP50_linear_ridge;384;-0,059254326;-0,25713511;-0,24216733
CLIP50_linear_ridge;385;-0,022199519;-0,26150298;-0,20661353
CLIP50_linear_ridge;386;-0,049460591;-0,1361503;-0,13468743
CLIP50_linear_ridge;387;-0,058556767;-0,098005969;-0,16321818
CLIP50_linear_ridge;388;-0,035383723;-0,17977482;-0,19033541
CLIP50_linear_ridge;389;-0,067234154;-0,15508681;-0,09588079
CLIP50_linear_ridge;390;-0,035035643;-0,21294086;-0,16124354
CLIP50_linear_ridge;391;0,0039861269;0,1378866;0,1344245
CLIP50_linear_ridge;392;-0,00740866;-0,13528215;-0,13259673
CLIP50_linear_ridge;393;-0,089461222;-0,12807922;-0,18411642
CLIP50_linear_ridge;394;-0,019124188;-0,21446012;-0,20873078
CLIP50_linear_ridge;395;-0,011038538;-0,14297341;-0,14216799
CLIP50_linear_ridge;396;-0,16948726;-0,15282149;-0,13090991
CLIP50_linear_ridge;397;-0,020047837;-0,1712968;-0,13495573
CLIP50_linear_ridge;398;-0,031522383;0,026247965;0,03124845
CLIP50_linear_ridge;399;-0,059977381;-0,21987249;-0,30543846
CLIP50_linear_ridge;400;-0,028622559;0,087194791;0,14734114
CLIP50_linear_ridge;401;-0,019941481;-0,15141074;-0,20594106
CLIP50_linear_ridge;402;-0,049215578;-0,20823386;-0,28000661
CLIP50_linear_ridge;403;0,0004019115;0,18353228;0,12153616
CLIP50_linear_ridge;404;0,070986639;0,24559143;0,27106583
CLIP50_linear_ridge;405;-0,01313218;-0,040206186;-0,0028035921
CLIP50_linear_ridge;406;-0,0050710354;0,033627238;0,08620705
CLIP50_linear_ridge;407;-0,010886888;-0,13353228;-0,14162297
CLIP50_linear_ridge;408;-0,034195565;-0,26247965;-0,25540153
CLIP50_linear_ridge;409;-0,04500143;-0,011923494;-0,016819732
CLIP50_linear_ridge;410;-0,089311882;-0,18747965;-0,25902659
CLIP50_linear_ridge;411;-0,029018528;-0,23018177;-0,22874495
CLIP50_linear_ridge;412;-0,14066907;-0,069194249;-0,10756281
CLIP50_linear_ridge;413;-0,052224796;-0,20082746;-0,27720452
CLIP50_linear_ridge;414;-0,021664343;0,0087900163;-0,033050812
CLIP50_linear_ridge;415;-0,045818497;-0,26583017;-0,28649044
CLIP50_linear_ridge;416;-0,10765071;-0,1203337;-0,28973425
CLIP50_linear_ridge;417;-0,043613582;-0,041616929;-0,054052642
CLIP50_linear_ridge;418;-0,0045922223;-0,15080033;-0,098988562
CLIP50_linear_ridge;419;-0,11073789;-0,17392838;-0,20349947
CLIP50_linear_ridge;420;-0,054218904;-0,18153825;-0,21651939
CLIP50_linear_ridge;421;-0,028050055;-0,18693706;-0,22075558
CLIP50_linear_ridge;422;-0,045768482;-0,087221921;-0,14701302
CLIP50_linear_ridge;423;-0,016181516;-0,12882528;-0,17076685
CLIP50_linear_ridge;424;-0,073655839;-0,18853771;-0,25830744
CLIP50_linear_ridge;425;-0,33798363;-0,16285947;-0,20815212
CLIP50_linear_ridge;426;-0,03264582;-0,23594683;-0,24633591
CLIP50_linear_ridge;427;-0,053765364;-0,30896636;-0,31387849
CLIP50_linear_ridge;428;-0,057746859;-0,20192621;-0,2674561
CLIP50_linear_ridge;429;-0,15049396;-0,044424851;-0,025082998
CLIP50_linear_ridge;430;-0,00072448579;0,15075963;0,13093718
CLIP50_linear_ridge;431;-0,095342091;-0,35542594;-0,38318032
CLIP50_linear_ridge;432;-0,023022049;-0,22953066;-0,21253164
CLIP50_linear_ridge;433;-0,043497135;-0,22706186;-0,21977254
CLIP50_linear_ridge;434;-0,011998961;-0,11720022;-0,15984625
CLIP50_linear_ridge;435;-0,014372615;-0,22282963;-0,21241975
CLIP50_linear_ridge;436;-0,077369413;-0,25695876;-0,25930271
CLIP50_linear_ridge;437;-0,032267986;-0,2074471;-0,23832717
CLIP50_linear_ridge;438;-0,026239425;-0,091494845;-0,096468379
CLIP50_linear_ridge;439;-0,02978902;-0,01989962;-0,076016556
CLIP50_linear_ridge;440;-0,037137682;-0,25439501;-0,26097088
CLIP50_linear_ridge;441;-0,019554599;-0,18402062;-0,19367974
CLIP50_linear_ridge;442;-0,017177129;-0,19738199;-0,15340465
CLIP50_linear_ridge;443;-0,06389687;-0,29825014;-0,35752691
CLIP50_linear_ridge;444;-0,058955139;-0,33627238;-0,3363417
CLIP50_linear_ridge;445;-0,011495486;0,19118285;0,17585856
CLIP50_linear_ridge;446;-0,049586728;-0,24276994;-0,30746677
CLIP50_linear_ridge;447;-0,024733888;-0,23142973;-0,20685339
CLIP50_linear_ridge;448;-0,037879597;-0,2603771;-0,26810658
CLIP50_linear_ridge;449;-0,0044674222;0,17601736;0,10404475
CLIP50_linear_ridge;450;-0,022250405;-0,052712968;-0,02940797
CLIP50_linear_ridge;451;-0,026842954;-0,2247694;-0,23053203
CLIP50_linear_ridge;452;-0,023426836;-5,425936e-05;-0,0032224752
CLIP50_linear_ridge;453;-0,079080617;-0,052373847;-0,078724034
CLIP50_linear_ridge;454;-0,049210683;-0,18193163;-0,22694048
CLIP50_linear_ridge;455;-0,035380241;-0,27731959;-0,2582802
CLIP50_linear_ridge;456;-0,080794048;-0,13804938;-0,16340699
CLIP50_linear_ridge;457;-0,0089929337;-0,14275638;-0,13093297
CLIP50_linear_ridge;458;-0,043810687;-0,16082474;-0,1800683
CLIP50_linear_ridge;459;-0,089172203;-0,034834509;-0,034023049
CLIP50_linear_ridge;460;0,018324767;0,22982908;0,14620741
CLIP50_linear_ridge;461;-0,08322002;-0,31937059;-0,37699843
CLIP50_linear_ridge;462;0,010992402;0,20183125;0,12979888
CLIP50_linear_ridge;463;-0,033139083;-0,2611096;-0,24846172
CLIP50_linear_ridge;464;-0,036074072;0,014907759;0,0093023684
CLIP50_linear_ridge;465;-0,020096881;-0,14420781;-0,19614595
CLIP50_linear_ridge;466;-0,025980735;0,053526858;0,064512231
CLIP50_linear_ridge;467;-0,036204768;-0,1863809;-0,23486731
CLIP50_linear_ridge;468;-0,085107399;-0,16641346;-0,11575186
CLIP50_linear_ridge;469;-0,050625627;-0,10558871;-0,12214382
CLIP50_linear_ridge;470;-0,067994689;-0,31105534;-0,35479993
CLIP50_linear_ridge;471;-0,12506264;-0,12316875;-0,14003194
CLIP50_linear_ridge;472;-0,040544697;-0,043624525;0,0075417284
CLIP50_linear_ridge;473;-0,017000968;-0,14743625;-0,13187274
CLIP50_linear_ridge;474;0,016813829;0,071201845;0,13092339
CLIP50_linear_ridge;475;-0,027577466;-0,24833152;-0,2317975
CLIP50_linear_ridge;476;-0,061959738;-0,012208356;-0,062527534
CLIP50_linear_ridge;477;-0,035498042;-0,25193977;-0,30015212
CLIP50_linear_ridge;478;-0,038295898;-0,1819452;-0,24820168
CLIP50_linear_ridge;479;-0,028483881;-0,1698318;-0,13127458
CLIP50_linear_ridge;480;-0,041781373;-0,061747151;-0,12507805
CLIP50_linear_ridge;481;-0,038578562;-0,26781063;-0,27104018
CLIP50_linear_ridge;482;-0,078740838;-0,2150841;-0,27954812
CLIP50_linear_ridge;483;-0,028036235;-0,16589799;-0,22177602
CLIP50_linear_ridge;484;-0,078090062;-0,32806565;-0,32778149
CLIP50_linear_ridge;485;-0,036038156;-0,04532013;-0,066720243
CLIP50_linear_ridge;486;-0,011306957;-0,071703744;-0,10312136
CLIP50_linear_ridge;487;-0,0042367768;0,06821758;0,059306768
CLIP50_linear_ridge;488;-0,060071887;-0,30723006;-0,35282432
CLIP50_linear_ridge;489;-0,080190649;-0,13400705;-0,14091912
CLIP50_linear_ridge;490;0,025841874;0,16364623;0,16131713
CLIP50_linear_ridge;491;-0,056897341;-0,14224091;-0,1532131
CLIP50_linear_ridge;492;-0,0045355732;-0,11250678;-0,10508431
CLIP50_linear_ridge;493;-0,065511087;-0,26348345;-0,33404463
CLIP50_linear_ridge;494;-0,023165332;-0,19097938;-0,17386881
CLIP50_linear_ridge;495;-0,033500816;-0,2381172;-0,25130133
CLIP50_linear_ridge;496;-0,023217124;-0,18180955;-0,15239051
CLIP50_linear_ridge;497;0,0068800435;0,042512208;0,096551034
CLIP50_linear_ridge;498;-0,02650471;-0,14196961;-0,21905402
CLIP50_linear_ridge;499;-0,065968037;-0,10583288;-0,2280515
CLIP50_linear_ridge;500;-0,0066301858;0,048195876;0,023193096
CLIP50_linear_ridge;501;-0,00037243424;0,058193163;0,026456749
CLIP50_linear_ridge;502;-0,0016914397;0,067661422;0,038441965
CLIP50_linear_ridge;503;0,02612473;0,19357027;0,18487415
CLIP50_linear_ridge;504;-0,028982515;-0,21192349;-0,231467
CLIP50_linear_ridge;505;-0,032975031;-0,26574878;-0,24545042
CLIP50_linear_ridge;506;-0,04276958;-0,07331796;-0,1222172
CLIP50_linear_ridge;507;-0,02500354;0,020713511;-0,0010238743
CLIP50_linear_ridge;508;-0,014842474;-0,048019533;-0,13297356
CLIP50_linear_ridge;509;-0,10083149;-0,23210798;-0,25810554
CLIP50_linear_ridge;510;-0,0082604519;-0,064215952;-0,085905466
CLIP50_linear_ridge;511;-0,027776616;-0,17898806;-0,2258929
CLIP50_linear_ridge;512;-0,057652969;0,015870863;-0,072794246
CLIP50_linear_ridge;513;-0,010970335;-0,00046120456;-0,032741341
CLIP50_linear_ridge;514;-0,0022143188;0,035431362;0,049295263
CLIP50_linear_ridge;515;-0,082593509;-0,28208085;-0,25390393
CLIP50_linear_ridge;516;-0,034869086;-0,25036625;-0,22175416
CLIP50_linear_ridge;517;-0,047880532;-0,20037982;-0,27901005
CLIP50_linear_ridge;518;-0,017982239;-0,16279164;-0,18363551
CLIP50_linear_ridge;519;-0,029593225;-0,022015735;0,0087145678
CLIP50_linear_ridge;520;-0,0038222572;-0,077821487;-0,084857646
CLIP50_linear_ridge;521;-3,9947243e-05;0,18250136;0,10323201
CLIP50_linear_ridge;522;-0,024546371;-0,096134021;-0,080508142
CLIP50_linear_ridge;523;-0,065111949;-0,11532827;-0,092358691
CLIP50_linear_ridge;524;-0,032994833;-0,21055345;-0,23028685
CLIP50_linear_ridge;525;-0,039273185;-0,26695605;-0,24584484
CLIP50_linear_ridge;526;0,040913518;0,18842919;0,20519671
CLIP50_linear_ridge;527;0,04185068;0,20052903;0,20523628
CLIP50_linear_ridge;528;-0,02961735;-0,20581932;-0,19427667
CLIP50_linear_ridge;529;-0,010531654;-0,15180412;-0,14934378
CLIP50_linear_ridge;530;-0,016492608;-0,1445605;-0,14649237
CLIP50_linear_ridge;531;-0,020301894;-0,15975312;-0,20059384
CLIP50_linear_ridge;532;-0,14231417;-0,12734672;-0,20298926
CLIP50_linear_ridge;533;-0,0094223121;0,03772382;0,013365952
CLIP50_linear_ridge;534;-0,034389914;0,00056972328;-0,0013327002
CLIP50_linear_ridge;535;-0,040246075;0,099742268;0,058389592
CLIP50_linear_ridge;536;-0,01953796;-0,068570266;-0,14125292
CLIP50_linear_ridge;537;-0,080784057;-0,12981552;-0,11654988
CLIP50_linear_ridge;538;-0,021557686;-0,012561042;-0,073833141
CLIP50_linear_ridge;539;-0,025830929;-0,17093055;-0,16365688
CLIP50_linear_ridge;540;-0,055423134;-0,019004341;-0,022083164
CLIP50_linear_ridge;541;-0,023058732;-0,27344004;-0,22839997
CLIP50_linear_ridge;542;-0,024773987;0,042417254;0,043705543
CLIP50_linear_ridge;543;-0,018291691;0,057094411;-0,0075577216
CLIP50_linear_ridge;544;-0,11500258;-0,050488334;-0,2164216
CLIP50_linear_ridge;545;-0,041794818;-0,25897992;-0,27827512
CLIP50_linear_ridge;546;-0,0062196192;-0,18271839;-0,15857208
CLIP50_linear_ridge;547;0,01513758;0,14838578;0,14614077
CLIP50_linear_ridge;548;-0,055367542;-0,25899349;-0,23617724
CLIP50_linear_ridge;549;-0,021866003;-0,22555616;-0,20889901
CLIP50_linear_ridge;550;-0,031199396;-0,20982094;-0,24680112
CLIP50_linear_ridge;551;-0,079949897;-0,30261801;-0,37579932
CLIP50_linear_ridge;552;-0,013501173;-0,15560228;-0,16011158
CLIP50_linear_ridge;553;-0,053834442;-0,34743625;-0,32476016
CLIP50_linear_ridge;554;0,0209001;0,12258546;0,15464799
CLIP50_linear_ridge;555;-0,039709026;-0,040328269;-0,082568507
CLIP50_linear_ridge;556;-0,053004647;-0,18204015;-0,19428123
CLIP50_linear_ridge;557;-0,073901398;0,056226262;0,0022604663
CLIP50_linear_ridge;558;-0,018817187;-0,19371948;-0,2132315
CLIP50_linear_ridge;559;-0,11483851;-4,069452e-05;-0,086388775
CLIP50_linear_ridge;560;-0,018196149;-0,16907216;-0,17458431
CLIP50_linear_ridge;561;-0,020954861;-0,27452523;-0,20089934
CLIP50_linear_ridge;562;-0,05531721;-0,30653825;-0,32105459
CLIP50_linear_ridge;563;-0,03373997;-0,09027401;-0,10435253
CLIP50_linear_ridge;564;-0,098091765;-0,063062941;-0,070517675
CLIP50_linear_ridge;565;-0,033434424;-0,21178785;-0,17750234
CLIP50_linear_ridge;566;-0,01640393;0,18662507;0,13650515
CLIP50_linear_ridge;567;-0,085557653;-0,27080846;-0,32249231
CLIP50_linear_ridge;568;-0,010372719;-0,10081389;-0,14423484
CLIP50_linear_ridge;569;-0,028810666;-0,097341291;-0,16441688
CLIP50_linear_ridge;570;-0,083771563;-0,14495388;-0,21736566
CLIP50_linear_ridge;571;-0,062512608;-0,092986978;-0,19433272
CLIP50_linear_ridge;572;-0,055514062;0,024633749;-0,028294668
CLIP50_linear_ridge;573;-0,043597428;-0,0237656;-0,087680932
CLIP50_linear_ridge;574;-0,036417441;-0,22410472;-0,26444657
CLIP50_linear_ridge;575;-0,006282778;0,085892566;0,017382843
CLIP50_linear_ridge;576;-0,045857562;-0,27936788;-0,29211988
CLIP50_linear_ridge;577;-0,029105643;-0,20193977;-0,23479694
CLIP50_linear_ridge;578;-0,048826328;-0,23867336;-0,2730347
CLIP50_linear_ridge;579;-0,052421794;-0,23663863;-0,28343762
CLIP50_linear_ridge;580;-0,15196331;-0,254707;-0,27779687
CLIP50_linear_ridge;581;-0,040678626;0,094017906;0,10114434
CLIP50_linear_ridge;582;-0,062622855;-0,31140803;-0,33671271
CLIP50_linear_ridge;583;-0,013609138;0,008979924;-0,0025452906
CLIP50_linear_ridge;584;-0,034497284;-0,17011666;-0,17161165
CLIP50_linear_ridge;585;-0,028392307;-0,028988063;-0,0052457241
CLIP50_linear_ridge;586;-0,080473191;-0,2784319;-0,29371648
CLIP50_linear_ridge;587;-0,026894081;-0,068895822;-0,087975089
CLIP50_linear_ridge;588;-0,021710011;-0,21931633;-0,20672401
CLIP50_linear_ridge;589;-0,0099274708;-0,15419154;-0,13215767
CLIP50_linear_ridge;590;-0,17187805;-0,21124525;-0,10225722
CLIP50_linear_ridge;591;-0,013743455;-0,14443842;-0,19988437
CLIP50_linear_ridge;592;-0,034466245;-0,24021975;-0,25836413
CLIP50_linear_ridge;593;-0,11686854;-0,21120456;-0,23487734
CLIP50_linear_ridge;594;-0,08217431;-0,036068909;-0,11540187
CLIP50_linear_ridge;595;-0,032641587;0,16779707;0,13160718
CLIP50_linear_ridge;596;-0,036984091;-0,22459305;-0,21656175
CLIP50_linear_ridge;597;-0,037476982;-0,22540695;-0,21718427
CLIP50_linear_ridge;598;-0,048176397;-0,23259631;-0,29158982
CLIP50_linear_ridge;599;-0,039077688;-0,082501356;-0,12897318
CLIP50_linear_ridge;600;-0,051906948;-0,30632122;-0,31639809
CLIP50_linear_ridge;601;-0,024859102;0,12474227;0,13078193
CLIP50_linear_ridge;602;-0,063656764;-0,212656;-0,256544
CLIP50_linear_ridge;603;-0,017301208;-0,22913728;-0,22846726
CLIP50_linear_ridge;604;-0,029431266;-0,26751221;-0,22958395
CLIP50_linear_ridge;605;-0,094385362;-0,19639175;-0,18964089
CLIP50_linear_ridge;606;-0,040279747;-0,12099837;-0,22927905
CLIP50_linear_ridge;607;-0,027770088;-0,17569181;-0,18839101
CLIP50_linear_ridge;608;-0,027258876;-0,15211612;-0,22962045
CLIP50_linear_ridge;609;-0,027364976;-0,24651384;-0,2174015
CLIP50_linear_ridge;610;-0,021035601;-0,085105806;-0,074079401
CLIP50_linear_ridge;611;-0,046158205;-0,24964731;-0,29423555
CLIP50_linear_ridge;612;-0,15708154;-0,18399349;-0,13153046
CLIP50_linear_ridge;613;-0,086511069;-0,071337493;-0,07764733
CLIP50_linear_ridge;614;-0,065500041;-0,2980331;-0,31282242
CLIP50_linear_ridge;615;-0,021875503;-0,2302089;-0,22890995
CLIP50_linear_ridge;616;-0,061845888;-0,084007054;-0,075504352
CLIP50_linear_ridge;617;-0,029995934;-0,14782963;-0,14693155
CLIP50_linear_ridge;618;-0,018815584;-0,13293543;-0,18686671
CLIP50_linear_ridge;619;-0,11019996;-0,05039338;-0,0046470844
CLIP50_linear_ridge;620;-0,054521007;-0,30461205;-0,30914969
CLIP50_linear_ridge;621;-0,061519746;-0,2915898;-0,19451966
CLIP50_linear_ridge;622;-0,037002366;0,029924037;-0,0072087922
CLIP50_linear_ridge;623;-0,047479942;-0,065531742;-0,16556009
CLIP50_linear_ridge;624;-0,020142521;-0,15718937;-0,16367082
CLIP50_linear_ridge;625;0,038424368;0,23800868;0,20204894
CLIP50_linear_ridge;626;-0,043068312;-0,26365979;-0,28405612
CLIP50_linear_ridge;627;-0,055397211;-0,24111503;-0,27954535
CLIP50_linear_ridge;628;-0,053713131;-0,090056972;-0,090119317
CLIP50_linear_ridge;629;-0,027011034;-0,20588714;-0,22348067
CLIP50_linear_ridge;630;-0,011723879;-0,13952794;-0,15819851
CLIP50_linear_ridge;631;-0,03510761;-0,13836137;-0,15962935
CLIP50_linear_ridge;632;-0,032472773;-0,0010580575;0,021195934
CLIP50_linear_ridge;633;-0,014015018;0,10039338;0,031481397
CLIP50_linear_ridge;634;-0,030538171;-0,24862995;-0,23556542
CLIP50_linear_ridge;635;-0,021306193;-0,10809821;-0,13943781
CLIP50_linear_ridge;636;-0,0081781165;-0,16488063;-0,13109775
CLIP50_linear_ridge;637;-0,03608863;-0,18916169;-0,16911648
CLIP50_linear_ridge;638;-0,020771448;-0,18818502;-0,19272381
CLIP50_linear_ridge;639;-0,059740298;-0,2848752;-0,30567417
CLIP50_linear_ridge;640;-0,059325241;-0,012438958;-0,061403238
CLIP50_linear_ridge;641;-0,059165586;-0,31520619;-0,24167444
CLIP50_linear_ridge;642;-0,022923063;-0,082745524;-0,14162168
CLIP50_linear_ridge;643;-0,037393724;-0,19521161;-0,25406351
CLIP50_linear_ridge;644;-0,095253334;0,03769669;0,014003533
CLIP50_linear_ridge;645;-0,012461203;-0,16365979;-0,15508073
CLIP50_linear_ridge;646;-0,0029977108;0,11285947;0,067240411
CLIP50_linear_ridge;647;-0,093675538;-0,32338578;-0,3790876
CLIP50_linear_ridge;648;-0,10419376;-0,14945741;-0,21005409
CLIP50_linear_ridge;649;-0,053688096;0,00070537168;-0,026150422
CLIP50_linear_ridge;650;-0,042736472;0,023941942;-0,011426395
CLIP50_linear_ridge;651;-0,091049312;-0,15295714;-0,22924175
CLIP50_linear_ridge;652;-0,073668815;-0,24446555;-0,31799046
CLIP50_linear_ridge;653;-0,012333497;0,074864352;0,069216975
CLIP50_linear_ridge;654;-0,044012666;-0,087601736;-0,059587253
CLIP50_linear_ridge;655;-0,15905556;-0,24793814;-0,33369406
CLIP50_linear_ridge;656;0,034577121;0,16565383;0,18702646
CLIP50_linear_ridge;657;-0,062769822;-0,20805751;-0,23382818
CLIP50_linear_ridge;658;-0,001332993;-0,079476397;-0,054347407
CLIP50_linear_ridge;659;0,00624465;0,058138904;0,12744489
CLIP50_linear_ridge;660;0,017726454;0,17556972;0,13595178
CLIP50_linear_ridge;661;-0,048823831;-0,19864352;-0,21647995
CLIP50_linear_ridge;662;-0,060822873;-0,032297884;-0,037567684
CLIP50_linear_ridge;663;-0,014775185;0,011096039;-0,013611875
CLIP50_linear_ridge;664;-0,039430766;-0,11459577;-0,11640951
CLIP50_linear_ridge;665;-0,019861664;-0,04787032;-0,025266401
CLIP50_linear_ridge;666;-0,050614595;-0,25396093;-0,25293082
CLIP50_linear_ridge;667;-0,077835405;0,06947911;0,079556122
CLIP50_linear_ridge;668;-0,022073249;-0,077075421;-0,12320573
CLIP50_linear_ridge;669;-0,11954302;-0,19404504;-0,22473736
CLIP50_linear_ridge;670;-0,040723701;-0,31722735;-0,27266668
CLIP50_linear_ridge;671;-0,065199975;-0,088578405;-0,034125147
CLIP50_linear_ridge;672;-0,043822483;0,00084102008;-0,089128591
CLIP50_linear_ridge;673;0,080706033;0,28492946;0,28900758
CLIP50_linear_ridge;674;-0,090995325;-0,19545578;-0,21696538
CLIP50_linear_ridge;675;-0,019305057;-0,29641888;-0,21133529
CLIP50_linear_ridge;676;-0,038133657;-0,15999729;-0,1943261
CLIP50_linear_ridge;677;-0,048121751;-0,13183668;-0,13239643
CLIP50_linear_ridge;678;-0,032811968;-0,26093326;-0,29463302
CLIP50_linear_ridge;679;-0,02085031;-0,20903418;-0,20082622
CLIP50_linear_ridge;680;-0,11048228;-0,18197233;-0,20263607
CLIP50_linear_ridge;681;-0,046868;-0,27421324;-0,30474114
CLIP50_linear_ridge;682;-0,095605347;-0,2814433;-0,27363215
CLIP50_linear_ridge;683;-0,042662622;-0,078920239;-0,13285614
CLIP50_linear_ridge;684;-0,043095855;-0,17034726;-0,19702616
CLIP50_linear_ridge;685;-0,065513382;-0,11549105;-0,1056072
CLIP50_linear_ridge;686;-0,19099168;-0,12087629;-0,13472883
CLIP50_linear_ridge;687;-0,02957672;-0,21513836;-0,2323288
CLIP50_linear_ridge;688;-0,02118747;-0,20401519;-0,20363477
CLIP50_linear_ridge;689;-0,055760576;-0,013944655;-0,010378673
CLIP50_linear_ridge;690;-0,12396101;-0,33269126;-0,30593294
CLIP50_linear_ridge;691;-0,0088305232;-0,14061313;-0,13712124
CLIP50_linear_ridge;692;-0,012264294;-0,15306565;-0,15516331
CLIP50_linear_ridge;693;-0,034859418;-0,16836679;-0,2014497
CLIP50_linear_ridge;694;-0,027717814;-0,21785133;-0,22592022
CLIP50_linear_ridge;695;-0,11408977;-0,29534726;-0,29696979
CLIP50_linear_ridge;696;-0,066288664;-0,0056972328;-0,029904666
CLIP50_linear_ridge;697;-0,030611037;-0,14347531;-0,08969041
CLIP50_linear_ridge;698;-0,064290329;-0,23453608;-0,23441674
CLIP50_linear_ridge;699;-0,042900858;-0,25554802;-0,25464552
CLIP50_linear_ridge;700;-0,14333266;-0,34692078;-0,29522323
CLIP50_linear_ridge;701;0,038679749;0,20367607;0,1985568
CLIP50_linear_ridge;702;-0,042247765;-0,27791644;-0,29296217
CLIP50_linear_ridge;703;-0,043306006;-0,29937602;-0,28575971
CLIP50_linear_ridge;704;-0,018377116;-0,20145144;-0,18923896
CLIP50_linear_ridge;705;-0,030457287;-0,14240369;-0,092761205
CLIP50_linear_ridge;706;-0,025852183;-0,06995388;-0,086937542
CLIP50_linear_ridge;707;-0,040022023;-0,18088714;-0,23682517
CLIP50_linear_ridge;708;-0,059598889;-0,06989962;-0,07970996
CLIP50_linear_ridge;709;-0,011571253;-0,10029843;-0,15463662
CLIP50_linear_ridge;710;-0,034427235;-0,20648399;-0,23280579
CLIP50_linear_ridge;711;-0,013230034;-0,1341427;-0,13914696
CLIP50_linear_ridge;712;-0,23530377;-0,15461205;-0,24301237
CLIP50_linear_ridge;713;0,00071935457;0,16745795;0,12461037
CLIP50_linear_ridge;714;-0,028596499;0,058301682;0,018708614
CLIP50_linear_ridge;715;-0,029106382;-0,0046256104;-0,097102037
CLIP50_linear_ridge;716;-0,045853765;-0,27980195;-0,25199914
CLIP50_linear_ridge;717;-0,017707145;0,058776451;0,00089932378
CLIP50_linear_ridge;718;-0,042220029;-0,007121541;-0,021804785
CLIP50_linear_ridge;719;-0,022119919;-0,073643516;-0,047302416
CLIP50_linear_ridge;720;0,011256239;0,14905046;0,11225201
CLIP50_linear_ridge;721;-0,0060994015;-0,12181226;-0,10513972
CLIP50_linear_ridge;722;-0,063523345;-0,1984943;-0,26299975
CLIP50_linear_ridge;723;-0,0067548359;-0,047721107;-0,08076309
CLIP50_linear_ridge;724;-0,032205862;-0,29202387;-0,25333773
CLIP50_linear_ridge;725;-0,051245172;-0,27254476;-0,317733
CLIP50_linear_ridge;726;-0,070731286;-0,054150841;-0,124502
CLIP50_linear_ridge;727;-0,020513274;-0,025501899;-0,02506937
CLIP50_linear_ridge;728;-0,045734147;-0,019492675;-0,059051795
CLIP50_linear_ridge;729;-0,0095053009;0,058640803;0,024723266
CLIP50_linear_ridge;730;-0,068517459;-0,06824471;-0,13417298
CLIP50_linear_ridge;731;-0,0079509084;-0,10438144;-0,12654168
CLIP50_linear_ridge;732;-0,0077042233;-0,13712697;-0,12167987
CLIP50_linear_ridge;733;-0,081343624;-0,034007054;-0,15300696
CLIP50_linear_ridge;734;-0,066982105;-0,15801682;-0,19768508
CLIP50_linear_ridge;735;-0,040537496;-0,033871405;-0,098295094
CLIP50_linear_ridge;736;-0,012077768;-0,2056701;-0,16731903
CLIP50_linear_ridge;737;-4,2493089e-05;0,16469072;0,099649239
CLIP50_linear_ridge;738;-0,073983591;-0,25691807;-0,22563118
CLIP50_linear_ridge;739;-0,024567665;0,024118285;0,014015108
CLIP50_linear_ridge;740;-0,016392384;-0,012045578;0,00045209069
CLIP50_linear_ridge;741;-0,039913625;-0,23956864;-0,23120691
CLIP50_linear_ridge;742;-0,041167729;0,10142431;0,063769327
CLIP50_linear_ridge;743;-0,084633013;-0,08601465;-0,069116141
CLIP50_linear_ridge;744;-0,019106614;-0,2054395;-0,19331005
CLIP50_linear_ridge;745;-0,022841133;-0,20556158;-0,20970129
CLIP50_linear_ridge;746;-0,015225243;-0,10870863;-0,16901902
CLIP50_linear_ridge;747;-0,01775217;-0,21245252;-0,18912384
CLIP50_linear_ridge;748;-0,089056062;-0,16341563;-0,16820079
CLIP50_linear_ridge;749;-0,0086100754;-0,19754476;-0,14465596
CLIP50_linear_ridge;750;-0,010295356;-0,13383071;-0,14552589
CLIP50_linear_ridge;751;-0,039455269;-0,11844818;-0,1296956
CLIP50_linear_ridge;752;-0,040287904;-0,28079219;-0,2106713
CLIP50_linear_ridge;753;-0,051963316;-0,25020347;-0,23385825
CLIP50_linear_ridge;754;0,028716683;0,14119642;0,23143273
CLIP50_linear_ridge;755;-0,034720749;-0,28191807;-0,26186941
CLIP50_linear_ridge;756;-0,023263374;-0,23636734;-0,19581447
CLIP50_linear_ridge;757;-0,10089672;-0,29377374;-0,23708361
CLIP50_linear_ridge;758;-0,046823146;-0,20328269;-0,26721053
CLIP50_linear_ridge;759;-0,033686446;-0,17122897;-0,19381889
CLIP50_linear_ridge;760;-0,016671794;-0,17742811;-0,1716961
CLIP50_linear_ridge;761;-0,040500519;0,017959848;-0,050025427
CLIP50_linear_ridge;762;-0,040886599;-0,10416441;-0,056030681
CLIP50_linear_ridge;763;-0,018344401;0,0098480738;-0,02174321
CLIP50_linear_ridge;764;-0,014706752;-0,10668747;-0,15534439
CLIP50_linear_ridge;765;-0,026043678;-0,29561856;-0,21889957
CLIP50_linear_ridge;766;-0,047865301;-0,14137276;-0,1511598
CLIP50_linear_ridge;767;-0,013573815;-0,17474227;-0,17027832
CLIP50_linear_ridge;768;-0,039543746;-0,017254476;-0,038401425
CLIP50_linear_ridge;769;-0,03568945;-0,25014921;-0,25567827
CLIP50_linear_ridge;770;-0,029293878;-0,025556158;-0,0525357
CLIP50_linear_ridge;771;-0,081908241;-0,27227347;-0,29199241
CLIP50_linear_ridge;772;-0,077922434;-0,14470971;-0,13357978
CLIP50_linear_ridge;773;-0,06239211;-0,096025502;-0,22074332
CLIP50_linear_ridge;774;-0,067244457;-0,00089527944;0,00082423252
CLIP50_linear_ridge;775;-0,049767445;-0,30381172;-0,29897873
CLIP50_linear_ridge;776;-0,02348624;-0,12691264;-0,21410579
CLIP50_linear_ridge;777;-0,018018843;-0,1950624;-0,18964277
CLIP50_linear_ridge;778;-0,037241654;-0,13743896;-0,15132134
CLIP50_linear_ridge;779;-0,021539175;-0,15632122;-0,2133945
CLIP50_linear_ridge;780;-0,038193711;-0,24834509;-0,25776968
CLIP50_linear_ridge;781;-0,0057318917;-0,099932176;-0,10068167
CLIP50_linear_ridge;782;-0,027251142;-0,065179056;-0,053214372
CLIP50_linear_ridge;783;-0,049076073;-0,12239555;-0,13404979
CLIP50_linear_ridge;784;0,005077004;0,021595225;0,090896934
CLIP50_linear_ridge;785;-0,030322181;-0,25591427;-0,23424171
CLIP50_linear_ridge;786;-0,014061879;-0,14045035;-0,13353775
CLIP50_linear_ridge;787;-0,010248736;-0,11315789;-0,14818191
CLIP50_linear_ridge;788;-0,038230021;-0,25284862;-0,18532719
CLIP50_linear_ridge;789;-0,048758386;-0,085187195;-0,069562122
CLIP50_linear_ridge;790;-0,022045771;-0,1618828;-0,18273639
CLIP50_linear_ridge;791;0,091937225;0,35524959;0,30586791
CLIP50_linear_ridge;792;-0,025367104;-0,18635377;-0,22225514
CLIP50_linear_ridge;793;-0,031892252;-0,034617472;-0,060526891
CLIP50_linear_ridge;794;0,020887644;0,23483451;0,28471221
CLIP50_linear_ridge;795;-0,04690967;-0,31148942;-0,29407022
CLIP50_linear_ridge;796;-0,023011097;-0,19308193;-0,20390786
CLIP50_linear_ridge;797;-0,1002587;-0,27213782;-0,26572497
CLIP50_linear_ridge;798;-0,02305001;-0,23605534;-0,21050223
CLIP50_linear_ridge;799;-0,029450338;-0,27120184;-0,25477981
CLIP50_linear_ridge;800;-0,029750863;-0,2591834;-0,23691572
CLIP50_linear_ridge;801;-0,084269471;-0,34825014;-0,31468767
CLIP50_linear_ridge;802;-0,054877536;-0,20455779;-0,18860117
CLIP50_linear_ridge;803;-0,053686478;-0,25440857;-0,22997507
CLIP50_linear_ridge;804;-0,048407001;0,085065111;-0,0094891187
CLIP50_linear_ridge;805;-0,036614203;-0,12959848;-0,12751815
CLIP50_linear_ridge;806;-0,056110685;-0,25849159;-0,24573198
CLIP50_linear_ridge;807;-0,035106263;-0,036665762;-0,10600376
CLIP50_linear_ridge;808;-0,04770288;-0,10659251;-0,041863808
CLIP50_linear_ridge;809;-0,042136265;-0,12512208;-0,11653626
CLIP50_linear_ridge;810;-0,016556346;0,060973956;-0,015078084
CLIP50_linear_ridge;811;-0,035026816;-0,20012208;-0,23745528
CLIP50_linear_ridge;812;-0,044013031;-0,13122626;-0,1706649
CLIP50_linear_ridge;813;-0,021327267;-0,0096039067;-0,041539087
CLIP50_linear_ridge;814;-0,069194021;-0,30430005;-0,33111336
CLIP50_linear_ridge;815;-0,021509617;-0,21397179;-0,19699022
CLIP50_linear_ridge;816;-0,038345322;-0,1846853;-0,25506917
CLIP50_linear_ridge;817;-0,047221753;-0,077753663;-0,10014288
CLIP50_linear_ridge;818;-0,038885601;-0,2853771;-0,29565517
CLIP50_linear_ridge;819;-0,11435866;0,042702116;-0,062282716
CLIP50_linear_ridge;820;-0,061906709;0,048467173;0,029619497
CLIP50_linear_ridge;821;-0,020037035;-0,25850515;-0,19706983
CLIP50_linear_ridge;822;-0,074273569;-0,26626424;-0,32921439
CLIP50_linear_ridge;823;-0,0089261014;-0,13152469;-0,13669397
CLIP50_linear_ridge;824;-0,03024947;-0,14110147;-0,16278312
CLIP50_linear_ridge;825;-0,036355367;-0,22239555;-0,29041208
CLIP50_linear_ridge;826;0,0014787702;0,16768855;0,12149842
CLIP50_linear_ridge;827;-0,018701122;-0,016847531;-0,11479384
CLIP50_linear_ridge;828;-0,048069291;-0,33936517;-0,29555518
CLIP50_linear_ridge;829;-0,046151464;0,016291373;-0,03821021
CLIP50_linear_ridge;830;-0,043271655;-0,20472056;-0,24068365
CLIP50_linear_ridge;831;-0,071007123;-0,29059957;-0,28997176
CLIP50_linear_ridge;832;-0,054556889;-0,29011123;-0,31263451
CLIP50_linear_ridge;833;-0,11796758;-0,2200217;-0,27078542
CLIP50_linear_ridge;834;-0,056081073;-0,26602008;-0,29977764
CLIP50_linear_ridge;835;-0,079036467;-0,25611774;-0,18311297
CLIP50_linear_ridge;836;-0,094207851;-0,304707;-0,28039486
CLIP50_linear_ridge;837;-0,043029973;-0,31032284;-0,28499913
CLIP50_linear_ridge;838;-0,11309437;-0,013225719;-0,03541112
CLIP50_linear_ridge;839;-0,073147384;-0,19310906;-0,16746605
CLIP50_linear_ridge;840;-0,040668518;0,019641888;-0,0063637469
CLIP50_linear_ridge;841;-0,10311181;-0,092078133;-0,12021458
CLIP50_linear_ridge;842;-0,031692777;-0,12594954;-0,12217368
CLIP50_linear_ridge;843;0,027603444;0,14978296;0,16698858
CLIP50_linear_ridge;844;-0,064859491;-0,30959034;-0,34488463
CLIP50_linear_ridge;845;-0,024987083;-0,21778351;-0,22734704
CLIP50_linear_ridge;846;-0,058253377;-0,0048019533;-0,077140687
CLIP50_linear_ridge;847;-0,022838258;-0,13609604;-0,16262727
CLIP50_linear_ridge;848;-0,048788004;0,049484536;-0,012090072
CLIP50_linear_ridge;849;-0,038328518;-0,18266413;-0,27975323
CLIP50_linear_ridge;850;-0,0043925647;0,12571894;0,059986873
CLIP50_linear_ridge;851;-0,051005355;-0,011489419;-0,027943752
CLIP50_linear_ridge;852;-0,013824851;-0,14557786;-0,16526366
CLIP50_linear_ridge;853;-0,027786886;-0,12220564;-0,11160191
CLIP50_linear_ridge;854;-0,014611069;-0,14648671;-0,13966854
CLIP50_linear_ridge;855;-0,027901524;-0,13521432;-0,20262457
CLIP50_linear_ridge;856;-0,016756933;-0,14796527;-0,14068994
CLIP50_linear_ridge;857;-0,022982737;0,058152469;-0,010181357
CLIP50_linear_ridge;858;-0,083532822;-0,27871677;-0,28257849
CLIP50_linear_ridge;859;-0,038803456;-0,035336408;-0,026356841
CLIP50_linear_ridge;860;0,019019544;0,25927835;0,2078681
CLIP50_linear_ridge;861;-0,075758457;-0,2878866;-0,30317281
CLIP50_linear_ridge;862;-0,012678008;-0,16840749;-0,15979681
CLIP50_linear_ridge;863;-0,083316864;0,13090071;0,035858864
CLIP50_linear_ridge;864;-0,014879735;-0,25440857;-0,21231016
CLIP50_linear_ridge;865;-0,03593896;-0,1814026;-0,24724385
CLIP50_linear_ridge;866;-0,051608324;-0,042539338;-0,046498512
CLIP50_linear_ridge;867;-0,046715942;-0,31048562;-0,29835803
CLIP50_linear_ridge;868;-0,040250215;-0,15446283;-0,17777622
CLIP50_linear_ridge;869;-0,026006857;0,034346175;0,051494314
CLIP50_linear_ridge;870;-0,018909846;-0,15760988;-0,19005883
CLIP50_linear_ridge;871;-0,071254094;-0,037126967;-0,11138292
CLIP50_linear_ridge;872;-0,18015106;-0,10967173;-0,26115445
CLIP50_linear_ridge;873;-0,02575742;-0,13532284;-0,13884475
CLIP50_linear_ridge;874;-0,067215186;0,0037032013;-0,15739371
CLIP50_linear_ridge;875;-0,069127156;-0,20233315;-0,15563672
CLIP50_linear_ridge;876;-0,029965313;-0,13161964;-0,20893447
CLIP50_linear_ridge;877;-0,068655713;-0,11170646;-0,096536091
CLIP50_linear_ridge;878;-0,051227929;-0,14880629;-0,15793224
CLIP50_linear_ridge;879;-0,051888854;-0,15587358;-0,22208486
CLIP50_linear_ridge;880;-0,038212028;-0,27491861;-0,2796693
CLIP50_linear_ridge;881;-0,019628873;-0,17634292;-0,19692098
CLIP50_linear_ridge;882;-0,032522955;-0,05212968;-0,070697923
CLIP50_linear_ridge;883;-0,0067469565;-0,061299512;-0,1176464
CLIP50_linear_ridge;884;-0,041063599;0,021486706;-0,070969484
CLIP50_linear_ridge;885;-0,10726749;-0,16691536;-0,24557888
CLIP50_linear_ridge;886;-0,047600518;-0,30830168;-0,31670905
CLIP50_linear_ridge;887;-0,03758728;-0,20462561;-0,25046008
CLIP50_linear_ridge;888;0,026334394;0,22063212;0,19084188
CLIP50_linear_ridge;889;-0,044740876;0,14732773;0,035290316
CLIP50_linear_ridge;890;0,15928023;0,39991861;0,40122221
CLIP50_linear_ridge;891;0,011463984;0,12736028;0,14175755
CLIP50_linear_ridge;892;-0,030586437;-0,2319452;-0,24266452
CLIP50_linear_ridge;893;-0,067384923;-0,26330711;-0,19640905
CLIP50_linear_ridge;894;-0,017425836;-0,18472599;-0,18181836
CLIP50_linear_ridge;895;-0,0040168921;-0,038673359;-0,064400195
CLIP50_linear_ridge;896;-0,027214047;-0,19831796;-0,22427837
CLIP50_linear_ridge;897;-0,054034928;-0,24937602;-0,30202638
CLIP50_linear_ridge;898;-0,044291203;-0,12632935;-0,14916678
CLIP50_linear_ridge;899;-0,046627739;-0,27135106;-0,28691382
CLIP50_linear_ridge;900;-0,032032093;-0,13346446;-0,17011175
CLIP50_linear_ridge;901;-0,079798283;-0,22603093;-0,21989323
CLIP50_linear_ridge;902;-0,035168535;0,0012208356;-0,057613235
CLIP50_linear_ridge;903;-0,0044032172;-0,11040423;-0,08790768
CLIP50_linear_ridge;904;-0,021197517;0,078771026;0,069986692
CLIP50_linear_ridge;905;-0,012104198;-0,21016007;-0,17991825
CLIP50_linear_ridge;906;-0,022455255;-0,2004612;-0,20587658
CLIP50_linear_ridge;907;-0,062077185;-0,24746337;-0,15784272
CLIP50_linear_ridge;908;-0,012907524;-0,10680955;-0,16838837
CLIP50_linear_ridge;909;-0,035394776;-0,10001356;-0,16755892
CLIP50_linear_ridge;910;-0,057001222;-0,28777808;-0,308025
CLIP50_linear_ridge;911;-0,044259141;-0,33506511;-0,28192589
CLIP50_linear_ridge;912;-0,54747409;-0,036747151;-0,11402405
CLIP50_linear_ridge;913;-0,07034886;-0,17782149;-0,10056032
CLIP50_linear_ridge;914;-0,00099083098;0,05636191;0,024136819
CLIP50_linear_ridge;915;-0,030255829;-0,008898535;-0,030294549
CLIP50_linear_ridge;916;-0,037570324;-0,11386327;-0,13419998
CLIP50_linear_ridge;917;-0,061780542;-0,21901791;-0,19597461
CLIP50_linear_ridge;918;-0,027905018;-0,091644059;-0,01971636
CLIP50_linear_ridge;919;-0,032085979;-0,072883885;-0,070047953
CLIP50_linear_ridge;920;-0,019464785;-0,1378459;-0,18480761
CLIP50_linear_ridge;921;-0,07276959;-0,0066739012;-0,022065461
CLIP50_linear_ridge;922;-0,042066245;-0,24454693;-0,17647987
CLIP50_linear_ridge;923;-0,022070997;-0,18814433;-0,20009409
CLIP50_linear_ridge;924;-0,089727571;-0,087818774;-0,28693757
CLIP50_linear_ridge;925;-0,015643414;-0,17520347;-0,17747512
CLIP50_linear_ridge;926;-0,095824989;-0,19873847;-0,25186235
CLIP50_linear_ridge;927;0,0065469982;0,060349973;0,10468899
CLIP50_linear_ridge;928;-0,01239589;-0,17542051;-0,15601953
CLIP50_linear_ridge;929;-0,046215602;-0,19671731;-0,27898862
CLIP50_linear_ridge;930;-0,028404813;0,07544764;-0,049465894
CLIP50_linear_ridge;931;-0,066215072;-0,11707813;-0,16366991
CLIP50_linear_ridge;932;-0,010305347;-0,04784319;-0,026296259
CLIP50_linear_ridge;933;-0,065586687;-0,25373033;-0,28902433
CLIP50_linear_ridge;934;-0,054436617;-0,317363;-0,31213738
CLIP50_linear_ridge;935;-0,046740604;-0,26020076;-0,29323668
CLIP50_linear_ridge;936;-0,023713137;-0,17514921;-0,21229751
CLIP50_linear_ridge;937;-0,014651422;-0,19176614;-0,17194053
CLIP50_linear_ridge;938;-0,0097716641;0,049620184;-0,043834219
CLIP50_linear_ridge;939;0,001475012;0,13954151;0,12816666
CLIP50_linear_ridge;940;-0,037288971;-0,016074335;0,042268665
CLIP50_linear_ridge;941;-0,031872812;-0,2516956;-0,2389574
CLIP50_linear_ridge;942;-0,021480418;-0,18012751;-0,2031218
CLIP50_linear_ridge;943;-0,055921382;-0,26134021;-0,31797535
CLIP50_linear_ridge;944;-0,043909018;-0,26391753;-0,25804999
CLIP50_linear_ridge;945;-0,057652345;-0,14100651;-0,16041144
CLIP50_linear_ridge;946;-0,053409882;-0,10021704;-0,214754
CLIP50_linear_ridge;947;-0,053379254;-0,35602279;-0,31493454
CLIP50_linear_ridge;948;-0,065268538;-0,31169289;-0,3428285
CLIP50_linear_ridge;949;-0,02610991;-0,18107705;-0,23362468
CLIP50_linear_ridge;950;-0,054923605;-0,14651384;-0,16875546
CLIP50_linear_ridge;951;-0,0415688;-0,26656267;-0,27050772
CLIP50_linear_ridge;952;-0,054490505;-0,072965274;-0,070593332
CLIP50_linear_ridge;953;-0,0247873;-0,23303039;-0,21552171
CLIP50_linear_ridge;954;-0,049212438;-0,13899891;-0,21521823
CLIP50_linear_ridge;955;-0,03616369;-0,27183939;-0,2530527
CLIP50_linear_ridge;956;-0,074943802;-0,14856213;-0,19832963
CLIP50_linear_ridge;957;-0,0095925582;-0,0043000543;0,0008771518
CLIP50_linear_ridge;958;-0,036744765;-0,20009495;-0,13642707
CLIP50_linear_ridge;959;-0,058618599;0,072164948;-0,011370585
CLIP50_linear_ridge;960;-0,028910373;-0,30573793;-0,23958766
CLIP50_linear_ridge;961;-0,025254465;-0,18988063;-0,20804108
CLIP50_linear_ridge;962;-0,0071021796;-0,1383478;-0,11987088
CLIP50_linear_ridge;963;-0,10218342;-0,14944384;-0,10596778
CLIP50_linear_ridge;964;-0,037445508;-0,1890803;-0,09933266
CLIP50_linear_ridge;965;-0,0078807408;-0,17468801;-0,13831963
CLIP50_linear_ridge;966;-0,031921676;-0,22268041;-0,1723339
CLIP50_linear_ridge;967;-0,12449323;-0,1378866;-0,17148588
CLIP50_linear_ridge;968;-0,016532046;-0,19253934;-0,1898336
CLIP50_linear_ridge;969;-0,062350268;-0,16231687;-0,23955809
CLIP50_linear_ridge;970;-0,019475599;-0,21383614;-0,19478467
CLIP50_linear_ridge;971;-0,076534343;-0,055792187;-0,12963887
CLIP50_linear_ridge;972;-0,0383225;-0,32082203;-0,28760683
CLIP50_linear_ridge;973;-0,063615716;-0,1224905;-0,13364113
CLIP50_linear_ridge;974;-0,064512002;-0,2990369;-0,34745162
CLIP50_linear_ridge;975;-0,097949213;-0,22135106;-0,19203977
CLIP50_linear_ridge;976;-0,042196387;-0,18718123;-0,19707211
CLIP50_linear_ridge;977;-0,041388787;-0,26922138;-0,30807428
CLIP50_linear_ridge;978;-0,023416575;-0,16394466;-0,20846773
CLIP50_linear_ridge;979;-0,047248984;-0,16502984;-0,17202023
CLIP50_linear_ridge;980;-0,022633039;-0,23407488;-0,20718274
CLIP50_linear_ridge;981;-0,025546712;-0,15311991;-0,20450648
CLIP50_linear_ridge;982;-0,011592409;-0,10954965;-0,14895752
CLIP50_linear_ridge;983;-0,02081729;-0,042837765;-0,06396738
CLIP50_linear_ridge;984;-0,024271526;0,01734943;0,024640544
CLIP50_linear_ridge;985;-0,046346482;-0,11793272;-0,12486033
CLIP50_linear_ridge;986;-0,01910001;-0,11030928;-0,10875604
CLIP50_linear_ridge;987;-0,038686881;-0,055290288;-0,11856115
CLIP50_linear_ridge;988;-0,042977703;-0,18983993;-0,17598257
CLIP50_linear_ridge;989;-0,037690374;-0,21886869;-0,26030442
CLIP50_linear_ridge;990;-0,056623035;-0,068081932;-0,072736916
CLIP50_linear_ridge;991;-0,015563093;-0,15496473;-0,16919707
CLIP50_linear_ridge;992;-0,020429597;0,070537168;0,036142245
CLIP50_linear_ridge;993;-0,040333617;-0,267363;-0,26842811
CLIP50_linear_ridge;994;-0,018825373;-0,14536082;-0,15874115
CLIP50_linear_ridge;995;-0,030374311;0,13118557;0,13249451
CLIP50_linear_ridge;996;-0,021305289;-0,25451709;-0,20091263
CLIP50_linear_ridge;997;-0,087537969;-0,13624525;-0,15163612
CLIP50_linear_ridge;998;-0,037708866;-0,16641346;-0,263853
CLIP50_linear_ridge;999;-0,015220861;-0,11313077;-0,13360235
CLIP50_linear_ridge;1000;0,0086920704;0,28075149;0,14970711
CLIP512_linear_ridge;1;-0,040189402;-0,057447097;-0,059200172
CLIP512_linear_ridge;2;-0,01488709;0,11985893;0,088796279
CLIP512_linear_ridge;3;-0,054512157;-0,22481009;-0,27496958
CLIP512_linear_ridge;4;-0,03805878;0,093570266;0,029168382
CLIP512_linear_ridge;5;-0,022294198;-0,028798155;-0,089186129
CLIP512_linear_ridge;6;-0,016039235;0,11371405;0,10142048
CLIP512_linear_ridge;7;-0,035043715;-0,2296663;-0,2697392
CLIP512_linear_ridge;8;-0,010675175;0,021554531;0,061052264
CLIP512_linear_ridge;9;-0,010622706;-0,073534997;-0,02250087
CLIP512_linear_ridge;10;-0,12718892;-0,21051275;-0,25745323
CLIP512_linear_ridge;11;-0,076865611;-0,10444927;-0,074783627
CLIP512_linear_ridge;12;-0,027025173;-0,16829897;-0,1442016
CLIP512_linear_ridge;13;-0,070014378;-0,16583017;-0,16908177
CLIP512_linear_ridge;14;-0,066783407;0,044302767;0,021069141
CLIP512_linear_ridge;15;-0,02280765;-0,17948996;-0,18393952
CLIP512_linear_ridge;16;-0,024200514;-0,15128866;-0,11992851
CLIP512_linear_ridge;17;-0,026662667;-0,18802225;-0,18558674
CLIP512_linear_ridge;18;-0,041739124;-0,19569995;-0,19910847
CLIP512_linear_ridge;19;-0,021984381;-0,16185567;-0,15208326
CLIP512_linear_ridge;20;-0,020059364;-0,12263972;-0,15525548
CLIP512_linear_ridge;21;-0,043070665;-0,04192892;-0,011622994
CLIP512_linear_ridge;22;0,0015001147;0,050203473;0,060434968
CLIP512_linear_ridge;23;-0,028578375;-0,22344004;-0,20719759
CLIP512_linear_ridge;24;-0,042667591;-0,27457949;-0,31635438
CLIP512_linear_ridge;25;-0,056703584;-0,24300054;-0,25732802
CLIP512_linear_ridge;26;-0,087589142;0,0044628323;-0,012468819
CLIP512_linear_ridge;27;-0,098269465;-0,19700217;-0,23547574
CLIP512_linear_ridge;28;-0,087756044;-0,087533912;-0,18101997
CLIP512_linear_ridge;29;0,0025584863;0,14023332;0,11477894
CLIP512_linear_ridge;30;-0,057507646;-0,16646772;-0,20633291
CLIP512_linear_ridge;31;-0,060953516;0,088320673;0,015799983
CLIP512_linear_ridge;32;-0,039139665;-0,22261259;-0,23886018
CLIP512_linear_ridge;33;-0,023772454;-0,08054802;-0,050370995
CLIP512_linear_ridge;34;-0,077221913;-0,071622355;-0,13310065
CLIP512_linear_ridge;35;-0,050924063;-0,23107705;-0,23619031
CLIP512_linear_ridge;36;-0,065710068;-0,20832881;-0,17908825
CLIP512_linear_ridge;37;-0,1186844;-0,29774824;-0,28861073
CLIP512_linear_ridge;38;-0,044355808;-0,099403147;-0,084863196
CLIP512_linear_ridge;39;-0,052535091;-0,22182583;-0,22797722
CLIP512_linear_ridge;40;-0,060507127;-0,33138904;-0,38571432
CLIP512_linear_ridge;41;-0,028032239;-0,16433804;-0,17370776
CLIP512_linear_ridge;42;-0,015187104;-0,037520347;-0,088666434
CLIP512_linear_ridge;43;-0,017799374;-0,034793814;0,0015478849
CLIP512_linear_ridge;44;-0,023257752;-0,23353228;-0,22853918
CLIP512_linear_ridge;45;-0,025571402;-0,074484536;-0,12408044
CLIP512_linear_ridge;46;-0,042364456;-0,23130765;-0,22653951
CLIP512_linear_ridge;47;-0,063412433;-0,1307108;-0,13962181
CLIP512_linear_ridge;48;-0,0038347365;0,068882257;0,013218997
CLIP512_linear_ridge;49;-0,0080646464;-0,053581118;-0,061832837
CLIP512_linear_ridge;50;-0,1412036;-0,1021975;-0,00035454328
CLIP512_linear_ridge;51;-0,0023256884;0,10113945;0,12893955
CLIP512_linear_ridge;52;-0,043545154;-0,21129951;-0,22621961
CLIP512_linear_ridge;53;-0,063204789;-0,39249864;-0,39489436
CLIP512_linear_ridge;54;-0,097268025;-0,32898806;-0,36170338
CLIP512_linear_ridge;55;-0,029081201;-0,23783234;-0,24914684
CLIP512_linear_ridge;56;-0,027382134;-0,1435567;-0,16746085
CLIP512_linear_ridge;57;-0,044430412;-0,13392566;-0,17522369
CLIP512_linear_ridge;58;-0,060132286;-0,26583017;-0,3000216
CLIP512_linear_ridge;59;-0,020344218;0,074959305;0,025099597
CLIP512_linear_ridge;60;-0,031870286;0,044370591;-0,065830257
CLIP512_linear_ridge;61;-0,03861887;-0,062059143;-0,10472928
CLIP512_linear_ridge;62;-0,066527946;-0,062235486;-0,087451788
CLIP512_linear_ridge;63;-0,25434383;-0,13148399;-0,11438853
CLIP512_linear_ridge;64;-0,021960175;-0,16395822;-0,16388739
CLIP512_linear_ridge;65;-0,11108282;-0,11569452;-0,15020506
CLIP512_linear_ridge;66;-0,03043254;0,042145958;0,034312193
CLIP512_linear_ridge;67;-0,059404052;0,12483722;0,060068175
CLIP512_linear_ridge;68;-0,038850036;-0,21342919;-0,22201856
CLIP512_linear_ridge;69;-0,049038797;-0,08133478;-0,13157135
CLIP512_linear_ridge;70;-0,0065918088;0,10505969;0,047421972
CLIP512_linear_ridge;71;-0,024952815;-0,15272653;-0,14891384
CLIP512_linear_ridge;72;-0,045086775;-0,39513022;-0,35362765
CLIP512_linear_ridge;73;-0,037745569;-0,13598752;-0,12744407
CLIP512_linear_ridge;74;-0,011743107;-0,059820944;-0,052140009
CLIP512_linear_ridge;75;-0,043604388;-0,34112859;-0,30860405
CLIP512_linear_ridge;76;-0,047383532;-0,28052089;-0,31259912
CLIP512_linear_ridge;77;-0,034120869;-0,26521975;-0,23825698
CLIP512_linear_ridge;78;-0,0036037864;0,12189365;0,096858151
CLIP512_linear_ridge;79;-0,059351314;-0,12840477;-0,089592826
CLIP512_linear_ridge;80;-0,072485951;-0,087506782;-0,079019279
CLIP512_linear_ridge;81;-0,1061956;-0,36021432;-0,37728779
CLIP512_linear_ridge;82;-0,062358041;-0,12803852;-0,21291319
CLIP512_linear_ridge;83;-0,13589296;-0,10240098;-0,14674107
CLIP512_linear_ridge;84;-0,086583663;-0,01056701;0,0092723225
CLIP512_linear_ridge;85;-0,028674688;-0,21043136;-0,20941591
CLIP512_linear_ridge;86;-0,019590162;-0,015409658;-0,024496183
CLIP512_linear_ridge;87;-0,04622774;-0,26778351;-0,25460523
CLIP512_linear_ridge;88;-0,0088358514;0,038442756;0,042597924
CLIP512_linear_ridge;89;-0,11675638;-0,4153554;-0,3359197
CLIP512_linear_ridge;90;-0,10424731;-0,35531742;-0,27154009
CLIP512_linear_ridge;91;-0,028521523;-0,25865437;-0,27445594
CLIP512_linear_ridge;92;-0,066187748;-0,37027944;-0,34120937
CLIP512_linear_ridge;93;-0,047956517;-0,27637005;-0,28234321
CLIP512_linear_ridge;94;-0,044151043;-0,086652198;-0,16365777
CLIP512_linear_ridge;95;-0,003308139;0,19258003;0,21576694
CLIP512_linear_ridge;96;-0,11445784;0,10634835;-0,014298913
CLIP512_linear_ridge;97;-0,047657416;-0,21772925;-0,25321577
CLIP512_linear_ridge;98;-0,074295305;0,015816603;-0,073459271
CLIP512_linear_ridge;99;-0,026681244;-0,14011123;-0,20387863
CLIP512_linear_ridge;100;-0,071808477;-0,30478839;-0,29130404
CLIP512_linear_ridge;101;-0,013130713;-0,073819859;-0,093333012
CLIP512_linear_ridge;102;-0,056781295;-0,23785947;-0,26668808
CLIP512_linear_ridge;103;-0,037613354;-0,22776723;-0,19878775
CLIP512_linear_ridge;104;-0,026796018;0,011489419;-0,039536286
CLIP512_linear_ridge;105;-0,090524105;-0,11214053;-0,11285325
CLIP512_linear_ridge;106;-0,045686939;-0,042674986;-0,12282273
CLIP512_linear_ridge;107;-0,024870426;-0,10099023;-0,14201222
CLIP512_linear_ridge;108;-0,10218687;-0,05042051;-0,087466137
CLIP512_linear_ridge;109;-0,056166616;-0,2145822;-0,24947465
CLIP512_linear_ridge;110;-0,0091384566;-0,070415084;-0,058541328
CLIP512_linear_ridge;111;-0,060676599;0,027902876;-0,039942145
CLIP512_linear_ridge;112;-0,12495976;0,15908844;0,071864682
CLIP512_linear_ridge;113;-0,016991437;0,0041101465;-0,004262058
CLIP512_linear_ridge;114;-0,040077987;-0,15515464;-0,18334666
CLIP512_linear_ridge;115;-0,12866549;-0,027740098;-0,080164306
CLIP512_linear_ridge;116;-0,015593981;0,090857298;-0,012997379
CLIP512_linear_ridge;117;-0,011196912;-0,070157352;-0,05457814
CLIP512_linear_ridge;118;-0,011661302;-0,026180141;-0,030102787
CLIP512_linear_ridge;119;-0,027574295;-0,034644601;-0,041033018
CLIP512_linear_ridge;120;-0,088089582;-0,10217037;-0,12655192
CLIP512_linear_ridge;121;-0,0076136455;0,026410743;0,013889436
CLIP512_linear_ridge;122;-0,061843511;-0,06564026;-0,1194186
CLIP512_linear_ridge;123;-0,12759674;-0,11279164;-0,22320263
CLIP512_linear_ridge;124;0,032384002;0,2948318;0,23061123
CLIP512_linear_ridge;125;-0,019276178;0,2195605;0,059177775
CLIP512_linear_ridge;126;-0,048531634;-0,036502984;-0,2068009
CLIP512_linear_ridge;127;-0,049052874;-0,0821758;-0,15618225
CLIP512_linear_ridge;128;-0,030432332;-0,10531742;-0,06262539
CLIP512_linear_ridge;129;-0,024575559;-0,10337765;-0,13748536
CLIP512_linear_ridge;130;0,016825122;0,17181226;0,14156477
CLIP512_linear_ridge;131;-0,054770105;-0,033233858;-0,09055596
CLIP512_linear_ridge;132;-0,05203702;0,072042865;-0,043502061
CLIP512_linear_ridge;133;-0,019700153;0,048304395;-0,024441164
CLIP512_linear_ridge;134;-0,014816903;-0,060336408;-0,082890822
CLIP512_linear_ridge;135;-0,041144771;0,11230331;0,082304285
CLIP512_linear_ridge;136;-0,048392146;-0,1393923;-0,21833397
CLIP512_linear_ridge;137;-0,026699493;0,17474227;0,05728209
CLIP512_linear_ridge;138;-0,050294337;-0,23712697;-0,28568319
CLIP512_linear_ridge;139;-0,033936456;-0,22438958;-0,20883294
CLIP512_linear_ridge;140;-0,024918831;-0,12026587;-0,13934617
CLIP512_linear_ridge;141;-0,049734803;-0,18220293;-0,20702384
CLIP512_linear_ridge;142;-0,11497262;-0,090436788;-0,15815844
CLIP512_linear_ridge;143;-0,024368124;-0,19370591;-0,17672793
CLIP512_linear_ridge;144;-0,05968055;-0,26924851;-0,33811099
CLIP512_linear_ridge;145;-0,037312181;-0,19945741;-0,2001357
CLIP512_linear_ridge;146;-0,0847406;-0,39587629;-0,38459075
CLIP512_linear_ridge;147;-0,0078567433;0,070537168;0,07161498
CLIP512_linear_ridge;148;-0,017124942;0,066644059;0,072847163
CLIP512_linear_ridge;149;0,071865653;0,28726262;0,27277655
CLIP512_linear_ridge;150;0,006229805;0,074959305;0,079730084
CLIP512_linear_ridge;151;-0,03067043;-0,15166848;-0,11896379
CLIP512_linear_ridge;152;-0,039969733;-0,25660608;-0,23028981
CLIP512_linear_ridge;153;-0,055254483;-0,07244981;-0,05066987
CLIP512_linear_ridge;154;-0,0090611867;-0,089690722;-0,042363195
CLIP512_linear_ridge;155;-0,064309702;-0,099335323;-0,15895632
CLIP512_linear_ridge;156;-0,012115099;0,075746066;0,066367779
CLIP512_linear_ridge;157;-0,066950867;-0,33902604;-0,3279651
CLIP512_linear_ridge;158;-0,084748381;-0,36271026;-0,39677824
CLIP512_linear_ridge;159;-0,023142924;-0,19380087;-0,19016738
CLIP512_linear_ridge;160;-0,035183195;-0,20929192;-0,21043701
CLIP512_linear_ridge;161;-0,030331061;-0,26226262;-0,20609253
CLIP512_linear_ridge;162;-0,0164656;-0,068041237;-0,099245599
CLIP512_linear_ridge;163;-0,038355402;-0,18399349;-0,2511356
CLIP512_linear_ridge;164;-0,040340011;-0,30702659;-0,29910211
CLIP512_linear_ridge;165;-0,033727071;-0,14187466;-0,1426161
CLIP512_linear_ridge;166;-0,056564277;-0,24616115;-0,31901121
CLIP512_linear_ridge;167;-0,020242794;-0,13525502;-0,12666584
CLIP512_linear_ridge;168;-0,045230735;-0,31880087;-0,31263785
CLIP512_linear_ridge;169;-0,097129681;-0,14612046;-0,12021112
CLIP512_linear_ridge;170;-0,038306526;0,071825827;0,12061452
CLIP512_linear_ridge;171;-0,05442351;-0,18586544;-0,20857355
CLIP512_linear_ridge;172;-0,033924424;-0,18648942;-0,18726989
CLIP512_linear_ridge;173;-0,095263108;0,026492132;-0,025170726
CLIP512_linear_ridge;174;0,00029751;0,21744438;0,098075503
CLIP512_linear_ridge;175;-0,06536003;-0,17322301;-0,18549893
CLIP512_linear_ridge;176;-0,025435157;-0,042634292;-0,012936874
CLIP512_linear_ridge;177;-0,058088914;-0,15870863;-0,1696159
CLIP512_linear_ridge;178;-0,014952199;-0,020916983;-0,012478365
CLIP512_linear_ridge;179;-0,067349331;0,11995388;0,045099773
CLIP512_linear_ridge;180;-0,05364594;-0,28035811;-0,27845742
CLIP512_linear_ridge;181;-0,021442552;0,062615301;0,022638761
CLIP512_linear_ridge;182;-0,029251925;-0,22402333;-0,1955779
CLIP512_linear_ridge;183;-0,05123368;-0,059807379;-0,06729828
CLIP512_linear_ridge;184;-0,0026999528;0,036489419;0,016211343
CLIP512_linear_ridge;185;-0,076818345;-0,28739826;-0,29119704
CLIP512_linear_ridge;186;-0,092798251;0,093678785;0,090073509
CLIP512_linear_ridge;187;-0,022805314;-0,14854856;-0,11337482
CLIP512_linear_ridge;188;-0,010132996;-0,054164406;-0,051156807
CLIP512_linear_ridge;189;-0,032914114;-0,1334102;-0,14967951
CLIP512_linear_ridge;190;-0,034573904;-0,20349973;-0,18274239
CLIP512_linear_ridge;191;-0,06639564;-0,24146772;-0,23948762
CLIP512_linear_ridge;192;-0,023566449;-0,11481281;-0,13663083
CLIP512_linear_ridge;193;-0,10403976;-0,25025773;-0,35144467
CLIP512_linear_ridge;194;-0,020263707;-0,10211612;-0,1025195
CLIP512_linear_ridge;195;-0,093517304;-0,21843462;-0,29011474
CLIP512_linear_ridge;196;-0,040463035;-0,27509495;-0,26703326
CLIP512_linear_ridge;197;-0,059940429;-0,16009224;-0,18686702
CLIP512_linear_ridge;198;-0,022479281;-0,10364894;-0,19326783
CLIP512_linear_ridge;199;-0,032478463;-0,21603364;-0,20431928
CLIP512_linear_ridge;200;-0,059068293;-0,2277401;-0,25630379
CLIP512_linear_ridge;201;-0,042552127;-0,22025231;-0,23730604
CLIP512_linear_ridge;202;-0,021955819;-0,15016278;-0,20074987
CLIP512_linear_ridge;203;-0,036437501;-0,040056972;0,021966673
CLIP512_linear_ridge;204;-0,046920558;-0,33659794;-0,31088246
CLIP512_linear_ridge;205;-0,14891213;0,025963104;-0,020381824
CLIP512_linear_ridge;206;-0,10290978;-0,06398535;-0,098226178
CLIP512_linear_ridge;207;-0,080340414;-0,39034183;-0,38219004
CLIP512_linear_ridge;208;-0,039336505;-0,081090613;-0,098689656
CLIP512_linear_ridge;209;-0,092071869;-0,18400705;-0,093421886
CLIP512_linear_ridge;210;-0,021961861;0,11473142;0,006478439
CLIP512_linear_ridge;211;-0,022535767;0,055303852;0,013897689
CLIP512_linear_ridge;212;-0,024361463;-0,22844547;-0,16141199
CLIP512_linear_ridge;213;-0,025442014;-0,3081389;-0,29045738
CLIP512_linear_ridge;214;-0,043909903;-0,28438687;-0,26282349
CLIP512_linear_ridge;215;-0,049512656;-0,26032284;-0,2933355
CLIP512_linear_ridge;216;0,001174049;0,16871948;0,084284804
CLIP512_linear_ridge;217;-0,031026432;-0,008979924;-0,055624309
CLIP512_linear_ridge;218;-0,084997352;-0,32452523;-0,34862643
CLIP512_linear_ridge;219;-0,032984686;-0,17204286;-0,21950233
CLIP512_linear_ridge;220;-0,063918863;-0,2747287;-0,19344168
CLIP512_linear_ridge;221;-0,019472251;-0,1109197;-0,1469516
CLIP512_linear_ridge;222;0,001996771;0,12000814;0,068535045
CLIP512_linear_ridge;223;-0,040789331;-0,11227618;-0,11359515
CLIP512_linear_ridge;224;-0,14264998;-0,20141074;-0,24179026
CLIP512_linear_ridge;225;-0,027966206;-0,068326099;-0,099744896
CLIP512_linear_ridge;226;-0,045908393;-0,22860825;-0,24576091
CLIP512_linear_ridge;227;-0,052998098;-0,13604178;-0,1334647
CLIP512_linear_ridge;228;-0,01313032;0,045062398;0,011856043
CLIP512_linear_ridge;229;-0,019907729;-0,1354178;-0,11039502
CLIP512_linear_ridge;230;-0,032750068;-0,090518177;-0,15156938
CLIP512_linear_ridge;231;-0,064350924;-0,36820402;-0,35949712
CLIP512_linear_ridge;232;-0,058810194;-0,28128052;-0,25362322
CLIP512_linear_ridge;233;-0,033420414;-0,22259902;-0,2048492
CLIP512_linear_ridge;234;-0,076016451;-0,0085729788;-0,14869309
CLIP512_linear_ridge;235;-0,012311865;-0,011720022;-0,029968978
CLIP512_linear_ridge;236;-0,060511038;-0,25815247;-0,24276782
CLIP512_linear_ridge;237;-0,035462841;-0,0049104721;-0,049003706
CLIP512_linear_ridge;238;-0,096146406;-0,1252713;-0,12106231
CLIP512_linear_ridge;239;-0,088372377;-0,24521161;-0,25579254
CLIP512_linear_ridge;240;-0,012935931;-0,024023332;-0,055181513
CLIP512_linear_ridge;241;-0,068113709;-0,16489419;-0,17564725
CLIP512_linear_ridge;242;-0,067733825;-0,41504341;-0,3602468
CLIP512_linear_ridge;243;-0,048894298;-0,12198861;-0,18476503
CLIP512_linear_ridge;244;0,015882167;0,12281606;0,12661004
CLIP512_linear_ridge;245;-0,018573339;0,07244981;0,077137704
CLIP512_linear_ridge;246;-0,030025599;-0,25645686;-0,23122535
CLIP512_linear_ridge;247;-0,04797742;-0,30477482;-0,27512775
CLIP512_linear_ridge;248;-0,046202903;-0,012004883;-0,10082113
CLIP512_linear_ridge;249;-0,046742065;-0,19739555;-0,20991191
CLIP512_linear_ridge;250;-0,025983724;-0,14681226;-0,2283795
CLIP512_linear_ridge;251;-0,085964991;-0,23141617;-0,23605097
CLIP512_linear_ridge;252;-0,023092661;-0,1484943;-0,15896481
CLIP512_linear_ridge;253;-0,055719119;-0,071228974;-0,1040221
CLIP512_linear_ridge;254;-0,047693482;-0,1349159;-0,047174564
CLIP512_linear_ridge;255;-0,041019105;-0,18399349;-0,18620609
CLIP512_linear_ridge;256;-0,049397733;-0,014690722;-0,043808613
CLIP512_linear_ridge;257;-0,04853098;-0,17866251;-0,21968302
CLIP512_linear_ridge;258;-0,062104993;-0,30785404;-0,32686323
CLIP512_linear_ridge;259;-0,029443541;-0,14918611;-0,21242244
CLIP512_linear_ridge;260;-0,018451358;-0,10161422;-0,10516037
CLIP512_linear_ridge;261;-0,043199997;0,073100922;-0,032685372
CLIP512_linear_ridge;262;-0,029120711;-0,10736571;-0,12506452
CLIP512_linear_ridge;263;-0,041126663;-0,23735757;-0,27813621
CLIP512_linear_ridge;264;-0,10491857;-0,20157352;-0,22650241
CLIP512_linear_ridge;265;-0,031296163;-0,051112317;-0,16124145
CLIP512_linear_ridge;266;-0,051916049;-0,2846853;-0,28185928
CLIP512_linear_ridge;267;0,025669668;0,23775095;0,20688858
CLIP512_linear_ridge;268;-0,042464406;-0,11382257;-0,086215338
CLIP512_linear_ridge;269;-0,04215351;-0,026302225;-0,061653824
CLIP512_linear_ridge;270;-0,028872224;-0,15948182;-0,21856666
CLIP512_linear_ridge;271;-0,035576324;-0,12626153;-0,16006117
CLIP512_linear_ridge;272;-0,0010601757;0,0086136734;0,020148164
CLIP512_linear_ridge;273;-0,04768249;-0,23476668;-0,21704275
CLIP512_linear_ridge;274;-0,025604372;-0,026437873;-0,037437212
CLIP512_linear_ridge;275;-0,057469882;-0,21277808;-0,23001109
CLIP512_linear_ridge;276;-0,027167242;-0,19112859;-0,16317932
CLIP512_linear_ridge;277;-0,09286683;-0,27373847;-0,27221249
CLIP512_linear_ridge;278;-0,021012235;0,039175258;0,033749978
CLIP512_linear_ridge;279;0,006640333;0,12475583;0,11429856
CLIP512_linear_ridge;280;-0,047393673;-0,068298969;-0,1102768
CLIP512_linear_ridge;281;-0,061100248;0,065029843;-0,084561524
CLIP512_linear_ridge;282;-0,030011737;-0,1448318;-0,14192191
CLIP512_linear_ridge;283;-0,039510742;-0,29795171;-0,32117153
CLIP512_linear_ridge;284;-0,038080908;-0,11204558;-0,13694639
CLIP512_linear_ridge;285;-0,11686548;0,055697233;-0,022552768
CLIP512_linear_ridge;286;-0,13371532;-0,2502713;-0,29946692
CLIP512_linear_ridge;287;-0,0052410442;0,0148535;0,010918152
CLIP512_linear_ridge;288;-0,061008558;-0,27405046;-0,31200513
CLIP512_linear_ridge;289;-0,081747359;-0,26607434;-0,25233206
CLIP512_linear_ridge;290;-0,033945902;-0,13422409;-0,13010709
CLIP512_linear_ridge;291;-0,15412783;-0,1955643;-0,19883973
CLIP512_linear_ridge;292;-0,037820906;-0,2621541;-0,24489909
CLIP512_linear_ridge;293;-0,024866369;-0,19711069;-0,18278042
CLIP512_linear_ridge;294;-0,089300371;-0,044763972;-0,098324248
CLIP512_linear_ridge;295;-0,043030716;-0,18978568;-0,22762495
CLIP512_linear_ridge;296;-0,042658418;-0,10808464;-0,071318404
CLIP512_linear_ridge;297;-0,084862913;-0,11515193;-0,18221909
CLIP512_linear_ridge;298;-0,0091758816;0,01740369;-0,00098903838
CLIP512_linear_ridge;299;0,032917864;0,33533641;0,24704165
CLIP512_linear_ridge;300;-0,0054297179;-0,020035269;-0,0066199934
CLIP512_linear_ridge;301;-0,05196925;-0,33407488;-0,31096705
CLIP512_linear_ridge;302;-0,032068838;-0,15651112;-0,18084271
CLIP512_linear_ridge;303;-0,016740826;-0,13783234;-0,13029582
CLIP512_linear_ridge;304;-0,037672643;0,063659794;-0,082319922
CLIP512_linear_ridge;305;-0,03190723;-0,25704015;-0,23174731
CLIP512_linear_ridge;306;-0,090559085;0,040233315;-0,089110456
CLIP512_linear_ridge;307;-0,0014926137;0,14361096;0,09962412
CLIP512_linear_ridge;308;-0,017538812;0,0017227347;-0,030509609
CLIP512_linear_ridge;309;-0,1218834;-0,26370049;-0,30028656
CLIP512_linear_ridge;310;-0,042050326;-0,2609197;-0,20746379
CLIP512_linear_ridge;311;-0,0068495848;-0,0067688551;-0,025358166
CLIP512_linear_ridge;312;-0,04130178;-0,25424579;-0,26667571
CLIP512_linear_ridge;313;-0,032225145;-0,10039338;-0,099578313
CLIP512_linear_ridge;314;-0,023632517;-0,12539338;-0,16840262
CLIP512_linear_ridge;315;-0,064592879;-0,29344818;-0,32102519
CLIP512_linear_ridge;316;-0,0088324213;-0,048548562;-0,053429369
CLIP512_linear_ridge;317;-0,02916858;-0,13095496;-0,11852998
CLIP512_linear_ridge;318;-0,023105976;-0,12569181;-0,141041
CLIP512_linear_ridge;319;-0,0098130684;0,15678242;0,096191155
CLIP512_linear_ridge;320;-0,031187377;-0,058057515;-0,16510126
CLIP512_linear_ridge;321;0,012840147;0,095252306;0,14849676
CLIP512_linear_ridge;322;-0,10008955;-0,30503256;-0,27551575
CLIP512_linear_ridge;323;-0,025939601;0,10731145;-0,013908698
CLIP512_linear_ridge;324;-0,0927507;-0,34137276;-0,37320813
CLIP512_linear_ridge;325;-0,10516896;-0,18212154;-0,10788266
CLIP512_linear_ridge;326;-0,035732779;-0,25463918;-0,24828447
CLIP512_linear_ridge;327;-0,040504763;-0,24179327;-0,22140364
CLIP512_linear_ridge;328;-0,059037645;-0,40683668;-0,39329794
CLIP512_linear_ridge;329;-0,095613605;-0,17877103;-0,23893172
CLIP512_linear_ridge;330;-0,046567742;-0,32699403;-0,30576936
CLIP512_linear_ridge;331;-0,042360755;-0,31530114;-0,29057067
CLIP512_linear_ridge;332;-0,025316402;-0,13959577;-0,20859502
CLIP512_linear_ridge;333;-0,081470568;-0,10793543;-0,11076691
CLIP512_linear_ridge;334;-0,096484154;0,073046663;0,067556536
CLIP512_linear_ridge;335;-0,07294633;-0,27744167;-0,25708278
CLIP512_linear_ridge;336;-0,067601509;-0,16821758;-0,25526862
CLIP512_linear_ridge;337;-0,06238368;-0,15137005;-0,15610398
CLIP512_linear_ridge;338;-0,043032112;-0,065056972;-0,055956318
CLIP512_linear_ridge;339;-0,16066201;-0,29317689;-0,36011622
CLIP512_linear_ridge;340;-0,0483337;-0,096405317;-0,080645842
CLIP512_linear_ridge;341;0,0047421037;0,047517634;0,085718805
CLIP512_linear_ridge;342;-0,033232866;-0,19164406;-0,16488573
CLIP512_linear_ridge;343;-0,031588283;-0,0056429734;0,008592034
CLIP512_linear_ridge;344;-0,0086703397;0,083722192;0,080527648
CLIP512_linear_ridge;345;-0,021216319;-0,07586815;-0,10203467
CLIP512_linear_ridge;346;-0,016890896;-0,09027401;-0,086278215
CLIP512_linear_ridge;347;-0,034462069;-0,20765057;-0,20134841
CLIP512_linear_ridge;348;-0,061553509;-0,23152469;-0,28169541
CLIP512_linear_ridge;349;-0,029298722;-0,17578676;-0,20770536
CLIP512_linear_ridge;350;0,039845094;0,204707;0,20560849
CLIP512_linear_ridge;351;-0,040857523;0,13780521;0,12336105
CLIP512_linear_ridge;352;-0,029766332;-0,14289202;-0,10205077
CLIP512_linear_ridge;353;-0,0097910509;-0,039636462;-0,019932122
CLIP512_linear_ridge;354;-0,0093448384;0,12430819;0,089833542
CLIP512_linear_ridge;355;-0,033547862;-0,20888497;-0,21522247
CLIP512_linear_ridge;356;-0,038865358;-0,17306023;-0,21929188
CLIP512_linear_ridge;357;-0,053377573;-0,25002713;-0,27649777
CLIP512_linear_ridge;358;-0,067926143;0,028499729;-0,11664874
CLIP512_linear_ridge;359;-0,060368721;-0,35888497;-0,36829064
CLIP512_linear_ridge;360;-0,054557922;-0,30676886;-0,3492321
CLIP512_linear_ridge;361;-0,021034818;-0,018922952;-0,081178931
CLIP512_linear_ridge;362;-0,023708126;-0,21926207;-0,20021415
CLIP512_linear_ridge;363;-0,020626252;-0,17344004;-0,14452593
CLIP512_linear_ridge;364;-0,074877728;-0,24782963;-0,25995862
CLIP512_linear_ridge;365;-0,0088323225;-0,023060228;0,0040588534
CLIP512_linear_ridge;366;-0,01464737;-0,068014107;-0,1015177
CLIP512_linear_ridge;367;-0,0097821129;-0,018895822;-0,034299276
CLIP512_linear_ridge;368;0,0088945777;0,090803039;0,10030541
CLIP512_linear_ridge;369;-0,069634736;-0,20606348;-0,24155995
CLIP512_linear_ridge;370;-0,017308561;-0,032026587;-0,096570034
CLIP512_linear_ridge;371;-0,0041759302;0,06104178;0,036106092
CLIP512_linear_ridge;372;0,022190934;0,22041508;0,15687823
CLIP512_linear_ridge;373;-0,032394318;-0,16838036;-0,18796003
CLIP512_linear_ridge;374;-0,086361006;-0,13577048;-0,10775115
CLIP512_linear_ridge;375;-0,025921261;-0,16763429;-0,15293843
CLIP512_linear_ridge;376;-0,039137522;-0,20892566;-0,23240186
CLIP512_linear_ridge;377;-0,0081514571;-0,044289202;-0,020553187
CLIP512_linear_ridge;378;-0,057093486;-0,35181769;-0,3452875
CLIP512_linear_ridge;379;0,12270227;0,35272653;0,36261053
CLIP512_linear_ridge;380;-0,01103705;0,07878459;0,075092075
CLIP512_linear_ridge;381;-0,083727499;-0,34785676;-0,38975651
CLIP512_linear_ridge;382;-0,048730293;-0,14302767;-0,18032919
CLIP512_linear_ridge;383;0,0047281005;0,059047748;0,10192954
CLIP512_linear_ridge;384;-0,043707696;0,018393923;0,02689099
CLIP512_linear_ridge;385;-0,051158301;-0,28545849;-0,30087971
CLIP512_linear_ridge;386;-0,03966209;-0,16448725;-0,20610217
CLIP512_linear_ridge;387;-0,039173677;-0,12388768;-0,12481706
CLIP512_linear_ridge;388;-0,01014688;-0,0482637;-0,033169969
CLIP512_linear_ridge;389;-0,047354552;-0,26100109;-0,22728552
CLIP512_linear_ridge;390;-0,17188623;0,017946283;0,0014735874
CLIP512_linear_ridge;391;0,012161704;0,12387412;0,13153997
CLIP512_linear_ridge;392;-0,077613983;-0,13648942;-0,16285365
CLIP512_linear_ridge;393;-0,059714985;-0,11515193;-0,1213787
CLIP512_linear_ridge;394;-0,024490068;-0,093678785;-0,15655195
CLIP512_linear_ridge;395;-0,015354294;-0,12080846;-0,095944932
CLIP512_linear_ridge;396;-0,016647213;-0,040355399;-0,036388716
CLIP512_linear_ridge;397;-0,075583715;-0,14823657;-0,14993706
CLIP512_linear_ridge;398;-0,080629027;-0,044316332;-0,2112428
CLIP512_linear_ridge;399;-0,043933144;-0,28917526;-0,30339739
CLIP512_linear_ridge;400;-0,016448774;-0,055439501;-0,087474343
CLIP512_linear_ridge;401;-0,10679096;-0,15413728;-0,14416369
CLIP512_linear_ridge;402;-0,17803272;-0,020862724;-0,0547969
CLIP512_linear_ridge;403;0,014923546;0,23581118;0,16636165
CLIP512_linear_ridge;404;-0,058550121;-0,31134021;-0,25368302
CLIP512_linear_ridge;405;-0,016525077;-0,22565111;-0,18239121
CLIP512_linear_ridge;406;-0,10170962;-0,36827184;-0,41510017
CLIP512_linear_ridge;407;-0,068140603;-0,36966902;-0,32657484
CLIP512_linear_ridge;408;-0,032510433;-0,14624254;-0,14229735
CLIP512_linear_ridge;409;-0,051743862;-0,31783776;-0,31061143
CLIP512_linear_ridge;410;-0,01204061;0,027726533;-0,038674596
CLIP512_linear_ridge;411;-0,017723054;-0,082637005;-0,11610833
CLIP512_linear_ridge;412;-0,045783723;-0,14871134;-0,20709894
CLIP512_linear_ridge;413;0,031275341;0,17114759;0,17768344
CLIP512_linear_ridge;414;-0,0941671;-0,034074878;-0,10288269
CLIP512_linear_ridge;415;-0,027036124;-0,061001085;-0,10557572
CLIP512_linear_ridge;416;-0,071075259;-0,069804666;-0,1653398
CLIP512_linear_ridge;417;-0,11102394;-0,13354585;-0,22308083
CLIP512_linear_ridge;418;-0,12467111;-0,098114487;-0,16578076
CLIP512_linear_ridge;419;-0,14960642;-0,32457949;-0,36627716
CLIP512_linear_ridge;420;-0,018907292;0,052292458;-0,0061132947
CLIP512_linear_ridge;421;0,04118901;0,193828;0,21437974
CLIP512_linear_ridge;422;-0,026182264;-0,20458492;-0,22742142
CLIP512_linear_ridge;423;-0,12744893;-0,16973684;-0,20774191
CLIP512_linear_ridge;424;-0,027918918;0,16520619;0,15150641
CLIP512_linear_ridge;425;-0,039330509;-0,16082474;-0,1984387
CLIP512_linear_ridge;426;-0,011156313;-0,063714053;-0,061502507
CLIP512_linear_ridge;427;-0,026491176;-0,15004069;-0,15509763
CLIP512_linear_ridge;428;-0,030899886;-0,11068909;-0,11191027
CLIP512_linear_ridge;429;-0,034184378;-0,25132935;-0,28689459
CLIP512_linear_ridge;430;-0,043134502;-0,0041644059;-0,057946178
CLIP512_linear_ridge;431;0,00073443536;0,034020619;0,054784187
CLIP512_linear_ridge;432;-0,011502677;-0,067132393;-0,092520221
CLIP512_linear_ridge;433;-0,042032948;-0,26100109;-0,25929903
CLIP512_linear_ridge;434;-0,039097603;-0,18579761;-0,19631569
CLIP512_linear_ridge;435;-0,10195138;-0,078011394;-0,13836621
CLIP512_linear_ridge;436;-0,023675209;-0,15754205;-0,16307984
CLIP512_linear_ridge;437;-0,085535936;-0,15869506;-0,13708533
CLIP512_linear_ridge;438;-0,07783019;0,049308193;-0,15181028
CLIP512_linear_ridge;439;-0,035458339;-0,16068909;-0,21586373
CLIP512_linear_ridge;440;-0,020427467;-0,1272382;-0,11728678
CLIP512_linear_ridge;441;-0,023093276;0,12854042;-0,017544221
CLIP512_linear_ridge;442;-0,053590197;0,050189908;0,076672603
CLIP512_linear_ridge;443;-0,012500199;0,029028757;-0,016302272
CLIP512_linear_ridge;444;-0,02672392;-0,0762344;-0,069652324
CLIP512_linear_ridge;445;-0,030775719;-0,15539881;-0,18597606
CLIP512_linear_ridge;446;-0,011426681;0,039921324;-0,024757862
CLIP512_linear_ridge;447;-0,063118057;-0,32113402;-0,34223864
CLIP512_linear_ridge;448;-0,039286553;0,14054531;0,0990319
CLIP512_linear_ridge;449;-0,06770513;0,04240369;0,055890827
CLIP512_linear_ridge;450;-0,052713169;-0,32462018;-0,28648038
CLIP512_linear_ridge;451;-0,049781648;-0,1675936;-0,16643667
CLIP512_linear_ridge;452;-0,029960698;-0,061123169;-0,087589048
CLIP512_linear_ridge;453;-0,05055656;-0,032216495;-0,083731704
CLIP512_linear_ridge;454;-0,091670529;-0,051817689;-0,10478527
CLIP512_linear_ridge;455;-0,18520114;-0,19994574;-0,20122235
CLIP512_linear_ridge;456;-0,076354578;-0,3346853;-0,31147117
CLIP512_linear_ridge;457;-0,20887896;-0,23882257;-0,19945189
CLIP512_linear_ridge;458;-0,038417262;-0,15504612;-0,16409429
CLIP512_linear_ridge;459;0,040331052;0,21690179;0,21013078
CLIP512_linear_ridge;460;-0,092431665;-0,0910879;-0,10828627
CLIP512_linear_ridge;461;-0,048209406;-0,16443299;-0,13711814
CLIP512_linear_ridge;462;-0,08798014;-0,35025773;-0,35712067
CLIP512_linear_ridge;463;-0,075270505;-0,2705236;-0,2847534
CLIP512_linear_ridge;464;-0,014278768;-0,073046663;-0,071547278
CLIP512_linear_ridge;465;-0,047718685;-0,15832881;-0,18786525
CLIP512_linear_ridge;466;-0,026985366;-0,11475855;-0,16403065
CLIP512_linear_ridge;467;-0,063835788;-0,026994031;-0,019732472
CLIP512_linear_ridge;468;-0,020464156;-0,087832339;-0,047571988
CLIP512_linear_ridge;469;0,0008521709;0,03478025;0,034897972
CLIP512_linear_ridge;470;-0,063069375;-0,29819588;-0,2703825
CLIP512_linear_ridge;471;0,067513401;0,2960255;0,26775237
CLIP512_linear_ridge;472;-0,064600127;-0,26566739;-0,26392432
CLIP512_linear_ridge;473;-0,028494457;-0,1549783;-0,19826631
CLIP512_linear_ridge;474;-0,034785673;0,13104992;0,069984057
CLIP512_linear_ridge;475;-0,071101187;-0,14983722;-0,15048102
CLIP512_linear_ridge;476;-0,041472975;-0,27383342;-0,27444612
CLIP512_linear_ridge;477;-0,021691825;0,01737656;-0,029260173
CLIP512_linear_ridge;478;-0,028016245;0,028621812;-0,039123238
CLIP512_linear_ridge;479;-0,166851;0,09237656;0,00093740513
CLIP512_linear_ridge;480;-0,0018354202;0,19742268;0,081537045
CLIP512_linear_ridge;481;-0,066806955;-0,051003798;-0,088401811
CLIP512_linear_ridge;482;-0,034965013;-0,24120998;-0,31609865
CLIP512_linear_ridge;483;-0,049061369;-0,30519533;-0,30008248
CLIP512_linear_ridge;484;-0,034319268;-0,087954422;-0,14266045
CLIP512_linear_ridge;485;-0,017852336;0,23876831;0,1575747
CLIP512_linear_ridge;486;0,028581939;0,2364216;0,18353637
CLIP512_linear_ridge;487;-0,10156929;-0,094384156;-0,13329349
CLIP512_linear_ridge;488;-0,020043221;-0,091467716;-0,13197351
CLIP512_linear_ridge;489;-0,029777553;-0,22151384;-0,22676881
CLIP512_linear_ridge;490;-0,064627324;-0,31517906;-0,32920379
CLIP512_linear_ridge;491;-0,017428954;0,01527401;-0,05911075
CLIP512_linear_ridge;492;-0,022887097;0,053920239;-0,019028362
CLIP512_linear_ridge;493;-0,039203408;-0,098928378;-0,15439902
CLIP512_linear_ridge;494;-0,021623123;-0,20241454;-0,17367871
CLIP512_linear_ridge;495;-0,02760694;-0,079367878;-0,064058866
CLIP512_linear_ridge;496;-0,022691784;-0,22346717;-0,19391042
CLIP512_linear_ridge;497;-0,10694252;-0,26702387;-0,2188587
CLIP512_linear_ridge;498;-0,066399357;0,011679327;-0,10672397
CLIP512_linear_ridge;499;-0,019799324;-0,16340206;-0,17563315
CLIP512_linear_ridge;500;-0,046473961;-0,25210255;-0,28081949
CLIP512_linear_ridge;501;-0,016567036;0,0048426479;0,023001728
CLIP512_linear_ridge;502;-0,033043771;-0,095130222;-0,16060234
CLIP512_linear_ridge;503;-0,018703207;0,066128595;0,055924302
CLIP512_linear_ridge;504;-0,082973693;-0,1893923;-0,26810963
CLIP512_linear_ridge;505;-0,058541546;-0,094112859;-0,11631815
CLIP512_linear_ridge;506;-0,0218608;-0,18672002;-0,15097542
CLIP512_linear_ridge;507;-0,064025037;-0,28502442;-0,2951947
CLIP512_linear_ridge;508;-0,056877963;-0,20614487;-0,25972512
CLIP512_linear_ridge;509;-0,040130864;-0,074633749;-0,017944213
CLIP512_linear_ridge;510;-0,064895263;-0,14662235;-0,14334931
CLIP512_linear_ridge;511;-0,024669007;-0,15428649;-0,1821084
CLIP512_linear_ridge;512;-0,047371604;-0,31254748;-0,27086666
CLIP512_linear_ridge;513;-0,032128696;-0,028648942;-0,065216158
CLIP512_linear_ridge;514;-0,048597246;-0,2195198;-0,2076522
CLIP512_linear_ridge;515;-0,029935212;-0,22725176;-0,24233859
CLIP512_linear_ridge;516;-0,023836176;-0,035078676;-0,12075452
CLIP512_linear_ridge;517;-0,013867255;-0,059454693;-0,04095714
CLIP512_linear_ridge;518;-0,051722156;-0,041182854;-0,091191924
CLIP512_linear_ridge;519;-0,057471715;-0,15233315;-0,12483817
CLIP512_linear_ridge;520;-0,049626432;-0,19875203;-0,22491598
CLIP512_linear_ridge;521;-0,045549324;-0,12955779;-0,19563587
CLIP512_linear_ridge;522;-0,01017994;-0,052197504;-0,075773406
CLIP512_linear_ridge;523;-0,024565701;-0,093027672;-0,10405801
CLIP512_linear_ridge;524;-0,019347325;-0,12148671;-0,11998627
CLIP512_linear_ridge;525;-0,089251026;-0,034007054;-0,133386
CLIP512_linear_ridge;526;-0,038205369;-0,15356755;-0,22002106
CLIP512_linear_ridge;527;-0,0013814306;0,0069858926;0,019717936
CLIP512_linear_ridge;528;-0,073243428;-0,28392566;-0,33188252
CLIP512_linear_ridge;529;-0,060575096;-0,1544357;-0,12508361
CLIP512_linear_ridge;530;-0,01705219;-0,085906131;-0,072686076
CLIP512_linear_ridge;531;-0,013303841;-0,076207271;-0,085749101
CLIP512_linear_ridge;532;-0,058215176;-0,13358654;-0,12689288
CLIP512_linear_ridge;533;-0,056796787;-0,095903418;-0,078747717
CLIP512_linear_ridge;534;-0,025437169;-0,077604449;-0,079720496
CLIP512_linear_ridge;535;-0,014489776;-0,086394466;-0,021855301
CLIP512_linear_ridge;536;-0,018515937;-0,13133478;-0,1530964
CLIP512_linear_ridge;537;-0,058829546;-0,29009767;-0,320799
CLIP512_linear_ridge;538;-0,051944787;-0,26007868;-0,27875656
CLIP512_linear_ridge;539;-0,028425378;-0,17806565;-0,14694155
CLIP512_linear_ridge;540;-0,017627226;-0,19333966;-0,142352
CLIP512_linear_ridge;541;-0,027463347;-0,19310906;-0,19982551
CLIP512_linear_ridge;542;-0,086475526;-0,23134835;-0,19428407
CLIP512_linear_ridge;543;-0,047846683;-0,16923494;-0,15857343
CLIP512_linear_ridge;544;-0,060403946;-0,27740098;-0,29344581
CLIP512_linear_ridge;545;0,0067617844;0,080330982;0,082704423
CLIP512_linear_ridge;546;-0,086794897;-0,22208356;-0,18231586
CLIP512_linear_ridge;547;-0,033272169;-0,18670646;-0,20573926
CLIP512_linear_ridge;548;-0,0098671534;-0,036299512;-0,065433222
CLIP512_linear_ridge;549;-0,040593818;-0,065938687;-0,1778822
CLIP512_linear_ridge;550;0,014413499;0,15983451;0,12294463
CLIP512_linear_ridge;551;-0,028441823;0,089188823;0,065007461
CLIP512_linear_ridge;552;-0,043047174;-0,19503527;-0,21390516
CLIP512_linear_ridge;553;-0,052087117;0,015884428;-0,064026487
CLIP512_linear_ridge;554;-0,14657719;0,041318502;-0,017378723
CLIP512_linear_ridge;555;-0,040562458;-0,24228161;-0,22197143
CLIP512_linear_ridge;556;-0,02060601;-0,13579761;-0,15315441
CLIP512_linear_ridge;557;-0,035671926;-0,24122355;-0,24935737
CLIP512_linear_ridge;558;-0,046845779;-0,27950353;-0,32635115
CLIP512_linear_ridge;559;-0,045342715;-0,16711883;-0,20164384
CLIP512_linear_ridge;560;-0,088533779;-0,14095225;-0,1502866
CLIP512_linear_ridge;561;-0,13355157;-0,29352957;-0,3635043
CLIP512_linear_ridge;562;-0,031440003;-0,18948725;-0,2149735
CLIP512_linear_ridge;563;-0,043558039;-0,2606484;-0,26305866
CLIP512_linear_ridge;564;-0,028059179;-0,17269398;-0,18713438
CLIP512_linear_ridge;565;-0,050510993;-0,17383342;-0,074851965
CLIP512_linear_ridge;566;-0,036029226;0,048114487;0,08996322
CLIP512_linear_ridge;567;-0,032797538;0,033220293;-0,016413105
CLIP512_linear_ridge;568;-0,030441567;-0,068719479;-0,11096968
CLIP512_linear_ridge;569;-0,029605682;-0,047639718;-0,069781832
CLIP512_linear_ridge;570;-0,061414902;0,064690722;-0,04822399
CLIP512_linear_ridge;571;-0,0830737;-0,44129137;-0,45232472
CLIP512_linear_ridge;572;-0,064312263;-0,045103093;-0,076301374
CLIP512_linear_ridge;573;-0,020418098;-0,1294764;-0,14813618
CLIP512_linear_ridge;574;-0,042443325;-0,098331525;-0,067059986
CLIP512_linear_ridge;575;-0,084719658;-0,12950353;-0,17805004
CLIP512_linear_ridge;576;-0,12946623;0,0082609875;0,04296838
CLIP512_linear_ridge;577;-0,016602689;0,05081389;0,031261359
CLIP512_linear_ridge;578;-0,03209812;-0,24317689;-0,25291777
CLIP512_linear_ridge;579;-0,035084966;-0,22653283;-0,23752889
CLIP512_linear_ridge;580;-0,17471609;-0,071961476;-0,0021714944
CLIP512_linear_ridge;581;-0,057921609;-0,24777537;-0,28541271
CLIP512_linear_ridge;582;0,043317697;0,25345903;0,21533255
CLIP512_linear_ridge;583;-0,1348015;-0,2430955;-0,26077149
CLIP512_linear_ridge;584;-0,004621183;-0,027889311;0,0057395834
CLIP512_linear_ridge;585;-0,018021473;-0,11483993;-0,14563389
CLIP512_linear_ridge;586;-0,046995201;-0,11614216;-0,069964399
CLIP512_linear_ridge;587;-0,080506565;-0,23731687;-0,27615847
CLIP512_linear_ridge;588;-0,057444047;-0,22991047;-0,21745111
CLIP512_linear_ridge;589;-0,028770445;-0,0064161693;-0,064261414
CLIP512_linear_ridge;590;-0,028023096;-0,11444655;-0,17115954
CLIP512_linear_ridge;591;-0,01259892;-0,049877916;-0,076116568
CLIP512_linear_ridge;592;-0,033541417;-0,034793814;-0,043482914
CLIP512_linear_ridge;593;-0,011361287;-0,084712425;-0,090698186
CLIP512_linear_ridge;594;-0,12556293;-0,21551818;-0,20176203
CLIP512_linear_ridge;595;0,0030677375;0,0080575149;0,056987261
CLIP512_linear_ridge;596;-0,056712189;-0,30240098;-0,33217647
CLIP512_linear_ridge;597;-0,097325226;-0,26935703;-0,18418175
CLIP512_linear_ridge;598;-0,022255747;-0,12262615;-0,10092851
CLIP512_linear_ridge;599;-0,037782779;-0,22300597;-0,1855986
CLIP512_linear_ridge;600;-0,027331471;-0,20986164;-0,20499482
CLIP512_linear_ridge;601;-0,015800388;-0,12516278;-0,11189993
CLIP512_linear_ridge;602;-0,029189773;-0,13202659;-0,16617166
CLIP512_linear_ridge;603;0,0023044836;0,18366793;0,1499013
CLIP512_linear_ridge;604;-0,053912525;-0,13004612;-0,15362991
CLIP512_linear_ridge;605;-0,05616245;-0,35299783;-0,34031011
CLIP512_linear_ridge;606;-0,014416487;0,0083559414;-0,0062378687
CLIP512_linear_ridge;607;-0,080154898;-0,22117472;-0,19803572
CLIP512_linear_ridge;608;0,07339778;0,19867065;0,28099698
CLIP512_linear_ridge;609;-0,091380299;0,0032555616;-0,063761739
CLIP512_linear_ridge;610;-0,30469051;-0,16592512;-0,17824307
CLIP512_linear_ridge;611;-0,046770334;-0,057107976;-0,047860083
CLIP512_linear_ridge;612;-0,078960988;0,050379816;0,036588349
CLIP512_linear_ridge;613;-0,030500794;-0,22048291;-0,21203118
CLIP512_linear_ridge;614;-0,05143548;-0,077618014;-0,057403754
CLIP512_linear_ridge;615;-0,020527448;-0,10231959;-0,12610615
CLIP512_linear_ridge;616;-0,018268161;-0,055656538;-0,070065844
CLIP512_linear_ridge;617;-0,041529493;-0,26277808;-0,26837916
CLIP512_linear_ridge;618;0,069286063;0,24343462;0,26375165
CLIP512_linear_ridge;619;-0,027251738;-0,23453608;-0,25174174
CLIP512_linear_ridge;620;-0,043978725;-0,11611503;-0,141485
CLIP512_linear_ridge;621;-0,083492429;0,055534455;0,04557951
CLIP512_linear_ridge;622;-0,08635464;-0,23639447;-0,14634499
CLIP512_linear_ridge;623;-0,068104465;-0,12938144;-0,21600792
CLIP512_linear_ridge;624;-0,049370721;-0,2242268;-0,26316058
CLIP512_linear_ridge;625;-0,13680444;-0,10590071;-0,1784154
CLIP512_linear_ridge;626;-0,031207671;-0,006945198;-0,032684255
CLIP512_linear_ridge;627;-0,052648669;-0,24126424;-0,26892942
CLIP512_linear_ridge;628;-0,035406578;-0,26359197;-0,23380738
CLIP512_linear_ridge;629;-0,019223225;0,1054802;0,11034628
CLIP512_linear_ridge;630;-0,13977941;0,092268041;0,032069347
CLIP512_linear_ridge;631;-0,050150798;-0,2294357;-0,25296166
CLIP512_linear_ridge;632;-0,030579033;-0,045184482;-0,036824469
CLIP512_linear_ridge;633;-0,021310191;-0,024877916;-0,071701573
CLIP512_linear_ridge;634;-0,1476587;-0,13347802;-0,16933991
CLIP512_linear_ridge;635;0,12039215;0,30165491;0,34804179
CLIP512_linear_ridge;636;-0,31585262;-0,083830711;-0,086682917
CLIP512_linear_ridge;637;-0,048770271;-0,082908302;-0,16992169
CLIP512_linear_ridge;638;-0,049071331;-0,090775909;-0,19541369
CLIP512_linear_ridge;639;-0,035649258;-0,19002984;-0,171032
CLIP512_linear_ridge;640;0,031525571;0,26299512;0,17820053
CLIP512_linear_ridge;641;-0,096804589;-0,23312534;-0,32133915
CLIP512_linear_ridge;642;-0,057867695;-0,16696961;-0,12231811
CLIP512_linear_ridge;643;-0,06336165;-0,045048833;-0,020500462
CLIP512_linear_ridge;644;-0,044030268;-0,26668475;-0,21771323
CLIP512_linear_ridge;645;-0,05582201;-0,11970971;-0,1016149
CLIP512_linear_ridge;646;-0,014376083;-0,092200217;-0,12442629
CLIP512_linear_ridge;647;-0,017068929;-0,066359197;-0,047016296
CLIP512_linear_ridge;648;-0,072986931;-0,24811449;-0,18259204
CLIP512_linear_ridge;649;-0,05034984;0,063781877;-0,01114489
CLIP512_linear_ridge;650;-0,10920329;-0,16233044;-0,17360497
CLIP512_linear_ridge;651;-0,015220138;0,0051410743;-0,017081162
CLIP512_linear_ridge;652;-0,079191075;-0,30926479;-0,31806167
CLIP512_linear_ridge;653;-0,039450641;-0,18708627;-0,25642018
CLIP512_linear_ridge;654;-0,057801492;-0,27999186;-0,33244541
CLIP512_linear_ridge;655;-0,09502555;-0,064989148;-0,018092126
CLIP512_linear_ridge;656;-0,014515384;0,15876289;0,1354581
CLIP512_linear_ridge;657;-0,033090658;0,0016549105;-0,034554607
CLIP512_linear_ridge;658;-0,026747121;-0,15413728;-0,17579159
CLIP512_linear_ridge;659;-0,13301108;-0,05801682;-0,13218157
CLIP512_linear_ridge;660;-0,040338761;-0,26926207;-0,26914562
CLIP512_linear_ridge;661;-0,014899486;-0,10165491;-0,091868003
CLIP512_linear_ridge;662;-0,031032402;-0,12859468;-0,15613761
CLIP512_linear_ridge;663;-0,03096479;-0,19380087;-0,22740089
CLIP512_linear_ridge;664;-0,019568218;-0,15561584;-0,13008322
CLIP512_linear_ridge;665;-0,030490077;0,060933261;-0,014124713
CLIP512_linear_ridge;666;-0,07400696;-0,1497694;-0,21218424
CLIP512_linear_ridge;667;-0,049829045;0,019818231;-0,036368031
CLIP512_linear_ridge;668;-0,10630502;-0,052658709;-0,16367974
CLIP512_linear_ridge;669;-0,017221685;-0,11483993;-0,12354292
CLIP512_linear_ridge;670;-0,029046772;-0,085187195;-0,079213372
CLIP512_linear_ridge;671;-0,01696232;-0,083722192;-0,13044184
CLIP512_linear_ridge;672;-0,076169805;-0,095998372;-0,11013504
CLIP512_linear_ridge;673;-0,0260016;-0,19966088;-0,18249257
CLIP512_linear_ridge;674;-0,021938871;-0,14731416;-0,1444129
CLIP512_linear_ridge;675;-0,039375305;-0,23646229;-0,23767578
CLIP512_linear_ridge;676;-0,020930643;-0,17277537;-0,16887999
CLIP512_linear_ridge;677;-0,16820392;0,089202387;0,082520637
CLIP512_linear_ridge;678;-0,031502517;-0,026532827;-0,10639013
CLIP512_linear_ridge;679;-0,029498963;-0,1554395;-0,13197995
CLIP512_linear_ridge;680;-0,036421154;-0,044723277;-0,12354663
CLIP512_linear_ridge;681;-0,036097835;-0,26795985;-0,22430538
CLIP512_linear_ridge;682;-0,10621643;-0,024416712;-0,1738181
CLIP512_linear_ridge;683;-0,16255105;-0,098073793;-0,10646068
CLIP512_linear_ridge;684;-0,1102389;-0,070971243;-0,10137568
CLIP512_linear_ridge;685;-0,055937761;-0,35824742;-0,37353115
CLIP512_linear_ridge;686;0,0011658198;0,015368964;0,038658396
CLIP512_linear_ridge;687;-0,053183346;-0,21607434;-0,19818055
CLIP512_linear_ridge;688;-0,025551901;-0,16227618;-0,16254278
CLIP512_linear_ridge;689;-0,039279564;-0,18088714;-0,22673852
CLIP512_linear_ridge;690;-0,055041999;0,022395551;-0,11274836
CLIP512_linear_ridge;691;-0,0027488291;-0,0065382528;0,021129507
CLIP512_linear_ridge;692;-0,047432745;-0,15807108;-0,15269005
CLIP512_linear_ridge;693;-0,072309227;0,18685567;0,040628454
CLIP512_linear_ridge;694;-0,017810317;0,077455236;0,042134325
CLIP512_linear_ridge;695;-0,14420535;-0,049403147;-0,065118408
CLIP512_linear_ridge;696;-0,041333821;-0,12637005;-0,18535359
CLIP512_linear_ridge;697;-0,034019878;-0,04829083;-0,060210867
CLIP512_linear_ridge;698;-0,13415577;-0,030195334;-0,14756814
CLIP512_linear_ridge;699;-0,26192081;0,079381443;-0,03085643
CLIP512_linear_ridge;700;0,0059405956;0,20455779;0,1866132
CLIP512_linear_ridge;701;-0,02344666;-0,17338578;-0,19167651
CLIP512_linear_ridge;702;-0,03370022;-0,06401248;-0,040876162
CLIP512_linear_ridge;703;-0,034110336;-0,3185974;-0,28746757
CLIP512_linear_ridge;704;-0,007030663;-0,072653283;-0,042932512
CLIP512_linear_ridge;705;-0,050769004;-0,34709712;-0,37038666
CLIP512_linear_ridge;706;-0,30213425;-0,053947368;-0,084863205
CLIP512_linear_ridge;707;-0,036123777;0,0041915355;-0,098304466
CLIP512_linear_ridge;708;-0,055567894;-0,20318774;-0,17676905
CLIP512_linear_ridge;709;-0,019714113;0,049538795;0,039208263
CLIP512_linear_ridge;710;-0,073652057;-0,34698861;-0,34562698
CLIP512_linear_ridge;711;-0,043057083;-0,06020076;-0,095953564
CLIP512_linear_ridge;712;-0,060258224;-0,15978025;-0,092207868
CLIP512_linear_ridge;713;-0,063928538;-0,13827998;-0,15876625
CLIP512_linear_ridge;714;-0,034032713;0,023223006;-0,036192319
CLIP512_linear_ridge;715;-0,040962088;-0,21218123;-0,22195394
CLIP512_linear_ridge;716;0,015187506;0,11285947;0,14770694
CLIP512_linear_ridge;717;-0,041558692;0;0,028001385
CLIP512_linear_ridge;718;-0,062356134;-0,20550733;-0,25608982
CLIP512_linear_ridge;719;-0,037492665;0,071893652;0,070498511
CLIP512_linear_ridge;720;-0,00031909724;0,077455236;0,089328581
CLIP512_linear_ridge;721;-0,013856719;-0,084115572;-0,1009387
CLIP512_linear_ridge;722;-0,041613832;-0,25984807;-0,30766328
CLIP512_linear_ridge;723;-0,060337502;-0,24713782;-0,20146419
CLIP512_linear_ridge;724;-0,06272017;-0,21329354;-0,17569528
CLIP512_linear_ridge;725;-0,043565979;-0,25950895;-0,24568131
CLIP512_linear_ridge;726;-0,021124394;-0,028241997;-0,070975104
CLIP512_linear_ridge;727;-0,0082268564;-0,031511123;-0,069316831
CLIP512_linear_ridge;728;0,017323517;0,1640803;0,13456463
CLIP512_linear_ridge;729;-0,053939454;-0,075854585;-0,070978079
CLIP512_linear_ridge;730;-0,068194587;-0,12733315;-0,20715143
CLIP512_linear_ridge;731;-0,006549331;-0,030453066;-0,019021904
CLIP512_linear_ridge;732;-0,036680892;-0,19647314;-0,2627023
CLIP512_linear_ridge;733;-0,18333435;-0,25760988;-0,23134547
CLIP512_linear_ridge;734;-0,018422128;-0,12072708;-0,14307816
CLIP512_linear_ridge;735;-0,090069456;-0,063836137;-0,19075211
CLIP512_linear_ridge;736;-0,01989194;-0,0018990776;-0,0087471037
CLIP512_linear_ridge;737;-0,017717323;0,013497016;0,047117077
CLIP512_linear_ridge;738;-0,026349303;-0,18137547;-0,20376663
CLIP512_linear_ridge;739;-0,033919352;-0,11848888;-0,17144834
CLIP512_linear_ridge;740;-0,076281801;0,029747694;-0,01285279
CLIP512_linear_ridge;741;-0,02452093;0,04747694;0,05900886
CLIP512_linear_ridge;742;0,013100163;0,068109061;0,12111214
CLIP512_linear_ridge;743;-0,030396205;0,031768855;-0,02494927
CLIP512_linear_ridge;744;-0,058291648;-0,20657895;-0,21829642
CLIP512_linear_ridge;745;-0,00029607788;0,058003256;0,043042092
CLIP512_linear_ridge;746;-0,061447885;-0,058355941;-0,064570528
CLIP512_linear_ridge;747;-0,13976129;-0,081728161;0,0045363694
CLIP512_linear_ridge;748;-0,0059609262;0,039907759;-0,0063999262
CLIP512_linear_ridge;749;-0,077758109;-0,059088443;-0,097090783
CLIP512_linear_ridge;750;-0,014039771;0,18865979;0,14378934
CLIP512_linear_ridge;751;-0,059508683;-0,3265057;-0,34891542
CLIP512_linear_ridge;752;-0,10875295;-0,29635106;-0,26926188
CLIP512_linear_ridge;753;-0,064634156;-0,093353228;-0,082023192
CLIP512_linear_ridge;754;-0,0042755373;0,0070401519;0,011348567
CLIP512_linear_ridge;755;-0,10183085;-0,22712968;-0,21524289
CLIP512_linear_ridge;756;-0,079317348;-0,25135648;-0,20722908
CLIP512_linear_ridge;757;-0,0053323591;0,010268584;0,026539739
CLIP512_linear_ridge;758;-0,05374925;-0,24461476;-0,2760691
CLIP512_linear_ridge;759;-0,014263609;-0,094234943;-0,090384499
CLIP512_linear_ridge;760;-0,04984984;-0,28419696;-0,25605754
CLIP512_linear_ridge;761;-0,041149489;-0,077767227;-0,078010505
CLIP512_linear_ridge;762;-0,02350379;0,0046527401;0,040170792
CLIP512_linear_ridge;763;-0,074014181;-0,35930548;-0,37616741
CLIP512_linear_ridge;764;-0,06542162;-0,11865165;-0,13420995
CLIP512_linear_ridge;765;0,0046294892;0,2408573;0,24394606
CLIP512_linear_ridge;766;-0,029613409;-0,22695334;-0,20269493
CLIP512_linear_ridge;767;-0,070094133;-0,28076506;-0,26417652
CLIP512_linear_ridge;768;-0,032415572;-0,093868692;-0,07654134
CLIP512_linear_ridge;769;-0,043979033;-0,31497558;-0,34804337
CLIP512_linear_ridge;770;-0,021711811;0,092132393;-0,009859232
CLIP512_linear_ridge;771;-0,014114911;-0,074389582;-0,072858947
CLIP512_linear_ridge;772;-0,10434197;-0,14253934;-0,14433774
CLIP512_linear_ridge;773;-0,13123146;-0,45908844;-0,45671267
CLIP512_linear_ridge;774;-0,020677964;0,11262887;-0,0074771873
CLIP512_linear_ridge;775;-0,021606318;0,071934346;0,007660469
CLIP512_linear_ridge;776;-0,047730372;-0,31105534;-0,31631283
CLIP512_linear_ridge;777;-0,22330155;-0,0015192621;-0,022387152
CLIP512_linear_ridge;778;-0,021019804;0,045021704;0,0088236668
CLIP512_linear_ridge;779;-0,037756657;-0,17086272;-0,21648778
CLIP512_linear_ridge;780;-0,072926069;-0,28997558;-0,35177493
CLIP512_linear_ridge;781;-0,0503131;0,10527672;0,023796499
CLIP512_linear_ridge;782;-0,045367765;-0,11667119;-0,15365956
CLIP512_linear_ridge;783;-0,21203211;-0,10486978;-0,14297525
CLIP512_linear_ridge;784;-0,034586257;-0,21440586;-0,19639737
CLIP512_linear_ridge;785;-0,01444497;0,024443842;0,0063758039
CLIP512_linear_ridge;786;-0,053195923;-0,081470429;-0,099884047
CLIP512_linear_ridge;787;0,010358185;0,15902062;0,10429896
CLIP512_linear_ridge;788;-0,070954595;-0,13524145;-0,17201751
CLIP512_linear_ridge;789;-0,10778831;-0,16762073;-0,060850104
CLIP512_linear_ridge;790;-0,031416363;-0,17563755;-0,17436507
CLIP512_linear_ridge;791;-0,020053305;-0,061136734;-0,065542779
CLIP512_linear_ridge;792;-0,04186423;-0,21052632;-0,26762683
CLIP512_linear_ridge;793;-0,082213099;-0,3413185;-0,34704877
CLIP512_linear_ridge;794;-0,047272452;-0,29867065;-0,29919871
CLIP512_linear_ridge;795;-0,073954751;-0,1319045;-0,19455587
CLIP512_linear_ridge;796;0,0060081691;0,13743896;0,098577765
CLIP512_linear_ridge;797;-0,024117004;-0,10358112;-0,12675014
CLIP512_linear_ridge;798;-0,03392132;-0,21866522;-0,24774322
CLIP512_linear_ridge;799;-0,072251104;-0,03856484;-0,1446747
CLIP512_linear_ridge;800;-0,10260391;-0,18380358;-0,20799676
CLIP512_linear_ridge;801;-0,033560515;0,049837222;-0,0014855358
CLIP512_linear_ridge;802;-0,046668464;-0,17674986;-0,20965389
CLIP512_linear_ridge;803;-0,04841628;-0,17438958;-0,18525782
CLIP512_linear_ridge;804;-0,019607518;0,083369506;0,097876874
CLIP512_linear_ridge;805;-0,021997414;-0,044072165;-0,021593207
CLIP512_linear_ridge;806;-0,008799429;-0,026437873;-0,051598654
CLIP512_linear_ridge;807;-0,02649061;0,06903147;0,070976065
CLIP512_linear_ridge;808;-0,028974971;-0,24929463;-0,23174849
CLIP512_linear_ridge;809;-0,10560575;0,084549647;0,095425105
CLIP512_linear_ridge;810;-0,032433401;-0,14076234;-0,16775493
CLIP512_linear_ridge;811;0,0036197127;0,1819045;0,23224677
CLIP512_linear_ridge;812;-0,047739566;-0,23700488;-0,20974957
CLIP512_linear_ridge;813;-0,026030463;-0,18426479;-0,17497561
CLIP512_linear_ridge;814;-0,03687551;-0,19461476;-0,17622345
CLIP512_linear_ridge;815;-0,047318933;-0,22592241;-0,25710327
CLIP512_linear_ridge;816;-0,030953329;-0,1663592;-0,17588552
CLIP512_linear_ridge;817;-0,0081998015;-0,052618014;-0,081347635
CLIP512_linear_ridge;818;-0,012193972;-0,058084645;-0,034864846
CLIP512_linear_ridge;819;-0,014404763;-0,094804666;-0,11191689
CLIP512_linear_ridge;820;-0,030882759;0,24727347;0,15631581
CLIP512_linear_ridge;821;0,0016880412;0,057243625;0,041473091
CLIP512_linear_ridge;822;-0,0243679;-0,0093326099;-0,064012855
CLIP512_linear_ridge;823;-0,24661082;-0,17443028;-0,017671892
CLIP512_linear_ridge;824;-0,02660454;-0,27312805;-0,28880854
CLIP512_linear_ridge;825;-0,17604302;0,093651655;0,010870972
CLIP512_linear_ridge;826;0,011754305;0,058193163;0,11400794
CLIP512_linear_ridge;827;-0,023623975;-0,008559414;-0,021375657
CLIP512_linear_ridge;828;-0,010745878;-0,066304938;-0,058548025
CLIP512_linear_ridge;829;-0,090349257;-0,0022110689;-0,021645861
CLIP512_linear_ridge;830;-0,038886159;-0,265586;-0,2699282
CLIP512_linear_ridge;831;-0,016294589;-0,11096039;-0,12485781
CLIP512_linear_ridge;832;-0,062975127;-0,23897179;-0,2311893
CLIP512_linear_ridge;833;-0,019197085;-0,068109061;-0,1029891
CLIP512_linear_ridge;834;-0,12898303;-0,41838036;-0,41621007
CLIP512_linear_ridge;835;-0,046445466;0,16467716;0,017573297
CLIP512_linear_ridge;836;-0,025632346;-0,14116929;-0,12330249
CLIP512_linear_ridge;837;-0,090683341;-0,087940857;-0,075154182
CLIP512_linear_ridge;838;-0,12597646;-0,051519262;-0,035306116
CLIP512_linear_ridge;839;-0,041497279;-0,19104721;-0,18302961
CLIP512_linear_ridge;840;-0,080423936;-0,1413185;-0,152403
CLIP512_linear_ridge;841;-0,01782136;-0,17310092;-0,16729886
CLIP512_linear_ridge;842;-0,053575228;-0,16028215;-0,15655825
CLIP512_linear_ridge;843;-0,061708176;-0,2225312;-0,070508629
CLIP512_linear_ridge;844;-0,017642352;0,016101465;-0,0083408704
CLIP512_linear_ridge;845;0,009874707;0,17733315;0,14554321
CLIP512_linear_ridge;846;-0,054093796;-0,35599566;-0,33036037
CLIP512_linear_ridge;847;-0,023190519;-0,13559414;-0,12843473
CLIP512_linear_ridge;848;-0,035462065;-0,2138904;-0,22069374
CLIP512_linear_ridge;849;-0,00013465232;0,034169832;0,029646427
CLIP512_linear_ridge;850;-0,016610771;-0,16296799;-0,15961415
CLIP512_linear_ridge;851;-0,02496524;-0,099525231;-0,13512213
CLIP512_linear_ridge;852;0,045470567;0,29636462;0,2452822
CLIP512_linear_ridge;853;-0,040192728;-0,23392566;-0,19845123
CLIP512_linear_ridge;854;-0,019980093;0,0094411286;-0,067833989
CLIP512_linear_ridge;855;-0,044071446;-0,25552089;-0,280739
CLIP512_linear_ridge;856;-0,10294155;-0,16391753;-0,22289141
CLIP512_linear_ridge;857;-0,025657277;0,074308193;0,040445958
CLIP512_linear_ridge;858;-0,023586906;-0,16715952;-0,13053932
CLIP512_linear_ridge;859;-0,08028135;-0,098467173;-0,14885771
CLIP512_linear_ridge;860;-0,07840342;-0,032067282;-0,12757647
CLIP512_linear_ridge;861;-0,1261508;-0,4621134;-0,49418467
CLIP512_linear_ridge;862;-0,027597394;0,019845361;-0,044295947
CLIP512_linear_ridge;863;-0,042986267;-0,24476397;-0,24668688
CLIP512_linear_ridge;864;-0,030406399;-0,19228161;-0,1896844
CLIP512_linear_ridge;865;-0,065031573;-0,015206186;-0,015669591
CLIP512_linear_ridge;866;-0,048909678;-0,20036625;-0,23048592
CLIP512_linear_ridge;867;-0,024004035;-0,077373847;-0,088161266
CLIP512_linear_ridge;868;-0,017381721;0,14519805;0,092164616
CLIP512_linear_ridge;869;-0,02712088;-0,12802496;-0,1532369
CLIP512_linear_ridge;870;-0,039370209;-0,16047206;-0,16311617
CLIP512_linear_ridge;871;-0,099784699;-0,29464189;-0,23730826
CLIP512_linear_ridge;872;-0,0090813255;-0,039880629;-0,049981394
CLIP512_linear_ridge;873;0,015184946;0,18924308;0,1367207
CLIP512_linear_ridge;874;-0,0069769386;-0,0013157895;-0,014112232
CLIP512_linear_ridge;875;-0,051400723;-0,11250678;-0,12937499
CLIP512_linear_ridge;876;-0,03399844;-0,24597124;-0,24999044
CLIP512_linear_ridge;877;-0,032915388;-0,14655453;-0,16226913
CLIP512_linear_ridge;878;-0,056685328;-0,29858926;-0,30484709
CLIP512_linear_ridge;879;-0,047127453;-0,28596039;-0,29176135
CLIP512_linear_ridge;880;-0,035944624;-0,29997287;-0,27102791
CLIP512_linear_ridge;881;-0,058276032;-0,24407216;-0,31938815
CLIP512_linear_ridge;882;-0,04677092;0,035024417;-0,088881824
CLIP512_linear_ridge;883;-0,030427357;-0,068393923;-0,10099545
CLIP512_linear_ridge;884;-0,16015633;-0,092973413;-0,18804535
CLIP512_linear_ridge;885;-0,029784832;-0,019492675;-0,034265666
CLIP512_linear_ridge;886;-0,17336886;-0,24967444;-0,17130305
CLIP512_linear_ridge;887;0,00039619961;0,032609875;0,058262189
CLIP512_linear_ridge;888;-0,010808858;-0,037398264;0,009249887
CLIP512_linear_ridge;889;-0,046223591;-0,11728161;-0,1486573
CLIP512_linear_ridge;890;-0,013582138;0,082664135;0,010536526
CLIP512_linear_ridge;891;-0,037718642;-0,10287575;-0,15180664
CLIP512_linear_ridge;892;-0,027381569;-0,18674715;-0,16887757
CLIP512_linear_ridge;893;-0,022402579;-0,038524145;-0,066345895
CLIP512_linear_ridge;894;-0,053227861;-0,15359468;-0,10442658
CLIP512_linear_ridge;895;0,0027147084;0,13809007;0,086034027
CLIP512_linear_ridge;896;-0,016455147;-0,12228703;-0,1042045
CLIP512_linear_ridge;897;-0,063181301;-0,31892295;-0,36312746
CLIP512_linear_ridge;898;-0,076288769;-0,4227618;-0,3803412
CLIP512_linear_ridge;899;-0,044324427;0,040762344;-0,076459898
CLIP512_linear_ridge;900;-0,046960104;-0,24069452;-0,22727192
CLIP512_linear_ridge;901;-0,023788524;-0,22807922;-0,19891219
CLIP512_linear_ridge;902;-0,053555631;-0,1039338;-0,062768418
CLIP512_linear_ridge;903;-0,047988108;-0,25797613;-0,2641172
CLIP512_linear_ridge;904;-0,01871901;-0,123535;-0,12065251
CLIP512_linear_ridge;905;-0,11211594;0,10185838;-0,012487016
CLIP512_linear_ridge;906;-0,031758934;0,20020347;0,1868742
CLIP512_linear_ridge;907;-0,05349247;-0,30131579;-0,29894071
CLIP512_linear_ridge;908;-0,060213479;-0,26056701;-0,27208207
CLIP512_linear_ridge;909;-0,049812003;-0,25065111;-0,31302142
CLIP512_linear_ridge;910;-0,072238364;-0,10710798;-0,074007587
CLIP512_linear_ridge;911;-0,052304459;-0,29621541;-0,29748198
CLIP512_linear_ridge;912;-0,077171279;-0,14888768;-0,095251337
CLIP512_linear_ridge;913;-0,026265767;-0,1497287;-0,11328459
CLIP512_linear_ridge;914;-0,02368783;-0,11474498;-0,097073309
CLIP512_linear_ridge;915;-0,0089325804;0,1128866;0,037808439
CLIP512_linear_ridge;916;-0,10006736;-0,19244438;-0,2148542
CLIP512_linear_ridge;917;-0,065677734;-0,26543679;-0,30364342
CLIP512_linear_ridge;918;-0,068981167;-0,15902062;-0,22773501
CLIP512_linear_ridge;919;-0,029472138;-0,12736028;-0,10409007
CLIP512_linear_ridge;920;-0,037720315;-0,1997694;-0,22453711
CLIP512_linear_ridge;921;-0,022032728;-0,038239284;-0,10922407
CLIP512_linear_ridge;922;-0,021329769;-0,037588171;-0,076614931
CLIP512_linear_ridge;923;-0,050359932;-0,019221378;-0,087762454
CLIP512_linear_ridge;924;-0,031457126;-0,024918611;-0,075094689
CLIP512_linear_ridge;925;-0,0052369263;0,091386327;0,045529893
CLIP512_linear_ridge;926;-0,05260232;-0,11890939;-0,17769549
CLIP512_linear_ridge;927;-0,1191931;0,14457406;0,09263731
CLIP512_linear_ridge;928;-0,032739869;-0,0056158437;-0,0017991277
CLIP512_linear_ridge;929;-0,025053422;-0,1510038;-0,15411031
CLIP512_linear_ridge;930;-0,12463684;-0,13720836;-0,15513563
CLIP512_linear_ridge;931;-0,023922895;-0,21934346;-0,19178147
CLIP512_linear_ridge;932;-0,018009313;-0,087398264;-0,15219556
CLIP512_linear_ridge;933;0,075479722;0,28621812;0,27666621
CLIP512_linear_ridge;934;-0,070150888;-0,015043407;-0,077511547
CLIP512_linear_ridge;935;-0,11039149;-0,022273467;-0,10511256
CLIP512_linear_ridge;936;-0,056198803;0,0051003798;-0,048889417
CLIP512_linear_ridge;937;0,0029555175;0,10534455;0,1211606
CLIP512_linear_ridge;938;0,071499455;0,38890396;0,29432591
CLIP512_linear_ridge;939;-0,021364449;-0,21790559;-0,1808837
CLIP512_linear_ridge;940;-0,044461081;-0,07455236;-0,15078908
CLIP512_linear_ridge;941;-0,053982052;-0,23701845;-0,3095567
CLIP512_linear_ridge;942;-0,061166109;-0,12894737;-0,15734563
CLIP512_linear_ridge;943;-0,094456916;0,049443842;-0,053617238
CLIP512_linear_ridge;944;-0,032888229;-0,038185024;-0,047252818
CLIP512_linear_ridge;945;-0,045951688;-0,25264514;-0,29180411
CLIP512_linear_ridge;946;-0,010321544;-0,053486164;-0,060329144
CLIP512_linear_ridge;947;-0,1537795;0,068719479;0,0099681781
CLIP512_linear_ridge;948;-0,017722725;-0,024213239;-0,083306122
CLIP512_linear_ridge;949;-0,071818158;-0,13035811;-0,14521584
CLIP512_linear_ridge;950;-0,08849168;-0,29481823;-0,3038551
CLIP512_linear_ridge;951;-0,052790618;-0,33213511;-0,36470975
CLIP512_linear_ridge;952;-0,029845534;-0,1329083;-0,15319564
CLIP512_linear_ridge;953;-0,017757179;-0,078323386;-0,060484326
CLIP512_linear_ridge;954;-0,065394965;0,13532284;0,070051933
CLIP512_linear_ridge;955;-0,0038715561;0,031144872;0,01791226
CLIP512_linear_ridge;956;-0,030992054;-0,0045577862;-0,062668175
CLIP512_linear_ridge;957;-0,12017071;-0,0060363538;-0,028661099
CLIP512_linear_ridge;958;-0,064600893;-0,060661964;-0,053228221
CLIP512_linear_ridge;959;-0,020825215;-0,12200217;-0,14667664
CLIP512_linear_ridge;960;0,00036648423;0,12386055;0,076885714
CLIP512_linear_ridge;961;-0,041768243;-0,19032827;-0,23135373
CLIP512_linear_ridge;962;-0,02992399;0,017417254;-0,026830404
CLIP512_linear_ridge;963;-0,042624572;-0,31292729;-0,31769004
CLIP512_linear_ridge;964;-0,023849437;-0,20431362;-0,22404931
CLIP512_linear_ridge;965;-0,15155505;-0,29681226;-0,23518042
CLIP512_linear_ridge;966;-0,03005406;-0,007542051;-0,054330567
CLIP512_linear_ridge;967;-0,065074363;-0,30158709;-0,29884172
CLIP512_linear_ridge;968;-0,06705725;-0,11456864;-0,18514258
CLIP512_linear_ridge;969;-0,027353113;-0,1457949;-0,21222889
CLIP512_linear_ridge;970;-0,031539228;-0,22049647;-0,24026187
CLIP512_linear_ridge;971;-0,064936287;-0,069886055;-0,15134038
CLIP512_linear_ridge;972;-0,033831569;-0,15933261;-0,19798172
CLIP512_linear_ridge;973;-0,022181552;-0,064880629;-0,11937846
CLIP512_linear_ridge;974;-0,039167185;-0,25358112;-0,24436538
CLIP512_linear_ridge;975;-0,0087042379;-0,0017362995;-0,037370835
CLIP512_linear_ridge;976;-0,020694328;-0,098670646;-0,119035
CLIP512_linear_ridge;977;-0,049116721;-0,31718665;-0,36004697
CLIP512_linear_ridge;978;-0,042265961;-0,26934346;-0,24976592
CLIP512_linear_ridge;979;-0,061078486;-0,31785133;-0,37373159
CLIP512_linear_ridge;980;-0,026401428;-0,068149756;-0,12168922
CLIP512_linear_ridge;981;-0,074982103;-0,14285133;-0,1173015
CLIP512_linear_ridge;982;-0,049017201;-0,23142973;-0,24577404
CLIP512_linear_ridge;983;-0,13787706;-0,35162778;-0,27348219
CLIP512_linear_ridge;984;-0,26059166;-0,17291101;-0,18475346
CLIP512_linear_ridge;985;-0,075436894;-0,33053445;-0,27976996
CLIP512_linear_ridge;986;-0,012919187;-0,036231687;0,007906307
CLIP512_linear_ridge;987;-0,093588763;-0,2942892;-0,26279549
CLIP512_linear_ridge;988;-0,086127843;-0,045333695;-0,16937171
CLIP512_linear_ridge;989;-0,038334776;-0,1410879;-0,15461494
CLIP512_linear_ridge;990;-0,058085715;-0,19806023;-0,16046462
CLIP512_linear_ridge;991;-0,0075658646;-0,038822572;-0,021911451
CLIP512_linear_ridge;992;-0,062303432;-0,28034455;-0,27792685
CLIP512_linear_ridge;993;-0,044065378;-0,1376153;-0,14648779
CLIP512_linear_ridge;994;-0,027911268;-0,21611503;-0,23769197
CLIP512_linear_ridge;995;-0,029306291;-0,18853771;-0,184123
CLIP512_linear_ridge;996;-0,043026782;-0,30934617;-0,27142607
CLIP512_linear_ridge;997;-0,0247221;-0,012520347;-0,083449227
CLIP512_linear_ridge;998;-0,015832532;-0,12866251;-0,10982819
CLIP512_linear_ridge;999;-0,052408604;-0,32212425;-0,31881986
CLIP512_linear_ridge;1000;-0,085407261;-0,36778351;-0,38332355
CLIP512_discarded_PC51plus_ridge;1;-0,057791577;-0,18307108;-0,10278236
CLIP512_discarded_PC51plus_ridge;2;-0,14623414;-0,20252306;-0,19951145
CLIP512_discarded_PC51plus_ridge;3;-0,035450265;-0,17228703;-0,12615375
CLIP512_discarded_PC51plus_ridge;4;-0,092863988;-0,23704558;-0,17230301
CLIP512_discarded_PC51plus_ridge;5;-0,018824214;-0,068800868;-0,079220241
CLIP512_discarded_PC51plus_ridge;6;-0,035317007;-0,18206728;-0,22988552
CLIP512_discarded_PC51plus_ridge;7;-0,03047129;-0,15222463;-0,21978377
CLIP512_discarded_PC51plus_ridge;8;-0,022337485;-0,15328269;-0,18744278
CLIP512_discarded_PC51plus_ridge;9;0,0098471982;0,18159251;0,14198098
CLIP512_discarded_PC51plus_ridge;10;-0,091922997;-0,056823114;0,005214089
CLIP512_discarded_PC51plus_ridge;11;-0,064614016;-0,18894466;-0,21536488
CLIP512_discarded_PC51plus_ridge;12;-0,0033698452;0,0097395551;-0,010243531
CLIP512_discarded_PC51plus_ridge;13;-0,0067669198;-0,098602821;-0,092270323
CLIP512_discarded_PC51plus_ridge;14;-0,020337956;-0,11011937;-0,081490582
CLIP512_discarded_PC51plus_ridge;15;-0,033979745;-0,24099295;-0,2165323
CLIP512_discarded_PC51plus_ridge;16;-0,033219491;-0,059983722;-0,062302741
CLIP512_discarded_PC51plus_ridge;17;-0,018637306;-0,1606077;-0,17613881
CLIP512_discarded_PC51plus_ridge;18;-0,001984282;0,025596853;0,022387294
CLIP512_discarded_PC51plus_ridge;19;-0,01071206;-0,091888226;-0,13133471
CLIP512_discarded_PC51plus_ridge;20;-0,043469981;-0,15710798;-0,11206828
CLIP512_discarded_PC51plus_ridge;21;-0,070251529;-0,20280792;-0,2575776
CLIP512_discarded_PC51plus_ridge;22;-0,033475868;-0,16804124;-0,17698936
CLIP512_discarded_PC51plus_ridge;23;-0,054800862;-0,32670917;-0,23986812
CLIP512_discarded_PC51plus_ridge;24;0,025174609;0,11650841;0,16042324
CLIP512_discarded_PC51plus_ridge;25;-0,039392652;-0,15534455;-0,1489159
CLIP512_discarded_PC51plus_ridge;26;0,0079070009;0,1135784;0,089190509
CLIP512_discarded_PC51plus_ridge;27;-0,028209882;-0,20714867;-0,18980217
CLIP512_discarded_PC51plus_ridge;28;-0,033260843;-0,010295714;-0,0083292862
CLIP512_discarded_PC51plus_ridge;29;-0,020014533;-0,22090342;-0,1743637
CLIP512_discarded_PC51plus_ridge;30;-0,047712239;-0,12400977;-0,17467533
CLIP512_discarded_PC51plus_ridge;31;-0,0003717159;0,043461747;-0,0022984764
CLIP512_discarded_PC51plus_ridge;32;0,0034817565;0,039093869;0,079069773
CLIP512_discarded_PC51plus_ridge;33;-0,0036402106;-0,02200217;0,046885756
CLIP512_discarded_PC51plus_ridge;34;-0,036295415;-0,17936788;-0,2476375
CLIP512_discarded_PC51plus_ridge;35;-0,025393927;-0,20130222;-0,15405493
CLIP512_discarded_PC51plus_ridge;36;0,034262031;0,081578947;0,19991187
CLIP512_discarded_PC51plus_ridge;37;-0,018442713;-0,071283234;-0,078873989
CLIP512_discarded_PC51plus_ridge;38;-0,0096317282;0,032243625;0,017867587
CLIP512_discarded_PC51plus_ridge;39;-0,018743189;0,040151926;-0,065512536
CLIP512_discarded_PC51plus_ridge;40;-0,02559271;-0,21893652;-0,21632049
CLIP512_discarded_PC51plus_ridge;41;-0,040096324;-0,10659251;-0,095964923
CLIP512_discarded_PC51plus_ridge;42;-0,03142409;-0,24622897;-0,17949368
CLIP512_discarded_PC51plus_ridge;43;-0,0014443299;-0,031931633;-0,0075376591
CLIP512_discarded_PC51plus_ridge;44;-0,024907081;0,021459577;0,096289149
CLIP512_discarded_PC51plus_ridge;45;-0,10970772;-0,11500271;-0,10229175
CLIP512_discarded_PC51plus_ridge;46;-0,026562708;-0,13746609;-0,065436795
CLIP512_discarded_PC51plus_ridge;47;-0,24706331;-0,15575149;-0,13199124
CLIP512_discarded_PC51plus_ridge;48;-0,11342877;-0,14959305;-0,20767609
CLIP512_discarded_PC51plus_ridge;49;-0,0048296172;-0,0071622355;0,040402241
CLIP512_discarded_PC51plus_ridge;50;-0,26394441;-0,077333152;-0,18441155
CLIP512_discarded_PC51plus_ridge;51;-0,020488874;-0,1975312;-0,19373581
CLIP512_discarded_PC51plus_ridge;52;-0,011786152;-0,09156267;-0,13458828
CLIP512_discarded_PC51plus_ridge;53;-0,01406801;-0,084400434;-0,094511679
CLIP512_discarded_PC51plus_ridge;54;-0,034205562;-0,16170646;-0,19945143
CLIP512_discarded_PC51plus_ridge;55;-0,083820859;-0,37436245;-0,38051375
CLIP512_discarded_PC51plus_ridge;56;-0,038877719;-0,13440043;-0,15844506
CLIP512_discarded_PC51plus_ridge;57;-0,09515719;-0,17063212;-0,16262924
CLIP512_discarded_PC51plus_ridge;58;-0,017113331;-0,061625068;-0,011654496
CLIP512_discarded_PC51plus_ridge;59;-0,028639242;-0,10801682;0,019271111
CLIP512_discarded_PC51plus_ridge;60;0,0030198508;-0,037764514;0,056586328
CLIP512_discarded_PC51plus_ridge;61;-0,031095794;-0,21250678;-0,23155876
CLIP512_discarded_PC51plus_ridge;62;-0,059563386;-0,1893516;-0,22442876
CLIP512_discarded_PC51plus_ridge;63;-0,02252405;-0,047734672;-0,026827049
CLIP512_discarded_PC51plus_ridge;64;-0,18827359;-0,36504341;-0,37635344
CLIP512_discarded_PC51plus_ridge;65;-0,041755992;-0,20839664;-0,20208266
CLIP512_discarded_PC51plus_ridge;66;-0,060926593;-0,16995388;-0,16428969
CLIP512_discarded_PC51plus_ridge;67;0,017989606;0,070062398;0,13501444
CLIP512_discarded_PC51plus_ridge;68;-0,024282363;-0,02329083;-0,054761892
CLIP512_discarded_PC51plus_ridge;69;0,010722554;0,14449267;0,10360563
CLIP512_discarded_PC51plus_ridge;70;-0,018641429;-0,066549105;-0,0064348833
CLIP512_discarded_PC51plus_ridge;71;-0,025027884;-0,060784048;-0,071712415
CLIP512_discarded_PC51plus_ridge;72;-0,008458801;-0,013781877;0,063856717
CLIP512_discarded_PC51plus_ridge;73;-0,011458067;-0,12213782;-0,14692758
CLIP512_discarded_PC51plus_ridge;74;-0,0044741474;-0,098792729;-0,023374855
CLIP512_discarded_PC51plus_ridge;75;-0,04497958;-0,187656;-0,17682007
CLIP512_discarded_PC51plus_ridge;76;-0,011906897;0,0067010309;-0,059015309
CLIP512_discarded_PC51plus_ridge;77;-0,0069000791;-0,061584373;-0,1101217
CLIP512_discarded_PC51plus_ridge;78;-0,013741901;-0,11775638;-0,14716404
CLIP512_discarded_PC51plus_ridge;79;-0,019070549;-0,077224634;-0,17229878
CLIP512_discarded_PC51plus_ridge;80;-0,0025095015;-0,06233044;-0,022171208
CLIP512_discarded_PC51plus_ridge;81;-0,024391901;-0,14286489;-0,17430009
CLIP512_discarded_PC51plus_ridge;82;-0,0068999897;-0,025230602;-0,026236372
CLIP512_discarded_PC51plus_ridge;83;-0,0040980848;-0,057474227;0,0094644799
CLIP512_discarded_PC51plus_ridge;84;-0,059036018;-0,31984536;-0,29990978
CLIP512_discarded_PC51plus_ridge;85;-0,0015547564;-0,046934346;-0,055984825
CLIP512_discarded_PC51plus_ridge;86;0,0087127187;0,080765057;0,096673052
CLIP512_discarded_PC51plus_ridge;87;-0,017551405;-0,20101736;-0,17562565
CLIP512_discarded_PC51plus_ridge;88;-0,021550129;0,048548562;-0,0099136637
CLIP512_discarded_PC51plus_ridge;89;-0,016030596;-0,055561584;-0,090803859
CLIP512_discarded_PC51plus_ridge;90;-0,018160599;-0,016318502;-0,017582864
CLIP512_discarded_PC51plus_ridge;91;-0,062800693;-0,22885241;-0,17166361
CLIP512_discarded_PC51plus_ridge;92;-0,02455648;-0,20473413;-0,20935464
CLIP512_discarded_PC51plus_ridge;93;-0,013068188;-0,06566739;0,065943388
CLIP512_discarded_PC51plus_ridge;94;-0,024385789;-0,11340206;0,10184087
CLIP512_discarded_PC51plus_ridge;95;-0,063674389;-0,34400434;-0,33990086
CLIP512_discarded_PC51plus_ridge;96;-0,047645282;-0,19574064;-0,25028581
CLIP512_discarded_PC51plus_ridge;97;-0,01775653;-0,10666034;-0,16760286
CLIP512_discarded_PC51plus_ridge;98;-0,19854109;-0,13388497;-0,040698465
CLIP512_discarded_PC51plus_ridge;99;-0,061654431;-0,021283234;-0,015619027
CLIP512_discarded_PC51plus_ridge;100;-0,0065154961;0,036801411;0,034428782
CLIP512_discarded_PC51plus_ridge;101;-0,12005213;-0,19586272;-0,18722469
CLIP512_discarded_PC51plus_ridge;102;-0,015165546;-0,11677971;-0,14501229
CLIP512_discarded_PC51plus_ridge;103;-0,19150278;-0,2294357;-0,20279259
CLIP512_discarded_PC51plus_ridge;104;-0,012268788;-0,025515464;0,023192424
CLIP512_discarded_PC51plus_ridge;105;-0,040068734;-0,13969072;-0,14960537
CLIP512_discarded_PC51plus_ridge;106;-0,092620237;-0,056877374;-0,10368303
CLIP512_discarded_PC51plus_ridge;107;-0,0093948006;-0,068516007;0,017346604
CLIP512_discarded_PC51plus_ridge;108;-0,024942785;-0,084047748;-0,046475354
CLIP512_discarded_PC51plus_ridge;109;-0,044307355;-0,25645686;-0,2751079
CLIP512_discarded_PC51plus_ridge;110;-0,07489053;-0,20831525;-0,2463122
CLIP512_discarded_PC51plus_ridge;111;-0,000443164;0,020998372;0,028358364
CLIP512_discarded_PC51plus_ridge;112;-0,013495948;0,0030792187;0,029127321
CLIP512_discarded_PC51plus_ridge;113;-0,063664597;-0,19321758;-0,18738644
CLIP512_discarded_PC51plus_ridge;114;-0,051970195;-0,1950624;-0,26201036
CLIP512_discarded_PC51plus_ridge;115;-0,046381945;-0,22137819;-0,21489843
CLIP512_discarded_PC51plus_ridge;116;-0,045544965;-0,13113131;-0,10239461
CLIP512_discarded_PC51plus_ridge;117;0,045233389;0,070048833;0,21858902
CLIP512_discarded_PC51plus_ridge;118;-0,092189805;-0,15329626;-0,15696984
CLIP512_discarded_PC51plus_ridge;119;-0,03282372;-0,060634835;-0,037322245
CLIP512_discarded_PC51plus_ridge;120;-0,10918797;-0,074118285;-0,14095352
CLIP512_discarded_PC51plus_ridge;121;-0,034061036;-0,066413456;0,036992148
CLIP512_discarded_PC51plus_ridge;122;-0,051183986;-0,35610418;-0,31345963
CLIP512_discarded_PC51plus_ridge;123;-0,036650267;-0,18876831;-0,24519085
CLIP512_discarded_PC51plus_ridge;124;-0,048169915;-0,095564297;-0,16622192
CLIP512_discarded_PC51plus_ridge;125;-0,0092924262;0,0084237656;0,025050763
CLIP512_discarded_PC51plus_ridge;126;-0,007091457;-0,11596582;-0,080860469
CLIP512_discarded_PC51plus_ridge;127;-0,035576685;-0,26371405;-0,2546002
CLIP512_discarded_PC51plus_ridge;128;0,0034303962;0,0091155724;0,059975068
CLIP512_discarded_PC51plus_ridge;129;-0,034217264;-0,058138904;-0,058044546
CLIP512_discarded_PC51plus_ridge;130;-0,016723227;-0,098385784;-0,11421465
CLIP512_discarded_PC51plus_ridge;131;-0,12550251;-0,14740912;-0,12432605
CLIP512_discarded_PC51plus_ridge;132;-0,0045679117;-0,061340206;-0,086131801
CLIP512_discarded_PC51plus_ridge;133;-0,031049002;0,009319045;0,045530392
CLIP512_discarded_PC51plus_ridge;134;-0,12997359;-0,41421595;-0,3688016
CLIP512_discarded_PC51plus_ridge;135;-0,004744761;-0,013727618;0,01383986
CLIP512_discarded_PC51plus_ridge;136;0,01527372;0,20130222;0,13859311
CLIP512_discarded_PC51plus_ridge;137;0,0068132347;0,040843733;0,087382829
CLIP512_discarded_PC51plus_ridge;138;-0,046794909;-0,25371677;-0,28708508
CLIP512_discarded_PC51plus_ridge;139;-0,015323436;-0,18011394;-0,17089584
CLIP512_discarded_PC51plus_ridge;140;-0,010999282;-0,094655453;-0,1306161
CLIP512_discarded_PC51plus_ridge;141;-0,083888071;-0,22679056;-0,17812779
CLIP512_discarded_PC51plus_ridge;142;-0,01945848;-0,20257732;-0,25750033
CLIP512_discarded_PC51plus_ridge;143;-0,014662156;-0,10059685;0,008706534
CLIP512_discarded_PC51plus_ridge;144;-0,027469523;-0,17166305;-0,2453826
CLIP512_discarded_PC51plus_ridge;145;-0,126083;-0,25573793;-0,22941838
CLIP512_discarded_PC51plus_ridge;146;0,00031483553;-0,024769398;0,024996879
CLIP512_discarded_PC51plus_ridge;147;-0,01272805;-0,11085187;-0,019626414
CLIP512_discarded_PC51plus_ridge;148;-0,016257955;-0,128242;-0,060435062
CLIP512_discarded_PC51plus_ridge;149;-0,021527671;-0,11884156;-0,13188427
CLIP512_discarded_PC51plus_ridge;150;-0,018580757;-0,16290016;-0,18162604
CLIP512_discarded_PC51plus_ridge;151;-0,054067685;-0,20283505;-0,15610945
CLIP512_discarded_PC51plus_ridge;152;-0,19373476;-0,25919696;-0,20512177
CLIP512_discarded_PC51plus_ridge;153;-0,01172669;-0,089582203;-0,14976981
CLIP512_discarded_PC51plus_ridge;154;-0,062980812;-0,33269126;-0,32563524
CLIP512_discarded_PC51plus_ridge;155;-0,15869364;-0,15626696;-0,16923149
CLIP512_discarded_PC51plus_ridge;156;-0,011305563;-0,085255019;-0,13859141
CLIP512_discarded_PC51plus_ridge;157;-0,045056483;-0,21547748;-0,27782712
CLIP512_discarded_PC51plus_ridge;158;-0,0015752146;-0,0044628323;-0,049542643
CLIP512_discarded_PC51plus_ridge;159;-0,080248455;-0,22641074;-0,21877601
CLIP512_discarded_PC51plus_ridge;160;-0,051051364;-0,27456593;-0,28325405
CLIP512_discarded_PC51plus_ridge;161;-0,17192732;-0,17957135;-0,15543574
CLIP512_discarded_PC51plus_ridge;162;-0,028212295;-0,15017634;-0,15696038
CLIP512_discarded_PC51plus_ridge;163;-0,018970725;-0,04960662;-0,0063570468
CLIP512_discarded_PC51plus_ridge;164;-0,005028964;0,014622897;0,0036205385
CLIP512_discarded_PC51plus_ridge;165;-0,0051051289;-0,020645686;-0,013945606
CLIP512_discarded_PC51plus_ridge;166;-0,036623909;-0,0839121;-0,19844038
CLIP512_discarded_PC51plus_ridge;167;-0,041413198;-0,22551546;-0,21052903
CLIP512_discarded_PC51plus_ridge;168;-0,024483823;-0,19465545;-0,2060899
CLIP512_discarded_PC51plus_ridge;169;-0,057915905;-0,033098209;0,01184866
CLIP512_discarded_PC51plus_ridge;170;-0,050866524;-0,061991319;0,0076548352
CLIP512_discarded_PC51plus_ridge;171;-0,040846568;-0,16743082;-0,11792582
CLIP512_discarded_PC51plus_ridge;172;-0,029982781;-0,16721378;-0,16438177
CLIP512_discarded_PC51plus_ridge;173;-0,36785374;-0,28994845;-0,26380687
CLIP512_discarded_PC51plus_ridge;174;-0,0026770261;-0,023073793;-0,0025166976
CLIP512_discarded_PC51plus_ridge;175;-0,0033521798;0,024077591;0,015430573
CLIP512_discarded_PC51plus_ridge;176;-0,0249137;-0,1775095;-0,16649289
CLIP512_discarded_PC51plus_ridge;177;0,018983843;0,12672273;0,16255117
CLIP512_discarded_PC51plus_ridge;178;-0,052342082;-0,0339121;0,016622302
CLIP512_discarded_PC51plus_ridge;179;-0,04126327;-0,11237113;-0,10645711
CLIP512_discarded_PC51plus_ridge;180;-0,056247948;-0,132949;-0,035676605
CLIP512_discarded_PC51plus_ridge;181;-0,056772821;-0,14240369;-0,15625047
CLIP512_discarded_PC51plus_ridge;182;-0,065344578;-0,19823657;-0,16847311
CLIP512_discarded_PC51plus_ridge;183;-0,17004038;-0,16241183;-0,12742164
CLIP512_discarded_PC51plus_ridge;184;-0,017450709;-0,030724362;0,0015950386
CLIP512_discarded_PC51plus_ridge;185;-0,036047307;-0,18412914;-0,11167279
CLIP512_discarded_PC51plus_ridge;186;-0,022208982;-0,18559414;-0,1900279
CLIP512_discarded_PC51plus_ridge;187;0,0085299956;0,01275095;0,093516892
CLIP512_discarded_PC51plus_ridge;188;-0,048684702;-0,16989962;-0,093860409
CLIP512_discarded_PC51plus_ridge;189;-0,028802482;-0,18602821;-0,23356712
CLIP512_discarded_PC51plus_ridge;190;-0,030440124;-0,084495388;-0,10442737
CLIP512_discarded_PC51plus_ridge;191;-0,076042824;-0,16253391;-0,18180626
CLIP512_discarded_PC51plus_ridge;192;-0,012071125;-0,036774281;-0,036059314
CLIP512_discarded_PC51plus_ridge;193;-0,025000314;-0,055751492;-0,049199272
CLIP512_discarded_PC51plus_ridge;194;-0,0086766601;-0,11127238;-0,059280081
CLIP512_discarded_PC51plus_ridge;195;0,0042122324;0,024674444;0,065866133
CLIP512_discarded_PC51plus_ridge;196;-0,060928555;-0,2205643;-0,17776702
CLIP512_discarded_PC51plus_ridge;197;-0,22187149;-0,26422952;-0,24760583
CLIP512_discarded_PC51plus_ridge;198;-0,058917308;-0,12601736;-0,23462949
CLIP512_discarded_PC51plus_ridge;199;-0,025469554;-0,087737385;-0,082815241
CLIP512_discarded_PC51plus_ridge;200;0,059179721;0,23745252;0,27687391
CLIP512_discarded_PC51plus_ridge;201;-0,13027773;-0,1294764;-0,15242557
CLIP512_discarded_PC51plus_ridge;202;-0,036311324;-0,26209984;-0,27058219
CLIP512_discarded_PC51plus_ridge;203;-0,06848582;-0,16406674;-0,18630188
CLIP512_discarded_PC51plus_ridge;204;-0,0038690442;0,0045849159;0,11196807
CLIP512_discarded_PC51plus_ridge;205;-0,014092315;-0,01062127;-0,017176382
CLIP512_discarded_PC51plus_ridge;206;-0,036710122;-0,25298426;-0,21924559
CLIP512_discarded_PC51plus_ridge;207;-0,037947357;-0,17194791;-0,088929475
CLIP512_discarded_PC51plus_ridge;208;-0,05068461;-0,032474227;-0,0038325181
CLIP512_discarded_PC51plus_ridge;209;0,0071869971;0,099850787;0,085960761
CLIP512_discarded_PC51plus_ridge;210;-0,021879826;-0,21812263;-0,21013926
CLIP512_discarded_PC51plus_ridge;211;-0,0087340382;-0,044302767;-0,024707258
CLIP512_discarded_PC51plus_ridge;212;-0,028898943;-0,24066739;-0,16134181
CLIP512_discarded_PC51plus_ridge;213;0,0098214479;0,053431905;0,13263753
CLIP512_discarded_PC51plus_ridge;214;-0,080910628;-0,14059957;-0,17040247
CLIP512_discarded_PC51plus_ridge;215;-0,0095631388;-0,093041237;-0,028185479
CLIP512_discarded_PC51plus_ridge;216;-0,12783247;-0,40234672;-0,35979812
CLIP512_discarded_PC51plus_ridge;217;-0,030081119;-0,2386191;-0,22242484
CLIP512_discarded_PC51plus_ridge;218;-0,021529619;-0,011190993;0,033941205
CLIP512_discarded_PC51plus_ridge;219;0,0067548204;0,11205914;0,10059297
CLIP512_discarded_PC51plus_ridge;220;-0,016397195;-0,14141346;-0,14767728
CLIP512_discarded_PC51plus_ridge;221;-0,0066728631;-0,098521432;-0,1034939
CLIP512_discarded_PC51plus_ridge;222;-0,006392605;-0,21610147;-0,11525002
CLIP512_discarded_PC51plus_ridge;223;-0,018320976;-0,073860553;-0,036833114
CLIP512_discarded_PC51plus_ridge;224;-0,037667483;-0,11960119;-0,15327792
CLIP512_discarded_PC51plus_ridge;225;-0,018462926;-0,15789474;-0,19800671
CLIP512_discarded_PC51plus_ridge;226;-0,10777438;-0,32367065;-0,30946958
CLIP512_discarded_PC51plus_ridge;227;-0,056294917;-0,16865165;-0,064039988
CLIP512_discarded_PC51plus_ridge;228;-0,013346354;-0,1628459;-0,070854968
CLIP512_discarded_PC51plus_ridge;229;-0,058814136;-0,10419154;-0,10837734
CLIP512_discarded_PC51plus_ridge;230;-0,049419128;-0,26787846;-0,29739886
CLIP512_discarded_PC51plus_ridge;231;-0,0080367917;-0,11101465;-0,10203319
CLIP512_discarded_PC51plus_ridge;232;-0,0070864116;-0,074525231;-0,11807917
CLIP512_discarded_PC51plus_ridge;233;-0,039844486;-0,022490505;-0,037185698
CLIP512_discarded_PC51plus_ridge;234;-0,088409384;-0,13479381;-0,10069693
CLIP512_discarded_PC51plus_ridge;235;-0,10596708;-0,21473142;-0,16442662
CLIP512_discarded_PC51plus_ridge;236;-0,034293854;-0,14797884;-0,19455364
CLIP512_discarded_PC51plus_ridge;237;-0,041634358;-0,094696148;-0,039866199
CLIP512_discarded_PC51plus_ridge;238;-0,038003619;-0,012845903;0,037966071
CLIP512_discarded_PC51plus_ridge;239;-0,038990072;-0,24494031;-0,24289637
CLIP512_discarded_PC51plus_ridge;240;-0,036290883;-0,1901248;-0,11725675
CLIP512_discarded_PC51plus_ridge;241;-0,065615263;-0,11821758;-0,12596378
CLIP512_discarded_PC51plus_ridge;242;-0,023196279;-0,039717851;0,0099660781
CLIP512_discarded_PC51plus_ridge;243;-0,013515519;-0,12767227;-0,14861765
CLIP512_discarded_PC51plus_ridge;244;-0,036467305;-0,0073657081;-0,012854301
CLIP512_discarded_PC51plus_ridge;245;-0,027046438;-0,13084645;-0,2079284
CLIP512_discarded_PC51plus_ridge;246;-0,050970754;-0,23163321;-0,30029076
CLIP512_discarded_PC51plus_ridge;247;-0,012549895;-0,19399078;-0,14101239
CLIP512_discarded_PC51plus_ridge;248;0,023194296;0,19024688;0,1827876
CLIP512_discarded_PC51plus_ridge;249;-0,060849263;-0,17905589;-0,1441518
CLIP512_discarded_PC51plus_ridge;250;-0,012944776;-0,088700488;-0,047605866
CLIP512_discarded_PC51plus_ridge;251;-0,0094625551;-0,09319045;-0,11816891
CLIP512_discarded_PC51plus_ridge;252;0,021903745;0,00048833424;0,16057662
CLIP512_discarded_PC51plus_ridge;253;0,032581359;0,19357027;0,19799668
CLIP512_discarded_PC51plus_ridge;254;0,0022504278;-0,02418611;0,051149645
CLIP512_discarded_PC51plus_ridge;255;-0,0010924046;0,0045849159;-0,0053038056
CLIP512_discarded_PC51plus_ridge;256;-0,010014144;-0,027346717;-0,039628454
CLIP512_discarded_PC51plus_ridge;257;-0,0086300997;-0,034698861;-0,0052258926
CLIP512_discarded_PC51plus_ridge;258;-0,034437043;-0,29690722;-0,26821194
CLIP512_discarded_PC51plus_ridge;259;-0,034031558;-0,16370049;-0,20637689
CLIP512_discarded_PC51plus_ridge;260;-0,052152726;-0,12985621;-0,17410014
CLIP512_discarded_PC51plus_ridge;261;-0,012032926;-0,12657352;-0,15274205
CLIP512_discarded_PC51plus_ridge;262;-0,014882734;-0,12570537;-0,081158654
CLIP512_discarded_PC51plus_ridge;263;-0,01636637;-0,038374932;-0,0156202
CLIP512_discarded_PC51plus_ridge;264;-0,050340065;-0,11275095;-0,10131961
CLIP512_discarded_PC51plus_ridge;265;-0,058192942;0,047965274;-0,032409266
CLIP512_discarded_PC51plus_ridge;266;-0,047502288;-0,10779978;-0,11405024
CLIP512_discarded_PC51plus_ridge;267;-0,045435691;-0,14084373;-0,1697824
CLIP512_discarded_PC51plus_ridge;268;-0,0096607682;-0,11140803;-0,12000806
CLIP512_discarded_PC51plus_ridge;269;-0,0059261047;-0,070916983;-0,085057915
CLIP512_discarded_PC51plus_ridge;270;-0,014614768;-0,17498644;-0,16838061
CLIP512_discarded_PC51plus_ridge;271;-0,12350893;-0,11193706;-0,076003444
CLIP512_discarded_PC51plus_ridge;272;-0,01600563;0,017471514;0,00078890355
CLIP512_discarded_PC51plus_ridge;273;-0,082303567;-0,30330982;-0,2113191
CLIP512_discarded_PC51plus_ridge;274;-0,060579992;0,0066874661;-0,063100636
CLIP512_discarded_PC51plus_ridge;275;-0,02379583;-0,1287032;-0,16069847
CLIP512_discarded_PC51plus_ridge;276;-0,015197997;-0,034237656;-0,059423763
CLIP512_discarded_PC51plus_ridge;277;-0,022823953;-0,17835052;-0,18064736
CLIP512_discarded_PC51plus_ridge;278;-0,03043424;-0,25339121;-0,23743687
CLIP512_discarded_PC51plus_ridge;279;-0,0020634593;-0,069384156;-0,038582545
CLIP512_discarded_PC51plus_ridge;280;-0,060443761;-0,087533912;-0,12627258
CLIP512_discarded_PC51plus_ridge;281;-0,059924319;-0,25260445;-0,14768814
CLIP512_discarded_PC51plus_ridge;282;-0,040659685;-0,15260445;-0,14275374
CLIP512_discarded_PC51plus_ridge;283;-0,013277405;-0,075556158;-0,1431155
CLIP512_discarded_PC51plus_ridge;284;-0,029116356;-0,22524417;-0,17051518
CLIP512_discarded_PC51plus_ridge;285;-0,10036471;-0,25531742;-0,21375436
CLIP512_discarded_PC51plus_ridge;286;-0,080249576;-0,21854314;-0,21078909
CLIP512_discarded_PC51plus_ridge;287;-0,046032349;-0,063632664;-0,079953439
CLIP512_discarded_PC51plus_ridge;288;-0,021245742;-0,062710255;-0,012960328
CLIP512_discarded_PC51plus_ridge;289;0,0037289015;-0,0020482908;0,079563674
CLIP512_discarded_PC51plus_ridge;290;0,01472613;0,14877916;0,12323773
CLIP512_discarded_PC51plus_ridge;291;-0,048511957;-0,060526316;0,014812371
CLIP512_discarded_PC51plus_ridge;292;-0,084129764;-0,11720022;-0,16102968
CLIP512_discarded_PC51plus_ridge;293;-0,039338408;-0,1492675;-0,10928842
CLIP512_discarded_PC51plus_ridge;294;-0,041311217;-0,18859197;-0,16591115
CLIP512_discarded_PC51plus_ridge;295;0,040244191;0,20081389;0,25576021
CLIP512_discarded_PC51plus_ridge;296;-0,087541841;-0,23001899;-0,16887265
CLIP512_discarded_PC51plus_ridge;297;-0,020320457;-0,11616929;-0,18495195
CLIP512_discarded_PC51plus_ridge;298;-0,044632311;-0,098657081;-0,11040596
CLIP512_discarded_PC51plus_ridge;299;-0,02743474;-0,063429192;-0,039338882
CLIP512_discarded_PC51plus_ridge;300;-0,057795386;-0,10006782;-0,089496204
CLIP512_discarded_PC51plus_ridge;301;-0,029648773;-0,11771568;0,028810426
CLIP512_discarded_PC51plus_ridge;302;-0,086553582;-0,22826913;-0,21788354
CLIP512_discarded_PC51plus_ridge;303;-0,088970584;-0,08307108;-0,083293289
CLIP512_discarded_PC51plus_ridge;304;-0,076906004;-0,14841291;-0,10714554
CLIP512_discarded_PC51plus_ridge;305;-0,027177814;-0,20877645;-0,21894813
CLIP512_discarded_PC51plus_ridge;306;-0,00055482233;-0,01272382;-0,0055274374
CLIP512_discarded_PC51plus_ridge;307;-0,0046252282;-0,059264786;-0,042584904
CLIP512_discarded_PC51plus_ridge;308;-0,18695682;-0,15119371;-0,14065816
CLIP512_discarded_PC51plus_ridge;309;-0,050501322;-0,12004883;-0,10246777
CLIP512_discarded_PC51plus_ridge;310;-0,11012463;-0,24464189;-0,25872853
CLIP512_discarded_PC51plus_ridge;311;-0,017692489;-0,1282013;-0,13202767
CLIP512_discarded_PC51plus_ridge;312;-0,057673361;-0,11157081;-0,086130294
CLIP512_discarded_PC51plus_ridge;313;-0,074840777;-0,026871948;-0,05510217
CLIP512_discarded_PC51plus_ridge;314;-0,04292294;0,023643516;0,0099030754
CLIP512_discarded_PC51plus_ridge;315;-0,071024891;-0,12599023;-0,13386677
CLIP512_discarded_PC51plus_ridge;316;-0,03632983;-0,2037439;-0,23016466
CLIP512_discarded_PC51plus_ridge;317;-0,026922423;-0,11812263;0,037736651
CLIP512_discarded_PC51plus_ridge;318;-0,010062127;-0,12532556;-0,1160827
CLIP512_discarded_PC51plus_ridge;319;-0,044493613;-0,1093733;-0,12967113
CLIP512_discarded_PC51plus_ridge;320;-0,013193279;-0,023969072;-0,11369304
CLIP512_discarded_PC51plus_ridge;321;-0,027427999;-0,182949;-0,1816239
CLIP512_discarded_PC51plus_ridge;322;-0,044906466;-0,23379002;-0,23217038
CLIP512_discarded_PC51plus_ridge;323;-0,011607099;-0,092607162;-0,15433983
CLIP512_discarded_PC51plus_ridge;324;-0,031594884;-0,20282149;-0,1563304
CLIP512_discarded_PC51plus_ridge;325;-0,064647963;-0,11611503;0,010010682
CLIP512_discarded_PC51plus_ridge;326;-0,0069487585;0,054150841;0,070304556
CLIP512_discarded_PC51plus_ridge;327;-0,19351397;-0,1722599;-0,13495278
CLIP512_discarded_PC51plus_ridge;328;-0,066496765;-0,068380358;-0,0068639238
CLIP512_discarded_PC51plus_ridge;329;-0,0373121;-0,19119642;-0,25042264
CLIP512_discarded_PC51plus_ridge;330;-0,032862766;0,066413456;0,036528245
CLIP512_discarded_PC51plus_ridge;331;-0,011388622;-0,041549105;-0,039694018
CLIP512_discarded_PC51plus_ridge;332;-0,12394154;-0,14536082;-0,16838025
CLIP512_discarded_PC51plus_ridge;333;-0,040931619;-0,25649756;-0,26732169
CLIP512_discarded_PC51plus_ridge;334;-0,037643185;-0,026410743;-0,059196
CLIP512_discarded_PC51plus_ridge;335;-0,05874046;-0,30099023;-0,31807393
CLIP512_discarded_PC51plus_ridge;336;-0,042723103;-0,10137005;-0,16360841
CLIP512_discarded_PC51plus_ridge;337;-0,057601754;-0,26620998;-0,31831723
CLIP512_discarded_PC51plus_ridge;338;-0,05399046;0,050311991;-0,037596485
CLIP512_discarded_PC51plus_ridge;339;-0,19733606;-0,21102821;-0,12471287
CLIP512_discarded_PC51plus_ridge;340;-0,04592312;-0,17312805;-0,14210687
CLIP512_discarded_PC51plus_ridge;341;-0,021269263;-0,11577591;-0,18549771
CLIP512_discarded_PC51plus_ridge;342;-0,018755497;-0,15155996;-0,18078026
CLIP512_discarded_PC51plus_ridge;343;-0,016190168;-0,18476668;-0,17598162
CLIP512_discarded_PC51plus_ridge;344;-0,0099056705;-0,051125882;0,034630882
CLIP512_discarded_PC51plus_ridge;345;-0,019313067;-0,083817146;-0,17903813
CLIP512_discarded_PC51plus_ridge;346;-0,014661158;-0,18193163;-0,18949657
CLIP512_discarded_PC51plus_ridge;347;-0,032603245;-0,042295171;-0,023307732
CLIP512_discarded_PC51plus_ridge;348;-0,0084354542;-0,040029843;0,018096061
CLIP512_discarded_PC51plus_ridge;349;0,0095511042;0,008898535;0,10278355
CLIP512_discarded_PC51plus_ridge;350;-0,087678189;-0,022504069;0,0091900905
CLIP512_discarded_PC51plus_ridge;351;-0,029198403;-0,15911557;-0,025265192
CLIP512_discarded_PC51plus_ridge;352;-0,010781242;-0,047544764;-0,047598297
CLIP512_discarded_PC51plus_ridge;353;-0,047899224;-0,26298155;-0,28689722
CLIP512_discarded_PC51plus_ridge;354;-0,073813462;-0,15339121;-0,13017802
CLIP512_discarded_PC51plus_ridge;355;-0,085497614;-0,12613945;-0,11617275
CLIP512_discarded_PC51plus_ridge;356;-0,056207931;-0,16428378;-0,17014451
CLIP512_discarded_PC51plus_ridge;357;-0,11515508;-0,13282691;-0,087881534
CLIP512_discarded_PC51plus_ridge;358;-0,034869436;-0,24352957;-0,23591549
CLIP512_discarded_PC51plus_ridge;359;-0,16783989;0,0045170917;0,0049427278
CLIP512_discarded_PC51plus_ridge;360;-0,19567609;-0,31667119;-0,27618277
CLIP512_discarded_PC51plus_ridge;361;-0,04379679;-0,22487792;-0,20625793
CLIP512_discarded_PC51plus_ridge;362;-0,018852649;-0,11140803;-0,17580366
CLIP512_discarded_PC51plus_ridge;363;-0,0022104523;0,026871948;-0,01689688
CLIP512_discarded_PC51plus_ridge;364;-0,084927619;-0,17223277;-0,15678038
CLIP512_discarded_PC51plus_ridge;365;-0,0069619252;-0,14735486;-0,053042401
CLIP512_discarded_PC51plus_ridge;366;-0,031178161;-0,13927021;-0,030025583
CLIP512_discarded_PC51plus_ridge;367;-0,12117182;-0,2428242;-0,19369142
CLIP512_discarded_PC51plus_ridge;368;-0,090462353;-0,21104178;-0,13364613
CLIP512_discarded_PC51plus_ridge;369;0,0031700574;0,044017906;0,11712193
CLIP512_discarded_PC51plus_ridge;370;-0,0038849821;-0,058152469;-0,092457208
CLIP512_discarded_PC51plus_ridge;371;-0,032685636;-0,10885784;-0,13679429
CLIP512_discarded_PC51plus_ridge;372;-0,021187429;-0,16256104;-0,13928446
CLIP512_discarded_PC51plus_ridge;373;-0,044301926;-0,13241997;-0,096999836
CLIP512_discarded_PC51plus_ridge;374;-0,062567849;-0,25212968;-0,1963706
CLIP512_discarded_PC51plus_ridge;375;-0,027302512;-0,059319045;-0,11776229
CLIP512_discarded_PC51plus_ridge;376;-0,024836313;-0,083328812;-0,049138833
CLIP512_discarded_PC51plus_ridge;377;-0,019041565;-0,043407488;-0,06619471
CLIP512_discarded_PC51plus_ridge;378;-0,028024978;-0,12672273;-0,097257225
CLIP512_discarded_PC51plus_ridge;379;-0,038780215;-0,063809007;-0,060578686
CLIP512_discarded_PC51plus_ridge;380;-0,016565549;-0,096011937;-0,16902898
CLIP512_discarded_PC51plus_ridge;381;-0,022490881;-0,17791644;-0,20936252
CLIP512_discarded_PC51plus_ridge;382;-0,051316386;-0,15184482;-0,080859014
CLIP512_discarded_PC51plus_ridge;383;-0,017483486;-0,15339121;-0,1512743
CLIP512_discarded_PC51plus_ridge;384;-0,05053954;-0,090870863;-0,18841087
CLIP512_discarded_PC51plus_ridge;385;-0,045625048;-0,18899891;-0,12187711
CLIP512_discarded_PC51plus_ridge;386;-0,021029502;-0,21150298;-0,11855115
CLIP512_discarded_PC51plus_ridge;387;-0,044709961;-0,26040423;-0,17473399
CLIP512_discarded_PC51plus_ridge;388;-0,022113208;-0,16440586;-0,087066664
CLIP512_discarded_PC51plus_ridge;389;-0,012089533;-0,070822029;-0,072221154
CLIP512_discarded_PC51plus_ridge;390;-0,018130506;-0,094886055;-0,087322604
CLIP512_discarded_PC51plus_ridge;391;-0,053112821;-0,2814026;-0,27606223
CLIP512_discarded_PC51plus_ridge;392;-0,036325361;-0,12063212;-0,112502
CLIP512_discarded_PC51plus_ridge;393;0,02473082;0,056850244;0,16997484
CLIP512_discarded_PC51plus_ridge;394;-0,11441389;-0,19051818;-0,065541689
CLIP512_discarded_PC51plus_ridge;395;-0,032775109;-0,12991047;-0,14433133
CLIP512_discarded_PC51plus_ridge;396;-0,016029459;-0,013578405;-0,026045129
CLIP512_discarded_PC51plus_ridge;397;-0,041721149;-0,11207271;-0,15677768
CLIP512_discarded_PC51plus_ridge;398;-0,020454654;-0,19755833;-0,14526318
CLIP512_discarded_PC51plus_ridge;399;-0,050308669;-0,17246337;-0,21163834
CLIP512_discarded_PC51plus_ridge;400;-0,051019518;-0,095713511;-0,063126149
CLIP512_discarded_PC51plus_ridge;401;-0,0034207247;0,013659794;-0,053138957
CLIP512_discarded_PC51plus_ridge;402;-0,029891359;-0,1628866;-0,049166298
CLIP512_discarded_PC51plus_ridge;403;-0,015511271;-0,17504069;-0,1747202
CLIP512_discarded_PC51plus_ridge;404;-0,14692422;0,035811177;-0,080344401
CLIP512_discarded_PC51plus_ridge;405;-0,047711758;-0,079069452;-0,015493831
CLIP512_discarded_PC51plus_ridge;406;-0,033927361;-0,17637005;-0,16936936
CLIP512_discarded_PC51plus_ridge;407;-0,13307793;-0,35305209;-0,30155732
CLIP512_discarded_PC51plus_ridge;408;-0,028828198;-0,24343462;-0,21533633
CLIP512_discarded_PC51plus_ridge;409;-0,083687836;-0,085607705;-0,12773718
CLIP512_discarded_PC51plus_ridge;410;-0,10838695;-0,17551546;-0,1073813
CLIP512_discarded_PC51plus_ridge;411;-0,078438859;-0,020401519;-0,056598481
CLIP512_discarded_PC51plus_ridge;412;-0,011616096;-0,18570266;-0,14801194
CLIP512_discarded_PC51plus_ridge;413;-0,0084414447;-0,013035811;-0,089216816
CLIP512_discarded_PC51plus_ridge;414;-0,044603411;-0,26096039;-0,2669195
CLIP512_discarded_PC51plus_ridge;415;-0,0024363123;-0,079313619;-0,013549953
CLIP512_discarded_PC51plus_ridge;416;0,021034308;0,011285947;0,14805083
CLIP512_discarded_PC51plus_ridge;417;-0,0050775112;-0,12117472;-0,099322976
CLIP512_discarded_PC51plus_ridge;418;-0,0089283183;-0,083260988;-0,025400081
CLIP512_discarded_PC51plus_ridge;419;-0,059707312;-0,11969615;-0,073828932
CLIP512_discarded_PC51plus_ridge;420;0,012958014;0,079218665;0,12096989
CLIP512_discarded_PC51plus_ridge;421;-0,027791183;-0,053377645;-0,097161762
CLIP512_discarded_PC51plus_ridge;422;-0,0089120861;-0,13677428;-0,087749719
CLIP512_discarded_PC51plus_ridge;423;-0,006812906;-0,083993489;-0,056294632
CLIP512_discarded_PC51plus_ridge;424;0,0031640072;-0,066942485;0,099062508
CLIP512_discarded_PC51plus_ridge;425;-0,13232368;-0,0082067282;-0,074473965
CLIP512_discarded_PC51plus_ridge;426;-0,052417418;-0,25495117;-0,30763009
CLIP512_discarded_PC51plus_ridge;427;-0,045367566;-0,18855128;-0,2896912
CLIP512_discarded_PC51plus_ridge;428;-0,019438308;-0,0092919154;-0,0090581046
CLIP512_discarded_PC51plus_ridge;429;-0,016805937;-0,052333152;-0,026127086
CLIP512_discarded_PC51plus_ridge;430;-0,021551184;-0,045469343;0,027063024
CLIP512_discarded_PC51plus_ridge;431;-0,06586495;-0,097246337;-0,099189847
CLIP512_discarded_PC51plus_ridge;432;-0,013127265;0,020048833;0,0015564627
CLIP512_discarded_PC51plus_ridge;433;-0,038976128;-0,093204015;-0,16608532
CLIP512_discarded_PC51plus_ridge;434;-0,077991148;-0,25481552;-0,17323409
CLIP512_discarded_PC51plus_ridge;435;-0,011294697;0,0030792187;0,010542371
CLIP512_discarded_PC51plus_ridge;436;-0,062476473;-0,10880358;-0,099103414
CLIP512_discarded_PC51plus_ridge;437;-0,022027219;-0,065396093;-0,056953463
CLIP512_discarded_PC51plus_ridge;438;-0,06732581;-0,19815518;-0,19598155
CLIP512_discarded_PC51plus_ridge;439;-0,079247334;-0,23680141;-0,1794734
CLIP512_discarded_PC51plus_ridge;440;-0,013903758;-0,10850515;-0,14663474
CLIP512_discarded_PC51plus_ridge;441;-0,048504436;-0,1346853;-0,14174533
CLIP512_discarded_PC51plus_ridge;442;-0,010119973;-0,11033641;-0,025698446
CLIP512_discarded_PC51plus_ridge;443;-0,030507349;-0,12978839;-0,091756911
CLIP512_discarded_PC51plus_ridge;444;-0,039507149;-0,037710255;-0,042253854
CLIP512_discarded_PC51plus_ridge;445;-0,098631467;-0,1789745;-0,17088964
CLIP512_discarded_PC51plus_ridge;446;0,017782626;0,17441671;0,16201079
CLIP512_discarded_PC51plus_ridge;447;-0,024606624;-0,16275095;-0,14944856
CLIP512_discarded_PC51plus_ridge;448;-0,042357204;-0,14850787;-0,1382155
CLIP512_discarded_PC51plus_ridge;449;-0,031436959;-0,15474769;-0,10961054
CLIP512_discarded_PC51plus_ridge;450;-0,0046304829;0,050406945;0,078043572
CLIP512_discarded_PC51plus_ridge;451;-0,07402438;-0,12462018;-0,061147026
CLIP512_discarded_PC51plus_ridge;452;0,0059650565;0,037859468;0,088170497
CLIP512_discarded_PC51plus_ridge;453;-0,019236223;-0,072151384;0,0011978584
CLIP512_discarded_PC51plus_ridge;454;-0,043695734;-0,24867065;-0,27931009
CLIP512_discarded_PC51plus_ridge;455;-0,070716547;-0,16233044;-0,14627979
CLIP512_discarded_PC51plus_ridge;456;-0,033161975;-0,082148671;-0,005588048
CLIP512_discarded_PC51plus_ridge;457;-0,10993312;-0,078187737;-0,086091424
CLIP512_discarded_PC51plus_ridge;458;-0,045786507;-0,0087493218;-0,017707619
CLIP512_discarded_PC51plus_ridge;459;-0,058976204;-0,31702387;-0,32644694
CLIP512_discarded_PC51plus_ridge;460;-0,0094077663;-0,018421053;-0,0037925462
CLIP512_discarded_PC51plus_ridge;461;-0,020052718;-0,21576234;-0,19748893
CLIP512_discarded_PC51plus_ridge;462;-0,00074335037;-0,022368421;0,017989308
CLIP512_discarded_PC51plus_ridge;463;-0,013192545;-0,11062127;-0,13986658
CLIP512_discarded_PC51plus_ridge;464;-0,047170251;-0,10462561;-0,080321797
CLIP512_discarded_PC51plus_ridge;465;-0,099825886;-0,20984807;-0,19096354
CLIP512_discarded_PC51plus_ridge;466;-0,0059652036;-0,027170374;-0,095959291
CLIP512_discarded_PC51plus_ridge;467;0,012600444;0,13395279;0,1248412
CLIP512_discarded_PC51plus_ridge;468;-0,044804033;-0,30755562;-0,28382396
CLIP512_discarded_PC51plus_ridge;469;-0,026304868;-0,16566739;-0,14545854
CLIP512_discarded_PC51plus_ridge;470;-0,048648879;-0,084074878;-0,069561973
CLIP512_discarded_PC51plus_ridge;471;0,0029069671;0,12729246;0,16050266
CLIP512_discarded_PC51plus_ridge;472;-0,00031066054;-0,086787846;0,053030564
CLIP512_discarded_PC51plus_ridge;473;-0,01675879;-0,011096039;-0,091869997
CLIP512_discarded_PC51plus_ridge;474;-0,0091738034;-0,085879002;-0,048823378
CLIP512_discarded_PC51plus_ridge;475;0,006369198;0,019180684;0,08015378
CLIP512_discarded_PC51plus_ridge;476;-0,029857189;-0,20963104;-0,23180447
CLIP512_discarded_PC51plus_ridge;477;-0,014317336;-0,09960662;-0,14211147
CLIP512_discarded_PC51plus_ridge;478;-0,021814489;-0,060417797;-0,021672797
CLIP512_discarded_PC51plus_ridge;479;-0,029693578;-0,2032013;-0,22600617
CLIP512_discarded_PC51plus_ridge;480;-0,043463628;-0,12383342;-0,064184655
CLIP512_discarded_PC51plus_ridge;481;-0,083124245;-0,23606891;-0,22414909
CLIP512_discarded_PC51plus_ridge;482;-0,040677331;-0,089962018;-0,096989534
CLIP512_discarded_PC51plus_ridge;483;-0,032619096;-0,11146229;-0,097511753
CLIP512_discarded_PC51plus_ridge;484;-0,023980107;-0,17231416;-0,20008001
CLIP512_discarded_PC51plus_ridge;485;-0,011721955;0,034400434;0,0043266534
CLIP512_discarded_PC51plus_ridge;486;0,016764957;0,082338578;0,13170186
CLIP512_discarded_PC51plus_ridge;487;-0,014024331;-0,13612317;-0,13557205
CLIP512_discarded_PC51plus_ridge;488;-0,037211789;-0,047042865;-0,10116915
CLIP512_discarded_PC51plus_ridge;489;-0,0050008042;-0,030954965;0,071137112
CLIP512_discarded_PC51plus_ridge;490;-0,022837837;-0,19804666;-0,1995008
CLIP512_discarded_PC51plus_ridge;491;-0,10029608;-0,23152469;-0,21240773
CLIP512_discarded_PC51plus_ridge;492;-0,070257039;-0,13775095;-0,19521701
CLIP512_discarded_PC51plus_ridge;493;-0,014774023;-0,11961476;-0,14947145
CLIP512_discarded_PC51plus_ridge;494;-0,01890427;0,019574064;-0,028319261
CLIP512_discarded_PC51plus_ridge;495;-0,026512165;-0,20467987;-0,18778068
CLIP512_discarded_PC51plus_ridge;496;0,0027767555;-0,012438958;0,054376925
CLIP512_discarded_PC51plus_ridge;497;-0,022760864;-0,052699403;-0,00082545086
CLIP512_discarded_PC51plus_ridge;498;-0,039373544;0,11040423;0,027899483
CLIP512_discarded_PC51plus_ridge;499;-0,022303914;-0,043895822;0,0015861288
CLIP512_discarded_PC51plus_ridge;500;-0,01039314;-0,055371677;-0,062752539
CLIP512_discarded_PC51plus_ridge;501;-0,0049413059;-0,04997287;0,0097042793
CLIP512_discarded_PC51plus_ridge;502;-0,03337038;-0,21432447;-0,077206408
CLIP512_discarded_PC51plus_ridge;503;-0,0048748302;0,052835052;0,027432191
CLIP512_discarded_PC51plus_ridge;504;-0,051597238;-0,096174715;-0,13267706
CLIP512_discarded_PC51plus_ridge;505;-0,060354948;-0,10035269;-0,16340599
CLIP512_discarded_PC51plus_ridge;506;-0,022412818;-0,19401791;-0,2152247
CLIP512_discarded_PC51plus_ridge;507;-0,012233199;0,035960391;0,0288408
CLIP512_discarded_PC51plus_ridge;508;-0,043647184;0,061814976;-0,030673916
CLIP512_discarded_PC51plus_ridge;509;-0,029995389;-0,16287303;-0,19852074
CLIP512_discarded_PC51plus_ridge;510;-0,064457359;-0,24351601;-0,33108166
CLIP512_discarded_PC51plus_ridge;511;-0,012174186;-0,13228432;-0,071815874
CLIP512_discarded_PC51plus_ridge;512;0,012890775;0,072368421;0,13413334
CLIP512_discarded_PC51plus_ridge;513;-0,0047440259;-0,022517634;-0,063234218
CLIP512_discarded_PC51plus_ridge;514;-0,054272226;-0,091494845;-0,062413669
CLIP512_discarded_PC51plus_ridge;515;-0,02486069;-0,12565111;-0,20470726
CLIP512_discarded_PC51plus_ridge;516;-0,014986903;-0,19336679;-0,15949735
CLIP512_discarded_PC51plus_ridge;517;-0,11519655;-0,23155182;-0,22742606
CLIP512_discarded_PC51plus_ridge;518;0,0024000929;0,016386327;0,077023121
CLIP512_discarded_PC51plus_ridge;519;-0,041438819;-0,14002984;-0,11916277
CLIP512_discarded_PC51plus_ridge;520;-0,043017235;-0,26477211;-0,26707308
CLIP512_discarded_PC51plus_ridge;521;-0,018625989;-0,17470157;-0,16179938
CLIP512_discarded_PC51plus_ridge;522;-0,017353125;-0,085675529;-0,069130534
CLIP512_discarded_PC51plus_ridge;523;-0,04189718;-0,074959305;-0,038183946
CLIP512_discarded_PC51plus_ridge;524;-0,072212856;-0,23208085;-0,19321045
CLIP512_discarded_PC51plus_ridge;525;-0,085733265;-0,17707542;-0,10151374
CLIP512_discarded_PC51plus_ridge;526;-0,038491138;-0,25697233;-0,25905656
CLIP512_discarded_PC51plus_ridge;527;-0,13562381;-0,2413185;-0,25669018
CLIP512_discarded_PC51plus_ridge;528;-0,081622225;-0,023521432;-0,084661044
CLIP512_discarded_PC51plus_ridge;529;-0,00018011408;-0,0013429192;0,076632328
CLIP512_discarded_PC51plus_ridge;530;-0,061113135;-0,2007732;-0,2591712
CLIP512_discarded_PC51plus_ridge;531;-0,0090448375;-0,11696961;-0,1168978
CLIP512_discarded_PC51plus_ridge;532;-0,026813192;-0,056104178;-0,066356169
CLIP512_discarded_PC51plus_ridge;533;-0,037994049;-0,22505426;-0,26233633
CLIP512_discarded_PC51plus_ridge;534;-0,066181296;-0,02839121;-0,0030734508
CLIP512_discarded_PC51plus_ridge;535;-0,0013179458;-0,081253391;0,021623678
CLIP512_discarded_PC51plus_ridge;536;-0,072675368;-0,30078676;-0,23143732
CLIP512_discarded_PC51plus_ridge;537;-0,043060076;-0,15653825;-0,070993593
CLIP512_discarded_PC51plus_ridge;538;4,7604477e-05;-0,13421053;0,086560033
CLIP512_discarded_PC51plus_ridge;539;-0,047378355;-0,3695198;-0,28859764
CLIP512_discarded_PC51plus_ridge;540;-0,026807943;-0,12589528;-0,10466512
CLIP512_discarded_PC51plus_ridge;541;-0,098243261;-0,058559414;-0,090822929
CLIP512_discarded_PC51plus_ridge;542;-0,064478632;-0,025908844;-0,10024318
CLIP512_discarded_PC51plus_ridge;543;0,042040849;0,17386055;0,20699332
CLIP512_discarded_PC51plus_ridge;544;-0,022937888;-0,18905317;-0,13651074
CLIP512_discarded_PC51plus_ridge;545;-0,044379214;-0,14894194;-0,10420747
CLIP512_discarded_PC51plus_ridge;546;-0,0045676256;-0,00035268584;0,024768541
CLIP512_discarded_PC51plus_ridge;547;-0,031915092;-0,18330168;-0,23137052
CLIP512_discarded_PC51plus_ridge;548;-0,019278433;-0,056741725;-0,021296691
CLIP512_discarded_PC51plus_ridge;549;-0,019506148;-0,074511666;-0,13982508
CLIP512_discarded_PC51plus_ridge;550;-0,021553977;-0,015396093;-0,055719103
CLIP512_discarded_PC51plus_ridge;551;-0,028056335;-0,10992946;-0,046701808
CLIP512_discarded_PC51plus_ridge;552;-0,0099625264;-0,10865437;-0,10061696
CLIP512_discarded_PC51plus_ridge;553;-0,031134497;-0,095930548;-0,10362585
CLIP512_discarded_PC51plus_ridge;554;-0,083647869;-0,22962561;-0,12602809
CLIP512_discarded_PC51plus_ridge;555;-0,021408419;-0,16125882;-0,19343879
CLIP512_discarded_PC51plus_ridge;556;-0,050940385;-0,22447097;-0,30040151
CLIP512_discarded_PC51plus_ridge;557;-0,13328434;-0,10478839;-0,13853505
CLIP512_discarded_PC51plus_ridge;558;-0,022136463;-0,18988063;-0,19970921
CLIP512_discarded_PC51plus_ridge;559;-0,012435425;-0,084834509;-0,040453667
CLIP512_discarded_PC51plus_ridge;560;-0,0023673492;-0,0078676072;-0,044394195
CLIP512_discarded_PC51plus_ridge;561;-0,060919568;-0,29895551;-0,32599919
CLIP512_discarded_PC51plus_ridge;562;-0,043572202;-0,24127781;-0,16922472
CLIP512_discarded_PC51plus_ridge;563;-0,15366413;-0,17114759;-0,21124945
CLIP512_discarded_PC51plus_ridge;564;-0,017208718;-0,20432718;-0,18098888
CLIP512_discarded_PC51plus_ridge;565;-0,010987042;-0,055602279;-0,00071562843
CLIP512_discarded_PC51plus_ridge;566;-0,033804017;-0,20754205;-0,11218504
CLIP512_discarded_PC51plus_ridge;567;-0,056265105;-0,18175529;-0,12516004
CLIP512_discarded_PC51plus_ridge;568;-0,026589294;-0,25400163;-0,19986722
CLIP512_discarded_PC51plus_ridge;569;-0,11466596;-0,022368421;-0,01187307
CLIP512_discarded_PC51plus_ridge;570;-0,078756665;-0,25554802;-0,20181177
CLIP512_discarded_PC51plus_ridge;571;-0,056988072;-0,13385784;0,001349269
CLIP512_discarded_PC51plus_ridge;572;-0,0046788356;-0,12520347;-0,007458585
CLIP512_discarded_PC51plus_ridge;573;-0,021207641;-0,17580033;-0,02712607
CLIP512_discarded_PC51plus_ridge;574;-0,03170792;-0,10313348;-0,070253428
CLIP512_discarded_PC51plus_ridge;575;0,0073316397;-0,0053038524;0,086798328
CLIP512_discarded_PC51plus_ridge;576;-0,042331765;-0,10689094;-0,15167362
CLIP512_discarded_PC51plus_ridge;577;-0,012775516;-0,1609197;-0,13987291
CLIP512_discarded_PC51plus_ridge;578;-0,048811509;-0,095537168;-0,12458516
CLIP512_discarded_PC51plus_ridge;579;-0,040822479;-0,22635648;-0,26234964
CLIP512_discarded_PC51plus_ridge;580;-0,069491928;-0,11192349;-0,043619293
CLIP512_discarded_PC51plus_ridge;581;0,023211948;0,083179598;0,1545818
CLIP512_discarded_PC51plus_ridge;582;-0,027951201;0,0068095496;-0,047794685
CLIP512_discarded_PC51plus_ridge;583;0,0083214822;0,11440586;0,10668779
CLIP512_discarded_PC51plus_ridge;584;-0,026208536;-0,25107162;-0,20689225
CLIP512_discarded_PC51plus_ridge;585;-0,038950858;-0,07962561;-0,044287071
CLIP512_discarded_PC51plus_ridge;586;0,01959335;0,14274281;0,16568398
CLIP512_discarded_PC51plus_ridge;587;-0,028774559;-0,078757461;-0,141685
CLIP512_discarded_PC51plus_ridge;588;-0,036647684;-0,2524688;-0,18658678
CLIP512_discarded_PC51plus_ridge;589;-0,037511065;-0,19297341;-0,24113057
CLIP512_discarded_PC51plus_ridge;590;-0,012312793;-0,052428106;0,00078748684
CLIP512_discarded_PC51plus_ridge;591;-0,054858178;-0,19768041;-0,20581909
CLIP512_discarded_PC51plus_ridge;592;-0,023907454;-0,17613945;-0,21723313
CLIP512_discarded_PC51plus_ridge;593;-0,043143809;-0,15081389;-0,13198926
CLIP512_discarded_PC51plus_ridge;594;-0,063456992;-0,085919696;-0,080808633
CLIP512_discarded_PC51plus_ridge;595;-0,068801062;0,073697775;0,013425107
CLIP512_discarded_PC51plus_ridge;596;-0,023264501;-0,048684211;-0,06156267
CLIP512_discarded_PC51plus_ridge;597;-0,0045010373;0,073792729;0,023238499
CLIP512_discarded_PC51plus_ridge;598;0,00083419191;0,1021975;0,075538664
CLIP512_discarded_PC51plus_ridge;599;-0,067458143;-0,17852686;-0,162476
CLIP512_discarded_PC51plus_ridge;600;-0,063375754;-0,28498372;-0,20091165
CLIP512_discarded_PC51plus_ridge;601;-0,041084085;-0,23262344;-0,20124821
CLIP512_discarded_PC51plus_ridge;602;-0,013922505;-0,044777537;0,023690707
CLIP512_discarded_PC51plus_ridge;603;-0,073456006;-0,12702116;-0,064137314
CLIP512_discarded_PC51plus_ridge;604;-0,023318352;-0,055317417;0,018977041
CLIP512_discarded_PC51plus_ridge;605;-0,0064508611;0,057569181;-0,032879204
CLIP512_discarded_PC51plus_ridge;606;-0,017649315;-0,13057515;-0,17589174
CLIP512_discarded_PC51plus_ridge;607;-0,013666489;-0,15724362;-0,12963223
CLIP512_discarded_PC51plus_ridge;608;-0,062148194;-0,27486435;-0,33433128
CLIP512_discarded_PC51plus_ridge;609;0,00313497;0,012113402;0,056488352
CLIP512_discarded_PC51plus_ridge;610;-0,020882298;-0,1005019;-0,040867701
CLIP512_discarded_PC51plus_ridge;611;-0,032124398;-0,18899891;-0,050436586
CLIP512_discarded_PC51plus_ridge;612;0,011542278;-0,057677699;0,10946053
CLIP512_discarded_PC51plus_ridge;613;-0,0059985226;-0,16526044;-0,0016456893
CLIP512_discarded_PC51plus_ridge;614;-0,036154471;-0,12251763;-0,086681762
CLIP512_discarded_PC51plus_ridge;615;-0,0066179219;-0,016006511;-0,0078066615
CLIP512_discarded_PC51plus_ridge;616;-0,051827028;-0,074796527;-0,13000986
CLIP512_discarded_PC51plus_ridge;617;-0,025405826;-0,18826641;-0,21205313
CLIP512_discarded_PC51plus_ridge;618;-0,02279651;-0,20383885;-0,16837595
CLIP512_discarded_PC51plus_ridge;619;-0,019808325;-0,09366522;-0,029220946
CLIP512_discarded_PC51plus_ridge;620;0,0038975353;0,01614216;0,063136354
CLIP512_discarded_PC51plus_ridge;621;-0,0047647097;-0,020062398;0,004440466
CLIP512_discarded_PC51plus_ridge;622;-0,028900476;-0,020415084;-0,11410351
CLIP512_discarded_PC51plus_ridge;623;-0,092903364;-0,1767363;-0,095577705
CLIP512_discarded_PC51plus_ridge;624;-0,0097278634;-0,08682854;-0,069756243
CLIP512_discarded_PC51plus_ridge;625;-0,010868634;-0,090301139;-0,046179765
CLIP512_discarded_PC51plus_ridge;626;-0,039091125;-0,19404504;-0,10973843
CLIP512_discarded_PC51plus_ridge;627;-0,025485255;-0,040775909;-0,055349887
CLIP512_discarded_PC51plus_ridge;628;-0,25009429;-0,21333424;-0,26582082
CLIP512_discarded_PC51plus_ridge;629;-0,043385424;0,079123711;0,029639284
CLIP512_discarded_PC51plus_ridge;630;-0,0087802462;0,089229517;0,071548965
CLIP512_discarded_PC51plus_ridge;631;-0,063606692;-0,232637;-0,196166
CLIP512_discarded_PC51plus_ridge;632;-0,044580241;-0,22307379;-0,24368223
CLIP512_discarded_PC51plus_ridge;633;-0,087001405;-0,23426479;-0,15712772
CLIP512_discarded_PC51plus_ridge;634;-0,023127482;-0,18902604;-0,043458818
CLIP512_discarded_PC51plus_ridge;635;-0,131293;-0,067118828;-0,079845278
CLIP512_discarded_PC51plus_ridge;636;-0,047371055;-0,19320402;-0,13270274
CLIP512_discarded_PC51plus_ridge;637;-0,043020456;-0,22040152;-0,27526907
CLIP512_discarded_PC51plus_ridge;638;-0,01858433;-0,17486435;-0,20360169
CLIP512_discarded_PC51plus_ridge;639;-0,015688003;-0,14812805;-0,12659684
CLIP512_discarded_PC51plus_ridge;640;-0,021945211;-0,22384699;-0,076991561
CLIP512_discarded_PC51plus_ridge;641;-0,01314237;-0,059820944;-0,011743506
CLIP512_discarded_PC51plus_ridge;642;-0,0071508429;-0,060580575;0,0048143991
CLIP512_discarded_PC51plus_ridge;643;-0,051813233;0,014907759;0,0049307138
CLIP512_discarded_PC51plus_ridge;644;-0,033329126;-0,18814433;-0,220097
CLIP512_discarded_PC51plus_ridge;645;-0,097914182;-0,27405046;-0,28443315
CLIP512_discarded_PC51plus_ridge;646;-0,016833441;-0,20059685;-0,16862579
CLIP512_discarded_PC51plus_ridge;647;-0,026492356;-0,081795985;-0,074493984
CLIP512_discarded_PC51plus_ridge;648;0,001372082;0,049945741;0,037570485
CLIP512_discarded_PC51plus_ridge;649;-0,048027019;-0,05126153;-0,041530334
CLIP512_discarded_PC51plus_ridge;650;-0,0034416943;-0,014215952;-0,087949443
CLIP512_discarded_PC51plus_ridge;651;-0,0089283843;-0,091725448;-0,071504927
CLIP512_discarded_PC51plus_ridge;652;0,0018659835;0,0059956593;0,048664206
CLIP512_discarded_PC51plus_ridge;653;-0,053242019;-0,26937059;-0,26059348
CLIP512_discarded_PC51plus_ridge;654;-0,070387029;-0,26532827;-0,2504424
CLIP512_discarded_PC51plus_ridge;655;-0,031651713;-0,20739284;-0,20366339
CLIP512_discarded_PC51plus_ridge;656;-0,031885064;-0,17775366;-0,19068244
CLIP512_discarded_PC51plus_ridge;657;-0,04975164;-0,18682854;-0,28041277
CLIP512_discarded_PC51plus_ridge;658;-0,063883284;-0,2462968;-0,25898479
CLIP512_discarded_PC51plus_ridge;659;-0,0090666956;-0,14785676;0,022495246
CLIP512_discarded_PC51plus_ridge;660;-0,038456393;-0,16093326;-0,10673542
CLIP512_discarded_PC51plus_ridge;661;0,0086386533;0,043746609;0,097932471
CLIP512_discarded_PC51plus_ridge;662;-0,0022535509;-0,050623983;0,04575511
CLIP512_discarded_PC51plus_ridge;663;-0,17471044;-0,12265328;-0,097040876
CLIP512_discarded_PC51plus_ridge;664;-0,023376631;-0,17124254;-0,13286583
CLIP512_discarded_PC51plus_ridge;665;-0,050177603;-0,23905317;-0,28868048
CLIP512_discarded_PC51plus_ridge;666;-0,0059058277;0,012140532;0,031519912
CLIP512_discarded_PC51plus_ridge;667;-0,04575546;-0,17685838;-0,16998685
CLIP512_discarded_PC51plus_ridge;668;-0,23855912;-0,3180548;-0,25865804
CLIP512_discarded_PC51plus_ridge;669;-0,026913239;-0,24245795;-0,22567917
CLIP512_discarded_PC51plus_ridge;670;0,025136519;0,0020075963;0,16351288
CLIP512_discarded_PC51plus_ridge;671;-0,044916256;-0,13507868;-0,091184649
CLIP512_discarded_PC51plus_ridge;672;-0,055356391;-0,21153011;-0,14703173
CLIP512_discarded_PC51plus_ridge;673;-0,01554271;-0,16756647;-0,13337637
CLIP512_discarded_PC51plus_ridge;674;0,011682058;0,073616386;0,11527624
CLIP512_discarded_PC51plus_ridge;675;-0,03584752;-0,16216766;-0,21799532
CLIP512_discarded_PC51plus_ridge;676;-0,065582249;-0,28138904;-0,22392974
CLIP512_discarded_PC51plus_ridge;677;-0,0099443859;0,013714053;0,037482205
CLIP512_discarded_PC51plus_ridge;678;-0,006574805;0,018909387;0,09619385
CLIP512_discarded_PC51plus_ridge;679;-0,066362184;-0,35032556;-0,32801383
CLIP512_discarded_PC51plus_ridge;680;0,0065002747;-0,012140532;0,090384697
CLIP512_discarded_PC51plus_ridge;681;-0,017792853;-0,040925122;-0,084227924
CLIP512_discarded_PC51plus_ridge;682;-0,021276451;-0,015423223;-0,076156931
CLIP512_discarded_PC51plus_ridge;683;-0,062813482;-0,21521975;-0,17944862
CLIP512_discarded_PC51plus_ridge;684;-0,029049495;-0,30174986;-0,18445717
CLIP512_discarded_PC51plus_ridge;685;-0,035681613;-0,033423766;-0,052819309
CLIP512_discarded_PC51plus_ridge;686;-0,042328082;-0,085824742;-0,03559527
CLIP512_discarded_PC51plus_ridge;687;-0,044940136;-0,21695605;-0,13790856
CLIP512_discarded_PC51plus_ridge;688;-0,026572554;-0,051614216;0,01758316
CLIP512_discarded_PC51plus_ridge;689;-0,014330467;-0,17803852;-0,14995411
CLIP512_discarded_PC51plus_ridge;690;-0,0088409143;-0,13724905;-0,10894807
CLIP512_discarded_PC51plus_ridge;691;-0,0066570749;-0,10499186;-0,13688469
CLIP512_discarded_PC51plus_ridge;692;-0,0077430655;-0,039785676;-0,056159053
CLIP512_discarded_PC51plus_ridge;693;-0,031043713;-0,13689636;-0,1072438
CLIP512_discarded_PC51plus_ridge;694;0,021341147;0,18781877;0,14788806
CLIP512_discarded_PC51plus_ridge;695;-0,060982964;-0,031945198;-0,041285741
CLIP512_discarded_PC51plus_ridge;696;-0,06917028;-0,30604992;-0,26663702
CLIP512_discarded_PC51plus_ridge;697;-0,020918173;-0,0060363538;-0,085587883
CLIP512_discarded_PC51plus_ridge;698;-0,0033680766;-0,065328269;-0,067995791
CLIP512_discarded_PC51plus_ridge;699;-0,017299458;-0,17273467;-0,17876481
CLIP512_discarded_PC51plus_ridge;700;-0,10489699;-0,19873847;-0,11624383
CLIP512_discarded_PC51plus_ridge;701;-0,034268034;-0,16588443;-0,2443822
CLIP512_discarded_PC51plus_ridge;702;-0,024314236;-0,10770483;-0,13011594
CLIP512_discarded_PC51plus_ridge;703;-0,016267995;-0,082528486;-0,15529367
CLIP512_discarded_PC51plus_ridge;704;-0,043561828;-0,15325556;-0,12538109
CLIP512_discarded_PC51plus_ridge;705;-0,0038768623;-0,035729788;-0,059085589
CLIP512_discarded_PC51plus_ridge;706;-0,097479146;-0,070659251;-0,12082859
CLIP512_discarded_PC51plus_ridge;707;0,0019740719;0,035363538;0,091828069
CLIP512_discarded_PC51plus_ridge;708;-0,10031231;-0,33931091;-0,21123398
CLIP512_discarded_PC51plus_ridge;709;-0,019854975;-0,015151926;-0,0050159177
CLIP512_discarded_PC51plus_ridge;710;-0,042298688;-0,20524959;-0,25952115
CLIP512_discarded_PC51plus_ridge;711;0,025323704;0,11846175;0,17339891
CLIP512_discarded_PC51plus_ridge;712;-0,014574252;-0,17010309;-0,12092581
CLIP512_discarded_PC51plus_ridge;713;-0,026036132;-0,21329354;-0,21371766
CLIP512_discarded_PC51plus_ridge;714;-0,013947733;-0,17061856;-0,16820151
CLIP512_discarded_PC51plus_ridge;715;0,0029717886;0,048019533;0,099411982
CLIP512_discarded_PC51plus_ridge;716;-0,0074597587;-0,0090070537;0,030501619
CLIP512_discarded_PC51plus_ridge;717;-0,010211909;-0,03388497;-0,070046015
CLIP512_discarded_PC51plus_ridge;718;-0,022853713;-0,18726262;-0,20376443
CLIP512_discarded_PC51plus_ridge;719;-0,06296816;-0,071785133;-0,21729284
CLIP512_discarded_PC51plus_ridge;720;-0,03307078;-0,25584645;-0,21786104
CLIP512_discarded_PC51plus_ridge;721;-0,0031410521;-0,017837765;0,010802029
CLIP512_discarded_PC51plus_ridge;722;-0,042354252;-0,30942756;-0,28131818
CLIP512_discarded_PC51plus_ridge;723;-0,023708911;-0,095157352;-0,19523267
CLIP512_discarded_PC51plus_ridge;724;0,0039291956;0,082921867;0,098282764
CLIP512_discarded_PC51plus_ridge;725;-0,0034693145;-0,033640803;-0,061303254
CLIP512_discarded_PC51plus_ridge;726;-0,1446816;-0,12356213;-0,13902544
CLIP512_discarded_PC51plus_ridge;727;-0,048984385;-0,12873033;-0,017587138
CLIP512_discarded_PC51plus_ridge;728;-0,0061562521;-0,027767227;-0,081271996
CLIP512_discarded_PC51plus_ridge;729;-0,048127583;-0,1945605;-0,12346462
CLIP512_discarded_PC51plus_ridge;730;-0,040413338;-0,26649485;-0,23432021
CLIP512_discarded_PC51plus_ridge;731;-0,018746759;-0,14034183;-0,13064878
CLIP512_discarded_PC51plus_ridge;732;-0,0090240998;0,039419425;0,061818104
CLIP512_discarded_PC51plus_ridge;733;0,016129725;0,16086544;0,13736864
CLIP512_discarded_PC51plus_ridge;734;-0,0073521751;-0,0069045035;0,00050225841
CLIP512_discarded_PC51plus_ridge;735;-0,06394611;-0,084658166;-0,041959974
CLIP512_discarded_PC51plus_ridge;736;-0,028311268;-0,21456864;-0,23237439
CLIP512_discarded_PC51plus_ridge;737;-0,040507727;-0,26001085;-0,20873838
CLIP512_discarded_PC51plus_ridge;738;-0,012613758;-0,060661964;0,0027318987
CLIP512_discarded_PC51plus_ridge;739;-0,016932485;0,01353771;-0,069005774
CLIP512_discarded_PC51plus_ridge;740;-0,034047941;-0,12958492;-0,18598996
CLIP512_discarded_PC51plus_ridge;741;-0,0029422282;-0,034427564;0,072760554
CLIP512_discarded_PC51plus_ridge;742;-0,024485632;-0,21747151;-0,19703972
CLIP512_discarded_PC51plus_ridge;743;-0,064174536;-0,17974769;-0,059982832
CLIP512_discarded_PC51plus_ridge;744;0,0058471088;-0,045238741;0,11091919
CLIP512_discarded_PC51plus_ridge;745;-0,05579484;-0,11923494;-0,023647764
CLIP512_discarded_PC51plus_ridge;746;-0,16343192;-0,29862995;-0,20692665
CLIP512_discarded_PC51plus_ridge;747;-0,14124186;-0,24454693;-0,20872889
CLIP512_discarded_PC51plus_ridge;748;-0,012062241;-0,16810906;-0,1382352
CLIP512_discarded_PC51plus_ridge;749;-0,048141327;-0,24171188;-0,22519142
CLIP512_discarded_PC51plus_ridge;750;-0,012001679;-0,051505697;-0,09492411
CLIP512_discarded_PC51plus_ridge;751;0,017992943;-0,042132393;0,14913764
CLIP512_discarded_PC51plus_ridge;752;-0,022947755;-0,10514107;-0,10366339
CLIP512_discarded_PC51plus_ridge;753;-0,069531275;-0,2341834;-0,18295657
CLIP512_discarded_PC51plus_ridge;754;-0,066629367;-0,081741725;-0,10012439
CLIP512_discarded_PC51plus_ridge;755;-0,029495483;-0,045143787;-0,06435303
CLIP512_discarded_PC51plus_ridge;756;-0,013792106;-0,10959034;-0,14458592
CLIP512_discarded_PC51plus_ridge;757;-0,02073031;-0,1423223;-0,19630055
CLIP512_discarded_PC51plus_ridge;758;-0,037175795;-0,20221107;-0,2546181
CLIP512_discarded_PC51plus_ridge;759;-0,015512117;-0,10394737;-0,16024803
CLIP512_discarded_PC51plus_ridge;760;-0,027303499;-0,12582746;-0,088635536
CLIP512_discarded_PC51plus_ridge;761;-0,08436387;-0,14985079;-0,11740538
CLIP512_discarded_PC51plus_ridge;762;-0,033227143;0,0055615844;-0,044777416
CLIP512_discarded_PC51plus_ridge;763;-0,0086588111;-0,091386327;-0,07410344
CLIP512_discarded_PC51plus_ridge;764;-0,048501496;-0,096147585;-0,061562591
CLIP512_discarded_PC51plus_ridge;765;-0,017710177;-0,1277401;-0,11228367
CLIP512_discarded_PC51plus_ridge;766;-0,0012811104;-0,10935974;0,0070894151
CLIP512_discarded_PC51plus_ridge;767;-0,059828631;-0,33338307;-0,075889827
CLIP512_discarded_PC51plus_ridge;768;-0,043786726;-0,19498101;-0,094939712
CLIP512_discarded_PC51plus_ridge;769;-0,027307087;0,014039609;-0,016178937
CLIP512_discarded_PC51plus_ridge;770;-0,032918232;-0,18533641;-0,22768602
CLIP512_discarded_PC51plus_ridge;771;0,014107598;0,0041237113;0,12624307
CLIP512_discarded_PC51plus_ridge;772;-0,020359405;-0,054869778;-0,083850781
CLIP512_discarded_PC51plus_ridge;773;-0,013572845;-0,118828;-0,070760454
CLIP512_discarded_PC51plus_ridge;774;-0,0126929;-0,087154097;-0,098232275
CLIP512_discarded_PC51plus_ridge;775;-0,019645584;-0,16345632;-0,13050279
CLIP512_discarded_PC51plus_ridge;776;-0,018814135;-0,11026858;-0,066448991
CLIP512_discarded_PC51plus_ridge;777;-0,048953988;-0,29519805;-0,29640617
CLIP512_discarded_PC51plus_ridge;778;-0,030889581;-0,23682854;-0,22256758
CLIP512_discarded_PC51plus_ridge;779;-0,022647543;-0,11989962;-0,0031054838
CLIP512_discarded_PC51plus_ridge;780;-0,0027089839;0,040708085;0,049881116
CLIP512_discarded_PC51plus_ridge;781;-0,0091170571;-0,11612859;-0,11100253
CLIP512_discarded_PC51plus_ridge;782;-0,11093254;-0,41043136;-0,43894848
CLIP512_discarded_PC51plus_ridge;783;-0,028249148;-0,12498644;-0,12273918
CLIP512_discarded_PC51plus_ridge;784;-0,021392489;-0,20137005;-0,17824743
CLIP512_discarded_PC51plus_ridge;785;-0,0065664084;-0,036136734;-0,061856389
CLIP512_discarded_PC51plus_ridge;786;0,025361932;-0,020469343;0,16018096
CLIP512_discarded_PC51plus_ridge;787;0,010755393;0,13609604;0,10466822
CLIP512_discarded_PC51plus_ridge;788;-0,004515316;-0,080982094;-0,071461037
CLIP512_discarded_PC51plus_ridge;789;-0,023398009;-0,10131579;-0,19219056
CLIP512_discarded_PC51plus_ridge;790;-0,068953829;-0,36616929;-0,35594879
CLIP512_discarded_PC51plus_ridge;791;-0,03348549;-0,21402604;-0,23041593
CLIP512_discarded_PC51plus_ridge;792;-0,047656743;-0,19091156;-0,19466846
CLIP512_discarded_PC51plus_ridge;793;-0,010186895;-0,081660336;-0,035712431
CLIP512_discarded_PC51plus_ridge;794;-0,018107649;-0,090423223;-0,10744321
CLIP512_discarded_PC51plus_ridge;795;-0,28297256;-0,14601194;-0,21650545
CLIP512_discarded_PC51plus_ridge;796;-0,002559526;0,059196961;0,022271654
CLIP512_discarded_PC51plus_ridge;797;-0,042605936;-0,1304802;-0,090668217
CLIP512_discarded_PC51plus_ridge;798;-0,033918901;-0,19513022;-0,22664917
CLIP512_discarded_PC51plus_ridge;799;-0,010099952;0,068868692;0,012069052
CLIP512_discarded_PC51plus_ridge;800;-0,031074835;-0,026302225;-0,0018117493
CLIP512_discarded_PC51plus_ridge;801;-0,20046489;-0,16852957;-0,17549368
CLIP512_discarded_PC51plus_ridge;802;-0,020484658;0,0559414;0,061424634
CLIP512_discarded_PC51plus_ridge;803;-0,012776386;-0,0043000543;0,0096569438
CLIP512_discarded_PC51plus_ridge;804;-0,053926361;-0,15967173;-0,17577538
CLIP512_discarded_PC51plus_ridge;805;-0,021642725;-0,084468258;-0,1635626
CLIP512_discarded_PC51plus_ridge;806;0,0023439907;0,027780792;0,054407067
CLIP512_discarded_PC51plus_ridge;807;-0,093648897;-0,12391481;-0,12560239
CLIP512_discarded_PC51plus_ridge;808;-0,0058118326;-0,039772111;-0,06625217
CLIP512_discarded_PC51plus_ridge;809;-0,019109856;-0,12417254;-0,11113712
CLIP512_discarded_PC51plus_ridge;810;-0,026937449;-0,15982094;-0,18864407
CLIP512_discarded_PC51plus_ridge;811;-0,015634847;-0,17414542;-0,14719093
CLIP512_discarded_PC51plus_ridge;812;-0,013538521;-0,16783776;-0,12230556
CLIP512_discarded_PC51plus_ridge;813;-0,014825496;0,058410201;0,044022099
CLIP512_discarded_PC51plus_ridge;814;-0,020449424;-0,019519805;0,051314949
CLIP512_discarded_PC51plus_ridge;815;-0,0053672958;-0,025352686;-0,054076497
CLIP512_discarded_PC51plus_ridge;816;-0,046636073;-0,15177699;-0,20564386
CLIP512_discarded_PC51plus_ridge;817;-0,07704754;-0,17295171;-0,17484756
CLIP512_discarded_PC51plus_ridge;818;-0,017796546;-0,20486978;-0,1795729
CLIP512_discarded_PC51plus_ridge;819;-0,050275922;-0,11433804;-0,10127176
CLIP512_discarded_PC51plus_ridge;820;-0,0035901218;0,0040016278;-0,0040904022
CLIP512_discarded_PC51plus_ridge;821;-0,033369738;-0,22878459;-0,22516307
CLIP512_discarded_PC51plus_ridge;822;-0,092774592;-0,14565925;-0,12381285
CLIP512_discarded_PC51plus_ridge;823;-0,044893411;-0,20676886;-0,17698088
CLIP512_discarded_PC51plus_ridge;824;-0,091983464;-0,16564026;-0,017614676
CLIP512_discarded_PC51plus_ridge;825;-0,029880614;-0,093095496;-0,10546275
CLIP512_discarded_PC51plus_ridge;826;-0,015491944;-0,22525773;-0,18109785
CLIP512_discarded_PC51plus_ridge;827;-0,046663893;-0,22144601;-0,2701182
CLIP512_discarded_PC51plus_ridge;828;-0,031639037;-0,16545035;-0,22940531
CLIP512_discarded_PC51plus_ridge;829;-0,050159097;-0,24354314;-0,22067755
CLIP512_discarded_PC51plus_ridge;830;-0,031994524;-0,064894194;-0,021700867
CLIP512_discarded_PC51plus_ridge;831;-0,036452709;-0,012262615;-0,0133464
CLIP512_discarded_PC51plus_ridge;832;-0,012874453;-0,073643516;0,0064897411
CLIP512_discarded_PC51plus_ridge;833;-0,0058457416;-0,075990233;0,032426868
CLIP512_discarded_PC51plus_ridge;834;0,0033076328;0,05170917;0,061720107
CLIP512_discarded_PC51plus_ridge;835;-0,025182941;-0,24576777;-0,23017993
CLIP512_discarded_PC51plus_ridge;836;0,024514276;0,2103771;0,16045174
CLIP512_discarded_PC51plus_ridge;837;-0,13045835;-0,35240098;-0,36430149
CLIP512_discarded_PC51plus_ridge;838;-0,048966739;-0,2663592;-0,23607866
CLIP512_discarded_PC51plus_ridge;839;-0,066137706;-0,19373304;-0,14861534
CLIP512_discarded_PC51plus_ridge;840;-0,0091113736;-0,017959848;0,0043296941
CLIP512_discarded_PC51plus_ridge;841;-0,0088986609;-0,15618557;-0,13695417
CLIP512_discarded_PC51plus_ridge;842;-0,035198799;-0,13308464;-0,12825959
CLIP512_discarded_PC51plus_ridge;843;-0,06700905;-0,11440586;-0,011492759
CLIP512_discarded_PC51plus_ridge;844;-0,034761075;-0,20166848;-0,24666686
CLIP512_discarded_PC51plus_ridge;845;-0,052259095;-0,22830982;-0,22116484
CLIP512_discarded_PC51plus_ridge;846;-0,018718703;-0,15086815;-0,15655856
CLIP512_discarded_PC51plus_ridge;847;0,003627297;0,056063483;0,066723964
CLIP512_discarded_PC51plus_ridge;848;-0,033543841;-0,17445741;-0,22091707
CLIP512_discarded_PC51plus_ridge;849;-0,00075791913;0,0071893652;0,059931629
CLIP512_discarded_PC51plus_ridge;850;-0,0034292832;-0,016196419;0,0064568913
CLIP512_discarded_PC51plus_ridge;851;-0,032750397;-0,038781877;-0,097491132
CLIP512_discarded_PC51plus_ridge;852;-0,004642373;-0,019831796;-0,04848082
CLIP512_discarded_PC51plus_ridge;853;-0,022514728;-0,2106077;-0,21728827
CLIP512_discarded_PC51plus_ridge;854;-0,011212454;0,032867607;0,0018444056
CLIP512_discarded_PC51plus_ridge;855;-0,076557477;-0,27984265;-0,37277981
CLIP512_discarded_PC51plus_ridge;856;-0,0085964291;-0,038795442;0,0085018913
CLIP512_discarded_PC51plus_ridge;857;-0,0829997;-0,1539745;-0,15788647
CLIP512_discarded_PC51plus_ridge;858;-0,016046382;-0,094329897;-0,051305011
CLIP512_discarded_PC51plus_ridge;859;-0,017266507;-0,1710662;-0,173366
CLIP512_discarded_PC51plus_ridge;860;-0,081884596;-0,22021161;-0,19380157
CLIP512_discarded_PC51plus_ridge;861;-0,081311482;-0,064663592;-0,089662788
CLIP512_discarded_PC51plus_ridge;862;-0,053414454;-0,07289745;-0,0081864026
CLIP512_discarded_PC51plus_ridge;863;-0,036139408;-0,24256647;-0,2185047
CLIP512_discarded_PC51plus_ridge;864;-0,051027995;-0,061977754;-0,040300858
CLIP512_discarded_PC51plus_ridge;865;-0,063766014;-0,20926479;-0,20267658
CLIP512_discarded_PC51plus_ridge;866;-0,047295445;-0,29975583;-0,29374852
CLIP512_discarded_PC51plus_ridge;867;-0,024146373;-0,18080575;-0,20304761
CLIP512_discarded_PC51plus_ridge;868;-0,046390985;-0,31241183;-0,2969932
CLIP512_discarded_PC51plus_ridge;869;-0,042208328;-0,10870863;-0,11363179
CLIP512_discarded_PC51plus_ridge;870;-0,021225105;-0,14419425;-0,10246279
CLIP512_discarded_PC51plus_ridge;871;-0,051711293;-0,15472056;-0,21707143
CLIP512_discarded_PC51plus_ridge;872;-0,08011493;-0,073602821;-0,12773588
CLIP512_discarded_PC51plus_ridge;873;-0,069464677;-0,14485893;-0,12930394
CLIP512_discarded_PC51plus_ridge;874;-0,015891566;-0,19593055;-0,17780669
CLIP512_discarded_PC51plus_ridge;875;-0,0024149578;-0,0021568095;-0,041536918
CLIP512_discarded_PC51plus_ridge;876;-0,028268645;-0,10162778;0,010734514
CLIP512_discarded_PC51plus_ridge;877;-0,056001883;-0,29057244;-0,2852846
CLIP512_discarded_PC51plus_ridge;878;-0,0024385451;-0,067091698;-0,01243267
CLIP512_discarded_PC51plus_ridge;879;-0,012564759;-0,067105263;-0,071871712
CLIP512_discarded_PC51plus_ridge;880;-0,066575204;-0,10322843;-0,062166613
CLIP512_discarded_PC51plus_ridge;881;-0,020958229;-0,16520619;-0,18878583
CLIP512_discarded_PC51plus_ridge;882;-0,0092884719;-0,083450895;-0,1182387
CLIP512_discarded_PC51plus_ridge;883;-0,08032457;-0,053092784;-0,027656501
CLIP512_discarded_PC51plus_ridge;884;-0,010935562;-0,14234943;-0,037366756
CLIP512_discarded_PC51plus_ridge;885;-0,10442923;-0,21691536;-0,2671587
CLIP512_discarded_PC51plus_ridge;886;-0,0092265581;-0,12862181;-0,12796941
CLIP512_discarded_PC51plus_ridge;887;-0,0079087989;-0,13480738;-0,13451169
CLIP512_discarded_PC51plus_ridge;888;-0,010054598;-0,08769669;-0,12618983
CLIP512_discarded_PC51plus_ridge;889;-0,0043316455;0,01650841;-0,067882494
CLIP512_discarded_PC51plus_ridge;890;-0,11456993;-0,1643923;-0,12168371
CLIP512_discarded_PC51plus_ridge;891;-0,060368227;-0,13803581;-0,14850476
CLIP512_discarded_PC51plus_ridge;892;-0,068686986;-0,07839121;-0,099039098
CLIP512_discarded_PC51plus_ridge;893;-0,043655328;-0,2812127;-0,28512026
CLIP512_discarded_PC51plus_ridge;894;-0,030891229;-0,13920239;-0,15194853
CLIP512_discarded_PC51plus_ridge;895;-0,1516055;-0,32228703;-0,30339784
CLIP512_discarded_PC51plus_ridge;896;-0,022490806;-0,16355128;-0,19859953
CLIP512_discarded_PC51plus_ridge;897;-0,046029137;-0,26271026;-0,21812637
CLIP512_discarded_PC51plus_ridge;898;-0,10015558;-0,25333695;-0,1434288
CLIP512_discarded_PC51plus_ridge;899;0,00010008483;-0,008898535;0,021275494
CLIP512_discarded_PC51plus_ridge;900;-0,077296891;-0,28380358;-0,3268608
CLIP512_discarded_PC51plus_ridge;901;-0,032327813;-0,21097396;-0,24984724
CLIP512_discarded_PC51plus_ridge;902;0,00209833;0,065816603;0,061388326
CLIP512_discarded_PC51plus_ridge;903;-0,027281624;-0,18166034;-0,10505127
CLIP512_discarded_PC51plus_ridge;904;-0,043876768;-0,17768584;-0,23522785
CLIP512_discarded_PC51plus_ridge;905;-0,055587239;-0,31365979;-0,31669651
CLIP512_discarded_PC51plus_ridge;906;-0,040086429;-0,24015193;-0,22911609
CLIP512_discarded_PC51plus_ridge;907;-0,049473135;-0,10805751;-0,17844707
CLIP512_discarded_PC51plus_ridge;908;-0,054726438;-0,14215952;-0,12240775
CLIP512_discarded_PC51plus_ridge;909;-0,10469047;-0,089297341;-0,1141228
CLIP512_discarded_PC51plus_ridge;910;-0,0062442921;-0,082419967;0,02899102
CLIP512_discarded_PC51plus_ridge;911;-0,039082655;-0,17627509;-0,25638053
CLIP512_discarded_PC51plus_ridge;912;-0,0022259843;-0,077712968;0,063386143
CLIP512_discarded_PC51plus_ridge;913;-0,11711373;-0,18916169;-0,21220057
CLIP512_discarded_PC51plus_ridge;914;-0,026000824;-0,028106348;0,0047318475
CLIP512_discarded_PC51plus_ridge;915;-0,019965969;-0,11968258;-0,14293113
CLIP512_discarded_PC51plus_ridge;916;-0,045017398;-0,066576234;-0,01859423
CLIP512_discarded_PC51plus_ridge;917;-0,010539809;-0,088293543;-0,12417829
CLIP512_discarded_PC51plus_ridge;918;-1,0572236e-05;0,058776451;0,11638305
CLIP512_discarded_PC51plus_ridge;919;-0,01122945;-0,10535811;-0,11319388
CLIP512_discarded_PC51plus_ridge;920;-0,017193393;-0,090938687;-0,095787975
CLIP512_discarded_PC51plus_ridge;921;0,00033930688;0,018068367;0,047634746
CLIP512_discarded_PC51plus_ridge;922;-0,073195195;-0,071134021;-0,12186996
CLIP512_discarded_PC51plus_ridge;923;-0,078602839;-0,15104449;-0,12848624
CLIP512_discarded_PC51plus_ridge;924;-0,091264202;-0,12569181;-0,077032007
CLIP512_discarded_PC51plus_ridge;925;-0,067592361;-0,13752035;-0,057360505
CLIP512_discarded_PC51plus_ridge;926;-0,13658779;-0,12007596;-0,15667016
CLIP512_discarded_PC51plus_ridge;927;-0,021533205;-0,065084102;-0,087007486
CLIP512_discarded_PC51plus_ridge;928;0,022736507;0,067051004;0,16639363
CLIP512_discarded_PC51plus_ridge;929;-0,13170297;-0,3383478;-0,34912656
CLIP512_discarded_PC51plus_ridge;930;-0,014988006;-0,15488334;-0,15097013
CLIP512_discarded_PC51plus_ridge;931;-0,025171854;-0,17801139;-0,20255947
CLIP512_discarded_PC51plus_ridge;932;-0,015159882;0,0073250136;0,012075668
CLIP512_discarded_PC51plus_ridge;933;-0,028373861;-0,22088985;-0,22439647
CLIP512_discarded_PC51plus_ridge;934;-0,084152478;-0,1187873;-0,056690206
CLIP512_discarded_PC51plus_ridge;935;-0,051418481;-0,16245252;-0,15513238
CLIP512_discarded_PC51plus_ridge;936;-0,034495231;-0,17289745;-0,041292674
CLIP512_discarded_PC51plus_ridge;937;-0,029280501;-0,14565925;-0,12977163
CLIP512_discarded_PC51plus_ridge;938;-0,022124042;-0,12816061;-0,086711444
CLIP512_discarded_PC51plus_ridge;939;-0,020440116;-0,16355128;-0,12864846
CLIP512_discarded_PC51plus_ridge;940;-0,039725242;-0,13825285;-0,10969856
CLIP512_discarded_PC51plus_ridge;941;-0,017673481;-0,041169289;-0,10219051
CLIP512_discarded_PC51plus_ridge;942;-0,036854092;-0,10415084;-0,050464215
CLIP512_discarded_PC51plus_ridge;943;-0,051495965;-0,16454151;-0,12524763
CLIP512_discarded_PC51plus_ridge;944;-0,018013448;-0,16070266;-0,18136204
CLIP512_discarded_PC51plus_ridge;945;-0,055176765;-0,18772382;-0,18382506
CLIP512_discarded_PC51plus_ridge;946;-0,011451188;-0,089839935;-0,10647195
CLIP512_discarded_PC51plus_ridge;947;-0,031325261;-0,17354856;-0,22889163
CLIP512_discarded_PC51plus_ridge;948;-0,052130548;-0,042607162;-0,03969053
CLIP512_discarded_PC51plus_ridge;949;-0,014239151;-0,04153554;0,019552433
CLIP512_discarded_PC51plus_ridge;950;-0,02731015;-0,24138633;-0,21611187
CLIP512_discarded_PC51plus_ridge;951;0,0074405677;0,049593055;0,10496329
CLIP512_discarded_PC51plus_ridge;952;-0,030339404;-0,21869235;-0,23280652
CLIP512_discarded_PC51plus_ridge;953;-0,01802636;-0,11340206;-0,17585647
CLIP512_discarded_PC51plus_ridge;954;-0,029923506;-0,020537168;-0,068498313
CLIP512_discarded_PC51plus_ridge;955;-0,02618012;-0,1020076;-0,018488479
CLIP512_discarded_PC51plus_ridge;956;-0,01890285;0,0042593597;-0,074049953
CLIP512_discarded_PC51plus_ridge;957;-0,0023668294;-0,019709712;0,050339352
CLIP512_discarded_PC51plus_ridge;958;-0,021868337;-0,090151926;-0,14168051
CLIP512_discarded_PC51plus_ridge;959;-0,051451417;-0,21173359;-0,16766477
CLIP512_discarded_PC51plus_ridge;960;0,008013808;0,057053717;0,11214073
CLIP512_discarded_PC51plus_ridge;961;-0,073489691;-0,17991047;-0,073853955
CLIP512_discarded_PC51plus_ridge;962;-0,083800142;-0,15805751;-0,14625364
CLIP512_discarded_PC51plus_ridge;963;-0,16575464;-0,29890125;-0,30301611
CLIP512_discarded_PC51plus_ridge;964;-0,37312648;-0,29336679;-0,2655096
CLIP512_discarded_PC51plus_ridge;965;-0,017655466;-0,16243896;-0,13015582
CLIP512_discarded_PC51plus_ridge;966;-0,026833575;-0,17879816;-0,19135379
CLIP512_discarded_PC51plus_ridge;967;-0,016539448;-0,046405317;-0,079366902
CLIP512_discarded_PC51plus_ridge;968;-0,021327055;-0,095862724;-0,11037243
CLIP512_discarded_PC51plus_ridge;969;-0,040488451;-0,11085187;0,025837561
CLIP512_discarded_PC51plus_ridge;970;-0,032540621;-0,11432447;-0,13201726
CLIP512_discarded_PC51plus_ridge;971;-0,030338389;-0,0809414;-0,06214438
CLIP512_discarded_PC51plus_ridge;972;0,0040732218;0,0095089528;0,072596144
CLIP512_discarded_PC51plus_ridge;973;0,002313654;-0,037452523;0,053525238
CLIP512_discarded_PC51plus_ridge;974;-0,12480497;-0,25104449;-0,21259214
CLIP512_discarded_PC51plus_ridge;975;-0,065311417;-0,33756104;-0,3536316
CLIP512_discarded_PC51plus_ridge;976;-0,028409604;-0,035580575;-0,0054030332
CLIP512_discarded_PC51plus_ridge;977;-0,040666036;-0,22844547;-0,23933804
CLIP512_discarded_PC51plus_ridge;978;-0,075732838;-0,18724905;-0,15244902
CLIP512_discarded_PC51plus_ridge;979;-0,024250811;-0,18505155;-0,20184469
CLIP512_discarded_PC51plus_ridge;980;-0,027540154;-0,20807108;-0,20926293
CLIP512_discarded_PC51plus_ridge;981;-0,00617107;-0,091345632;-0,068127235
CLIP512_discarded_PC51plus_ridge;982;0,033798236;0,13045307;0,18522917
CLIP512_discarded_PC51plus_ridge;983;0,010013641;-0,042335865;0,10032532
CLIP512_discarded_PC51plus_ridge;984;-0,023089367;-0,22533912;-0,201922
CLIP512_discarded_PC51plus_ridge;985;-0,085255799;-0,11679327;-0,17272211
CLIP512_discarded_PC51plus_ridge;986;-0,037323578;-0,084698861;-0,071767972
CLIP512_discarded_PC51plus_ridge;987;-0,16589482;-0,30394737;-0,13902929
CLIP512_discarded_PC51plus_ridge;988;-0,0079417418;-0,126465;-0,10429097
CLIP512_discarded_PC51plus_ridge;989;-0,003258886;-0,046947911;-0,017160592
CLIP512_discarded_PC51plus_ridge;990;-0,092804277;-0,17042865;-0,18513786
CLIP512_discarded_PC51plus_ridge;991;-0,009228625;0,024253934;-0,048616223
CLIP512_discarded_PC51plus_ridge;992;-0,089146429;-0,05168204;-0,037967103
CLIP512_discarded_PC51plus_ridge;993;-0,017925485;-0,065029843;-0,044234652
CLIP512_discarded_PC51plus_ridge;994;-0,077019892;-0,10405589;-0,12674417
CLIP512_discarded_PC51plus_ridge;995;-0,03983221;-0,06275095;-0,029651663
CLIP512_discarded_PC51plus_ridge;996;-0,048991001;-0,10889853;-0,085669799
CLIP512_discarded_PC51plus_ridge;997;-0,078649267;-0,17658709;-0,12329606
CLIP512_discarded_PC51plus_ridge;998;-0,017407605;-0,089717851;-0,027065103
CLIP512_discarded_PC51plus_ridge;999;-0,0069843682;0,0070808464;0,036671032
CLIP512_discarded_PC51plus_ridge;1000;-0,0093845275;-0,06989962;-0,0079756679
