iteration,n_subjects_A,n_subjects_B,n_valid_items,skipped,raw_calorie_split_spearman,raw_calorie_split_pearson,raw_calorie_spearman_brown,raw_calorie_corr_ceiling,raw_calorie_r2_ceiling,resclip_split_spearman,resclip_split_pearson,resclip_spearman_brown,resclip_corr_ceiling,resclip_r2_ceiling,split_A_clip_cv_r2,split_B_clip_cv_r2,split_A_clip_spearman,split_B_clip_spearman
1,12,13,96,False,0.9576386722194336,0.9838926151572525,0.9783610078909301,0.9891213312283433,0.9783610078909301,0.8251356483993489,0.8468393507549955,0.9041910382091284,0.9508896035866248,0.9041910382091284,0.7494967078483186,0.7591382774060632,0.8539037014186563,0.8624904198154093
2,12,13,96,False,0.9455513542759053,0.983626574529946,0.9720137710040765,0.9859075874563886,0.9720137710040765,0.8882528486163863,0.9012518605848374,0.9408198158072442,0.9699586670612538,0.9408198158072442,0.7613465891106279,0.7632293558176206,0.8576825647184877,0.8652518347490955
3,12,13,96,False,0.9430115950635338,0.9850745954852757,0.9706700644086467,0.985225895116773,0.9706700644086467,0.7870998372219208,0.8102426918722291,0.8808683441496832,0.9385458668332002,0.8808683441496832,0.7601852569326456,0.7438268225483036,0.8520724107653203,0.8516140849476138
4,12,13,96,False,0.9337072783844385,0.9794365107859286,0.9657172921896703,0.9827091595124522,0.9657172921896703,0.8401112316874659,0.8618214919018106,0.9131091829889496,0.955567466476831,0.9131091829889496,0.7463205410568929,0.767902447389234,0.8390306434662804,0.8775290120183663
5,12,13,96,False,0.9465116594761721,0.9824372560599268,0.9725209246687883,0.9861647553369509,0.9725209246687883,0.7968665219750407,0.8210968311172091,0.8869512701468313,0.9417809034732183,0.8869512701468313,0.7714188137797341,0.7395668746710033,0.870239052311691,0.8510792709998406
6,12,13,96,False,0.9509462118490151,0.9862075515848657,0.9748564118000496,0.9873481715180565,0.9748564118000496,0.8993488876831253,0.916616525468746,0.9470075703470933,0.9731431397009863,0.9470075703470933,0.768012719223854,0.758427486493074,0.8802243723121213,0.8543571451094586
7,12,13,96,False,0.9474410670991488,0.984026910996499,0.9730112845062153,0.9864133436375521,0.9730112845062153,0.7776315789473683,0.8107307494814934,0.8749074759437454,0.9353648891976571,0.8749074759437454,0.752363563235032,0.735971536246397,0.8628372604871499,0.8433189884121928
8,12,13,96,False,0.9519983722732688,0.982538448179095,0.9754089816833048,0.9876279571191293,0.9754089816833048,0.8413863266413456,0.8615039068417253,0.913861816467399,0.9559612002939235,0.913861816467399,0.7327717136112026,0.7867581578725602,0.8542806275072952,0.8692779874093676
9,12,13,96,False,0.9460495213085542,0.9817002450802932,0.9722769240449911,0.9860410356800527,0.9722769240449911,0.8351329354313619,0.8467801729449999,0.9101606965983177,0.9540234256024941,0.9101606965983177,0.7810541993533374,0.7387449107359996,0.8734802680493197,0.8518204512210076
10,12,13,96,False,0.9568486345278834,0.9872124353823326,0.9779485420023161,0.9889128080889215,0.9779485420023161,0.9005018990775909,0.8959302180464491,0.9476464080511046,0.9734713185559729,0.9476464080511046,0.7536797654686891,0.7628524362859971,0.871961827879963,0.8500183128605279
11,12,13,96,False,0.9521743997733357,0.9886709125302722,0.9755013690210173,0.987674728349884,0.9755013690210173,0.8987927292457948,0.9062971232788704,0.9466991477293022,0.9729846595549707,0.9466991477293022,0.7642308753505447,0.7562577112703363,0.8630940674752127,0.860850073004031
12,12,13,96,False,0.9450509202755841,0.9862736120133722,0.971749284735111,0.9857734449330185,0.971749284735111,0.8530792186652199,0.8762155485027325,0.9207153262230161,0.9595391217782713,0.9207153262230161,0.7543676878952149,0.7571467171166213,0.8596233018598552,0.8563221705342949
13,12,13,96,False,0.9464916743189191,0.9838026789002917,0.9725103752628156,0.9861594066188364,0.9725103752628156,0.8776587086272383,0.8887541950886315,0.9348437014614834,0.9668731568626173,0.9348437014614834,0.7402937463417462,0.7756785663432894,0.8491094562563123,0.8704667079943837
14,12,13,96,False,0.9436393788916464,0.9855115259141503,0.9710025317862756,0.9853946071428824,0.9710025317862756,0.8964053174172544,0.9059093523747119,0.9453731321931574,0.9723030043114942,0.9453731321931574,0.771677123112679,0.7520070868004096,0.8677138865948437,0.85686380262416
15,12,13,96,False,0.9341920081331846,0.981689963583856,0.9659764947895059,0.9828410323086363,0.9659764947895059,0.8689907759088442,0.8858030338437837,0.9299037610137754,0.964315177218411,0.9299037610137754,0.7543529601429909,0.7640554921269099,0.856347370796764,0.8678931751989513
16,12,13,96,False,0.9494324675860087,0.9854840487409154,0.9740603825704158,0.9869449744390089,0.9740603825704158,0.8258138903960932,0.8505014844314165,0.9045981025119056,0.9511036234353781,0.9045981025119056,0.7542277024928001,0.7564186303778316,0.8521780416655349,0.8679046928081666
17,12,13,96,False,0.9566550343091025,0.9831577913482504,0.9778474156502489,0.9888616767021811,0.9778474156502489,0.8044221378187738,0.8072570941809774,0.8916119138187668,0.9442520393511294,0.8916119138187668,0.7662566398031387,0.7399288946873532,0.8738745157156039,0.8421766586793309
18,12,13,96,False,0.9440259916425977,0.9858742625773407,0.9712071707898785,0.9854984377409629,0.9712071707898785,0.8389175257731959,0.8656763135762346,0.9124036440084092,0.9551982223645568,0.9124036440084092,0.7574165793118229,0.7570891155398898,0.85061891729995,0.8644766158372275
19,12,13,96,False,0.9472466874501253,0.983355023679485,0.9729087675999829,0.986361377792127,0.9729087675999829,0.813659793814433,0.8300822082594129,0.8972573539860736,0.9472366937498112,0.8972573539860736,0.7562084710851581,0.7547397836514868,0.8655649423608418,0.8639680949488566
20,12,13,96,False,0.9539585912690843,0.9884524273368819,0.9764368554499345,0.9881481950850968,0.9764368554499345,0.9447639717851329,0.9570192232778847,0.9715975671000503,0.9856964883269344,0.9715975671000503,0.7505053415795414,0.7779057326215048,0.8545616095422621,0.8796049802144401
21,12,13,96,False,0.949380739856478,0.985978974318287,0.9740331587829021,0.98693118239465,0.9740331587829021,0.8782826912642431,0.8997345632212048,0.9351975560963983,0.9670561287207678,0.9351975560963983,0.7578406985369952,0.7659200870845092,0.8619681628513098,0.8732611218802148
22,12,13,96,False,0.943785587601359,0.9838663041705646,0.9710799314712433,0.9854338798068815,0.9710799314712433,0.8413049376017363,0.8559703541563979,0.9138138071769031,0.9559360894834461,0.9138138071769031,0.7644074810570389,0.7596468284513196,0.8530122934672655,0.8674832811878038
23,12,13,96,False,0.9610977152908513,0.988792637572394,0.9801630054403592,0.990031820418091,0.9801630054403592,0.8708898534997288,0.8899316166331676,0.9309899798436799,0.9648782202141781,0.9309899798436799,0.7635344742526772,0.7564477227509476,0.8596882718375933,0.8697176771068016
24,12,13,96,False,0.92958763943825,0.9806105797487281,0.9635091150447829,0.9815850014363416,0.9635091150447829,0.80854584915898,0.8607709390369013,0.894139177654771,0.9455893282259329,0.894139177654771,0.7859845239699802,0.745153034743421,0.854405546381409,0.8633866439568623
25,12,13,96,False,0.9574183790144895,0.9865191782157099,0.9782460298513447,0.9890632082184357,0.9782460298513447,0.847788931090613,0.8777039167910611,0.9176252945624325,0.9579276040298831,0.9176252945624325,0.7705313058058381,0.7508181619464407,0.8794913100035011,0.8492169538577112
26,12,13,96,False,0.9502150114846136,0.9831780982732263,0.9744720514290948,0.9871535095561859,0.9744720514290948,0.8603906673901248,0.8807289544951009,0.9249569807798875,0.96174683819594,0.9249569807798875,0.7643746430512001,0.7536116996517644,0.8723628657464355,0.8561448490405502
27,12,13,96,False,0.9626348881217064,0.9881908878442047,0.9809617610975758,0.9904351372490658,0.9809617610975758,0.866209983722192,0.8966871621230408,0.9283092377359587,0.9634880579104023,0.9283092377359587,0.7427949458201666,0.7814366771637498,0.8562146251252771,0.8710954059261775
28,12,13,96,False,0.9403438090350573,0.9810922716868715,0.969254834794144,0.9845074071809434,0.969254834794144,0.8166440586001085,0.8478873726902605,0.8990688679315726,0.9481924213637085,0.8990688679315726,0.7646761513114538,0.7476063891661717,0.8591514428494295,0.848254859747871
29,12,13,96,False,0.9494471953009563,0.9860440829715822,0.9740681333554976,0.9869489010863215,0.9740681333554976,0.8476532826912643,0.8910937616633242,0.917545830304899,0.9578861259590824,0.917545830304899,0.7655054112900722,0.7491579207997061,0.8645068525515851,0.8589984032782209
30,12,13,96,False,0.9526233505553796,0.9864283570606869,0.9757369236462602,0.9877939682171886,0.9757369236462602,0.8909386869234943,0.889694252942753,0.9423242467718795,0.9707338702094821,0.9423242467718795,0.7609318071512933,0.7603794826574852,0.8526053413688603,0.8713289654757904
31,12,13,96,False,0.9614874604129804,0.9883335816392014,0.9803656457844951,0.9901341554478843,0.9803656457844951,0.8357840477482367,0.8481811559654047,0.9105472386835533,0.9542259893146661,0.9105472386835533,0.731578052775334,0.7783261712249564,0.8537428235304932,0.8719249579590771
32,12,13,96,False,0.9463101138183129,0.9834254375945966,0.9724145264413402,0.9861108083990056,0.9724145264413402,0.814270211611503,0.8429610849262466,0.8976283757514132,0.9474325177823554,0.8976283757514132,0.7412955657157745,0.7670105249546577,0.84435928415427,0.8607918610817794
33,12,13,96,False,0.9551434007677079,0.989974929187697,0.9770571308402858,0.9884620027296375,0.9770571308402858,0.869397721106891,0.8961629090832888,0.930136707978986,0.9644359532799397,0.930136707978986,0.7690516685532124,0.7571099184855091,0.8696566342920408,0.8576156919329918
34,12,13,96,False,0.951096761962814,0.9865493717898602,0.974935513711791,0.9873882284652734,0.974935513711791,0.8250271296798697,0.8542294058789571,0.904125879843319,0.950855341176206,0.904125879843319,0.7497437015863431,0.7537362298886703,0.8544966818630298,0.8548978381898767
35,12,13,96,False,0.9405382857281694,0.9808346668043826,0.9693581339213216,0.9845598681244944,0.9693581339213216,0.8837628865979381,0.8986508854882502,0.9382952524285127,0.9686564160880331,0.9382952524285127,0.7503332043246201,0.7739511426496694,0.8559985352725739,0.8683826776113148
36,12,13,96,False,0.950195001186964,0.988615748452343,0.9744615288303361,0.9871481797736023,0.9744615288303361,0.8510444926749864,0.8888249227415892,0.9195289427593636,0.9589207176609355,0.9195289427593636,0.7661958612971167,0.7540527387152264,0.862073760191756,0.8611038576905568
37,12,13,96,False,0.9505575376319144,0.9839272242209045,0.9746521384710797,0.9872447206600193,0.9746521384710797,0.8421188279978297,0.8649725531116494,0.9142937091773994,0.9561870680873066,0.9142937091773994,0.7512077486595985,0.7692514188756916,0.8561651967834827,0.864874947135779
38,12,13,96,False,0.9474071536906439,0.9837206099290549,0.9729933998600733,0.9864042781030875,0.9729933998600733,0.8747829625610418,0.8755480839570783,0.9332098488521009,0.9660278716745707,0.9332098488521009,0.7531854372671248,0.7644083852611561,0.8474099195792199,0.8729762544452515
39,12,13,96,False,0.9372227573231308,0.9821266663594883,0.9675942054471758,0.9836636647996996,0.9675942054471758,0.8493353228431905,0.8678042260475072,0.9185303631549222,0.9583998973053588,0.9185303631549222,0.7369887363831771,0.7755614150064092,0.8262077152523057,0.8843875162306509
40,12,13,96,False,0.9490856926684124,0.9860544145200627,0.9738778507671035,0.9868524969655311,0.9738778507671035,0.8616521975040694,0.8631523637309019,0.925685473000051,0.9621254975314036,0.925685473000051,0.7668473120514644,0.7484022021185714,0.8724480799511305,0.839733850928977
41,12,13,96,False,0.9475351348636217,0.9857529742216651,0.9730608890195697,0.9864384871950048,0.9730608890195697,0.892078133478025,0.8949362400656611,0.942961199850879,0.9710618929042983,0.942961199850879,0.7558976645225969,0.761815510551847,0.8594072704907035,0.8522031672054851
42,12,13,96,False,0.9348721115932964,0.9790639186647018,0.9663399518673753,0.9830259161728012,0.9663399518673753,0.8908979924036897,0.8946138407320867,0.9423014842500198,0.9707221457502758,0.9423014842500198,0.7709688865394378,0.7547320710762389,0.8576525253346523,0.8635019466603823
43,12,13,96,False,0.9389748424686805,0.979385057696622,0.9685271019537195,0.9841377454166259,0.9685271019537195,0.8651112316874662,0.8660667228473092,0.9276778960842497,0.9631603688297447,0.9276778960842497,0.7588499313416214,0.7583311614551084,0.8429245334935418,0.867972774939599
44,12,13,96,False,0.9384904956991249,0.9839270051719066,0.9682693805116174,0.9840067990169669,0.9682693805116174,0.8774145415084103,0.8919452445956796,0.934705172575739,0.9668015166391388,0.934705172575739,0.7657313057130787,0.7602246024943132,0.8633131102026801,0.8698698428925558
45,12,13,96,False,0.9431722604443866,0.9819900103576906,0.9707551714727456,0.9852690858200848,0.9707551714727456,0.8218800868149757,0.8304854943907549,0.9022329106761274,0.9498594162696538,0.9022329106761274,0.7545402087233678,0.7495350211505507,0.8609692411774386,0.8601669920773511
46,12,13,96,False,0.9534503579963716,0.9811114919974484,0.9761705528819408,0.9880134376019087,0.9761705528819408,0.821825827455236,0.8618771983694343,0.9022002159264362,0.9498422058039094,0.9022002159264362,0.7536601898028162,0.7720056447654434,0.866511348727679,0.8571331682064341
47,12,13,96,False,0.9577039684966994,0.9843997450810589,0.978395083125985,0.9891385560809896,0.978395083125985,0.8594411285946825,0.8833504520840599,0.9244080012839405,0.9614613883479359,0.9244080012839405,0.7688951073899527,0.7544276452957932,0.874653246447454,0.8526227974576828
48,12,13,96,False,0.9413326732330594,0.9817426754574189,0.9697798694804651,0.984774019499126,0.9697798694804651,0.8016413456321215,0.8172027020660559,0.8899011421730652,0.9433457172071462,0.8899011421730652,0.7622803347911273,0.7558077412544922,0.8443760156677785,0.8689376855848581
49,12,13,96,False,0.9416919609931463,0.9828958395942187,0.9699704998639279,0.9848708036407252,0.9699704998639279,0.8453336950623983,0.8605178211563522,0.9161851835516547,0.9571756283732128,0.9161851835516547,0.7514216802419316,0.7671501507287907,0.8551051968393462,0.863190095185
50,12,13,96,False,0.9461250457831978,0.9857586433159564,0.9723168075280996,0.986061259520979,0.9723168075280996,0.8857433532284319,0.8988181249077396,0.9394102879503945,0.9692318030019416,0.9394102879503945,0.7668673190641958,0.7559405815189684,0.873030514909054,0.8591466187335772
51,12,13,96,False,0.9485462937582313,0.9859876398311321,0.9735937984093115,0.9867085681239985,0.9735937984093115,0.8900027129679869,0.8978677614498459,0.9418004607732666,0.9704640440393795,0.9418004607732666,0.7533202081789092,0.7635241479633076,0.8580507542952136,0.8531983153892232
52,12,13,96,False,0.9499063988172434,0.9838168203315845,0.9743097406043993,0.9870712945904158,0.9743097406043993,0.8684481823114487,0.8902759445720095,0.92959300721639,0.9641540370793403,0.92959300721639,0.7607336012370918,0.7553531954161624,0.8680152608284729,0.8535674682691193
53,12,13,96,False,0.9622372120809886,0.9882711852703507,0.9807552381095844,0.9903308730467734,0.9807552381095844,0.8811991318502441,0.8903824147316253,0.9368483292712825,0.9679092567339577,0.9368483292712825,0.7441281506691343,0.7759423707080737,0.8617162704275579,0.8644272998275331
54,12,13,96,False,0.9482732308016164,0.9872282720085751,0.9734499410141253,0.9866356678197507,0.9734499410141253,0.8677156809549647,0.8883958693108738,0.9291732031840102,0.9639363066012246,0.9291732031840102,0.7615771982165076,0.758540150273727,0.8643198702701511,0.8651697214267164
55,12,13,96,False,0.9457160589763977,0.9848798846379,0.9721007899517672,0.985951717860346,0.9721007899517672,0.8451573521432448,0.8756342532393504,0.9160816026465725,0.9571215192683594,0.9160816026465725,0.7582449311777986,0.7625575213414076,0.8518359006025598,0.8765278029966899
56,12,13,96,False,0.9442496303430685,0.9812786705305037,0.9713255084188473,0.9855584753929354,0.9713255084188473,0.8299376017362995,0.862968798495073,0.9070665589349384,0.9524004194323616,0.9070665589349384,0.7573778614708766,0.7483067804441441,0.863616324439312,0.8548057816293735
57,12,13,96,False,0.9503199749049096,0.9867516519233144,0.9745272438705794,0.9871814645092256,0.9745272438705794,0.8850922409115572,0.897405001021185,0.9390439594441926,0.9690428057852721,0.9390439594441926,0.7636248208578381,0.7589471282789712,0.8623624846491267,0.8672877296143751
58,12,13,96,False,0.9424149111005335,0.9822642707127145,0.9703538679762092,0.9850654130443365,0.9703538679762092,0.8793271839392295,0.8812830237125286,0.9357893521191822,0.9673620584451212,0.9357893521191822,0.7603848908422144,0.7584053015035624,0.8605612548926831,0.8664815024501837
59,12,13,96,False,0.9560453349469753,0.9871307430725212,0.9775288106733906,0.9887005667407046,0.9775288106733906,0.9040151926207272,0.9097867894980074,0.9495882135020376,0.9744681695684254,0.9495882135020376,0.7543706196765787,0.766650287775046,0.863654090840563,0.8690945716799305
60,12,13,96,False,0.9334995082793487,0.9792039006711935,0.9656061501769757,0.9826526091030215,0.9656061501769757,0.8482094411285948,0.8617428460660449,0.9178715596330276,0.958056135950826,0.9178715596330276,0.7499428745932204,0.7603709787488403,0.862890590735953,0.8532671360949998
61,12,13,96,False,0.962836852582303,0.9851169219168792,0.9810666141871113,0.9904880686747879,0.9810666141871113,0.8383884970157351,0.8466619510979829,0.9120906689491315,0.9550343810298829,0.9120906689491315,0.7507209237719082,0.765525329605005,0.8553580696471661,0.8707663409129485
62,12,13,96,False,0.9417839230565783,0.9834630443231906,0.9700192816244028,0.9848955688926633,0.9700192816244028,0.8453743895822029,0.8649934647719342,0.9162090840261391,0.9571881131868172,0.9162090840261391,0.7447138673725175,0.7733484514581529,0.8305801523855472,0.8792034618750011
63,12,13,96,False,0.9613253298284677,0.9891934950105779,0.9802813589447119,0.9900915911897807,0.9802813589447119,0.8511530113944655,0.8856058309059159,0.9195922823832868,0.9589537436098192,0.9195922823832868,0.7611949004191739,0.760328403817654,0.8590652280378734,0.8649669692462817
64,12,13,96,False,0.947146020824347,0.9793863886242116,0.9728556674176513,0.9863344602200874,0.9728556674176513,0.7749050461204557,0.8013180965948041,0.8731791571771395,0.9344405583969156,0.8731791571771395,0.7770541645615797,0.7209817074918299,0.8785002359422246,0.8384744774845965
65,12,13,96,False,0.9600637569098249,0.9848551008184369,0.9796250285484911,0.9897600863585534,0.9796250285484911,0.8723412913727617,0.8911780305914326,0.9318186757855232,0.9653075550235393,0.9318186757855232,0.752036335063704,0.7690079108653005,0.8674930056355193,0.8640135651941544
66,12,13,96,False,0.9449314780950884,0.985286742424521,0.9716861377765108,0.9857414152689897,0.9716861377765108,0.8358383071079761,0.8632932215502642,0.910579438147453,0.9542428611980563,0.910579438147453,0.7546659646182519,0.765741705447317,0.8679261921983804,0.855084849303431
67,12,13,96,False,0.944280908348045,0.9833591800453823,0.971342056894805,0.9855668708387093,0.971342056894805,0.8161150298426478,0.8397523120819186,0.8987481700576618,0.9480232961576746,0.8987481700576618,0.7377973801481771,0.768923941771848,0.8433268335252203,0.8806315854184591
68,12,13,96,False,0.9514823885684954,0.9861644313088156,0.9751380736430347,0.9874907967383973,0.9751380736430347,0.8891752577319588,0.9018518164096149,0.941336971350614,0.970225216818556,0.941336971350614,0.7372119920314798,0.7862696283011664,0.8511876507720081,0.878504039195136
69,12,13,96,False,0.9448937995828702,0.978378542410458,0.9716662162073073,0.9857313103515112,0.9716662162073073,0.8348209441128596,0.8657508412342323,0.9099753812942195,0.9539262976216871,0.9099753812942195,0.7378201004239888,0.7713822213825202,0.852597559189344,0.8642199720991154
70,12,13,96,False,0.9412109825413404,0.9823136185918644,0.96971528701033,0.9847412284505661,0.96971528701033,0.8430276722734672,0.8620974661844818,0.9148290988312185,0.9564669878418275,0.9148290988312185,0.7666927684028415,0.7473183625001487,0.8774527427089617,0.8467413201967201
71,12,13,96,False,0.9413793571446479,0.9845544407173759,0.9698046429516122,0.9847865976705878,0.9698046429516122,0.8328811720021704,0.8551632175308246,0.9088217880402606,0.9533214505298098,0.9088217880402606,0.7276091428833689,0.7879059531157498,0.838411243152913,0.8804897078349826
72,12,13,96,False,0.9438762015885813,0.9829560646894863,0.971127894685087,0.9854582155957131,0.971127894685087,0.8057786218122626,0.8370527012592517,0.8924445245714456,0.9446928202180038,0.8924445245714456,0.7388778852545421,0.7573894597187029,0.8471122872575767,0.8685074404955393
73,12,13,96,False,0.9644589141199225,0.9897402866130336,0.9819079515358559,0.9909126861312534,0.9819079515358559,0.9039609332609874,0.911752324034107,0.9495582787118837,0.9744528098948064,0.9495582787118837,0.7481617643915368,0.7760591508747805,0.8585371478970554,0.8700529719578892
74,12,13,96,False,0.9528735087322798,0.9878130086430282,0.9758681291660756,0.9878603793887452,0.9758681291660756,0.8846581660336408,0.8881354238187456,0.9387995998186228,0.9689167145934798,0.9387995998186228,0.7700718687479238,0.7554816764199883,0.8784722815083769,0.8516693515425282
75,12,13,96,False,0.9408279608965179,0.9809443761384494,0.9695119607220883,0.9846379846025077,0.9695119607220883,0.808396635919696,0.8361802625079193,0.8940479315905936,0.9455410787430621,0.8940479315905936,0.7554436489207378,0.752042291306194,0.863019459337484,0.851133531279628
76,12,13,96,False,0.9559017038583337,0.9861777997974932,0.9774537257906799,0.9886625945137603,0.9774537257906799,0.8429462832338579,0.8562101475408366,0.9147811750158249,0.9564419349943962,0.9147811750158249,0.73999666468892,0.7642182844247633,0.8550383052841345,0.8693234038797351
77,12,13,96,False,0.9542369951213666,0.9845849483634226,0.9765826739577248,0.988221976054836,0.9765826739577248,0.8496744438415627,0.8517665464711097,0.9187286407838191,0.9585033337364138,0.9187286407838191,0.7442429870131528,0.7659856566345222,0.859283224213949,0.8574393552359092
78,12,13,96,False,0.955810435948814,0.9873112835652816,0.9774060086606765,0.988638462058136,0.9774060086606765,0.8847259902333153,0.9046948514079476,0.9388377884297046,0.9689364212525529,0.9388377884297046,0.762652632314778,0.7638365045374951,0.8712322638112386,0.8574441966817724
79,12,13,96,False,0.9516522872436763,0.9837205106201569,0.9752272917300217,0.9875359698411099,0.9752272917300217,0.8336814975583288,0.8612614270648684,0.9092980418556137,0.9535712043972456,0.9092980418556137,0.7849760887028736,0.7319918984184689,0.8630515147229098,0.8525743200554939
80,12,13,96,False,0.9490212571656887,0.9880537197286604,0.9738439267160965,0.9868353088109973,0.9738439267160965,0.8799918610960392,0.8969602375771571,0.9361656072095994,0.9675565137032562,0.9361656072095994,0.7571751530763574,0.7597600588752839,0.8488728973571195,0.8643468294007008
81,12,13,96,False,0.9563316713210832,0.9831639183486042,0.9776784635657265,0.9887762454497613,0.9776784635657265,0.8290965816603364,0.8420421180749423,0.9065640272617379,0.9521365591456605,0.9065640272617379,0.7632022814130615,0.7478638422499699,0.8649169289597525,0.8606397266083003
82,12,13,96,False,0.950544475386226,0.9852766314777204,0.9746452720059195,0.9872412430636798,0.9746452720059195,0.8790965816603364,0.8919030194990831,0.9356587524453717,0.9672945530940261,0.9356587524453717,0.7526550615936022,0.7686505248727623,0.8594392219892992,0.8686324715110542
83,12,13,96,False,0.9556447101611613,0.984447342948478,0.9773193517164047,0.9885946346791513,0.9773193517164047,0.887927292457949,0.8947111204548188,0.9406371696676199,0.9698645109847147,0.9406371696676199,0.7664642918801786,0.7570195694431346,0.870153829778448,0.8647063013161284
84,12,13,96,False,0.946463091557119,0.9845148021006498,0.9724952871312588,0.9861517566436003,0.9724952871312588,0.8432175800325556,0.8518942247884561,0.9149409046084103,0.9565254333306618,0.9149409046084103,0.7445347415705716,0.7655358079017536,0.8350385757876998,0.8753912789524118
85,12,13,96,False,0.9687455488859499,0.9908925939376418,0.9841246873514274,0.9920305879111931,0.9841246873514274,0.8921188279978296,0.9189266608807747,0.9429839339866798,0.9710735986456844,0.9429839339866798,0.7535421454753898,0.7733895392539143,0.8571632048709993,0.8714540060599972
86,12,13,96,False,0.9444210813866006,0.9850023009437987,0.9714162126992755,0.9856044910100986,0.9714162126992755,0.8691399891481281,0.8892446314114233,0.9299891866785687,0.9643594696370066,0.9299891866785687,0.7464931363414654,0.7681247432264763,0.8437259432708396,0.8825402647733027
87,12,13,96,False,0.9562246286133603,0.9876750782832651,0.9776225231262582,0.9887479573310168,0.9776225231262582,0.8843054801953337,0.8974418657944861,0.9386009747248238,0.9688142106331966,0.9386009747248238,0.7300323843625549,0.7940051515798608,0.8547389411928712,0.8748647725383115
88,12,13,96,False,0.946205708416144,0.9848106464659714,0.9723594009866333,0.9860828570595036,0.9723594009866333,0.8469072164948453,0.8586724291545123,0.9171085682389059,0.9576578555198646,0.9171085682389059,0.7708507394418486,0.7510971221525518,0.8731623447129717,0.8535664752289503
89,12,13,96,False,0.9433477239533367,0.9843245260485257,0.9708481012695885,0.9853162442939772,0.9708481012695885,0.8368692349430277,0.8569574853861123,0.9111908665278331,0.9545631810036637,0.9111908665278331,0.7425270584239726,0.7673080348595753,0.8360412790233891,0.8766261073257332
90,12,13,96,False,0.960514535405875,0.9865971507292555,0.9798596420067088,0.989878599630636,0.9798596420067088,0.8623440043407488,0.871551324602057,0.9260845497188473,0.9623328684602056,0.9260845497188473,0.7709244806855052,0.7512906457159434,0.8593694894505419,0.8745506586623754
91,12,13,96,False,0.9470819443132962,0.9852184143309177,0.9728218651293759,0.9863173247638793,0.9728218651293759,0.884034183396636,0.8944946158912516,0.9384481355883392,0.9687353279344876,0.9384481355883392,0.768002901122236,0.7546446041242714,0.8815162984573705,0.8505231031320201
92,12,13,96,False,0.935768304762736,0.980949186434645,0.9668185003963392,0.9832692919014299,0.9668185003963392,0.8336679327183939,0.8471397948788342,0.9092899732204945,0.9535669736418594,0.9092899732204945,0.7517390233698078,0.7622514827080219,0.840877259260311,0.8701865524041535
93,12,13,96,False,0.933546761491533,0.9822111801054689,0.9656314293339329,0.9826654717318264,0.9656314293339329,0.862316874660879,0.876088563815109,0.9260689052370893,0.9623247400109224,0.9260689052370893,0.7621444349554978,0.7572660481024185,0.8517275058774109,0.8640669036222115
94,12,13,96,False,0.9593236204029888,0.9843090258054703,0.9792395808566606,0.9895653494624095,0.9792395808566606,0.8721242539338036,0.9033669368895483,0.9316948403411273,0.9652434098926174,0.9316948403411273,0.7549476808157782,0.7697109241771676,0.8676336435904783,0.8607027434573965
95,12,13,96,False,0.9603111890861885,0.9879096533941005,0.9797538211612654,0.9898251467614194,0.9797538211612654,0.8821079761258817,0.909809327056941,0.9373617107150322,0.9681744216384939,0.9373617107150322,0.7762264200219922,0.7544659238493315,0.8709084497335414,0.8603703969895015
96,12,13,96,False,0.9533888390095463,0.9840462746424737,0.9761383089430943,0.9879971199062749,0.9761383089430943,0.8601465002712968,0.8680787134486347,0.9248158681543062,0.9616734727308985,0.9248158681543062,0.7581718662482592,0.7578599954634714,0.8674030342730762,0.8506005956846763
97,12,13,96,False,0.9451232956495782,0.97924829452728,0.9717875445360415,0.9857928507227274,0.9717875445360415,0.805113944655453,0.8035945607970592,0.8920367016599912,0.9444769460712057,0.8920367016599912,0.7846571215280317,0.7280101345321104,0.8623684584817183,0.8558028176517453
98,12,13,96,False,0.9462430137501294,0.9813752314104667,0.972379098668522,0.9860928448521072,0.972379098668522,0.8212425393380358,0.8429883942841758,0.9018486243315309,0.9496571088195628,0.9018486243315309,0.7277209758512386,0.7794206386261723,0.85041933630911,0.8794362321171126
99,12,13,96,False,0.9432553881945527,0.9813574218253979,0.9707992000690306,0.9852914290041452,0.9707992000690306,0.8465002712967987,0.8683523594736742,0.9168699127266317,0.9575332436665746,0.9168699127266317,0.751631473591937,0.7641974729212168,0.8741682780487313,0.8566477322130193
100,12,13,96,False,0.9398720118343064,0.9814163322867926,0.9690041467690244,0.9843800824727329,0.9690041467690244,0.8615029842647857,0.8694822007648824,0.9255993587408001,0.9620807443976831,0.9255993587408001,0.7543635027945288,0.7624686234875863,0.8617075033031912,0.8615350181885724
101,12,13,96,False,0.9449587954230994,0.9869079088851536,0.9717005806465288,0.9857487411336262,0.9717005806465288,0.9093054801953336,0.9195320880841185,0.9524986856501414,0.9759603914350937,0.9524986856501414,0.7627606410307969,0.7642829964976408,0.8649262741744511,0.8655357883463272
102,12,13,96,False,0.9400708799428437,0.9796252963550971,0.9691098296063688,0.9844337609033778,0.9691098296063688,0.8513971785132934,0.8634671728809304,0.9197347693885775,0.9590280336823201,0.9197347693885775,0.7613598330862137,0.7555428094417089,0.8709007917048041,0.8588230111403217
103,12,13,96,False,0.9389735207140725,0.9779507472452404,0.9685263988218605,0.9841373881841197,0.9685263988218605,0.8326505697232772,0.8584667097247785,0.9086844851705735,0.9532494349175212,0.9086844851705735,0.7423707673224978,0.7672929846892536,0.8565159593294718,0.8620504890984259
104,12,13,96,False,0.9501092028867546,0.9853014177119128,0.9744164085583557,0.9871253256594907,0.9744164085583557,0.8705914270211611,0.8839141430971431,0.9308194343727337,0.964789839484607,0.9308194343727337,0.7516509291086547,0.7667238018036261,0.8532651458687084,0.8646463553468382
105,12,13,96,False,0.9473650297603329,0.9816660523528719,0.9729711844285583,0.986393017224148,0.9729711844285583,0.8348209441128596,0.8661373208092581,0.9099753812942195,0.9539262976216871,0.9099753812942195,0.7470163434944754,0.7632605411551984,0.8623780409588266,0.8587910529786109
106,12,13,96,False,0.9565771803196285,0.9863327272271245,0.9778067432672,0.988841111234358,0.9778067432672,0.8763429191535539,0.89811150406309,0.9340967583355021,0.9664868122925951,0.9340967583355021,0.7633273401009364,0.7599632196060556,0.8695540116329684,0.8561186944850925
107,12,13,96,False,0.9488823851955437,0.9844266123646971,0.9737708056716171,0.986798259864506,0.9737708056716171,0.8314161692892024,0.8591665392585648,0.907948923058691,0.9528635385293589,0.907948923058691,0.7603992697099916,0.75148687316299,0.8714832201584918,0.8452541229492266
108,12,13,96,False,0.9549151140059448,0.981254040226781,0.9769376758760288,0.9884015762209349,0.9769376758760288,0.7699403147042866,0.8000088481536357,0.8700183936235438,0.9327477652739479,0.8700183936235438,0.7510390876600977,0.7516009927909192,0.8568812443698209,0.8665454844611864
109,12,13,96,False,0.9555827628290648,0.989289444879834,0.9772869560853161,0.9885782498544645,0.9772869560853161,0.8678648941942484,0.8937755688803978,0.9292587455246588,0.9639806769456838,0.9292587455246588,0.7651248940051731,0.7620294405522404,0.8570537134998459,0.8661645364447488
110,12,13,96,False,0.9381352397651732,0.9837888487159496,0.9680802665544008,0.9839107004979674,0.9680802665544008,0.8864622897449809,0.9059596568991097,0.939814481915582,0.9694402931153533,0.939814481915582,0.7540807057324849,0.7680638541956795,0.8468662782633989,0.8691653441567997
111,12,13,96,False,0.9534410484123128,0.9883659169252994,0.9761656735812281,0.9880109683506697,0.9761656735812281,0.8681497558328811,0.8874714784883028,0.9294220156839965,0.964065358616311,0.9294220156839965,0.7771975561350323,0.7439770534546192,0.875404844390402,0.851257356162246
112,12,13,96,False,0.963356236392124,0.9878634451207449,0.9813361615540475,0.9906241272824156,0.9813361615540475,0.8914677156809551,0.9143775862887498,0.9426200704250606,0.9708862293930534,0.9426200704250606,0.7405199653139596,0.7858860830274664,0.8339251137584249,0.8881043706062934
113,12,13,96,False,0.9506681137029379,0.9853622824756096,0.9747102616019001,0.9872741572642829,0.9747102616019001,0.8468258274552359,0.859783781475325,0.9170608455504304,0.9576329388395276,0.9170608455504304,0.747856161395452,0.7648920637514827,0.8604024165868024,0.8534172574353373
114,12,13,96,False,0.9418072679980795,0.9858002713044718,0.9700316643361239,0.9849018551795523,0.9700316643361239,0.8317959848073794,0.8654362965684201,0.9081753554502371,0.9529823479216376,0.9081753554502371,0.7530707897133365,0.7621422128999978,0.8441850454717397,0.8718376538736724
115,12,13,96,False,0.9345266357331229,0.9815577501340504,0.9661553565314106,0.9829320203001887,0.9661553565314106,0.8309549647314162,0.8509764556956235,0.9076738431448087,0.9527191837812486,0.9076738431448087,0.7472022023277416,0.7647786094537549,0.8504435826131052,0.8676392789631544
116,12,13,96,False,0.9482555142570336,0.9875077873981439,0.973440606037397,0.9866309370972497,0.973440606037397,0.8844546934346175,0.9106654321675268,0.9386850174918299,0.9688575836993948,0.9386850174918299,0.7569575391083777,0.7698287683914721,0.8716884386102937,0.8596494798604238
117,12,13,96,False,0.9411940258230254,0.9822354356051957,0.9697062872671668,0.9847366588419296,0.9697062872671668,0.7746744438415627,0.7969288494548556,0.8730327373900282,0.9343622088837006,0.8730327373900282,0.7208315681496966,0.7701218276498273,0.8243086054597478,0.8826240451765142
118,12,13,96,False,0.9540862180705151,0.9890056301495866,0.9765037072034515,0.9881820212913467,0.9765037072034515,0.8937330439500815,0.905486474869194,0.9438849333123218,0.9715374070576602,0.9438849333123218,0.7600892793294257,0.7632078427873284,0.8587571394986528,0.8732352338806953
119,12,13,96,False,0.9499206435553155,0.9848116540285928,0.974317233570401,0.9870750901377265,0.974317233570401,0.8534590341833966,0.8792773805077729,0.9209364959710767,0.95965436276353,0.9209364959710767,0.7536901658867597,0.7650899085961055,0.8598229092574918,0.8593607462023876
120,12,13,96,False,0.9335264134725813,0.978612131131332,0.9656205438600484,0.9826599329676815,0.9656205438600484,0.8352414541508411,0.8448723188975158,0.9102251393262081,0.9540571991899689,0.9102251393262081,0.7788990697745447,0.7340580614916175,0.8816383836728621,0.8373977952188791
121,12,13,96,False,0.935273171249512,0.9828409932778124,0.96655416418102,0.983134865713255,0.96655416418102,0.8257731958762886,0.8519853451399599,0.9045736871823828,0.9510907880861758,0.9045736871823828,0.7609451219507751,0.7548937909858217,0.8569287222756482,0.857180645502704
122,12,13,96,False,0.9459986502260512,0.9812837137291436,0.9722500579495902,0.9860274123722881,0.9722500579495902,0.7603499728703201,0.7899285268007121,0.8638622826011575,0.9294419199719569,0.8638622826011575,0.7746689796968645,0.7297223880634656,0.858253270473799,0.8509454953076114
123,12,13,96,False,0.9552747510388704,0.9839252415695104,0.9771258494810684,0.9884967625040906,0.9771258494810684,0.8308600108518721,0.8485583934078198,0.9076171918412104,0.9526894519418226,0.9076171918412104,0.7559476394724581,0.7536670148443712,0.8535752438700595,0.8628082696683083
124,12,13,96,False,0.9505573699383513,0.9822507544601666,0.9746520503197446,0.9872446760148897,0.9746520503197446,0.8583152468800869,0.8682222730275303,0.9237563414723166,0.9611224383356767,0.9237563414723166,0.7729869684200906,0.7367185991343244,0.8655183759513858,0.8482606131831913
125,12,13,96,False,0.9479975989991125,0.9862378523708506,0.9733046893755893,0.9865620555117601,0.9733046893755893,0.8980195333695061,0.9046300136829476,0.9462700647503609,0.9727641362377423,0.9462700647503609,0.7789054016099353,0.7423099505253608,0.8761008827862798,0.8500715561626013
126,12,13,96,False,0.94484557248639,0.9827351011024686,0.9716407162121886,0.9857183757099127,0.9716407162121886,0.852075420510038,0.8616270305010179,0.9201303695023254,0.9592342620561076,0.9201303695023254,0.7500968735822469,0.7648057901505286,0.8528397362048304,0.8680995952609976
127,12,13,96,False,0.9564949030522888,0.9841041483423555,0.9777637565629025,0.988819375094816,0.9777637565629025,0.907447097124254,0.9247508214158076,0.9514781285335344,0.9754374036982252,0.9514781285335344,0.7508290732387353,0.7720066772514873,0.857213592045402,0.8679813481536057
128,12,13,96,False,0.9435943350371703,0.9848710870558086,0.9709786842109976,0.9853825065480906,0.9709786842109976,0.8650298426478568,0.889889056298832,0.9276311004436687,0.9631360757669025,0.9276311004436687,0.7609681325439182,0.7565722350734032,0.8578802259897661,0.8612250021926602
129,12,13,96,False,0.9478469663544821,0.9883128449616654,0.9732252920550912,0.9865218152960893,0.9732252920550912,0.8953472599023332,0.9057674278164165,0.9447843979244946,0.9720002046936486,0.9447843979244946,0.7624481760570089,0.7581758463348637,0.8539113985369842,0.8618053814599023
130,12,13,96,False,0.9367772047902073,0.9841932628532948,0.9673567021269022,0.983542933545304,0.9673567021269022,0.867430819316332,0.8799343248306767,0.92900985711899,0.9638515742161705,0.92900985711899,0.7552816987429156,0.7650652231194979,0.8570672789838438,0.8564210041618672
131,12,13,96,False,0.9413354679231203,0.985809066432936,0.9697813525553931,0.9847747725015061,0.9697813525553931,0.8958491589799241,0.9200498644589343,0.9450637512342411,0.9721438943048715,0.9450637512342411,0.7451159637498757,0.7740905593253095,0.8300120738861791,0.8776193303508371
132,12,13,96,False,0.9517724579789058,0.98608668026159,0.9752903870407954,0.9875679151535834,0.9752903870407954,0.8868149755832881,0.9027177816757528,0.9400126531316501,0.9695424968157147,0.9400126531316501,0.7557314609475241,0.7640921569097292,0.8709258437019193,0.8514901179583994
133,12,13,96,False,0.9523144176381148,0.9847071931322962,0.9755748449475804,0.9877119240687441,0.9755748449475804,0.8554123711340206,0.8744583820144765,0.9220725100708431,0.960246067459192,0.9220725100708431,0.7544758429204924,0.762830134605707,0.8425932522476056,0.8684735279356804
134,12,13,96,False,0.9409310892321043,0.9793059971285781,0.9695667140911916,0.9846657880170264,0.9695667140911916,0.7985078676071623,0.8091972518594679,0.8879670553452099,0.9423200387051153,0.8879670553452099,0.741234825083593,0.7649898934456878,0.8605032107580513,0.8583317510416302
135,12,13,96,False,0.9616056379605151,0.9888475268686382,0.9804270739762945,0.990165175097718,0.9804270739762945,0.8995116657623441,0.9141422211178181,0.9470978062157221,0.9731895016982675,0.9470978062157221,0.7518954992485695,0.7746144630803251,0.8627695694597244,0.8677527879695935
136,12,13,96,False,0.9501198845635865,0.9823538422551945,0.9744220261373439,0.9871281710787834,0.9744220261373439,0.8373575691806837,0.8589589011239069,0.9114802510151347,0.9547147485061361,0.9114802510151347,0.7697246973884726,0.7408647470387664,0.8749665112529732,0.8549617804628059
137,12,13,96,False,0.9460366877324494,0.9821949729904873,0.9722701464942938,0.986037598925261,0.9722701464942938,0.8615708084644601,0.8633485101934162,0.9256385032972637,0.9621010878786406,0.9256385032972637,0.761737784589719,0.7522409093646697,0.8667837790137858,0.8536759895647585
138,12,13,96,False,0.9471456623306593,0.986732554205783,0.972855478307629,0.9863343643550239,0.972855478307629,0.8758138903960934,0.8939585134329492,0.9337961456412482,0.966331281518532,0.9337961456412482,0.7656519492176566,0.7543890178189735,0.8542079278219025,0.8593607462023876
139,12,13,96,False,0.9539120496814455,0.9886325166514022,0.9764124744887732,0.9881358583154308,0.9764124744887732,0.8464867064568639,0.8647401630451512,0.9168619557312138,0.9575290887128254,0.9168619557312138,0.754905634039266,0.7584102350384604,0.863169603573766,0.8599440442101018
140,12,13,96,False,0.9528195667432977,0.9819963604001487,0.9758398399625907,0.9878460608630227,0.9758398399625907,0.8738741182854043,0.8835056389342001,0.9326924469024627,0.9657600358797535,0.9326924469024627,0.7504104832482174,0.7690968118858997,0.8683060167331177,0.8496549386554222
141,12,13,96,False,0.9604975785775327,0.9840611861674604,0.9798508185604958,0.9898741427881101,0.9798508185604958,0.8954286489419425,0.8821549263368826,0.944829708511354,0.9720235123243439,0.944829708511354,0.7749457873396027,0.7480082200456044,0.883231482103933,0.8569219397176728
142,12,13,96,False,0.9587131696596558,0.9855345035236259,0.9789214516041069,0.9894045944931259,0.9789214516041069,0.8942349430276721,0.9053826319778313,0.9441647630028,0.9716814102383559,0.9441647630028,0.766221340900386,0.7591983310037229,0.8722950403967015,0.8585643122069686
143,12,13,96,False,0.9484952487765075,0.9825283241794326,0.9735669095134653,0.9866949424789129,0.9735669095134653,0.7935295713510581,0.8237273356827226,0.8848803878413845,0.9406808108180927,0.8848803878413845,0.7392599074998942,0.7692033627054677,0.8492662897220995,0.8796676559128102
144,12,13,96,False,0.9457045186538195,0.9853428482162968,0.9720946932971374,0.985948626094249,0.9720946932971374,0.8909929462832338,0.8971910528335763,0.9423545952770365,0.9707495018165275,0.9423545952770365,0.7656985113772801,0.757968095407111,0.8625621027098423,0.8613063931643896
145,12,13,96,False,0.9446637501271747,0.985176360460156,0.9715445665765063,0.985669603151333,0.9715445665765063,0.874145415084102,0.8972086838879532,0.9328469477859325,0.9658400218389858,0.9328469477859325,0.7627180382833879,0.7598779188987513,0.8682390844825958,0.8683272574372503
146,12,13,96,False,0.9517239977357437,0.9779972760035927,0.9752649440595786,0.987555033433367,0.9752649440595786,0.7621405317417256,0.7786187748448823,0.8650167430045034,0.9300627629383424,0.8650167430045034,0.7543064492599454,0.741880510304622,0.8541633464034029,0.8629118681188392
147,12,13,96,False,0.9400645037927309,0.9817873403902422,0.9691064415177443,0.9844320400706918,0.9691064415177443,0.832080846446012,0.8615175331110246,0.9083451181318072,0.9530714129234006,0.9083451181318072,0.7744524256120711,0.733414937555678,0.8782606927109268,0.8363928637094766
148,12,13,96,False,0.9550618573482731,0.9866656638882411,0.9770144650498792,0.988440420586835,0.9770144650498792,0.8993624525230602,0.9124498906389384,0.9470150905935538,0.9731470035886427,0.9470150905935538,0.7659688153610478,0.7566344422208546,0.8607007692160461,0.8672594582927359
149,12,13,96,False,0.9472379447338198,0.9842684483061354,0.9729041561618744,0.9863590401886497,0.9729041561618744,0.8573928377645144,0.879576697892692,0.923221862744382,0.9608443488642591,0.923221862744382,0.7827903150646424,0.7470200222048684,0.8641899111034633,0.8577435939963599
150,12,13,96,False,0.9342815672887613,0.9809955299943253,0.9660243711036576,0.9828653880891612,0.9660243711036576,0.8255968529571351,0.8607860147903743,0.9044678748430337,0.9510351596250444,0.9044678748430337,0.7454325478073416,0.7670980112405927,0.859964391815022,0.8651299396596582
151,12,13,96,False,0.9348343644031251,0.9752354238496684,0.9663197859228753,0.9830156590425583,0.9663197859228753,0.8090070537167661,0.825073614746552,0.8944211157768447,0.9457383971145745,0.8944211157768447,0.7440117784657916,0.7593816675231291,0.8533475316646801,0.8642859570202249
152,12,13,96,False,0.9425260459275902,0.9804315739165067,0.9704127755749267,0.9850953129392742,0.9704127755749267,0.8728838849701575,0.8651597194467374,0.9321281388291363,0.9654678341763314,0.9321281388291363,0.7389970326514497,0.7696097456421168,0.8502304384282141,0.8716218282561381
153,12,13,96,False,0.953803629753811,0.987532318118671,0.9763556738544856,0.9881071165893329,0.9763556738544856,0.8473548562126967,0.8751795850848053,0.9173709678603684,0.957794846436526,0.9173709678603684,0.7579600881365628,0.7530408328667079,0.8618967053559137,0.851531687134226
154,12,13,96,False,0.9484886406904639,0.9847002628275044,0.9735634284779393,0.986693178489615,0.9735634284779393,0.894262072707542,0.89181208150333,0.9441798847076515,0.9716891914123834,0.9441798847076515,0.7481774335204019,0.7749451024980064,0.8528020348830896,0.8775875637403256
155,12,13,96,False,0.9502248479844423,0.9855784563440607,0.974477223963688,0.9871561294768361,0.974477223963688,0.8633613673358655,0.8903720718751988,0.9266708889325675,0.9626374649537424,0.9266708889325675,0.7565241979496989,0.7655551611856857,0.8682933447623831,0.8541362158954733
156,12,13,96,False,0.939816730333014,0.9819250199180911,0.968974765128119,0.9843651584285777,0.968974765128119,0.8419696147585458,0.8529254156960019,0.9142057588924074,0.9561410768774697,0.9142057588924074,0.7472652264202853,0.7637816822936737,0.8480842666758331,0.8683564397237971
157,12,13,96,False,0.9409534406064446,0.9829487739350682,0.9695785802182321,0.9846718134577794,0.9695785802182321,0.8079896907216495,0.826694297676557,0.8937990021382751,0.9454094362435119,0.8937990021382751,0.7605902485638453,0.7441321118989128,0.8772373659816937,0.8370982569156478
158,12,13,96,False,0.9357073817288772,0.9801899294291188,0.96678598279989,0.9832527563144128,0.96678598279989,0.8577455236028214,0.8794867042394912,0.9234262849298663,0.9609507193034752,0.9234262849298663,0.7554768523995328,0.7652063190493384,0.8602038232011057,0.8608539361276893
159,12,13,96,False,0.9595646839721625,0.981266048142589,0.9793651537208394,0.9896287959234207,0.9793651537208394,0.850501899077591,0.8742005403394736,0.9192121332072513,0.9587555127389106,0.9192121332072513,0.7670017315518476,0.7478654180173118,0.8561496806231284,0.8634718883235285
160,12,13,96,False,0.949566922120441,0.9859267171965792,0.9741311378915346,0.9869808194142046,0.9741311378915346,0.8900162778079218,0.9160602427440674,0.9418080555794792,0.970467957008102,0.9418080555794792,0.7715733034818893,0.7566055504748999,0.8599314957296956,0.8672594582927359
161,12,13,96,False,0.9515350676885346,0.9863669523524676,0.9751657384415495,0.9875048042625157,0.9751657384415495,0.8298019533369505,0.8662584605869046,0.9069855366846314,0.9523578826704966,0.9069855366846314,0.7620845904881972,0.7542152049518204,0.8620717720747122,0.8479050446322796
162,12,13,96,False,0.9525306582893919,0.9813022537908893,0.9756882989216693,0.9877693551237907,0.9756882989216693,0.8285946825827455,0.834051975851755,0.9062639090828165,0.9519789436131539,0.9062639090828165,0.740784212723022,0.7666688487325002,0.8575798478412788,0.8673584974635423
163,12,13,96,False,0.942533803151902,0.9816319934745161,0.9704168870807526,0.9850973997939252,0.9704168870807526,0.7731280520889853,0.8016687715967685,0.872049879508855,0.9338361095550198,0.872049879508855,0.7441025416317684,0.7642620230900524,0.8225180162267648,0.8769576159767634
164,12,13,96,False,0.957098429567064,0.9819277819062407,0.9780789919480819,0.9889787621319691,0.9780789919480819,0.8627916440586001,0.8802249722035307,0.9263426178772983,0.9624669437842,0.9263426178772983,0.7708006557777617,0.743843535342299,0.8643382068613096,0.8566205902612936
165,12,13,96,False,0.9471910036368903,0.9834470256158616,0.9728793958761749,0.986346488753407,0.9728793958761749,0.8490368963646229,0.87574413660725,0.9183558186793436,0.9583088326209581,0.9183558186793436,0.7363229982522412,0.7734145744466937,0.8488052686390879,0.8795086749137302
166,12,13,96,False,0.9444591405068306,0.9810913974921629,0.9714363452868994,0.9856147042769295,0.9714363452868994,0.7664405860010852,0.8078221186354955,0.8677796378492114,0.9315469058771069,0.8677796378492114,0.7450006560197355,0.7550162043452392,0.873603212476506,0.83968922042293
167,12,13,96,False,0.9528090726176047,0.9876975366910563,0.9758343362676316,0.9878432751543291,0.9758343362676316,0.8276044492674987,0.8434945978198631,0.905671300591549,0.9516676418748033,0.905671300591549,0.760059923448591,0.747607086227126,0.8647006161786768,0.846890536472177
168,12,13,96,False,0.9468982731256018,0.9825584829329189,0.9727249607196234,0.9862681991829725,0.9727249607196234,0.8931768855127509,0.8996438012099326,0.9435746784652312,0.9713777218287597,0.9435746784652312,0.7671702239391284,0.7577787131541581,0.8668990824993662,0.8590787931538242
169,12,13,96,False,0.9602904370341557,0.9878376755625489,0.9797430206179432,0.9898196909629264,0.9797430206179432,0.9041779706999457,0.9082498681770137,0.949678007636633,0.9745142418849675,0.949678007636633,0.7478034892534358,0.7726040981966534,0.8644835728513226,0.8572000245946609
170,12,13,96,False,0.9496461188867492,0.9814328021304151,0.9741728098112477,0.9870019299936792,0.9741728098112477,0.8435431361909929,0.8584554050007626,0.9151325180639559,0.9566255892792936,0.9151325180639559,0.7755598238445752,0.7437658974172123,0.8569781401318933,0.8627723612940185
171,12,13,96,False,0.9526567820396299,0.9857479864861319,0.9757544600792987,0.9878028447414487,0.9757544600792987,0.8628052088985351,0.8735142438183079,0.9263504361883401,0.9624710053754035,0.9263504361883401,0.7529124080570616,0.7635263949339762,0.8493893983870103,0.8738550234405884
172,12,13,96,False,0.9453386238872982,0.9845104425823454,0.9719013566884956,0.9858505752336384,0.9719013566884956,0.8712289744981009,0.8918920003520321,0.9311837154849326,0.9649786088224612,0.9311837154849326,0.757167653900591,0.7700607708917302,0.857184521048034,0.8724094782244747
173,12,13,96,False,0.9580047953878339,0.9883122633447047,0.9785520420015887,0.9892178940969419,0.9785520420015887,0.8899891481280522,0.9045223587478541,0.9417928658580349,0.9704601309987108,0.9417928658580349,0.747796338158408,0.7714743244650824,0.8667867185941689,0.866831256919613
174,12,13,96,False,0.9537523443107115,0.988211807244922,0.9763288034822014,0.9880935196033832,0.9763288034822014,0.9166304937601737,0.9327934258560686,0.9565020453805541,0.9780092256111668,0.9565020453805541,0.7787202435206744,0.7542677495065868,0.8659572159941583,0.867573497987553
175,12,13,96,False,0.9548751827125054,0.9865929665469109,0.9769167782748762,0.9883910047521053,0.9769167782748762,0.8056972327726533,0.8421605115786409,0.8923946032032213,0.9446663978374701,0.8923946032032213,0.7580964481663439,0.7554800934127414,0.8483159023556167,0.8685442985563997
176,12,13,96,False,0.9515920629215467,0.9853950559534783,0.975195668194107,0.9875199583776051,0.975195668194107,0.8794492674986435,0.9030265826975463,0.9358584801483909,0.9673977879592195,0.9358584801483909,0.7774859836773022,0.7485237730353125,0.875041967060937,0.8469990573997822
177,12,13,96,False,0.9425250725248658,0.9829924991271385,0.9704122596469609,0.9850950510722104,0.9704122596469609,0.8279842647856755,0.8596779227447547,0.9058986783814069,0.9517870971921225,0.9058986783814069,0.7706941442848166,0.748989728097504,0.863841391819233,0.8670530424998619
178,12,13,96,False,0.9417386500020316,0.9808693386631755,0.9699952668718277,0.9848833772949098,0.9699952668718277,0.8461340206185567,0.8390794581390361,0.9166550328074828,0.9574210321522516,0.9166550328074828,0.7410843894190564,0.7535695302543132,0.8477652644851543,0.8632365011926943
179,12,13,96,False,0.9581678644232612,0.9856503894631121,0.9786371044399406,0.9892608879562259,0.9786371044399406,0.8565789473684211,0.8686891809921656,0.9227498228206946,0.9605986793769262,0.9227498228206946,0.760986662670263,0.7540137416765106,0.859276441701977,0.864087251365144
180,12,13,96,False,0.9542911017207816,0.9835302850046406,0.9766110083400722,0.9882363119922645,0.9766110083400722,0.8419696147585458,0.8548569000711732,0.9142057588924074,0.9561410768774697,0.9142057588924074,0.7398882957963822,0.779192113612129,0.8540558140994958,0.8662508946969505
181,12,13,96,False,0.9443747329295341,0.9842273356646889,0.9713916941377566,0.9855920525946608,0.9713916941377566,0.8413863266413456,0.8645802864255636,0.913861816467399,0.9559612002939235,0.913861816467399,0.747397480567902,0.7665203591152693,0.846608540186256,0.8772929365282387
182,12,13,96,False,0.9462951596272313,0.9851787190737279,0.9724066310769356,0.9861068051062905,0.9724066310769356,0.8236435160065111,0.8404508800154732,0.9032944309315005,0.9504180295698837,0.9032944309315005,0.7323073520040755,0.7798457109904059,0.8365471355598166,0.8735777968893178
183,12,13,96,False,0.9442703564282567,0.9796968393468021,0.9713364741752675,0.9855640385968166,0.9713364741752675,0.8120455778621812,0.8425681553358899,0.8962750029943707,0.9467180166207733,0.8962750029943707,0.7627602186480914,0.7507271051157107,0.8717524375988279,0.8489020772733723
184,12,13,96,False,0.9305090666204698,0.9793775780025787,0.9640038295695859,0.9818369668990804,0.9640038295695859,0.8452116115029843,0.8547741030188173,0.9161134758029539,0.9571381696510457,0.9161134758029539,0.767942939127778,0.7466853687991322,0.8609924172308318,0.8572523459377374
185,12,13,96,False,0.9495509916385431,0.9818432557946273,0.9741227551483247,0.9869765727454348,0.9741227551483247,0.8341155724362452,0.8468669160528897,0.9095561751632634,0.9537065456225323,0.9095561751632634,0.75006180617807,0.7667459089279304,0.865506635014627,0.8498923273794919
186,12,13,96,False,0.945891226539894,0.9821473436782171,0.9721933206121084,0.9859986412830944,0.9721933206121084,0.8495252306022789,0.8808843023535949,0.9186414075850587,0.9584578277551177,0.9186414075850587,0.75845210789475,0.7657602341980819,0.8593927518068446,0.8601319868075401
187,12,13,96,False,0.9457318335942103,0.985137798511313,0.9721091234316992,0.985955943960834,0.9721091234316992,0.8839256646771567,0.902724051838275,0.9383869876082745,0.9687037666945838,0.9383869876082745,0.7771180583757002,0.7505153630502654,0.8588675767560356,0.8615863563897773
188,12,13,96,False,0.9432709984385136,0.9841505154062125,0.9708074676115321,0.9852956244759905,0.9708074676115321,0.8726261530113945,0.8817231472002898,0.9319811662441144,0.9653917164778836,0.9319811662441144,0.7535162105970528,0.7617962429615295,0.8582271278656596,0.8659147022910636
189,12,13,96,False,0.9448943603134791,0.9851933578806178,0.9716665126852242,0.9857314607362515,0.9716665126852242,0.8448046663049377,0.8486509717694064,0.9158743814292752,0.9570132608429599,0.9158743814292752,0.7626371514949952,0.7574139064846702,0.8551952877037073,0.8645435215808404
190,12,13,96,False,0.9581162843157806,0.9862922166323873,0.9786102000071693,0.989247289613254,0.9786102000071693,0.8956321215409658,0.909419319484243,0.9449429679561491,0.9720817702005059,0.9449429679561491,0.7737212964934271,0.7531740452915214,0.8702847711307781,0.8523679526447905
191,12,13,96,False,0.9489898701391869,0.9853241611651917,0.9738274012387913,0.9868269358093096,0.9738274012387913,0.8557786218122626,0.8741962466784019,0.9222852464768143,0.9603568328891164,0.9222852464768143,0.734759227008067,0.7791073484650276,0.8452869861325389,0.8763175394209497
192,12,13,96,False,0.9360016549888158,0.9834756862219926,0.9669430318686614,0.9833326150741982,0.9669430318686614,0.8374660879001629,0.8607466372138999,0.9115445377903115,0.9547484159663798,0.9115445377903115,0.7654611424822512,0.7510430993826098,0.8576544559790072,0.852597559189344
193,12,13,96,False,0.9412590593113821,0.9803592566798358,0.9697408028017369,0.9847541839473123,0.9697408028017369,0.8028214867064569,0.8412078567767335,0.8906278215855054,0.9437307993201798,0.8906278215855054,0.7635508211401109,0.7515601355403387,0.8635814865220072,0.853434798685044
194,12,13,96,False,0.9466273273185491,0.9849569797403837,0.9725819770777744,0.9861957093182744,0.9725819770777744,0.8455778621812262,0.8589577642670418,0.9163285705885812,0.9572505265543505,0.9163285705885812,0.7649610058145808,0.7440801017502447,0.8706981918624169,0.8566167246087836
195,12,13,96,False,0.9570556516651112,0.9864370980368843,0.978056654496079,0.9889674688765445,0.978056654496079,0.8582474226804124,0.8660860300725391,0.9237170596393898,0.961102002723639,0.9237170596393898,0.7537947579280955,0.7609523837799304,0.855965599043153,0.8640038525462921
196,12,13,96,False,0.9525099877449814,0.9866651718613525,0.9756774548898127,0.9877638659567441,0.9756774548898127,0.8887818773738471,0.9027167893909028,0.941116481496111,0.9701115819822538,0.941116481496111,0.7442237702733192,0.780970792743519,0.8638663558891595,0.8680571104120228
197,12,13,96,False,0.9398355235323226,0.9819684414627434,0.9689847537392646,0.9843702320464921,0.9689847537392646,0.8198046663049375,0.8475157277890153,0.9009809475535944,0.9492001620067257,0.9009809475535944,0.7552427811222018,0.7536913263569152,0.8666228067400005,0.8593617000075096
198,12,13,96,False,0.9507540687890206,0.9845270578027836,0.974755438423076,0.9872970365716064,0.974755438423076,0.8895415084102006,0.9008194786123438,0.9415421724803836,0.9703309602812762,0.9415421724803836,0.7713661859824882,0.7576756478506167,0.8710665271909398,0.8564810734492773
199,12,13,96,False,0.9566137495737115,0.9827470329731219,0.9778258481339298,0.9888507714179778,0.9778258481339298,0.8920374389582203,0.8887383634536951,0.9429384647371327,0.9710501865182524,0.9429384647371327,0.7680569043670628,0.748769883549225,0.8727117346842141,0.8524599065174847
200,12,13,96,False,0.9450326589244263,0.9817193893305751,0.971739630785444,0.9857685482837459,0.971739630785444,0.8334915897992403,0.8604518754221633,0.909185070099508,0.9535119664165248,0.909185070099508,0.7590967101866772,0.7565018495954258,0.8483206275674231,0.8664785639048965
201,12,13,96,False,0.9527930764055239,0.9884438827343948,0.9758259468630598,0.9878390288215281,0.9758259468630598,0.8828676071622354,0.8884978125239307,0.9377904254169518,0.968395799978992,0.9377904254169518,0.7495140845998183,0.7698267415554014,0.8500512084886754,0.8721640814367821
202,12,13,96,False,0.9548775028707362,0.9835311702531205,0.9769179925274082,0.988391619009089,0.9769179925274082,0.8559956592512208,0.8850680039859822,0.9224112728761036,0.9604224450084992,0.9224112728761036,0.7557390220623349,0.7688730406742971,0.8612996105834121,0.8649884190673367
203,12,13,96,False,0.9483935077557072,0.9839851856975892,0.9735133113311711,0.9866677816424184,0.9735133113311711,0.8678920238741183,0.8802221500243559,0.9292742972091707,0.9639887433000297,0.9292742972091707,0.779891135489187,0.7409557501684962,0.8741954086486723,0.8548135488245606
204,12,13,96,False,0.9455820610257324,0.9848273392410499,0.9720299955142586,0.9859158156324802,0.9720299955142586,0.8915219750406945,0.919608383839456,0.942650401956355,0.9709018498058158,0.942650401956355,0.7718083637140938,0.7614575562706238,0.8709677422560259,0.8636095418813369
205,12,13,96,False,0.9565907456895965,0.9831632720776653,0.9778138303035343,0.9888446947339781,0.9778138303035343,0.863035811177428,0.8582770929690798,0.9264833300568649,0.9625400407551183,0.9264833300568649,0.7467163737513651,0.7659059130514096,0.8515705014751468,0.8742106799967595
206,12,13,96,False,0.9529653946850792,0.9883088582989725,0.9759163140100058,0.9878847675766672,0.9759163140100058,0.8261801410743354,0.8526253854508327,0.904817791511298,0.9512191080457215,0.904817791511298,0.7475106026480021,0.7632976821112568,0.8512042433444795,0.8723793893434235
207,12,13,96,False,0.9467181703746292,0.9865346798506314,0.9726299212509445,0.9862200166549777,0.9726299212509445,0.8373846988605536,0.8682993107846024,0.9114963234208429,0.9547231658553399,0.9114963234208429,0.7466006614245033,0.7726749892753534,0.8499920308092178,0.869982195970765
208,12,13,96,False,0.9454560253460191,0.9835999937036903,0.9719633988415237,0.9858820410381375,0.9719633988415237,0.8641888225718937,0.8697044444839426,0.9271473062258055,0.9628848873182119,0.9271473062258055,0.7610987607161607,0.7543769524254206,0.8526304727053771,0.8693331346968906
209,12,13,96,False,0.9538389539780484,0.9847007994281873,0.9763741807235613,0.9881164813540766,0.9763741807235613,0.8800868149755833,0.8818000213281483,0.9362193362193362,0.9675842786131532,0.9362193362193362,0.7740364338628212,0.7393017252503071,0.8760212311879295,0.8477654864509931
210,12,13,96,False,0.9434673792874246,0.982840036491575,0.9709114640589938,0.9853483972986375,0.9709114640589938,0.8606077048290829,0.8703018650644744,0.9250823831326003,0.9618120310812297,0.9250823831326003,0.7808149271353945,0.7401732528826181,0.8827205920213202,0.8363419324422151
211,12,13,96,False,0.9473518210642158,0.9838416792933485,0.9729642181929856,0.986389486051522,0.9729642181929856,0.8553445469343463,0.8661636852605037,0.9220331052231385,0.9602255491410019,0.9220331052231385,0.7592154875010596,0.7612853594979231,0.8476462750758057,0.865818835916891
212,12,13,96,False,0.9421320003526883,0.9822609923737682,0.9702038792230379,0.9849892787350722,0.9702038792230379,0.8383206728160608,0.8558753802654213,0.9120505309140281,0.9550133668771491,0.9120505309140281,0.7633405147578606,0.7503159652921848,0.858725104200218,0.8517595352719056
213,12,13,96,False,0.9541190754173724,0.9861074787682538,0.9765209166832232,0.9881907288996508,0.9765209166832232,0.9023874118285404,0.9144188161231968,0.9486894269986594,0.9740068926853954,0.9486894269986594,0.7577187845440178,0.7638045939892649,0.8607046328236345,0.8676083087300676
214,12,13,96,False,0.9622640870048508,0.9845872525438967,0.9807691975585466,0.9903379208929377,0.9807691975585466,0.8794628323385784,0.8776548681037439,0.9358661604861642,0.9674017575372521,0.9358661604861642,0.7467731774522688,0.7657827842672079,0.8677129894564043,0.8550857836730112
215,12,13,96,False,0.9535451577844338,0.9865207797891267,0.9762202363070779,0.988038580373802,0.9762202363070779,0.8688279978296257,0.8773903359090158,0.9298105538215868,0.9642668478287464,0.9298105538215868,0.7738654048416882,0.741877490635793,0.8784044552385526,0.845792807902123
216,12,13,96,False,0.9525703901653658,0.9838797034342333,0.9757091421269491,0.9877799057112617,0.9757091421269491,0.8767227346717308,0.8827646854444426,0.9343124783161789,0.9665984059143585,0.9343124783161789,0.7502864225105792,0.7688858002356351,0.8623780409588266,0.8633306778674545
217,12,13,96,False,0.9488456008030602,0.982228946077421,0.9737514356315039,0.9867884452259784,0.9737514356315039,0.8631172002170375,0.8792146816882027,0.9265302259208295,0.9625644009212212,0.9265302259208295,0.7612111520422081,0.761866809218831,0.8636308143878455,0.8739673626328043
218,12,13,96,False,0.9639870314194869,0.9883083012259772,0.9816633368732153,0.9907892494739814,0.9816633368732153,0.8989962018448182,0.9013891350529308,0.9468120062288384,0.9730426538589346,0.9468120062288384,0.7626692464853743,0.7646565758984033,0.869055047933718,0.8584683629360456
219,12,13,96,False,0.9531890651690385,0.9850235723221274,0.976033587497629,0.987944121647388,0.976033587497629,0.8844139989148128,0.8818991884648566,0.9386620980571412,0.9688457555551044,0.9386620980571412,0.7394009143967442,0.7800922496513641,0.8396920681737152,0.888580662491684
220,12,13,96,False,0.9461014891848192,0.9835821563164973,0.9723043679300828,0.9860549517801139,0.9723043679300828,0.8345089527943571,0.8581241714919546,0.9097900029577048,0.9538291267086075,0.9097900029577048,0.7571203036909,0.7543941994080615,0.8572368445779196,0.8677817117145612
221,12,13,96,False,0.9602189484849009,0.9892426604161628,0.9797058121768251,0.9898008952192482,0.9797058121768251,0.8417254476397179,0.8761616102384092,0.9140618095041687,0.9560657976855823,0.9140618095041687,0.7555084005272656,0.7604611678318782,0.8647218813892891,0.8655814431674073
222,12,13,96,False,0.9675107761838888,0.9893709438890084,0.983487143140773,0.9917092029122111,0.983487143140773,0.8824742268041237,0.9081229013251255,0.9375684556407448,0.9682811862474375,0.9375684556407448,0.7387711613216226,0.7822929007538321,0.8598539704416487,0.8740962303602676
223,12,13,96,False,0.9579063032241669,0.9879974774051576,0.9785006582253115,0.9891919218358546,0.9785006582253115,0.8500271296798697,0.8709780412913863,0.9189347724073205,0.9586108555651351,0.9189347724073205,0.7613787285405962,0.7552652335590141,0.8541885688536196,0.8690618305376978
224,12,13,96,False,0.9564331193564821,0.9826040571173033,0.9777314745837833,0.9888030514636286,0.9777314745837833,0.8308735756918069,0.8607786506346482,0.907625285244347,0.9526936995930786,0.907625285244347,0.7538439652866552,0.758919478000178,0.8690869013542734,0.8558037335098683
225,12,13,96,False,0.9542941831688204,0.9890891749102473,0.976612621976355,0.9882371284142055,0.976612621976355,0.8935838307107976,0.9150051579865064,0.9438017120957055,0.9714945764623215,0.9438017120957055,0.7756654987232174,0.7552297493061659,0.867405976013439,0.8607947803215796
226,12,13,96,False,0.9578110588558444,0.9862660691600558,0.9784509639204862,0.9891668028803263,0.9784509639204862,0.8843597395550733,0.8960827317785593,0.9386315372709931,0.9688299836766991,0.9386315372709931,0.7487361344989432,0.7688773714318701,0.8702670624396485,0.8560886365662335
227,12,13,96,False,0.9571571008044275,0.9846652551456796,0.9781096268776976,0.9889942501742351,0.9781096268776976,0.8601058057514921,0.8841679047538236,0.9247923457816476,0.9616612427365717,0.9247923457816476,0.7382767652431337,0.7773127044713877,0.8457239365004222,0.8828448762993397
228,12,13,96,False,0.949451958186171,0.9861046477033388,0.9740706399039141,0.9869501709326131,0.9740706399039141,0.8963510580575149,0.9031890277251189,0.9453429566735099,0.972287486638345,0.9453429566735099,0.7641175266079142,0.7595264621354568,0.8631114880426896,0.867722714769057
229,12,13,96,False,0.9451822510628854,0.9818287031347186,0.9718187080376859,0.9858086569094866,0.9718187080376859,0.8347802495930549,0.8619120055896823,0.9099512050865001,0.9539136255901265,0.9099512050865001,0.7617286165166667,0.7523145231820172,0.8667188927843943,0.8430758797312037
230,12,13,96,False,0.961979726595984,0.9892799803248442,0.9806214748865011,0.9902633361316076,0.9806214748865011,0.8663863266413455,0.8864917070389731,0.9284104949487608,0.9635406036845364,0.9284104949487608,0.7361312742484774,0.7887422533856516,0.8599440442101018,0.8664446511150198
231,12,13,96,False,0.9466708720885392,0.9822710256929666,0.972604959227522,0.986207361170825,0.972604959227522,0.8539609332609874,0.8833735292922097,0.9212286170010389,0.9598065518639883,0.9212286170010389,0.768976553438633,0.751117001108178,0.8741042697317017,0.853626609229503
232,12,13,96,False,0.9475842142264865,0.9845931553958662,0.9730867680120671,0.9864516044956626,0.9730867680120671,0.8245659251220836,0.8697316807993705,0.9038488703190168,0.9507096666801158,0.9038488703190168,0.7627364374648337,0.7577901594836657,0.8773654011306549,0.8548106499084193
233,12,13,96,False,0.9436757284931384,0.9850061800187497,0.9710217755558804,0.9854043715936521,0.9710217755558804,0.8989555073250135,0.9167697916564475,0.9467894364637727,0.9730310562689007,0.9467894364637727,0.763310675575581,0.7590770521872482,0.8657684211703142,0.8650707256068743
234,12,13,96,False,0.9554954912236288,0.9871545256702692,0.9772413135309644,0.9885551646372419,0.9772413135309644,0.888293543136191,0.8992704648422645,0.9408426421464746,0.9699704336455182,0.9408426421464746,0.7652514359083141,0.7579869255977747,0.867977509217442,0.8607579484069123
235,12,13,96,False,0.9488482984180099,0.9861473126045667,0.973752856174843,0.9867891650068129,0.973752856174843,0.8539609332609874,0.8796368866813866,0.9212286170010389,0.9598065518639883,0.9212286170010389,0.751709292104537,0.7703516023290494,0.8591892729973721,0.8688910970108208
236,12,13,96,False,0.9473944804414871,0.9829039303767835,0.9729867163089695,0.9864008902616469,0.9729867163089695,0.7963103635377102,0.821026813099812,0.8866066574034918,0.9415979276758694,0.8866066574034918,0.7435205702247347,0.7582160193584677,0.8414955490823968,0.8755794749761245
237,12,13,96,False,0.9629388464720197,0.9890792756429381,0.9811195577515875,0.990514794312325,0.9811195577515875,0.8887276180141074,0.8956109076695595,0.9410860618944678,0.9700959034520596,0.9410860618944678,0.7601149927159989,0.762283875262366,0.8716197428501877,0.8606843698780581
238,12,13,96,False,0.9476672219937433,0.9864545509213378,0.9731305340998212,0.9864737878422423,0.9731305340998212,0.8545577862181226,0.8810205043285797,0.9215757983586653,0.959987394895717,0.9215757983586653,0.7792258821241816,0.7388297621639319,0.8640747731560807,0.8533175075410695
239,12,13,96,False,0.9462537347836174,0.9837897882987993,0.972384759368306,0.9860957151150724,0.972384759368306,0.7959169831795985,0.8233827152246911,0.8863627780505307,0.9414684158539418,0.8863627780505307,0.7293595514368503,0.7761289575279752,0.8414412888026094,0.8659960935388213
240,12,13,96,False,0.9582927784973545,0.9875078334731939,0.978702254351033,0.9892938159874614,0.978702254351033,0.9035811177428107,0.9057147786119651,0.9493486873984551,0.9743452608795586,0.9493486873984551,0.7582217236166416,0.7713348968180879,0.8607317627795159,0.870219895724486
241,12,13,96,False,0.9476645402897133,0.98076844752481,0.973129120221852,0.9864730712096768,0.973129120221852,0.7633884970157352,0.7989316944130787,0.8658199804610875,0.93049448169298,0.8658199804610875,0.7533174813650969,0.74665767935377,0.8572775400637844,0.8639622348960534
242,12,13,96,False,0.9521542136650264,0.9860150691619567,0.9754907752676226,0.9876693653584799,0.9754907752676226,0.8921052631578947,0.8934836800453263,0.9429763560500696,0.9710696968035145,0.9429763560500696,0.744967425610122,0.779036105289902,0.855196269728707,0.8760975218817647
243,12,13,96,False,0.9497359800048478,0.9859426123765256,0.9742200890219879,0.9870258806242053,0.9742200890219879,0.8143380358111774,0.8421199461193374,0.8976695849812714,0.9474542653771059,0.8976695849812714,0.7503544311852182,0.7630775903155051,0.8598579021859564,0.8601998114672315
244,12,13,96,False,0.951120832909418,0.9877186905570026,0.9749481599160131,0.9873946323107156,0.9749481599160131,0.8459983722192078,0.8810840737022565,0.9165754260142409,0.9573794576938869,0.9165754260142409,0.7661616384214415,0.7501297939567518,0.871610004364386,0.8497973718898639
245,12,13,96,False,0.9434153589320989,0.9861161618760108,0.9708839179397067,0.9853344193418327,0.9708839179397067,0.886584373304395,0.8944472073676538,0.9398830880291057,0.9694756768630689,0.9398830880291057,0.7755553931129487,0.746864108536147,0.8722186994305906,0.850015430206397
246,12,13,96,False,0.9500693528367208,0.9870356572125413,0.9743954505563373,0.9871147099280495,0.9743954505563373,0.8507189365165492,0.8811100043395357,0.9193388793198226,0.95882160974804,0.9193388793198226,0.7763270018345738,0.7427152420347644,0.8599372616751283,0.8587464478130336
247,12,13,96,False,0.9445275328009394,0.9859124402423955,0.9714725215954352,0.9856330562615253,0.9714725215954352,0.8870184481823115,0.9005596828790838,0.940126948983186,0.96960143821221,0.940126948983186,0.7674030745175856,0.7531141040970974,0.8592880982027842,0.8580788470924111
248,12,13,96,False,0.95391465973775,0.9884183755575837,0.976413841805949,0.9881365501821846,0.976413841805949,0.8669289202387411,0.903696736278419,0.9287219356245004,0.9637022027703892,0.9287219356245004,0.7340984070040266,0.7993727140621096,0.8564452136372781,0.8716206134905761
249,12,13,96,False,0.9379008163056238,0.9814663474263423,0.9679554375683886,0.9838472633332822,0.9679554375683886,0.8758817145957677,0.9069939059946137,0.9338346952057271,0.9663512276629689,0.9338346952057271,0.7716441737100111,0.7556111570476923,0.8590545762798761,0.8663700429772915
250,12,13,96,False,0.9514095898967123,0.9849268723996367,0.9750998404666754,0.9874714377979119,0.9750998404666754,0.865735214324471,0.8785102828086528,0.9280365270244725,0.9633465248935466,0.9280365270244725,0.7413067917021724,0.7832844262327346,0.8548106499084193,0.8716341785145195
251,12,13,96,False,0.9443208486509217,0.9853215978377672,0.971363187620134,0.985577590867474,0.971363187620134,0.8693298969072165,0.8759028582494256,0.9300978905280574,0.9644158286382785,0.9300978905280574,0.7771436256190177,0.746165898697094,0.8719588707489537,0.8425090040201214
252,12,13,96,False,0.947729862470591,0.9852685767147322,0.9731635590044776,0.9864905265660069,0.9731635590044776,0.8681226261530114,0.8798404995117906,0.9294064682902744,0.9640572951283934,0.9294064682902744,0.7574226485613156,0.7612139295313187,0.8493236163314236,0.8715082663397847
253,12,13,96,False,0.9462910398251252,0.9821510443907329,0.9724044559236625,0.9861057022062404,0.9724044559236625,0.7828133478024959,0.8276151676200088,0.878177571160094,0.9371112907014267,0.878177571160094,0.7596414525798293,0.7513284064912047,0.8677082524872849,0.8541963402351306
254,12,13,96,False,0.9664147975195858,0.9859515657488804,0.9829205910559775,0.9914235175019692,0.9829205910559775,0.8910607704829082,0.8980444337344065,0.9423925284594251,0.970769039709974,0.9423925284594251,0.7579638472714063,0.760214510225151,0.8682178431804108,0.8564209875426609
255,12,13,96,False,0.9518060440043746,0.9876284892913707,0.9753080199010197,0.9875768425297444,0.9753080199010197,0.8725040694519804,0.9017960150886795,0.9319115335298933,0.965355651317116,0.9319115335298933,0.7395507891870581,0.7860384426397194,0.8547621874904081,0.8765311521581287
256,12,13,96,False,0.9363611392244443,0.9784311651689157,0.9671348182493249,0.9834301288090196,0.9671348182493249,0.8579218665219752,0.8768742394545095,0.9235284669187974,0.961003884965507,0.9235284669187974,0.7412321000615434,0.7763676349605415,0.8582929774660722,0.8768647989135445
257,12,13,96,False,0.9441989494996972,0.9813180285650764,0.9712986932151866,0.9855448712337691,0.9712986932151866,0.7914270211611504,0.8396746150844501,0.8835716016476861,0.9399848943720778,0.8835716016476861,0.7445395934107657,0.7628093249501408,0.8503070772321212,0.8658400936472856
258,12,13,96,False,0.9479458471330767,0.9844386545015202,0.9732774127455673,0.9865482313326437,0.9732774127455673,0.8213917525773197,0.8469345208975313,0.9019385878024622,0.9497044739298969,0.9019385878024622,0.7369439817940913,0.7757657238337972,0.8400965823347212,0.8761479720211592
259,12,13,96,False,0.9407643291853782,0.981156748902049,0.969478174179198,0.9846208276180217,0.969478174179198,0.8395686380900705,0.8594713057223812,0.912788596963418,0.9553997053398217,0.912788596963418,0.7822172834576789,0.7301050641266638,0.891002750285747,0.8379307773867815
260,12,13,96,False,0.9489900428890499,0.9871712611709125,0.9738274921941948,0.9868269818940881,0.9738274921941948,0.8741318502441672,0.8965683837872288,0.9328392238041125,0.9658360232483113,0.9328392238041125,0.7601465578935452,0.7635885346554457,0.8549704790143102,0.8623373454729619
261,12,13,96,False,0.9521852226270319,0.9819594134888883,0.9755070488093213,0.9876776036791162,0.9755070488093213,0.8356212696690178,0.8486361845165113,0.910450628870398,0.9541753658895192,0.910450628870398,0.7347666093794634,0.7818798136401641,0.8551187618632897,0.8785672382861307
262,12,13,96,False,0.9464702372133553,0.9836761322599636,0.9724990591876298,0.9861536691548786,0.9724990591876298,0.8397449810092241,0.8510120614522029,0.9128928081636265,0.955454241794774,0.9128928081636265,0.7571020781766237,0.7516680189064662,0.8492101712997361,0.8779529967404998
263,12,13,96,False,0.9450296404031969,0.9860396711963526,0.9717380350124597,0.9857677388779061,0.9717380350124597,0.814636462289745,0.8562254662987263,0.8978508689964493,0.9475499295532923,0.8978508689964493,0.7545378911623581,0.7618537090077484,0.8498845267983641,0.8619855872371016
264,12,13,96,False,0.9480615055744321,0.9844954220230195,0.9733383703353593,0.9865791252278548,0.9733383703353593,0.879625610417797,0.9031429646659517,0.9359583158927874,0.9674493867344107,0.9359583158927874,0.7711629275898838,0.7595274034289453,0.8764158494546087,0.8550218402994804
265,12,13,96,False,0.955384699065719,0.9874067266418994,0.977183363991956,0.9885258539825633,0.977183363991956,0.8258274552360283,0.8569452053533335,0.9046062407132244,0.951107901719476,0.9046062407132244,0.757551357249291,0.7553946800468777,0.8634109951721279,0.8644595487250412
266,12,13,96,False,0.9326860469129118,0.9817271049571686,0.9651707771189175,0.9824310546389082,0.9651707771189175,0.8058328811720021,0.8481114472244373,0.8924778029836395,0.9447104334046701,0.8924778029836395,0.7356136922886174,0.7700368972800248,0.8380867762202139,0.8804454723850935
267,12,13,96,False,0.9547897866311632,0.9808795097240122,0.9768720843141139,0.9883683950400852,0.9768720843141139,0.768054801953337,0.7893588294442421,0.8688133434606149,0.9321015735747982,0.8688133434606149,0.7780458803397781,0.7265366845051555,0.8671423536114101,0.8483052141957115
268,12,13,96,False,0.9507567924052792,0.9823846523612887,0.9747568698535689,0.9872977614952689,0.9747568698535689,0.8385784047748236,0.8440028720424194,0.9122030396930796,0.9550932099502538,0.9122030396930796,0.7568005432007632,0.7533015588145149,0.8512217042342825,0.8708303383637315
269,12,13,96,False,0.9425763326258306,0.9850709426958847,0.970439428088497,0.9851088407320772,0.970439428088497,0.8691264243081931,0.886521265944455,0.9299814212726428,0.9643554434297775,0.9299814212726428,0.7567842902683006,0.7690672024754007,0.8401900510816217,0.8758173041015939
270,12,13,96,False,0.9619387724454764,0.9860818685659374,0.9806001960463415,0.990252592042223,0.9806001960463415,0.8702658708627239,0.8886992919547897,0.9306333226957556,0.9646933827365852,0.9306333226957556,0.7540241733848603,0.766005674389738,0.8548794056159044,0.8672149217016091
271,12,13,96,False,0.9602923472239249,0.9811727532159263,0.9797440147984523,0.9898201931656336,0.9797440147984523,0.8394601193705915,0.864110610502413,0.9127244570627927,0.9553661376994648,0.9127244570627927,0.7614641914034523,0.7551896971073372,0.8682877205115211,0.8633645916924694
272,12,13,96,False,0.9453412744461288,0.9853659272081873,0.9719027574894623,0.9858512856863667,0.9719027574894623,0.8938822571893651,0.9117293356307407,0.9439681414154437,0.97158022901634,0.9439681414154437,0.7686692679759675,0.7568445204264754,0.8734378558818078,0.8520376154336007
273,12,13,96,False,0.9611185908911609,0.9840818264316871,0.980173861341465,0.9900373030050257,0.980173861341465,0.8701573521432447,0.8509947456536878,0.9305712710708794,0.9646612208806153,0.9305712710708794,0.7491623817696293,0.7566449487082116,0.8505124224309971,0.8702543772938568
274,12,13,96,False,0.9329082801944895,0.981153728849386,0.9652897550841059,0.9824916056049059,0.9652897550841059,0.8528079218665221,0.8714330512674684,0.920557292314901,0.9594567693830197,0.920557292314901,0.7546033490527935,0.7669408032310828,0.8544036359917184,0.862541755104922
275,12,13,96,False,0.9593609258031789,0.9889231572592202,0.9792590157016823,0.9895751693033139,0.9792590157016823,0.8888497015735216,0.9119784865311376,0.9411545035404968,0.9701311785220063,0.9411545035404968,0.7533106926617091,0.767744166942273,0.8572998275354194,0.872881298633597
276,12,13,96,False,0.9565462163345203,0.9894625548369184,0.9777905662014527,0.9888329313900568,0.9777905662014527,0.885241454150841,0.9005237733135227,0.9391279320765578,0.9690861324343455,0.9391279320765578,0.7623333432617537,0.7561271884488895,0.8599343453632375,0.860504156681627
277,12,13,96,False,0.9421846915806643,0.9807814743493688,0.9702318174631053,0.985003460635091,0.9702318174631053,0.8150298426478567,0.8167888424215648,0.898089743206481,0.9476759695204269,0.898089743206481,0.7262937923787678,0.7749482036283827,0.8518970686767049,0.8647761418530917
278,12,13,96,False,0.93347441551693,0.9823000125428598,0.9655927257432657,0.9826457783673961,0.9655927257432657,0.8479788388497016,0.8793432377539352,0.9177365249242108,0.9579856600827649,0.9177365249242108,0.764582600789068,0.7550146576613763,0.8654039848637056,0.8577232607564176
279,12,13,96,False,0.951255989994177,0.9878552587847289,0.9750191618855871,0.9874305858568425,0.9750191618855871,0.8524009766684753,0.8813915100820404,0.920320154658426,0.959333182298218,0.920320154658426,0.7500491422937694,0.7729808043752657,0.8584141024722429,0.8626086487120599
280,12,13,96,False,0.9352017337856635,0.9805702668508897,0.9665160147993577,0.9831154636152143,0.9665160147993577,0.8459712425393381,0.862191462776739,0.9165595032516443,0.9573711418523353,0.9165595032516443,0.7443349290047361,0.7696314977050986,0.8503486261573878,0.85503447204444
281,12,13,96,False,0.9471835046170326,0.9801780613975524,0.9728754402151968,0.9863444835427412,0.9728754402151968,0.7970021703743896,0.822661872068095,0.8870352896772975,0.9418255091455622,0.8870352896772975,0.7530491576283571,0.7555744500221948,0.8432822156293077,0.8733094589715437
282,12,13,96,False,0.9602163666227532,0.9880362484771337,0.9797044683155106,0.9898002163646513,0.9797044683155106,0.8603364080303851,0.8827345451478814,0.9249256256197864,0.9617305369071871,0.9249256256197864,0.754566422128519,0.7632763595080676,0.8514058404453143,0.8708223542757515
283,12,13,96,False,0.9478687290428942,0.9877930587414983,0.9732367637614261,0.9865276294972312,0.9732367637614261,0.8333830710797613,0.8622952724995403,0.909120504302404,0.9534781089791228,0.909120504302404,0.7679920406124433,0.7509109449748779,0.8601039081625315,0.8574684189448032
284,12,13,96,False,0.9517923154546107,0.9809443393907478,0.9753008124052581,0.9875731934420142,0.9753008124052581,0.8247558328811719,0.8449654468099214,0.903962950022673,0.9507696619174767,0.903962950022673,0.773514488644806,0.7354020032185478,0.8826745167251869,0.8503584533460196
285,12,13,96,False,0.9419201682313857,0.9831673315302228,0.9700915451012021,0.984932254066848,0.9700915451012021,0.8700352685838307,0.8734731782384448,0.9305014543845523,0.9646250330488797,0.9305014543845523,0.7531246211799133,0.762856016018419,0.8661869139119578,0.8491433688161711
286,12,13,96,False,0.9617257657781108,0.9834121730225092,0.9804895083249784,0.9901967018350336,0.9804895083249784,0.8701030927835051,0.8751711534003392,0.930540242557883,0.9646451381507518,0.930540242557883,0.7446730781906248,0.7765351455787364,0.8561400177466035,0.8771242052977771
287,12,13,96,False,0.9662493049736968,0.9881955621100971,0.9828349869261594,0.9913803442302855,0.9828349869261594,0.8157352143244709,0.8576118779852884,0.8985178101840784,0.9479017935335275,0.8985178101840784,0.7559642583987386,0.7566984765983032,0.8637974477941042,0.8647238966150226
288,12,13,96,False,0.9460065317195233,0.9856647958502807,0.9722542204250635,0.9860295231001268,0.9722542204250635,0.8202116115029843,0.8542237990218013,0.9012266555378355,0.9493295821461772,0.9012266555378355,0.7671742972676141,0.7505944135032855,0.8528931002803337,0.8617617635829785
289,12,13,96,False,0.9471936786573675,0.9824247509284126,0.9728808069164215,0.9863472040394404,0.9728808069164215,0.8954286489419425,0.9082733056205645,0.944829708511354,0.9720235123243439,0.944829708511354,0.7820140499846089,0.7483351822809412,0.8759906809805682,0.8609894973603883
290,12,13,96,False,0.9574785578882815,0.9871454225661037,0.9782774416913204,0.9890790876827396,0.9782774416913204,0.8943163320672817,0.9039079166678801,0.9442101268179508,0.9717047529048887,0.9442101268179508,0.7671877356775623,0.758950592483097,0.8686180154580804,0.8652355280181596
291,12,13,96,False,0.9537423271272089,0.98615888552006,0.9763235549383789,0.9880908637055495,0.9763235549383789,0.8115708084644603,0.849258466329422,0.8959857430605995,0.9465652344453601,0.8959857430605995,0.7617877485131426,0.7541297659648707,0.8633963545115731,0.8504824079221796
292,12,13,96,False,0.9477602070548262,0.9853947775178504,0.9731795563150123,0.9864986347253666,0.9731795563150123,0.8550189907759088,0.8571843906245404,0.9218439218439218,0.9601270342219939,0.9218439218439218,0.7617393450987632,0.7503125247175237,0.8747579499701549,0.8509193759095162
293,12,13,96,False,0.9618502091090002,0.9902295988881407,0.980554177523917,0.9902293560200672,0.980554177523917,0.9151112316874661,0.9173593081823492,0.9556742360924197,0.9775859226136697,0.9556742360924197,0.7464743151697592,0.778375860620155,0.8456668080910507,0.8774744044983926
294,12,13,96,False,0.9535858539667611,0.9841529662162932,0.97624156320594,0.9880493728584316,0.97624156320594,0.8694926749864352,0.8763090378593652,0.9301910476784768,0.9644641246197169,0.9301910476784768,0.7693602954702308,0.74528127712467,0.8553241567422787,0.8621716395905693
295,12,13,96,False,0.9627967863532798,0.9836522899441063,0.9810458148773308,0.9904775690934807,0.9810458148773308,0.8595360824742269,0.8709268332563527,0.9244629244629244,0.9614899502662129,0.9244629244629244,0.7634223837400445,0.7538196876847134,0.8607637866861935,0.867957161543516
296,12,13,96,False,0.9473464667654886,0.98554197861134,0.9729613943213875,0.9863880546323478,0.9729613943213875,0.8550868149755833,0.8799997937814802,0.9218833405237026,0.9601475618485434,0.9218833405237026,0.7682337843836655,0.7522135483347205,0.8706574967905863,0.8608122086866997
297,12,13,96,False,0.9542602691629787,0.9873783169618257,0.9765948622306015,0.9882281428043838,0.9765948622306015,0.8321893651654911,0.8529593030043996,0.9084097757442492,0.9531053329744038,0.9084097757442492,0.7665428640020521,0.7465739118762531,0.8611223216873604,0.8557582419248356
298,12,13,96,False,0.9586861784702514,0.9887765543864757,0.9789073808842542,0.9893974837668904,0.9789073808842542,0.872802495930548,0.8882084640165341,0.9320817308040532,0.9654437999200436,0.9320817308040532,0.7464773560892495,0.77323210035234,0.856962635065525,0.8615224966793228
299,12,13,96,False,0.9517984442360334,0.9853110649401741,0.975304030031219,0.9875748224976267,0.975304030031219,0.8219886055344546,0.8437398801313274,0.9022982943335541,0.9498938331906119,0.9022982943335541,0.761838915222834,0.7471784140094804,0.861939160125329,0.8634612515885517
300,12,13,96,False,0.9554481636194948,0.9890307286004392,0.9772165597588428,0.9885426443805259,0.9772165597588428,0.8210255018990776,0.8651288500019286,0.9017177420556293,0.9495881960384877,0.9017177420556293,0.7570054072757917,0.7501981672049095,0.8625049174005338,0.8553551688253744
301,12,13,96,False,0.955243621619599,0.9816293955866267,0.9771095643092661,0.988488525127766,0.9771095643092661,0.8614351600651111,0.8793698838278885,0.9255602113317544,0.9620603990040097,0.9255602113317544,0.7682237068498272,0.7501628959965377,0.8668061630986236,0.8591660113311476
302,12,13,96,False,0.9435110828617089,0.9858763886840781,0.9709346050884802,0.9853601397907672,0.9709346050884802,0.8827726532826913,0.891644343765942,0.9377368549979107,0.9683681402224624,0.9377368549979107,0.7789060723244323,0.7469527787225343,0.8838283472057609,0.8515589498225561
303,12,13,96,False,0.9474358937471726,0.9860582818244641,0.9730085563167443,0.9864119607530843,0.9730085563167443,0.8513293543136192,0.870138819122339,0.9196951934349357,0.9590074000939386,0.9196951934349357,0.7692851147098356,0.7438723218744976,0.8608646710812442,0.8559491311107569
304,12,13,96,False,0.9525543979816491,0.986403885748002,0.9757007527844574,0.987775659137467,0.9757007527844574,0.8694248507867607,0.88943767336473,0.9301522341706939,0.9644440026101536,0.9301522341706939,0.7670814977199754,0.7524593617196446,0.8637209919923617,0.8536410841257569
305,12,13,96,False,0.9504527419081172,0.9873304205066475,0.974597047635509,0.9872168189589909,0.974597047635509,0.9005968529571351,0.9162922396967211,0.9476989836702067,0.9734983223766781,0.9476989836702067,0.760469463063405,0.7705650748906264,0.8644921934082587,0.8717214812198175
306,12,13,96,False,0.9519271531094371,0.9861725987889747,0.9753715978519063,0.9876090308679373,0.9753715978519063,0.8467444384156266,0.8683445540229489,0.9170131186555214,0.9576080193145425,0.9170131186555214,0.7588239197262023,0.7556276355854735,0.8626590523807524,0.85819318849574
307,12,13,96,False,0.9408197733393296,0.9812298550051566,0.9695076134973386,0.9846357770756345,0.9695076134973386,0.8594275637547477,0.8873518124753027,0.9244001546576012,0.9614573077664973,0.9244001546576012,0.76458677053368,0.7578063180153611,0.8720113953534224,0.8464486288689941
308,12,13,96,False,0.9550908564130054,0.9854937974677735,0.9770296385768029,0.9884480960459193,0.9770296385768029,0.797083559413999,0.8377074156868739,0.8870856953072517,0.9418522683028648,0.8870856953072517,0.7595096915804046,0.7482832348122299,0.8644032741802642,0.8580313693475972
309,12,13,96,False,0.9538234057492488,0.9860613615749336,0.9763660348653448,0.9881123594335539,0.9763660348653448,0.9211611502984265,0.937264227614387,0.9589629169373288,0.9792665198695035,0.9589629169373288,0.7571664360344025,0.7755798802842823,0.8480396647724978,0.8796676559128102
310,12,13,96,False,0.9486707296034697,0.9849215171226379,0.9736593414080915,0.9867417805120504,0.9736593414080915,0.8724769397721106,0.8723249065825258,0.9318960583603184,0.9653476360152949,0.9318960583603184,0.7410580527013344,0.772931397448572,0.8500627400011597,0.8698786931216576
311,12,13,96,False,0.9377988647631386,0.9825408064929155,0.967901139603328,0.9838196682336291,0.967901139603328,0.8198860553445471,0.8448948579437501,0.901030097941295,0.9492260520767932,0.901030097941295,0.7565676965585724,0.7530744687339743,0.8728388786516227,0.8481463395563227
312,12,13,96,False,0.9489544686883212,0.9868375555072948,0.9738087615017332,0.9868174914854991,0.9738087615017332,0.8885784047748236,0.8969060504278559,0.9410023989772025,0.9700527815419131,0.9410023989772025,0.7675884178868657,0.7535561670433771,0.8733607572422672,0.8562281901032177
313,12,13,96,False,0.9457521815261459,0.9851426220987398,0.9721198727212502,0.9859613951475231,0.9721198727212502,0.8454693434617472,0.8582912409228953,0.9162648477008115,0.9572172416441377,0.9162648477008115,0.7686642064572172,0.7456797113206555,0.8702098510004505,0.8489146177185889
314,12,13,96,False,0.9432787434488598,0.9842912958603803,0.9708115694969867,0.9852977060244211,0.9708115694969867,0.888049376017363,0.9075690249825014,0.9407056693513043,0.9698998243897687,0.9407056693513043,0.7605804084016636,0.7600767229707743,0.8515296735274641,0.8597308700040849
315,12,13,96,False,0.9560168621176278,0.9870947960227238,0.9775139270349872,0.9886930398435033,0.9775139270349872,0.8447639717851331,0.8771413494259913,0.9158504661901821,0.9570007660342713,0.9158504661901821,0.7510746229844574,0.7602791793767962,0.8485027305045526,0.8696218374427429
316,12,13,96,False,0.9441780334986621,0.984044545096044,0.9712876261641107,0.9855392565312204,0.9712876261641107,0.7968800868149755,0.8234573298069465,0.886959672670723,0.9417853644385874,0.886959672670723,0.744105508728861,0.7630126210222105,0.854461781990629,0.8635184401410947
317,12,13,96,False,0.9515678308988388,0.986447719409421,0.9751829435111897,0.9875135156093762,0.9751829435111897,0.898046663049376,0.9125931048973036,0.9462851262113718,0.9727718777860367,0.9462851262113718,0.7896318759252057,0.7407998856345412,0.8663517270908019,0.863328529161839
318,12,13,96,False,0.9460227562255183,0.9834163654382521,0.9722627890132306,0.9860338680862999,0.9722627890132306,0.8078947368421052,0.820143562976335,0.8937409024745269,0.9453787084943932,0.8937409024745269,0.7554161779690913,0.7470698212777056,0.844938973707319,0.8611135605464197
319,12,13,96,False,0.9493395282641541,0.9854160122459,0.9740114684993034,0.9869201935816814,0.9740114684993034,0.8511801410743353,0.8762810740409066,0.9196081161289378,0.9589619993143303,0.9196081161289378,0.7629381543744065,0.7511888720975965,0.8655077460522748,0.8635649926298803
320,12,13,96,False,0.939209468745333,0.9808323217614812,0.9686519005633782,0.984201148426163,0.9686519005633782,0.8494438415626695,0.8570773589348181,0.9185938199074379,0.9584330023050323,0.9185938199074379,0.7562666279504834,0.757529696597135,0.8566293174426967,0.8645688146145428
321,12,13,96,False,0.9635128581706367,0.9885725296186525,0.9814174164037013,0.9906651383811289,0.9814174164037013,0.8768855127509495,0.8882368756593383,0.9344049030094533,0.9666462139839236,0.9344049030094533,0.7713323570794743,0.7504425401856548,0.8749915219405396,0.8559559136457303
322,12,13,96,False,0.9589987418637947,0.9870779893914667,0.9790702988929965,0.9894798122715776,0.9790702988929965,0.8362995116657624,0.865242417933707,0.9108530567621074,0.9543862199141956,0.9108530567621074,0.7778972982278589,0.7327478819096576,0.8811161302510367,0.8387814417382787
323,12,13,96,False,0.956010974502328,0.9859785649854735,0.977510849340268,0.9886914833962454,0.977510849340268,0.8292051003798154,0.8543866184521649,0.9066288960244421,0.9521706233782063,0.9066288960244421,0.7635379410545446,0.7515194807201111,0.8694755693804667,0.8516771400041274
324,12,13,96,False,0.9376964896046994,0.9800427570699121,0.9678466102769218,0.9837919547734276,0.9678466102769218,0.8571079761258817,0.8821751483122715,0.9230566958350985,0.960758396182463,0.9230566958350985,0.7597843856601961,0.7560985237752811,0.8648692649189563,0.8652131598074007
325,12,13,96,False,0.9456022247958593,0.9800831476859272,0.9720406491569219,0.985921218534687,0.9720406491569219,0.8773467173087358,0.9090365261011449,0.934666685934768,0.9667816123276073,0.934666685934768,0.7718006790401948,0.7610422238814487,0.875139890439378,0.8523930807609927
326,12,13,96,False,0.936180098855349,0.9790697957848133,0.967038241337993,0.9833810255124882,0.967038241337993,0.8662642430819315,0.8649638670695021,0.9283403958395416,0.9635042272037739,0.9283403958395416,0.7467777712066515,0.7630473820242569,0.8459707130736064,0.867581178590174
327,12,13,96,False,0.9391430858351077,0.9821580834331056,0.9686165943042394,0.9841832117569571,0.9686165943042394,0.8467444384156266,0.8683260859892362,0.9170131186555214,0.9576080193145425,0.9170131186555214,0.7667778434513344,0.7541379663417843,0.8644010893124634,0.8631318356476098
328,12,13,96,False,0.9497670128125996,0.986272592165164,0.9742364155012871,0.9870341511322124,0.9742364155012871,0.9023331524688009,0.9177129603691175,0.9486594409583572,0.9739914994281814,0.9486594409583572,0.765973633819102,0.7673064653091052,0.8663322856686798,0.8654980282084535
329,12,13,96,False,0.9485525530632218,0.9820306775730689,0.9735970955179525,0.9867102388837122,0.9735970955179525,0.8386869234943028,0.8608357143559839,0.9122672411249152,0.9551268193935899,0.9122672411249152,0.7600615044040708,0.7593791743780104,0.8600642318781035,0.8625950835501051
330,12,13,96,False,0.9418373957206352,0.9829418857692985,0.9700476443560404,0.9849099676397028,0.9700476443560404,0.8375203472599023,0.8620573052406535,0.9115766783304543,0.9547652477601257,0.9115766783304543,0.7615935405878504,0.752092468892468,0.8671143220640734,0.8534182514876154
331,12,13,96,False,0.939963170134347,0.9851938965521836,0.9690525929615997,0.9844046896280003,0.9690525929615997,0.780737927292458,0.8346925429830803,0.8768701057314361,0.9364134267146302,0.8768701057314361,0.7613761791436864,0.7501087897588429,0.8656540275709349,0.8481124269964639
332,12,13,96,False,0.9474116150965883,0.9839208535551554,0.9729957526720393,0.9864054707228865,0.9729957526720393,0.822816060770483,0.8399842073532179,0.9027965887273215,0.9501560865075388,0.9027965887273215,0.7459507680912381,0.7618829867015781,0.8490426549480077,0.8684163227828978
333,12,13,96,False,0.9430385329524852,0.98259735601394,0.9706843348284191,0.9852331372971674,0.9706843348284191,0.7874118285404232,0.8039455728170335,0.881063687693522,0.9386499281912943,0.881063687693522,0.7821784915916573,0.7220394837451358,0.8796893551367234,0.8359174704712439
334,12,13,96,False,0.9505639850184402,0.982999759047651,0.9746555276518691,0.987246437143163,0.9746555276518691,0.861706456863809,0.8807901112254178,0.9257167838536924,0.9621417691035414,0.9257167838536924,0.7430301000779802,0.777619274581684,0.8540393525781627,0.8707303511167324
335,12,13,96,False,0.9389283982755926,0.9814324163900574,0.9685023945295133,0.9841251925083074,0.9685023945295133,0.8169424850786761,0.8621800524524473,0.8992496920377767,0.9482877685796526,0.8992496920377767,0.7557107293123806,0.7632737011645133,0.8616348791798002,0.8672759645163698
336,12,13,96,False,0.9571432447501307,0.9877642895791239,0.9781023921653007,0.9889905925565221,0.9781023921653007,0.8817145957677699,0.8961966917416417,0.9371395617070357,0.968059689124093,0.9371395617070357,0.7640483199633804,0.7527889892088405,0.8786871682604696,0.8413277628642336
337,12,13,96,False,0.9605656730084446,0.9822918409512156,0.9798862504151445,0.989892039777644,0.9798862504151445,0.8492268041237113,0.878420328472455,0.9184668989547038,0.9583667872765123,0.9184668989547038,0.7745327420282668,0.750306177705116,0.8630165325530614,0.8621348030065169
338,12,13,96,False,0.9503849155831898,0.986319316412789,0.9745613883596025,0.9871987582850793,0.9745613883596025,0.8286353771025502,0.831144288754682,0.9062882491265289,0.9519917274464779,0.9062882491265289,0.7260590853695155,0.7764607630611549,0.8359491579082402,0.8834229749455429
339,12,13,96,False,0.9450066469736348,0.9836068679688811,0.9717258791316045,0.9857615731664551,0.9717258791316045,0.8289338035811177,0.8614842726802692,0.9064667096841184,0.9520854529316779,0.9064667096841184,0.7533595592626563,0.7609454482222037,0.8627258145367924,0.8584179738410821
340,12,13,96,False,0.9309078330283771,0.9770654927057976,0.9642177809889243,0.9819459155110959,0.9642177809889243,0.7808464460119371,0.8051586871890788,0.876938545443466,0.9364499695357281,0.876938545443466,0.7460349703208533,0.7589382138506487,0.8544598711726323,0.8673225424913874
341,12,13,96,False,0.9578123463817204,0.9885441097759208,0.9784516357268624,0.9891671424622143,0.9784516357268624,0.8419967444384157,0.8661084698305841,0.9142217509131613,0.9561494396343917,0.9142217509131613,0.7546535861808574,0.7631390844794833,0.8513351284455748,0.8683611701121172
342,12,13,96,False,0.9464927072927057,0.9861539419917262,0.9725109205357798,0.9861596830816903,0.9725109205357798,0.8804530656538253,0.8987629268774547,0.9364265258571564,0.9676913381120843,0.9364265258571564,0.7706353363322338,0.7629084070893566,0.8540576485301237,0.8701479277695436
343,12,13,96,False,0.9608424337194509,0.988610754603211,0.9800302331247123,0.9899647635773267,0.9800302331247123,0.8732637004883342,0.9030522013303955,0.9323446562923163,0.9655799585183592,0.9323446562923163,0.7506339454234279,0.7695674061042784,0.848635505412735,0.8744086363076741
344,12,13,96,False,0.9457420074731615,0.983247856435373,0.9721144980586092,0.9859586695488859,0.9721144980586092,0.866698317959848,0.8771794577816923,0.9285895954597312,0.9636335379488051,0.9285895954597312,0.7754999037363031,0.7467787702550639,0.8705955765959148,0.8547621874904081
345,12,13,96,False,0.9410892936086515,0.9806909651112716,0.9696506973763023,0.9847084326724852,0.9696506973763023,0.7996473141616929,0.8225233268176775,0.8886711389161076,0.9426935551472215,0.8886711389161076,0.76173389877912,0.7449864984303574,0.8650076643181123,0.8551923874339667
346,12,13,96,False,0.9516897567724738,0.9850769340075755,0.9752469658356884,0.9875459310005223,0.9752469658356884,0.8979110146500272,0.9191117187136641,0.9462098146003974,0.9727331672151399,0.9462098146003974,0.778039863948641,0.7527359855158557,0.8543019632356446,0.8730821934329485
347,12,13,96,False,0.9502804785827824,0.9829413502276695,0.9745064763949504,0.9871709458827029,0.9745064763949504,0.862683125339121,0.8853206742182747,0.9262800672895563,0.9624344483078088,0.9262800672895563,0.7591917028112917,0.7569714003030404,0.8439366363019124,0.872592607910866
348,12,13,96,False,0.9530432364915183,0.9851031142535893,0.9759571305790261,0.9879054259285279,0.9759571305790261,0.8762886597938144,0.8800864799759784,0.9340659340659341,0.9664708656063741,0.9340659340659341,0.753245277707205,0.7655579894624488,0.8623674004096202,0.8572852905005208
349,12,13,96,False,0.9584596601892361,0.9857612715594976,0.9787892798329325,0.9893377986476269,0.9787892798329325,0.87805208898535,0.8880358367688233,0.9350668111231492,0.9669885268828938,0.9350668111231492,0.7438731399530205,0.7772810980589784,0.8569597288217966,0.8759101315375348
350,12,13,96,False,0.9399771425524853,0.9798453317296285,0.9690600182182865,0.9844084610659777,0.9690600182182865,0.8556701030927836,0.884110341844105,0.9222222222222223,0.960324019392529,0.9222222222222223,0.7498347685697202,0.7690415650768732,0.8556710471768466,0.868290400112443
351,12,13,96,False,0.9590042732364675,0.9895008407377419,0.9790731815526857,0.9894812689246248,0.9790731815526857,0.8747829625610418,0.8866028203626921,0.9332098488521009,0.9660278716745707,0.9332098488521009,0.7293919784089491,0.7796616261366681,0.8435678222298029,0.8727409617082366
352,12,13,96,False,0.9558212093684775,0.988146159593722,0.9774116415038839,0.9886413108422508,0.9774116415038839,0.8773467173087358,0.8899680418902634,0.934666685934768,0.9667816123276073,0.934666685934768,0.762628060428533,0.7526732374063053,0.8572475025004883,0.8605719014885829
353,12,13,96,False,0.9507745838816012,0.9857416966026549,0.9747662202875068,0.9873024968506394,0.9747662202875068,0.8303445469343462,0.865640607671798,0.9073095536303203,0.9525279804973291,0.9073095536303203,0.743886901363845,0.7748760639441998,0.8438994284050616,0.869707061501148
354,12,13,96,False,0.9317346302881294,0.9775903147692953,0.9646611037346842,0.9821716264149989,0.9646611037346842,0.8626966901790558,0.8737444034532846,0.9262878865116008,0.9624385105094251,0.9262878865116008,0.7805959869963403,0.7363489871263935,0.8726371265464855,0.8319394992405768
355,12,13,96,False,0.9355449145972112,0.9827016986891632,0.9666992561543312,0.9832086534171326,0.9666992561543312,0.8702930005425935,0.8940808955197331,0.9306488344768563,0.9647014224498979,0.9306488344768563,0.7625760395854616,0.7592648927489627,0.8713785259159024,0.8589760545900403
356,12,13,96,False,0.9538977027072297,0.9888031573301796,0.976404958545735,0.9881320552161714,0.976404958545735,0.850854584915898,0.8739093657818509,0.9194180805452747,0.9588629101937747,0.9194180805452747,0.7458965938586479,0.7699649195288143,0.8499969480248729,0.870045308114771
357,12,13,96,False,0.9471254934411327,0.9848134859630429,0.9728448388473294,0.9863289709054122,0.9728448388473294,0.8572978838849702,0.8765774059017328,0.923166812737365,0.9608157017541735,0.923166812737365,0.7549518951473533,0.7580429784182935,0.856562464144981,0.8593161826829603
358,12,13,96,False,0.9665671845154461,0.9862991597696393,0.9829994033522982,0.9914632637431899,0.9829994033522982,0.8642566467715681,0.8665236450530456,0.927186338070187,0.9629051552827969,0.927186338070187,0.7568792429994523,0.7540511442683336,0.8624537088140842,0.8624352264494185
359,12,13,96,False,0.9462869196935684,0.9819424996122007,0.9724022805872382,0.9861045992120908,0.9724022805872382,0.8532555615843733,0.8766478609859504,0.9208180234515672,0.9595926341169815,0.9208180234515672,0.754588883065202,0.767279854569082,0.8605661462748023,0.8617840964673562
360,12,13,96,False,0.9442077989894174,0.9855091627380999,0.9713033755756032,0.9855472467495423,0.9713033755756032,0.865491047205643,0.8915255261598077,0.9278962217503853,0.9632737003315233,0.9278962217503853,0.7495455883073012,0.7647434863450383,0.8630137456873038,0.8638023829640911
361,12,13,96,False,0.9575400351566296,0.9857968075108102,0.9783095292659121,0.9890953084844312,0.9783095292659121,0.873643516006511,0.878518431399162,0.9325610859728506,0.9656920243912397,0.9325610859728506,0.7569721555276044,0.7614440698705514,0.8623615512138783,0.8506674085444391
362,12,13,96,False,0.9564204393721703,0.9849580257332273,0.9777248490402121,0.9887997011732013,0.9777248490402121,0.8201437873033098,0.836641274295671,0.9011857118369963,0.9493080173668588,0.9011857118369963,0.7677811627661663,0.7470589326624703,0.8621562049248569,0.8559074587063396
363,12,13,96,False,0.9553529036941271,0.9877873521967822,0.977166732295984,0.9885174415739887,0.977166732295984,0.8259495387954422,0.8554311075125718,0.9046794790838651,0.9511464025500308,0.9046794790838651,0.7555441506402616,0.7592534485135737,0.8581524930098753,0.8672420518415029
364,12,13,96,False,0.9549761587497693,0.986546969546615,0.9769696213180298,0.9884177362421366,0.9769696213180298,0.9041779706999457,0.9050662220800683,0.949678007636633,0.9745142418849675,0.949678007636633,0.7562061397971831,0.7678331663532143,0.8623024987823005,0.8636608733755365
365,12,13,96,False,0.9616871621300812,0.9886735865198089,0.9804694455825886,0.9901865710978859,0.9804694455825886,0.8910200759631036,0.89338674837573,0.942369768876519,0.9707573171892752,0.942369768876519,0.7429350706383446,0.7800599637705465,0.8636658068057657,0.8706247820897232
366,12,13,96,False,0.9430225421095713,0.9837993976134096,0.9706758636837186,0.9852288382318691,0.9706758636837186,0.8478703201302225,0.8751544017937454,0.9176729675169756,0.9579524870874211,0.9176729675169756,0.7838499315386738,0.7286261165107002,0.8877757959473961,0.8269888801521323
367,12,13,96,False,0.953521891002815,0.9876613094333445,0.9762080429140593,0.9880324098500308,0.9762080429140593,0.8988334237655995,0.9091755070442794,0.9467217213641753,0.9729962596866317,0.9467217213641753,0.7472857597930906,0.7793372152094481,0.8619041968174206,0.8710674015665123
368,12,13,96,False,0.9494697717813763,0.9847322556959874,0.9740800144993013,0.9869549201961056,0.9740800144993013,0.8031334780249594,0.8287257007842348,0.8908197732590069,0.9438324921610862,0.8908197732590069,0.7561283217087119,0.7537794865940391,0.8605612548926831,0.8605321522997189
369,12,13,96,False,0.9523677098868739,0.9836387619412357,0.9756028078768594,0.9877260793746713,0.9756028078768594,0.8353635377102551,0.8700246000023232,0.910297628286143,0.9540951882732367,0.910297628286143,0.7474333826663104,0.7695799657291816,0.86101182217679,0.8610739012126455
370,12,13,96,False,0.9496647596154592,0.9873186760269298,0.9741826177365647,0.9870068985253166,0.9741826177365647,0.8476397178513293,0.8658078116699441,0.9175378832374016,0.9578819777182372,0.9175378832374016,0.7557586358308268,0.7571629726197063,0.8638586500711541,0.8616116093083748
371,12,13,96,False,0.9496523892758323,0.9806941279399982,0.9741761090330217,0.9870036013272807,0.9741761090330217,0.8021432447097123,0.85236675778454,0.8902103060502505,0.9435095686055603,0.8902103060502505,0.7628027243868573,0.7562134170603035,0.862345995154454,0.8677973231598088
372,12,13,96,False,0.954281547800726,0.9873715562348885,0.9766060052858179,0.9882337806844177,0.9766060052858179,0.8904232230059685,0.913749888691054,0.9420358490836813,0.9705853126251609,0.9420358490836813,0.7705215347521117,0.751358941291969,0.8691343790990873,0.8516083087277675
373,12,13,96,False,0.9437754137911425,0.9817397361129366,0.9710745460561223,0.9854311472934688,0.9710745460561223,0.8799647314161693,0.87808296307805,0.9361502550670678,0.967548580210352,0.9361502550670678,0.7534933459812545,0.7599931821162622,0.8600651808455161,0.854461845257345
374,12,13,96,False,0.9552004944801835,0.982694825750856,0.9770870017441731,0.9884771124027977,0.9770870017441731,0.8686516549104719,0.8890634311238117,0.9297095610386404,0.9642144787538924,0.9297095610386404,0.7570527240610808,0.7664373665584814,0.8597241492879707,0.8621031164409897
375,12,13,96,False,0.9413480288311867,0.9830895243331941,0.9697880182750511,0.9847781568835954,0.9697880182750511,0.8315518176885511,0.8640839038840435,0.9080298025506953,0.9529059778124468,0.9080298025506953,0.7764547359655399,0.741743181955687,0.8646588238933359,0.8633672230748167
376,12,13,96,False,0.9456662924870316,0.985543402804063,0.9720744982205983,0.98593838459642,0.9720744982205983,0.8479517091698318,0.8638843703657612,0.917720636272214,0.9579773673068764,0.917720636272214,0.7514943327312669,0.7569731561262173,0.8548823048635388,0.8669863537198745
377,12,13,96,False,0.9450155155803587,0.9850541303256134,0.9717305677105436,0.9857639513141793,0.9717305677105436,0.8740775908844275,0.8940135607569648,0.9328083267586876,0.9658200281412099,0.9328083267586876,0.7555410833549967,0.766110286859275,0.8544792319810952,0.8662508946969505
378,12,13,96,False,0.9403354077343684,0.9803372801645,0.9692503718543698,0.9845051405931661,0.9692503718543698,0.8717715680954964,0.8742761113383498,0.9314935464935102,0.9651391332308054,0.9314935464935102,0.764111133258166,0.7541633762443793,0.8623877482215597,0.8619032602904051
379,12,13,96,False,0.9548750296740938,0.9862174704847246,0.9769166981822724,0.9883909642354448,0.9769166981822724,0.8863130765056972,0.8950733377984619,0.9397306179391481,0.9693970383383416,0.9397306179391481,0.7591937344975209,0.7585096817870908,0.8742619755389935,0.8507604918560898
380,12,13,96,False,0.9542166468766,0.9841520938241449,0.9765720176437065,0.9882165843800166,0.9765720176437065,0.8662913727618015,0.8812750420202905,0.9283559742119304,0.963512311396139,0.9283559742119304,0.7475940801874996,0.7705184386004813,0.8509097076255051,0.8714560897425727
381,12,13,96,False,0.9538975464719037,0.985967432626741,0.9764048766981963,0.988132013800887,0.9764048766981963,0.9252306022788931,0.9261379785887024,0.961163406797813,0.9803894158944256,0.961163406797813,0.7594604966597526,0.7658965586617007,0.8718134804135886,0.8643334355701215
382,12,13,96,False,0.9560310241621514,0.9892551676277916,0.9775213300327472,0.9886967836666342,0.9775213300327472,0.8431497558328811,0.8642962058724801,0.9149009766185594,0.9565045617343179,0.9149009766185594,0.7373028223479257,0.7727088901906418,0.8362893983567544,0.8826783058243336
383,12,13,96,False,0.9421145093787188,0.9842217632084309,0.9701946047250329,0.98498457080557,0.9701946047250329,0.8860824742268042,0.9133057094989339,0.9396009838753758,0.9693301727870519,0.9396009838753758,0.7770699363326001,0.7560234567195704,0.8851486096020352,0.8453759288613533
384,12,13,96,False,0.9578318360536248,0.9812241458091183,0.9784618049569707,0.9891722827480411,0.9784618049569707,0.8766549104720565,0.8936653960479878,0.9342739632951925,0.9665784827396028,0.9342739632951925,0.7572107359008285,0.7657718878401221,0.8529163404952842,0.8699512335882595
385,12,13,96,False,0.9442522654729117,0.9867430810660136,0.9713269026262246,0.985559182711127,0.9713269026262246,0.863035811177428,0.8812977589362305,0.9264833300568649,0.9625400407551183,0.9264833300568649,0.7552163582938329,0.762318580837054,0.8663390682496573,0.8615021487983755
386,12,13,96,False,0.9562066323430729,0.9864291516660482,0.9776131176876376,0.9887432010828886,0.9776131176876376,0.8484671730873575,0.8736273598785866,0.918022440907323,0.9581348761564433,0.918022440907323,0.7671794635377098,0.7475789385306937,0.8704628774839467,0.8509541531140785
387,12,13,96,False,0.9446588573855141,0.9877228055517113,0.9715419789932261,0.9856682905487151,0.9715419789932261,0.8722056429734129,0.881308270066558,0.9317412819974061,0.9652674665590911,0.9317412819974061,0.7738836062022982,0.7486745727786785,0.8644555232698561,0.856541143590959
388,12,13,96,False,0.9408247704325011,0.9822891051059999,0.9695102667335022,0.9846371243932975,0.9695102667335022,0.8108383071079762,0.83299135695121,0.8955391587699914,0.9463293077834963,0.8955391587699914,0.7541970003495428,0.7515146749617236,0.8650668767935866,0.8549501828071226
389,12,13,96,False,0.9444387924687138,0.9847452938600456,0.9714255816400659,0.9856092438893144,0.9714255816400659,0.8422544763971785,0.8552793949240813,0.9143736516187937,0.9562288698940196,0.9143736516187937,0.7404463996106461,0.7580999960457944,0.850045442908415,0.8669709843445013
390,12,13,96,False,0.9513985919998514,0.9848722271975016,0.9750940642268576,0.9874685130305967,0.9750940642268576,0.8613537710255018,0.8711337312466538,0.9255132306750522,0.9620359820064176,0.9255132306750522,0.772745628122878,0.749983052572629,0.8714628723465524,0.8535655666217572
391,12,13,96,False,0.948562029524981,0.9848489175799452,0.9736020872337544,0.9867127683544763,0.9736020872337544,0.8195198046663048,0.8499300561649602,0.9008088865695008,0.9491095229579676,0.9008088865695008,0.7400519542177344,0.768157834500523,0.8531973198289101,0.868924400790087
392,12,13,96,False,0.9589313329393909,0.9837664985142138,0.9790351676089711,0.989462059711726,0.9790351676089711,0.8701573521432447,0.8914684269151014,0.9305712710708794,0.9646612208806153,0.9305712710708794,0.7635860382460867,0.7629504598559438,0.8650241629051942,0.8689250094556725
393,12,13,96,False,0.9494670298296815,0.9834282795795432,0.974078571528992,0.986954189174448,0.974078571528992,0.8029571351058057,0.842773026679392,0.8907112869976074,0.9437750192697449,0.8907112869976074,0.7616546148146086,0.753815315493021,0.8568386073364225,0.8594111929998317
394,12,13,96,False,0.9543584650474869,0.9873863825192162,0.9766462827732045,0.9882541589961585,0.9766462827732045,0.9048697775366251,0.9037579076404929,0.9500594614995692,0.9747099371092762,0.9500594614995692,0.7411388537368337,0.7744263685893698,0.8567087750277801,0.8712373001232285
395,12,13,96,False,0.9644349336195907,0.986618011672953,0.9818955233529274,0.9909064150326848,0.9818955233529274,0.8500678241996744,0.8652752012066371,0.9189585517681303,0.9586232585161547,0.9189585517681303,0.7710377479499476,0.7410738450008267,0.8689376855848581,0.8453198498005404
396,12,13,96,False,0.9518288030170213,0.9863064321648206,0.9753199681711232,0.9875828917975054,0.9753199681711232,0.8341155724362452,0.8718803008581669,0.9095561751632634,0.9537065456225323,0.9095561751632634,0.7804951344087262,0.7440348203723499,0.8767435474690651,0.8533872327403451
397,12,13,96,False,0.9442805304901106,0.9865392235945836,0.9713418569820047,0.9855667694184929,0.9713418569820047,0.8972327726532826,0.9129293649340465,0.9458330950065779,0.9725395081982932,0.9458330950065779,0.780287733007784,0.7456225606414408,0.8740440802400401,0.8474313019087021
398,12,13,96,False,0.94327874301489,0.9823111592817946,0.9708115692671501,0.9852977059077881,0.9708115692671501,0.825122083559414,0.8426914753541593,0.9041828938371436,0.9508853210756508,0.9041828938371436,0.7691841961025774,0.7406481892014958,0.8746981744449243,0.8462412380879426
399,12,13,96,False,0.9467788540019189,0.9853571027342316,0.9726619457116681,0.9862362524829779,0.9726619457116681,0.8680005425935975,0.8748176794990734,0.9293364994299574,0.9640210056995425,0.9293364994299574,0.7566952827886947,0.7651438539985458,0.8553377219042338,0.8673419906302345
400,12,13,96,False,0.9430357210828433,0.9840678411443422,0.9706828452513416,0.9852323813453056,0.9706828452513416,0.8317959848073794,0.8729360727612836,0.9081753554502371,0.9529823479216376,0.9081753554502371,0.7664734057276169,0.7547763978650904,0.8723785238838275,0.8503613371438838
401,12,13,96,False,0.9542061621913835,0.9842607403189078,0.976566526759252,0.9882138061974504,0.976566526759252,0.8325420510037982,0.8507180074951234,0.9086198600984493,0.9532155370630765,0.9086198600984493,0.784357543757368,0.7307832368331364,0.8858292018084799,0.8235669160857305
402,12,13,96,False,0.9517138235696917,0.9883583959281919,0.9752596021777451,0.9875523288300955,0.9752596021777451,0.8639717851329354,0.8878159216416862,0.9270223852356417,0.9628200170518069,0.9270223852356417,0.7529564613165305,0.7663023683477876,0.852912450461758,0.8710945317064058
403,12,13,96,False,0.9460511679861661,0.9768885126044013,0.9722777936668223,0.9860414766463033,0.9722777936668223,0.7918610960390667,0.8188221684012149,0.8838420542635659,0.9401287434514306,0.8838420542635659,0.7414488475131645,0.7668165186651993,0.8625756677797891,0.8573337358053814
404,12,13,96,False,0.9615718540404959,0.9892811955172532,0.980409513992389,0.9901563078587082,0.980409513992389,0.8231144872490505,0.8542187529479385,0.9029761904761905,0.9502505935153056,0.9029761904761905,0.7538426775275229,0.7603751859058682,0.8581573518276698,0.85923092338529
405,12,13,96,False,0.9465073610510815,0.9824433337976044,0.972518655711616,0.9861636049417034,0.972518655711616,0.8787438958220294,0.8908908602619824,0.9354589497548754,0.9671912684442904,0.9354589497548754,0.7439092970700361,0.7824054591074534,0.8573279256526175,0.8779907149926254
406,12,13,96,False,0.9488186439640417,0.9842029440160389,0.9737372401508579,0.9867812524317929,0.9737372401508579,0.859386869234943,0.8655899509019065,0.9243766140916586,0.9614450655610328,0.9243766140916586,0.7457071478704278,0.767609772152835,0.8605312064167523,0.8738694439150418
407,12,13,96,False,0.9620904837078715,0.9875632399928124,0.9806790172997075,0.9902923898019753,0.9806790172997075,0.8827455236028214,0.8861159269304444,0.9377215481714171,0.9683602367773148,0.9377215481714171,0.7581108871257328,0.7565818600011783,0.8670134841357936,0.868463177462657
408,12,13,96,False,0.9481420185457988,0.9838712090878959,0.973380800290468,0.9866006285678456,0.973380800290468,0.782569180683668,0.8067130141591407,0.8780239097183645,0.9370293003521099,0.8780239097183645,0.7276231865764813,0.7582848008040542,0.8451588840618253,0.8734607782759796
409,12,13,96,False,0.9520053178668102,0.9865981712487542,0.9754126273663848,0.9876298027937314,0.9754126273663848,0.8467715680954965,0.8640176316004832,0.917029028087907,0.9576163261389746,0.917029028087907,0.7502688503104736,0.7681524587402319,0.8603616436174584,0.8676230208129669
410,12,13,96,False,0.94396079566719,0.9834369015328797,0.9711726674438531,0.9854809320549298,0.9711726674438531,0.814989148128052,0.8389627024499824,0.8980650368831323,0.9476629342140234,0.8980650368831323,0.7638024486983644,0.7496823523365981,0.8804935043491364,0.8488167829371673
411,12,13,96,False,0.956692486151393,0.9860066243304143,0.9778669800415147,0.9888715690328622,0.9778669800415147,0.7835187194791101,0.806777364012492,0.8786212456552658,0.9373479853583011,0.8786212456552658,0.7346763410520871,0.7664679419248863,0.8390538364919652,0.8793412759834284
412,12,13,96,False,0.9358056092730599,0.9804387672913175,0.9668384106237575,0.9832794163531329,0.9668384106237575,0.8527536625067823,0.8615710445855995,0.9205256799795,0.959440295161455,0.9205256799795,0.7556305117245063,0.753608087050947,0.8527787952330333,0.8589024466464659
413,12,13,96,False,0.9516939668328419,0.9853435779622639,0.9752491763626508,0.9875470502019895,0.9752491763626508,0.8079354313619099,0.8439398239206086,0.893765803077708,0.9453918780472509,0.893765803077708,0.7491040466386227,0.7640793721346207,0.8639253922394998,0.857061466846398
414,12,13,96,False,0.9415128127076319,0.9802063036162311,0.9698754564432661,0.9848225507385917,0.9698754564432661,0.8006782419967445,0.8189850726507587,0.8893073990930048,0.943030964016031,0.8893073990930048,0.7883912583714925,0.723284123677143,0.8942893676313678,0.8376916477473105
415,12,13,96,False,0.9419118096789526,0.9844130187981069,0.9700871120760882,0.9849300036429433,0.9700871120760882,0.8875203472599023,0.8916473005693499,0.9404087733923592,0.9697467573507834,0.9404087733923592,0.7411181926466968,0.7783414471717314,0.8545421871248976,0.8713920910778572
416,12,13,96,False,0.9427095701176348,0.9854812927548031,0.9705100387810948,0.9851446791111926,0.9705100387810948,0.8857840477482366,0.8940516965868247,0.939433175082722,0.9692436097714144,0.939433175082722,0.7631532964689527,0.7597217038025998,0.8688164896321472,0.8561700286420932
417,12,13,96,False,0.9495999810134615,0.9797119267678249,0.9741485333004881,0.9869896318100247,0.9741485333004881,0.8966223548562127,0.9183799758790133,0.9454938170062723,0.9723650636495905,0.9454938170062723,0.7537319181778174,0.7744009671863452,0.8632414289224967,0.8779025408418542
418,12,13,96,False,0.9509635019202328,0.9882567921567749,0.9748654969549646,0.9873527722931478,0.9748654969549646,0.8613673358654368,0.8791084520517644,0.9255210610698149,0.9620400516973371,0.9255210610698149,0.7686001617755698,0.7467169608178,0.8716268699101019,0.8520152608261726
419,12,13,96,False,0.937633956428552,0.980508236069837,0.9678132996356025,0.9837750249094569,0.9678132996356025,0.8500949538795441,0.8533599904031377,0.9189744040941717,0.9586315267578944,0.9189744040941717,0.7685436987970191,0.7519012300879904,0.8709898398772026,0.8477122587901302
420,12,13,96,False,0.9479667244734593,0.9866233498137924,0.9732884166485927,0.9865538082885255,0.9732884166485927,0.8762750949538796,0.8885976672512637,0.9340582277199806,0.966466878749593,0.9340582277199806,0.7674589016407009,0.7549975687623087,0.8751148811520817,0.8538649882520613
421,12,13,96,False,0.9648213086844334,0.9883508765214346,0.9820957299475133,0.9910074318326343,0.9820957299475133,0.8717444384156267,0.8981386582438948,0.9314780592093344,0.9651311098546841,0.9314780592093344,0.7683484085172981,0.7520449782420102,0.8749626960001371,0.8606387814881474
422,12,13,96,False,0.9536667752132121,0.985858566965854,0.9762839674735568,0.9880708312026809,0.9762839674735568,0.8293136190992947,0.8513841690595838,0.9066937570908444,0.9522046823508297,0.9066937570908444,0.7582654993515886,0.7551366160117011,0.8647383791389791,0.851368904086648
423,12,13,96,False,0.9470469536961181,0.9857409349095805,0.9728034055864138,0.9863079669081122,0.9728034055864138,0.8065653825284861,0.8417243272700372,0.8929268658957801,0.9449480757670128,0.8929268658957801,0.7514856718569846,0.7489825380187598,0.8772823465612338,0.8456454136874579
424,12,13,96,False,0.9561483843673521,0.9788938419235417,0.9775826742065735,0.9887278059236392,0.9775826742065735,0.8133071079761258,0.8303092617070625,0.8970428719974266,0.9471234724139332,0.8970428719974266,0.7268567071097822,0.7897738182419152,0.8554578874618777,0.8688946031614077
425,12,13,96,False,0.951745000405345,0.9814756590252609,0.975275971202881,0.987560616470139,0.975275971202881,0.8033640803038523,0.85053424906047,0.8909616078950535,0.9439076267808485,0.8909616078950535,0.7529176351465549,0.7596145198192659,0.8636231069972874,0.8624138200441573
426,12,13,96,False,0.9424332344701387,0.9835870459279932,0.9703635808385638,0.9850703430915804,0.9703635808385638,0.8146500271296798,0.8399112554164423,0.8978591077622294,0.9475542769478852,0.8978591077622294,0.759854062119996,0.7533390893410853,0.861657103404064,0.8601087225657249
427,12,13,96,False,0.9570046359624877,0.9861116197085997,0.9780300142128348,0.9889540000489582,0.9780300142128348,0.7637954422137819,0.7936949502816475,0.8660816599629307,0.9306350842102025,0.8660816599629307,0.7222342217683988,0.7625343099374503,0.8460466300495623,0.8733221649019928
428,12,13,96,False,0.9539485732721655,0.9834050125541228,0.9764316075879547,0.9881455396792289,0.9764316075879547,0.8411285946825827,0.8756315226284515,0.9137097724861488,0.9558816728477164,0.9137097724861488,0.743512616978562,0.7685646498240902,0.8466453243844086,0.8716740033139905
429,12,13,96,False,0.9523341190529013,0.9855441648635226,0.9755851826375795,0.9877171572052292,0.9755851826375795,0.8770211611502985,0.8895457369077615,0.9344819113417261,0.9666860459020427,0.9344819113417261,0.7590790850346354,0.7678275135664521,0.8588549687406385,0.8742399222713503
430,12,13,96,False,0.9444939956876237,0.985470603738041,0.9714547823570173,0.9856240573144597,0.9714547823570173,0.8636597938144328,0.8833116613959016,0.926842760337436,0.9627267319117279,0.926842760337436,0.7569132460569113,0.7670942568681335,0.8482955548197015,0.8734268653710923
431,12,13,96,False,0.945158511626934,0.9814626140732878,0.9718061597318378,0.9858022924155927,0.9718061597318378,0.8241047205642974,0.8585216177248141,0.9035717207171701,0.950563896178037,0.9035717207171701,0.7463657348106334,0.7607774729359311,0.8510104352406208,0.8667672743933634
432,12,13,96,False,0.9399946417351638,0.980299748104202,0.9690693175259668,0.9844131843519605,0.9690693175259668,0.8259766684753119,0.8597299296810986,0.9046957529473817,0.951154957379386,0.9046957529473817,0.7653215529602886,0.7580599852544954,0.8585420457753888,0.8659079196870838
433,12,13,96,False,0.9466244790184423,0.9864594149206405,0.9725804737601618,0.9861949471378171,0.9725804737601618,0.8292322300596853,0.8648253421507974,0.9066451120125175,0.9521791386144298,0.9066451120125175,0.737626035326221,0.77366490739392,0.8456068123756837,0.8740487527764652
434,12,13,96,False,0.9540167125629094,0.9866191056476074,0.9764673008467885,0.9881636002437999,0.9764673008467885,0.886218122626153,0.8968650341007738,0.939677243045767,0.969369508002891,0.939677243045767,0.7433736671604998,0.778000484954628,0.8575323699354516,0.8617443384381243
435,12,13,96,False,0.9521172330001827,0.9805834361869601,0.9754713670929349,0.9876595400708358,0.9754713670929349,0.8312805208898534,0.8602509579556844,0.9078680315847172,0.952821091068369,0.9078680315847172,0.7460578202919148,0.773435790049904,0.8667876219982836,0.8626484127584035
436,12,13,96,False,0.957781252151301,0.9884922910936866,0.9784354111051442,0.9891589412754374,0.9784354111051442,0.8706999457406404,0.8986649802206413,0.930881457203353,0.9648219821310836,0.930881457203353,0.7724463342978071,0.7517760265089971,0.8681258311884834,0.8548174323973895
437,12,13,96,False,0.9414110720945824,0.9826432846916267,0.969821472254093,0.9847951422778715,0.969821472254093,0.8185973955507325,0.8487053975511949,0.9002513668538864,0.9488157707657933,0.9002513668538864,0.7687560679976375,0.7436012793280704,0.8763577788457806,0.8424169051421919
438,12,13,96,False,0.9441245298011283,0.9833592085677914,0.9712593152638286,0.9855248932745578,0.9712593152638286,0.8518990775908845,0.8754629235825,0.9200275413486472,0.9591806614755362,0.9200275413486472,0.7362892809076986,0.7770700973508956,0.8518205772586191,0.8750674027632048
439,12,13,96,False,0.948800472166143,0.9797113260646539,0.9737276706542731,0.9867764035759434,0.9737276706542731,0.8433939229517092,0.863540054245563,0.9150447036314803,0.9565796901625501,0.9150447036314803,0.7437192606303595,0.7688862822070902,0.8546061891860196,0.8584024882674121
440,12,13,96,False,0.9502150115501854,0.9896545744243768,0.9744720514635761,0.9871535095736509,0.9744720514635761,0.8850244167118828,0.907781726618607,0.939005785671109,0.9690231089458646,0.939005785671109,0.7536928348050672,0.7702008976899444,0.8476152367535223,0.8742861406954768
441,12,13,96,False,0.9450170074576523,0.9835363547723994,0.9717313564192344,0.9857643513635672,0.9717313564192344,0.8509766684753121,0.857902400170843,0.9194893517229249,0.9589000738986961,0.9194893517229249,0.7482152501296244,0.7643333337126386,0.8633371654185746,0.850722681728232
442,12,13,96,False,0.9522795333438564,0.9873706606375191,0.9755565400133,0.987702657692739,0.9755565400133,0.8875746066196419,0.9028268441181359,0.9404392319190525,0.9697624615951334,0.9404392319190525,0.7676484842955867,0.7554250847550774,0.8737969439602651,0.8601446750132463
443,12,13,96,False,0.9431210831329774,0.9851308655649602,0.9707280635464495,0.9852553291134484,0.9707280635464495,0.806823114487249,0.83427632883403,0.8930847829187906,0.9450316306445994,0.8930847829187906,0.7471273429591259,0.7606045750303166,0.8585904489796011,0.8563202409328874
444,12,13,96,False,0.950330317294518,0.9869886991640356,0.9745326818411031,0.9871842187966251,0.9745326818411031,0.8768719479110147,0.9100444507631956,0.934397201564002,0.9666422303851627,0.934397201564002,0.7472822513489279,0.7884493795656533,0.8604081745169866,0.8622733779601991
445,12,13,96,False,0.965197397029121,0.9857779672892739,0.9822905307001263,0.9911057111631061,0.9822905307001263,0.8861502984264785,0.9022011402627069,0.9396391148316756,0.9693498413017231,0.9396391148316756,0.7517063431842682,0.7756532049113584,0.8532225520514416,0.8738147246000432
446,12,13,96,False,0.9416041808733993,0.9808681381360181,0.9699239321269219,0.984847161810868,0.9699239321269219,0.823290830168204,0.8412301056327924,0.9030822911474337,0.9503064196076093,0.9030822911474337,0.7550103649475893,0.7508253334868025,0.871477309132706,0.8451435026951267
447,12,13,96,False,0.9619117710446359,0.9844336167193746,0.9805861662499309,0.990245508068545,0.9805861662499309,0.8617471513836136,0.8911413034067937,0.9257402657962229,0.962153971979653,0.9257402657962229,0.7797838018628548,0.7455787929067621,0.8716315669542485,0.8575478672733006
448,12,13,96,False,0.9515376372019141,0.9854899409644049,0.9751670878007915,0.9875054874788248,0.9751670878007915,0.839772110689094,0.8795326626687895,0.9129088388828267,0.9554626308144274,0.9129088388828267,0.759300465721601,0.7643729859419739,0.8582755406066402,0.8531876437343822
449,12,13,96,False,0.9511330724421979,0.9845869421469637,0.9749545901056168,0.9873978884449859,0.9749545901056168,0.8878594682582746,0.9018744273446301,0.9405991104596437,0.9698448898971648,0.9405991104596437,0.7631383410382359,0.7608759091598734,0.8735646222000443,0.8515084514379361
450,12,13,96,False,0.9481437771569717,0.9836797605770334,0.9733817270311,0.9866010982312456,0.9733817270311,0.8589934888768312,0.8658773367886158,0.9241490021525776,0.9613266885677197,0.9241490021525776,0.791874306880933,0.7289788965508732,0.8832458390101686,0.8414491466368723
451,12,13,96,False,0.9467918783431419,0.9821549961952545,0.9726688187634407,0.9862397369622868,0.9726688187634407,0.8674036896364623,0.8621516029209085,0.9289942977517888,0.9638435027284195,0.9289942977517888,0.7631868577132211,0.7404900337243598,0.8627521474377154,0.8533029476109989
452,12,13,96,False,0.951306199877632,0.9856804435984283,0.9750455361001663,0.9874439407379876,0.9750455361001663,0.8094953879544221,0.8303177183791751,0.8947194818435336,0.9458961263497877,0.8947194818435336,0.7528749308635636,0.7521719746484798,0.8523194733692686,0.872954183701372
453,12,13,96,False,0.96210469202748,0.987346045737028,0.9806863985767437,0.9902961166119676,0.9806863985767437,0.8791372761801411,0.9035829200307337,0.9356818017757887,0.9673064673493033,0.9356818017757887,0.7505496106830669,0.7734306758415759,0.8557572637442703,0.8726642567783868
454,12,13,96,False,0.9408249709681786,0.9778252706698922,0.9695103732088206,0.9846371784615999,0.9695103732088206,0.7917525773195876,0.796655156475192,0.8837744533947066,0.9400927897791296,0.8837744533947066,0.7384467158974981,0.7599282407579466,0.8398281317729639,0.8643963186064738
455,12,13,96,False,0.9515505456863728,0.9846640102184558,0.9751738665336044,0.987508919723566,0.9751738665336044,0.8084102007596311,0.845315448757335,0.8940562273095504,0.9455454654904493,0.8940562273095504,0.7568218578266314,0.7580261164851252,0.8617415257349644,0.8496791872619401
456,12,13,96,False,0.9521622941479693,0.9837129601452805,0.9754950159648946,0.9876715121764394,0.9754950159648946,0.8005154639175257,0.8093714754017527,0.8892069853993702,0.9429777226421471,0.8892069853993702,0.7210964523571461,0.7788863534076471,0.8342421900142195,0.8856468482481707
457,12,13,96,False,0.9528783384159164,0.9850713905851589,0.9758706619572081,0.987861661345964,0.9758706619572081,0.8727075420510038,0.8805477296565632,0.9320275830097932,0.965415756557657,0.9320275830097932,0.74972564655938,0.768596728304062,0.8534260281006444,0.8739148128052089
458,12,13,96,False,0.9503030179762787,0.9843325106534868,0.9745183278876894,0.9871769486205041,0.9745183278876894,0.9013429191535539,0.9140216545490116,0.9481118950965634,0.9737103753665991,0.9481118950965634,0.75537813690555,0.7659523584902198,0.8639855126504823,0.8618392942497787
459,12,13,96,False,0.9482708920420656,0.9858513018971744,0.9734487087143643,0.9866350433237024,0.9734487087143643,0.8790016277807922,0.8861782319965289,0.935604966791799,0.9672667505873439,0.935604966791799,0.759736302941578,0.7568733078633081,0.8607812152056291,0.8609043343879377
460,12,13,96,False,0.9456734438283015,0.9775102455941418,0.9720782763705683,0.9859403006118415,0.9720782763705683,0.8414948453608248,0.8174508675831296,0.913925822253324,0.9559946768959146,0.913925822253324,0.7669997528971901,0.7366870343667833,0.8854583873002639,0.8436823865498514
461,12,13,96,False,0.9625089024273588,0.9891669564857692,0.9808963426732639,0.9904021116058184,0.9808963426732639,0.8986163863266413,0.9133623061651257,0.9466013174628123,0.9729343849730115,0.9466013174628123,0.7486200428104254,0.7815752960531074,0.8584092404513805,0.8714628723465524
462,12,13,96,False,0.9458049725179113,0.9819391377116242,0.9721477597973452,0.9859755371191241,0.9721477597973452,0.847436245252306,0.8786535831065301,0.9174186632205766,0.9578197446391344,0.9174186632205766,0.7479769001322707,0.7677155993690978,0.8407908574713254,0.8795439365715985
463,12,13,96,False,0.9555975324858001,0.9850682218074995,0.9772946801289123,0.988582156489238,0.9772946801289123,0.884386869234943,0.8857901573480971,0.9386468178840602,0.9688378697615304,0.9386468178840602,0.772257258180233,0.743005663654561,0.8685849937662402,0.8559665758597593
464,12,13,96,False,0.9412546717001525,0.9837043949212302,0.9697384742165754,0.9847530016286192,0.9697384742165754,0.87011665762344,0.8952404196728971,0.9305479998549305,0.9646491589458472,0.9305479998549305,0.7681334202064248,0.7607087391742638,0.8656734643925604,0.8659940654063933
465,12,13,96,False,0.9457555729496563,0.984291028269042,0.9721216643012811,0.9859623036918203,0.9721216643012811,0.8693434617471514,0.8927486065469565,0.9301056542435853,0.964419853717034,0.9301056542435853,0.756620673047931,0.7641904553568435,0.8615660089228663,0.8632830519468954
466,12,13,96,False,0.9452336784614385,0.9856665794372371,0.9718458907302703,0.9858224438154521,0.9718458907302703,0.8655588714053174,0.8893214960402163,0.9279351991216398,0.9632939318409723,0.9279351991216398,0.7565134244750035,0.759212521574338,0.8459759357253603,0.8618431540026598
467,12,13,96,False,0.9554313581248075,0.9826882103436433,0.9772077696872303,0.988538198395606,0.9772077696872303,0.843298969072165,0.8637198559165129,0.9149888143176733,0.9565504766177649,0.9149888143176733,0.749151009483844,0.7618663265489297,0.8555557440822985,0.8705354115750948
468,12,13,96,False,0.9502865669835705,0.9847448678101622,0.9745096777786255,0.987172567375444,0.9745096777786255,0.8171866521975041,0.8387680021664474,0.8993975948582819,0.9483657495177068,0.8993975948582819,0.7506088823015009,0.756354332213504,0.8684531803997652,0.8353262751242592
469,12,13,96,False,0.9386289179344914,0.9841939048109382,0.9683430482761516,0.9840442308535484,0.9683430482761516,0.8587086272381986,0.8742506152044306,0.9239841195702942,0.9612409269118197,0.9239841195702942,0.7551582991231885,0.7613947599194906,0.8511857731581229,0.8639099813771327
470,12,13,96,False,0.9429439614525238,0.9759268491161036,0.970634233575722,0.9852077108791435,0.970634233575722,0.8342783505154638,0.8619572638370141,0.9096529436560348,0.9537572771182586,0.9096529436560348,0.7481035729647427,0.7624823157767695,0.859669827396339,0.8634458344424109
471,12,13,96,False,0.9461079064124077,0.9838527234546915,0.9723077567230376,0.9860566701376943,0.9723077567230376,0.8283912099837222,0.8599081983141128,0.9061421926121567,0.9519150133347812,0.9061421926121567,0.7555246664348207,0.7597552149654845,0.8381563467249045,0.8737299747137928
472,12,13,96,False,0.9496961352416725,0.983108988286236,0.9741991257770576,0.9870152611672515,0.9741991257770576,0.8738198589256647,0.8823229029625793,0.9326615413571936,0.9657440351134423,0.9326615413571936,0.7550517256985977,0.7644008598207769,0.8677634102549218,0.8516896991474485
473,12,13,96,False,0.9533106788214228,0.9858362799745344,0.9760973399240574,0.9879763863190544,0.9760973399240574,0.8953472599023332,0.9089850846901727,0.9447843979244946,0.9720002046936486,0.9447843979244946,0.7631982878909415,0.7567227302015306,0.868797308982485,0.85687349118597
474,12,13,96,False,0.9484725577806574,0.9844701906730846,0.9735549561559989,0.9866888851892469,0.9735549561559989,0.8111231687466087,0.8563032948324651,0.8957128733634919,0.9464210867069118,0.8957128733634919,0.7371919851169502,0.7665562004671286,0.848948530623476,0.8738296046903363
475,12,13,96,False,0.9412075912799479,0.982665901202208,0.9697134871179404,0.9847403145590925,0.9697134871179404,0.8502577319587629,0.864955483572664,0.9190695082880623,0.958681129619261,0.9190695082880623,0.7960292446324481,0.7241361005325722,0.8831847964024229,0.84806967122017
476,12,13,96,False,0.9468440116448329,0.9853735946723824,0.9726963290139218,0.9862536839038533,0.9726963290139218,0.8483450895279435,0.8818288378525037,0.9179509760751505,0.9580975817082259,0.9179509760751505,0.7598904886819483,0.7637266419772706,0.8602444453639381,0.8673408484363969
477,12,13,96,False,0.9476995181030714,0.9855630220825451,0.9731475613097313,0.9864824181452659,0.9731475613097313,0.8866657623440044,0.8821725635962006,0.9399288205054463,0.9694992627668401,0.9399288205054463,0.7738556423775854,0.751857770741239,0.880105535967245,0.8466784456329955
478,12,13,96,False,0.9481916066620434,0.9853173059457984,0.9734069312480393,0.9866138714046339,0.9734069312480393,0.8749864351600651,0.8993972123250886,0.933325616390786,0.9660877891738339,0.933325616390786,0.7414722827195448,0.7823719584298525,0.8553561497823012,0.8642867074341187
479,12,13,96,False,0.9506335296091928,0.9839268187586682,0.9746920835505695,0.9872649510392686,0.9746920835505695,0.7985621269669018,0.8193329129897089,0.8880006033637529,0.9423378392931873,0.8880006033637529,0.7602395366930313,0.7472127106353794,0.8547514650501618,0.8542098361484701
480,12,13,96,False,0.9474947943327019,0.9842340227390194,0.9730396169375699,0.9864277048712541,0.9730396169375699,0.8317688551275094,0.8547197398326712,0.9081591848220499,0.9529738636615644,0.9081591848220499,0.7405480950826157,0.7776200789628523,0.8455561927627188,0.8714133108501567
481,12,13,96,False,0.9489162984295026,0.9771366867494918,0.9737886631603101,0.9868073080193063,0.9737886631603101,0.8075827455236028,0.8243772641265106,0.8935499606018535,0.9452777161246602,0.8935499606018535,0.7611930522205761,0.7489909840633917,0.8525917762989135,0.8482267003933148
482,12,13,96,False,0.9550035948508402,0.9881370056725725,0.976983978306908,0.9884249988273809,0.976983978306908,0.815857297883885,0.8473955258719046,0.8985918649385575,0.9479408551901102,0.8985918649385575,0.7450798449333744,0.756516643769242,0.8544559863771652,0.8697108945718282
483,12,13,96,False,0.9321902268947436,0.983361536111657,0.9649052292256779,0.982295896980985,0.9649052292256779,0.870618556701031,0.8869043447738559,0.930834940755029,0.9647978755962459,0.930834940755029,0.7605002781579245,0.7537156673506322,0.8554782349977929,0.8674378463680041
484,12,13,96,False,0.9609415802653335,0.9841874623586142,0.9800818034929007,0.989990809802243,0.9800818034929007,0.8869641888225719,0.905352160157757,0.9400964724995866,0.9695857220996948,0.9400964724995866,0.7633242726528148,0.7624996530820995,0.8675637731809474,0.8708931336122481
485,12,13,96,False,0.9617557687050589,0.9833514396818612,0.9805051006322841,0.9902045751420684,0.9805051006322841,0.8712018448182312,0.8886827640653001,0.9311682192178042,0.9649705794571171,0.9311682192178042,0.7428730546345821,0.7765216691241753,0.851330224793857,0.873515038923799
486,12,13,96,False,0.9435823003119981,0.9820961156844246,0.9709723124773542,0.9853792734157514,0.9709723124773542,0.8868421052631579,0.89256109295345,0.9400278940027894,0.9695503566101089,0.9400278940027894,0.7446350865368215,0.7761985920926494,0.85975603553138,0.8670783695761993
487,12,13,96,False,0.9655641357450498,0.9895290522645842,0.9824804168794536,0.991201501653147,0.9824804168794536,0.8625203472599022,0.8858156103454802,0.9261862277411602,0.9623856959354499,0.9261862277411602,0.7652228914005508,0.7555166826826322,0.8692496821936354,0.8664369627975094
488,12,13,96,False,0.9575069860820966,0.9867049896036244,0.9782922798130329,0.9890865886326803,0.9782922798130329,0.8960255018990776,0.9066606688482798,0.9451618672867107,0.9721943567449416,0.9451618672867107,0.7440005906394724,0.7820869448690915,0.8503574384591158,0.8661674738652828
489,12,13,96,False,0.9725524244340374,0.9864159003314384,0.9860852491290122,0.9930182521630769,0.9860852491290122,0.8743081931633206,0.8753522944299728,0.9329396268473085,0.9658879991216934,0.9329396268473085,0.76339683537779,0.7537989208878676,0.876723665296721,0.8527098666326207
490,12,13,96,False,0.9586459027718159,0.987516411301242,0.9788863841240211,0.9893868728278241,0.9788863841240211,0.8762750949538796,0.8857039841484426,0.9340582277199806,0.966466878749593,0.9340582277199806,0.7401994526734292,0.7810155067931634,0.8602066670447343,0.8605486355773171
491,12,13,96,False,0.949400401737602,0.9855126285723093,0.9740435068048123,0.9869364249052784,0.9740435068048123,0.8503391209983722,0.864836258669716,0.9191170541101262,0.9587059268149573,0.9191170541101262,0.7613826921719817,0.7529372409014347,0.8586185735908753,0.8620262824469421
492,12,13,96,False,0.957126287961202,0.9845911349694061,0.9780935383155775,0.9889861163411636,0.9780935383155775,0.859508952794357,0.876639064721561,0.9244472326984381,0.9614817901023597,0.9244472326984381,0.7683229915316026,0.7506546953340478,0.8458749762308923,0.8743840611685151
493,12,13,96,False,0.9518636963774881,0.9806068956519132,0.9753382863199673,0.9875921659875433,0.9753382863199673,0.8216359196961475,0.8506986122274958,0.9020857689644131,0.9497819586433578,0.9020857689644131,0.7601609693424296,0.7505235601345779,0.8612763419378273,0.8689046619887615
494,12,13,96,False,0.9483492445750025,0.9872702673103273,0.9734899912996532,0.9866559640014615,0.9734899912996532,0.8606077048290829,0.8722376697415326,0.9250823831326003,0.9618120310812297,0.9250823831326003,0.7745435533162347,0.7412438511672461,0.8679058444554482,0.8510065387434298
495,12,13,96,False,0.9539824870479557,0.9878161292117889,0.9764493728797096,0.9881545288464297,0.9764493728797096,0.8993217580032556,0.9203905238072514,0.9469925295319174,0.9731354117140725,0.9469925295319174,0.7593366097742513,0.7641133132956077,0.8737719210095636,0.8605205596828426
496,12,13,96,False,0.9501612570056069,0.9795074324791807,0.9744437836536048,0.9871391916308484,0.9744437836536048,0.7918746608790016,0.829810834988298,0.8838505037964526,0.9401332372575988,0.8838505037964526,0.7380798058392419,0.7739848650599014,0.854145965989327,0.8787753415141487
497,12,13,96,False,0.9559011056973988,0.9816645536968001,0.9774534130717836,0.9886624363612605,0.9774534130717836,0.8703065653825286,0.8892991372119305,0.9306565901986525,0.9647054421939645,0.9306565901986525,0.7406796013129155,0.78046366429869,0.8574771429401735,0.8642239924678964
498,12,13,96,False,0.9570153931170534,0.9864706087767119,0.9780356316899059,0.9889568401552749,0.9780356316899059,0.9076912642430819,0.9219778854744048,0.9516123297898815,0.9755061915692189,0.9516123297898815,0.7438986077977274,0.7866257002487256,0.8558522507810172,0.8824213651120191
499,12,13,96,False,0.9326781226844018,0.9771559056671423,0.9651665341862041,0.982428895231713,0.9651665341862041,0.8267498643516006,0.861455033949519,0.9051593548578727,0.951398630889215,0.9051593548578727,0.7433164321308301,0.775246990843816,0.8494272131549462,0.872172087890264
500,12,13,96,False,0.9445094474813414,0.9851988140595187,0.9714629555590313,0.9856282035123748,0.9714629555590313,0.8517091698317959,0.8909784869203572,0.9199167814340552,0.9591229230052085,0.9199167814340552,0.7849203921798967,0.750194680871563,0.8561884263193734,0.8616299733561771
501,12,13,96,False,0.946377034351774,0.9844537622750524,0.9724498569897663,0.9861287223226826,0.9724498569897663,0.805371676614216,0.8351649373933909,0.8921948727196226,0.944560677097889,0.8921948727196226,0.7598614889584322,0.7546062464264305,0.8534791226933706,0.8661606913533112
502,12,13,96,False,0.946795269771646,0.9842690957996637,0.9726706084330096,0.9862406442816122,0.9726706084330096,0.8462967986977754,0.8684978547082702,0.9167505455186652,0.957470911056135,0.9167505455186652,0.761084675182113,0.752658761062328,0.8576176465720612,0.8604585705422082
503,12,13,96,False,0.9532016780843053,0.9857698190358608,0.9760401998212523,0.9879474681486118,0.9760401998212523,0.8221513836136735,0.8391940649257744,0.902396355217414,0.9499454485481859,0.902396355217414,0.7697400545607427,0.7390340332033944,0.8685997224108427,0.8518572532293819
504,12,13,96,False,0.9487465578690811,0.9855429318510855,0.9736992776592953,0.9867620167291075,0.9736992776592953,0.8772788931090613,0.9118439865055906,0.9346281965128294,0.966761706167983,0.9346281965128294,0.750796686903958,0.7790780116391993,0.8566293174426967,0.8722513871039496
505,12,13,96,False,0.9545869211098,0.9849692861190801,0.976765894420078,0.9883146737856714,0.976765894420078,0.8644736842105263,0.8847080751735572,0.9273112208892025,0.9629699999943936,0.9273112208892025,0.7673619028729685,0.7488144757600601,0.8578782803921927,0.8564384472612979
506,12,13,96,False,0.9562141577068165,0.9796282170195102,0.9776170507095645,0.9887451899804947,0.9776170507095645,0.8445469343461748,0.8451282015653625,0.9157229004265333,0.9569341149873032,0.9157229004265333,0.7593880431400557,0.752382444882133,0.867762513503144,0.8490823262084254
507,12,13,96,False,0.9425920399359722,0.9824332441635,0.9704477528560654,0.9851130660264665,0.9704477528560654,0.8707948996201845,0.8786613545855315,0.9309357212775985,0.9648501030095807,0.9309357212775985,0.7621761676515005,0.7581188467282617,0.8618470137392733,0.8594866995731016
508,12,13,96,False,0.940689290487585,0.9835363310692158,0.9694383280192608,0.98460059314387,0.9694383280192608,0.8021703743895822,0.8500915869744528,0.8902270127054855,0.9435184220276176,0.8902270127054855,0.767851949097803,0.7542902021577088,0.850263173426047,0.866307186715829
509,12,13,96,False,0.9560516704082869,0.9825693906635466,0.9775321223582301,0.9887022415056164,0.9775321223582301,0.8095496473141617,0.8335198470758949,0.8947526236881559,0.9459136449423678,0.8947526236881559,0.7470812736821939,0.7547147761200697,0.8580788470924111,0.8623479860979275
510,12,13,96,False,0.9425309965001762,0.982993739290126,0.9704153994951099,0.9850966447486814,0.9704153994951099,0.8600515463917525,0.8827014859044556,0.924760981017043,0.9616449350030618,0.924760981017043,0.760646173266608,0.7586341028910195,0.8631221259899637,0.8706371492546712
511,12,13,96,False,0.9458222972705826,0.9783209299118828,0.9721569113451868,0.9859801779676844,0.9721569113451868,0.8419153553988064,0.8612451510003775,0.9141737734376151,0.9561243504051212,0.9141737734376151,0.7519188998681491,0.7580238495307501,0.876652400867874,0.8455754934343443
512,12,13,96,False,0.9626142869655855,0.9865286805962978,0.980951064464013,0.9904297372676232,0.980951064464013,0.8890260444926749,0.9086792162205999,0.9412533480780416,0.9701821210876036,0.9412533480780416,0.7428615279045181,0.7835963718705893,0.8351250347793469,0.8802471565947927
513,12,13,96,False,0.9545520831621883,0.9867807289145163,0.976747656289474,0.9883054468581431,0.976747656289474,0.8393380358111775,0.8696985289771189,0.9126522906280422,0.9553283679594374,0.9126522906280422,0.7684014813511078,0.7414077490911664,0.8687159177347272,0.8481617512300919
514,12,13,96,False,0.9541970754289582,0.9842104994213,0.9765617679266111,0.9882113983994574,0.9765617679266111,0.8843054801953337,0.8965242013360742,0.9386009747248238,0.9688142106331966,0.9386009747248238,0.742112935341489,0.7751304852899689,0.8594043559366394,0.8678233032165369
515,12,13,96,False,0.9517365811021017,0.985727078492835,0.9752715507998292,0.9875583784262221,0.9752715507998292,0.8479924036896365,0.87838682476769,0.9177444690752675,0.9579898063524828,0.9177444690752675,0.7749384053012843,0.7500499156905462,0.8860492485701261,0.8471926428329455
516,12,13,96,False,0.9456905852238984,0.9850093831626442,0.9720873322878046,0.9859448931293293,0.9720873322878046,0.8325420510037982,0.849754369166513,0.9086198600984493,0.9532155370630765,0.9086198600984493,0.7587139920757388,0.7513100703262345,0.8531992178732111,0.8613557517647861
517,12,13,96,False,0.9550233329884268,0.9893379608310913,0.9769943067928389,0.9884302235326674,0.9769943067928389,0.880141074335323,0.9033878604890229,0.9362500360739952,0.9676001426591436,0.9362500360739952,0.7486042968515354,0.7814438676419206,0.8532700297962555,0.878383282678827
518,12,13,96,False,0.9472568619281058,0.9854137182032086,0.9729141341837821,0.9863640981827057,0.9729141341837821,0.7692485078676071,0.8156497576814847,0.8695765512271043,0.9325108853129299,0.8695765512271043,0.765325315009123,0.7440630250202627,0.8602221281440121,0.8522118378667423
519,12,13,96,False,0.9484957727481527,0.9820463089234945,0.9735671855324551,0.9866950823493827,0.9735671855324551,0.8544357026587086,0.8803692439559777,0.9215048021710348,0.9599504165169339,0.9215048021710348,0.7825334494637062,0.7365921881344714,0.8802433592534293,0.8530433131999319
520,12,13,96,False,0.9460589638248732,0.9861495692794525,0.9722819106831643,0.986043564292757,0.9722819106831643,0.872436245252306,0.8856188906577098,0.9318728447651338,0.9653356125022705,0.9318728447651338,0.7642384388409542,0.7512941126403739,0.8668061630986236,0.8489086649188247
521,12,13,96,False,0.9500956373981808,0.9827610437251386,0.9744092742710806,0.9871217119844343,0.9744092742710806,0.8395686380900705,0.8631022486876958,0.912788596963418,0.9553997053398217,0.912788596963418,0.7654689703617028,0.7490493471501183,0.8649913526186908,0.854812564187349
522,12,13,96,False,0.9598799450651236,0.9839496449358265,0.979529330336842,0.989711741032126,0.979529330336842,0.8263836136733586,0.8594156223549363,0.9049398028832226,0.9512832400937287,0.9049398028832226,0.7514083292519187,0.7628681456015769,0.8553134922706125,0.8612792628404797
523,12,13,96,False,0.9483023520330133,0.9839172337470272,0.9734652848347478,0.9866434436181836,0.9734652848347478,0.8538795442213781,0.8799701202811279,0.9211812567682266,0.9597818797873956,0.9211812567682266,0.77349254281012,0.7483699272553801,0.8685997224108427,0.8545236897602776
524,12,13,96,False,0.9587913113276663,0.9888457792953286,0.9789621852853725,0.9894251792254797,0.9789621852853725,0.852685838307108,0.8816727651165435,0.9204861619563627,0.9594197006296893,0.9204861619563627,0.7681932052703252,0.7498426486744367,0.8758474048661823,0.850810854981911
525,12,13,96,False,0.9483219382713125,0.9851537656692826,0.9734756044606571,0.9866486732675704,0.9734756044606571,0.8512886597938145,0.8640637622253047,0.919671446470834,0.9589950190020978,0.919671446470834,0.7656165331061284,0.7490191145459681,0.8579625807425069,0.8669214677573248
526,12,13,96,False,0.9598836085918361,0.9873402796522612,0.979531237859075,0.9897127047073181,0.979531237859075,0.9066739012479653,0.9238285200498981,0.9510529311326125,0.9752194271714507,0.9510529311326125,0.7518636001212599,0.7733809024263452,0.8565614914028985,0.8622161934261979
527,12,13,96,False,0.9573263789600688,0.9893486037156086,0.9781980044316351,0.9890389296845878,0.9781980044316351,0.9380493760173629,0.9402982726201361,0.9680345481651537,0.9838874672263864,0.9680345481651537,0.7672017736514364,0.7649874353950493,0.8597240874921132,0.8716790455041452
528,12,13,96,False,0.9436324050300486,0.9810462809663291,0.9709988396859025,0.9853927337289953,0.9709988396859025,0.8592512208355941,0.8764515712005687,0.9242981380960719,0.9614042532130134,0.9242981380960719,0.7755855948229593,0.7482188516360815,0.8549375496265641,0.8594082239472015
529,12,13,96,False,0.958267765154847,0.9858938640088011,0.9786892091123948,0.9892872227580799,0.9786892091123948,0.8205507325013566,0.8422016047677972,0.9014313282815866,0.9494373745969698,0.9014313282815866,0.7395409817804721,0.7620826659459036,0.8513834771943805,0.8597959066459677
530,12,13,96,False,0.9518019988727593,0.9872442491133089,0.9753058962153554,0.9875757673289455,0.9753058962153554,0.9177292457948996,0.92755830056802,0.9570999115826702,0.9783148325476161,0.9570999115826702,0.7589764615517014,0.7598464859919226,0.8551342444749103,0.8624225942356561
531,12,13,96,False,0.9508454691391665,0.9864840336816338,0.9748034728334872,0.9873213624922167,0.9748034728334872,0.8378323385784048,0.8655021645071603,0.9117614496069676,0.9548620055311487,0.9117614496069676,0.76864478049842,0.7468957947100212,0.8634786708124988,0.8611620759614935
532,12,13,96,False,0.9516280553899709,0.9877903220367582,0.9752145679211588,0.9875295276198879,0.9752145679211588,0.8612588171459576,0.8810176136743315,0.9254584147159141,0.9620074920269146,0.9254584147159141,0.7602960062890239,0.7545164886720711,0.8706200747879913,0.8486094015746036
533,12,13,96,False,0.9490796007276001,0.9846608500668195,0.9738746435736175,0.9868508720032716,0.9738746435736175,0.8988605534454693,0.9116289690484131,0.9467367699165619,0.9730039927546864,0.9467367699165619,0.7437275226889637,0.7769890381453114,0.8622733779601991,0.857269786168566
534,12,13,96,False,0.9471731399518881,0.9833942856287906,0.9728699729036848,0.9863417120367995,0.9728699729036848,0.9393109061313076,0.9402565636381391,0.9687058461452374,0.9842285538152393,0.9687058461452374,0.7747483884151015,0.7545963954313777,0.8699373960143095,0.8652567897050216
535,12,13,96,False,0.9427815647573508,0.9838751121656352,0.9705481891116279,0.985164041726873,0.9705481891116279,0.8572300596852958,0.8753394449794358,0.9231274878574298,0.9607952372162498,0.9231274878574298,0.7647149242981126,0.7537017365070963,0.854565493976179,0.8576379823191388
536,12,13,96,False,0.9461853602262736,0.9860376158055826,0.9723486565701689,0.9860774090152197,0.9723486565701689,0.8270075963103636,0.8408859776338627,0.905313801628962,0.9514797957019172,0.905313801628962,0.7443879311361264,0.7625357251738311,0.8468845493210893,0.8635998305607757
537,12,13,96,False,0.9478103687479683,0.9830202489420481,0.9732059998809953,0.9865120373725783,0.9732059998809953,0.859278350515464,0.8786991391870496,0.9243138342112559,0.9614124162976344,0.9243138342112559,0.7611846252204434,0.761109986415309,0.8640097128018805,0.8569044981100247
538,12,13,96,False,0.9423095836482136,0.9795069945357301,0.970298032385019,0.9850370715790442,0.970298032385019,0.8025908844275639,0.8328544553734604,0.8904859015554569,0.9436556053748936,0.8904859015554569,0.764377106888397,0.7452332861900663,0.8609808292774719,0.8533339665487294
539,12,13,96,False,0.9407972381727573,0.9831634643312187,0.9694956481476747,0.9846297010286023,0.9694956481476747,0.8069316332067282,0.8388846672351886,0.8931512608196266,0.9450668023053326,0.8931512608196266,0.7625182112043544,0.755752982564428,0.8479408017445534,0.8651772271174062
540,12,13,96,False,0.9525346934899682,0.9837847086656228,0.9756904158126932,0.9877704266744846,0.9756904158126932,0.8793000542593598,0.8806158261073195,0.9357739891152141,0.9673541177434529,0.9357739891152141,0.7674408985502627,0.7535047141672352,0.8655018755564508,0.8649660534764004
541,12,13,96,False,0.9455168858870023,0.9840697357059894,0.971995558348414,0.985898350920831,0.971995558348414,0.8694519804666305,0.8832423566094806,0.9301677599117665,0.9644520516395652,0.9301677599117665,0.7648040090640382,0.7594224249769898,0.868139396396443,0.8599450610296662
542,12,13,96,False,0.9624923272108062,0.9889219259439211,0.9808877353204731,0.9903977662133903,0.9808877353204731,0.8655724362452523,0.8847693614871488,0.9279429942557987,0.9632979779153482,0.9279429942557987,0.7533090436641083,0.765119001652985,0.8625456124723644,0.8704510694739963
543,12,13,96,False,0.9429277788328493,0.9855466230939274,0.9706256600019199,0.9852033597191596,0.9706256600019199,0.7994709712425394,0.8283962550443339,0.8885622319214215,0.9426357896459382,0.8885622319214215,0.7439568682026114,0.764185269471956,0.8588152308878976,0.8569907351674948
544,12,13,96,False,0.935947610456204,0.9830851451020272,0.9669141927199663,0.9833179509802342,0.9669141927199663,0.8667118827997831,0.8927773557412467,0.9285973810804133,0.9636375776610278,0.9285973810804133,0.7734264762590164,0.7485439994495413,0.8810339333199296,0.8411864052149344
545,12,13,96,False,0.9572995374421541,0.9880097765514315,0.978183991902615,0.9890318457474536,0.978183991902615,0.8630222463374932,0.8900948867264539,0.9264755136811754,0.962535980460562,0.9264755136811754,0.7558375716452493,0.7589473169240251,0.8624603646852411,0.8687468844966519
546,12,13,96,False,0.9431229314449138,0.9771068434548815,0.9707290425970155,0.9852558259645134,0.9707290425970155,0.8126695604991861,0.8293933141979699,0.8966549427523759,0.9469186568826152,0.8966549427523759,0.7419184515848578,0.7641980305790351,0.8602628233538526,0.8502962338342119
547,12,13,96,False,0.9510391090250551,0.9848377195439992,0.974905223196981,0.9873728896404746,0.974905223196981,0.8619777536625067,0.8728800416027,0.9258733107492806,0.9622231086132158,0.9258733107492806,0.7536442416339129,0.7681550424301988,0.857946105971946,0.8698834080085063
548,12,13,96,False,0.9564481614239522,0.9857676559218079,0.9777393342513355,0.988807025789833,0.9777393342513355,0.8271432447097123,0.8593486114910001,0.905395071902121,0.9515225020471776,0.905395071902121,0.7626942061089328,0.7547307039599044,0.8493022468368043,0.862306356973802
549,12,13,96,False,0.9499430245808237,0.9868185025014695,0.9743290061359936,0.9870810534783826,0.9743290061359936,0.8890260444926749,0.9054807805954591,0.9412533480780416,0.9701821210876036,0.9412533480780416,0.7516362382619062,0.7720766202795654,0.8590439244595109,0.8697672213515987
550,12,13,96,False,0.9461186286352249,0.9825941990483971,0.9723134188368768,0.9860595412229816,0.9723134188368768,0.8523738469886055,0.870311034087059,0.920304341776694,0.9593249406622836,0.920304341776694,0.7450720317554984,0.7656192841050012,0.8531266005055851,0.8672497346800013
551,12,13,96,False,0.960100384971605,0.988971555816751,0.9796440961216519,0.9897697187334293,0.9796440961216519,0.8599972870320131,0.8897432817985835,0.9247296144225089,0.9616286260415239,0.9247296144225089,0.7596593316851755,0.7664333473042815,0.8582736183547461,0.8684387231597634
552,12,13,96,False,0.951609347821975,0.9829557534202745,0.9752047446216479,0.9875245539335454,0.9752047446216479,0.8870320130222464,0.8919251353804378,0.9401345678302375,0.9696053670593194,0.9401345678302375,0.7831368823843115,0.7460096311593614,0.8822420272383485,0.8451106402232301
553,12,13,96,False,0.9421984529315491,0.9844999621792816,0.9702391138345284,0.9850071643569546,0.9702391138345284,0.8210661964188822,0.8382455871349931,0.9017422848587326,0.9496011188171235,0.9017422848587326,0.7268501267650747,0.7749483201219008,0.8399502165744299,0.8811153240156336
554,12,13,96,False,0.9546922054534691,0.9860404149517594,0.9768210082282393,0.9883425561151554,0.9768210082282393,0.8783912099837222,0.8929098001106661,0.9352590720346634,0.9670879339722234,0.9352590720346634,0.7687510582111537,0.7553541264903763,0.8500425601622784,0.8726477322153193
555,12,13,96,False,0.9539348515916035,0.9878807549298428,0.976424419488258,0.9881419025060408,0.976424419488258,0.8984807379272924,0.9068210179442993,0.9465260510446141,0.9728957040940278,0.9465260510446141,0.7700965425110945,0.7504504108215208,0.8682576452728605,0.8582513210808355
556,12,13,96,False,0.952683752385106,0.9821507820559756,0.9757686068944346,0.9878100054638213,0.9757686068944346,0.8275637547476941,0.8393440880376088,0.9056469330799833,0.9516548392563258,0.9056469330799833,0.7387420555560267,0.767793052060396,0.8577600679486602,0.8601562715122004
557,12,13,96,False,0.9385833127082404,0.983561723712017,0.9683187785177211,0.9840318991362633,0.9683187785177211,0.8666033640803038,0.8805850035336085,0.9285350929465285,0.9636052578449997,0.9285350929465285,0.7623721544603663,0.7573928292819182,0.8626774058043905,0.8541963402351306
558,12,13,96,False,0.9487865595765054,0.9834778941423402,0.9737203439895317,0.986772691144993,0.9737203439895317,0.8999186109603906,0.8966216662954063,0.9473233282403506,0.973305362278638,0.9473233282403506,0.7777264953195924,0.7416722425887224,0.8767481925412248,0.8528358458979711
559,12,13,96,False,0.9450313540180989,0.9846297188812223,0.9717389409336021,0.9857681983780985,0.9717389409336021,0.8528757460661963,0.8677314899272155,0.9205968051305327,0.9594773604054098,0.9205968051305327,0.7483342370814303,0.7670770660809519,0.8470705543050964,0.8699329541375168
560,12,13,96,False,0.9483049813667609,0.9833904935109978,0.9734666701940193,0.9866441456746294,0.9734666701940193,0.8392566467715682,0.8669323454465514,0.9126041743491409,0.9553031845174289,0.9126041743491409,0.7571334687968064,0.7593456869719404,0.8448896818694581,0.8642113478703872
561,12,13,96,False,0.9535488642089286,0.9844280232361247,0.9762221787014879,0.9880395633280521,0.9762221787014879,0.8854449267498643,0.8919895035937719,0.9392424187920428,0.9691452000562366,0.9392424187920428,0.7702424402811269,0.7565686425648674,0.8615874009519414,0.8669784351211882
562,12,13,96,False,0.943848880261894,0.9844949109064207,0.9711134336067622,0.9854508783327367,0.9711134336067622,0.8413185024416711,0.8633014388976861,0.9138218090200526,0.9559402748184913,0.9138218090200526,0.7798282629303531,0.7360764797809227,0.8617521685114772,0.8528805329126097
563,12,13,96,False,0.9531002533873207,0.9854069848382055,0.975987025483541,0.9879205562612517,0.975987025483541,0.8565246880086815,0.88274055284885,0.922718338776733,0.9605822915173551,0.922718338776733,0.7730225752244955,0.7538859899435187,0.8834718677986952,0.8499949135013071
564,12,13,96,False,0.9481978621232263,0.982454306319386,0.9734102275318598,0.9866155419067043,0.9734102275318598,0.845482908301682,0.8636672390749566,0.9162728134716169,0.9572214025352844,0.9162728134716169,0.7483288460578548,0.7631667399235921,0.8587067106963494,0.8610195472787189
565,12,13,96,False,0.9525577893756477,0.9820422956009327,0.975702531887918,0.9877765596975452,0.975702531887918,0.8699403147042865,0.8887772710319373,0.9304471462147811,0.964596882751951,0.9304471462147811,0.7543454801428661,0.7663361923186084,0.8558735458014523,0.8761526230803912
566,12,13,96,False,0.9424554121498268,0.9821329307472287,0.9703753365507188,0.9850763100139597,0.9703753365507188,0.7998372219207813,0.8320474723727682,0.8887883995055922,0.9427557475325156,0.8887883995055922,0.7577478859916961,0.7546293175777691,0.8696905469669078,0.8569955780576067
567,12,13,96,False,0.944799964736012,0.9787510450302843,0.971616600028332,0.9857061428378804,0.971616600028332,0.7471106890938688,0.788865001940581,0.8552528397400562,0.9247988104123276,0.8552528397400562,0.7504021064272972,0.7484790347349384,0.8601717332822492,0.8495881334012664
568,12,13,96,False,0.9473364714398974,0.9856132380657543,0.9729561227181442,0.9863853824536049,0.9729561227181442,0.8283776451437873,0.852268555463094,0.9061340772175565,0.9519107506576215,0.9061340772175565,0.7722048904780305,0.7409548312863745,0.8714548778416049,0.845816023860466
569,12,13,96,False,0.9474617715548976,0.9855029795718537,0.973022202945142,0.986418878035666,0.973022202945142,0.8507189365165492,0.8747310412634659,0.9193388793198226,0.95882160974804,0.9193388793198226,0.7550191570148446,0.7683091487854155,0.8747753308348983,0.8497963532456573
570,12,13,96,False,0.9417222855282434,0.9838992869258698,0.9699865861837692,0.9848789703226327,0.9699865861837692,0.8562940857297884,0.8656214586173003,0.9225845110562239,0.9605126293059472,0.9225845110562239,0.7591308880022408,0.7556905215135232,0.8404188939309384,0.8680919181685842
571,12,13,96,False,0.9436548068466164,0.9831128249528662,0.9710106995568838,0.9853987515502969,0.9710106995568838,0.8391888225718936,0.8601444723769227,0.9125640741969981,0.9552821961059456,0.9125640741969981,0.7668787541989266,0.747468098480524,0.8593452734179676,0.8570556521359505
572,12,13,96,False,0.9378446389211963,0.9798261903423097,0.9679255189861836,0.9838320583240737,0.9679255189861836,0.8494031470428648,0.8614447374120846,0.9185700244979389,0.9584205885194343,0.9185700244979389,0.7509652762754273,0.7597782302069355,0.8719113928431265,0.8585729788388496
573,12,13,96,False,0.966832279228647,0.9884775335200628,0.9831364773083953,0.9915323884313589,0.9831364773083953,0.8841698317959849,0.896279167781237,0.9385245606583106,0.9687747729262517,0.9385245606583106,0.7471150794165813,0.7813682882625529,0.8660105674045995,0.870556955819899
574,12,13,96,False,0.9401077788722022,0.9828817411262327,0.9691294361168876,0.9844437191210514,0.9691294361168876,0.8793136190992946,0.8861626225161305,0.9357816706726431,0.9673580881310928,0.9357816706726431,0.7461510906509563,0.7753062437483148,0.8592406199749254,0.8623974555600542
575,12,13,96,False,0.9472713217534655,0.9863111158227031,0.9729217610008997,0.9863679643018115,0.9729217610008997,0.8510580575149215,0.8639527429333539,0.9195368606184964,0.958924846178519,0.9195368606184964,0.7591990286349918,0.7541760516412276,0.8684337251537589,0.8594295796307871
576,12,13,96,False,0.9450899399645027,0.9851556477614715,0.9717699120707501,0.985783907390839,0.9717699120707501,0.8827183939229517,0.876931127917222,0.9377062409037855,0.9683523330398836,0.9377062409037855,0.7517140105031591,0.7656809998872149,0.8723086054666482,0.8533145233140125
577,12,13,96,False,0.9596249067574749,0.9870719463119283,0.979396519658789,0.9896446431213525,0.979396519658789,0.8374118285404232,0.8656492034802573,0.9115123953519275,0.9547315828817686,0.9115123953519275,0.7497507529683187,0.7624676756687229,0.8592638818941787,0.8605516353925452
578,12,13,96,False,0.9427512371171278,0.9843627985997818,0.9705321186834891,0.9851558854737097,0.9705321186834891,0.8519804666304938,0.8630221977536168,0.9200750029298019,0.959205401845612,0.9200750029298019,0.7615085550508023,0.7475695998535259,0.8652934434100503,0.8433800316409897
579,12,13,96,False,0.9517201158242151,0.9851420261228858,0.9752629058929404,0.9875540015072292,0.9752629058929404,0.8676614215952252,0.8861860560772845,0.9291420934894395,0.9639201696662641,0.9291420934894395,0.7519998587851062,0.7691714334822812,0.8548357568661983,0.8721776463687204
580,12,13,96,False,0.958198386451689,0.9850564438425456,0.9786530242096375,0.9892689342184144,0.9786530242096375,0.8738605534454693,0.8823307901186138,0.9326847206839388,0.9657560357999005,0.9326847206839388,0.757942843225658,0.7598616346790431,0.8724840866152267,0.8538097370527405
581,12,13,96,False,0.9377448138120273,0.9801142839356869,0.967872350505482,0.9838050368368125,0.967872350505482,0.842797069994574,0.854381218717821,0.9146933036930166,0.9563959973217248,0.9146933036930166,0.7444143665955469,0.7732767753758139,0.8415565918971575,0.8672169622551881
582,12,13,96,False,0.9529402189336033,0.9860113147258418,0.9759031123379223,0.9878780857666204,0.9759031123379223,0.8761530113944654,0.9009170904333363,0.9339888655917865,0.9664309937040443,0.9339888655917865,0.7497575154043277,0.7813133127058445,0.8671269863523084,0.8605525810208373
583,12,13,96,False,0.9478264409307263,0.9859000643243776,0.9732144723097897,0.986516331496742,0.9732144723097897,0.8981416169289201,0.8994132929601986,0.9463378379344104,0.9727989709772572,0.9463378379344104,0.7545397148331526,0.7696276277357051,0.8618150867376982,0.8512254600336112
584,12,13,96,False,0.9501232768410054,0.985943335372516,0.9744238101502026,0.9871290747162716,0.9744238101502026,0.8686516549104719,0.8913615850825586,0.9297095610386404,0.9642144787538924,0.9297095610386404,0.7787433826398676,0.7398868977113731,0.8692190046668227,0.858288117200217
585,12,13,96,False,0.9575593758427715,0.9883794510884873,0.9783196235675065,0.9891004112664732,0.9783196235675065,0.82927292457949,0.8553237352249488,0.9066694350927671,0.9521919108524116,0.9066694350927671,0.7366280161470491,0.7654880336813189,0.8380670744362789,0.8720181780034078
586,12,13,96,False,0.940837934348677,0.9834564397218989,0.9695172561272216,0.984640673610034,0.9695172561272216,0.8594546934346176,0.8951701968586496,0.9244158477957966,0.9614654688525203,0.9244158477957966,0.7696273437286196,0.7552646382325592,0.8472964543664709,0.8637800296512241
587,12,13,96,False,0.9557667981429743,0.9839813596500593,0.9773831921581726,0.9886269226347079,0.9773831921581726,0.8950352685838308,0.8949738356862122,0.9446106712860232,0.9719108350491948,0.9446106712860232,0.7650157365417537,0.7539733695301265,0.8696023740122533,0.8646337081356099
588,12,13,96,False,0.9463101133611708,0.981236731315382,0.9724145261999848,0.9861108082766281,0.9724145261999848,0.8214188822571894,0.8624755376374773,0.9019549432135542,0.9497130846806072,0.9019549432135542,0.7363942577119391,0.7758765525288901,0.8450514124491522,0.8759037949654612
589,12,13,96,False,0.9473114815308917,0.982953617845109,0.9729429426320196,0.9863787014286245,0.9729429426320196,0.8044628323385785,0.8331197174224727,0.8916369103551964,0.9442652754153339,0.8916369103551964,0.7316910425680667,0.7727482918094928,0.8459099343455785,0.8633644431946531
590,12,13,96,False,0.9449795165577249,0.984874452731586,0.9717115357905405,0.9857542978808362,0.9717115357905405,0.8503391209983722,0.8829356600582732,0.9191170541101262,0.9587059268149573,0.9191170541101262,0.7368518421123416,0.7794488481674277,0.8525927760151218,0.8745536245428507
591,12,13,96,False,0.9470499860618249,0.9819285813854953,0.9728050053582478,0.9863087778977979,0.9728050053582478,0.8175122083559414,0.8398426961351657,0.8995947368028242,0.9484696815411783,0.8995947368028242,0.7680921195752085,0.7388521316013155,0.875526496243971,0.8466742864584514
592,12,13,96,False,0.9488852563537334,0.9863555452685351,0.973772317544287,0.9867990259137303,0.973772317544287,0.8627509495387955,0.8794718558517809,0.9263191622609633,0.962454758552818,0.9263191622609633,0.7679064354805072,0.750493355518615,0.8598277905113055,0.8562601529171668
593,12,13,96,False,0.9512188505562059,0.9843915024318253,0.9749996524326892,0.9874207069090101,0.9749996524326892,0.858776451437873,0.8832979063234636,0.924023381911858,0.9612613494320148,0.924023381911858,0.7415570921471186,0.7736932476650333,0.8529619230562707,0.8677527879695935
594,12,13,96,False,0.9590417182322747,0.9870269990831438,0.9790926954813991,0.9894911295617557,0.9790926954813991,0.9047341291372761,0.912078720535586,0.9499846884636476,0.9746715797968296,0.9499846884636476,0.7488176878665171,0.7770579155464473,0.8468360319828183,0.8801522007831384
595,12,13,96,False,0.947124776189783,0.987028606980973,0.9728444604799875,0.9863287790995392,0.9728444604799875,0.8849294628323385,0.9099793180962469,0.9389523377735558,0.9689955303166036,0.9389523377735558,0.7743772667852802,0.748762965411589,0.8759025074278614,0.8582939662356933
596,12,13,96,False,0.9440011123864328,0.9815730822529413,0.9711940043363332,0.9854917576196836,0.9711940043363332,0.8153011394465545,0.8426667783418866,0.8982544237207077,0.9477628520472343,0.8982544237207077,0.7665907404564932,0.7504528928802566,0.8593791865528797,0.8575788819998708
597,12,13,96,False,0.9497237775654223,0.9846054490753107,0.9742136691294001,0.9870226284789018,0.9742136691294001,0.833790016277808,0.8582105555402599,0.909362586639248,0.953605047511415,0.909362586639248,0.7438672535831601,0.7746752065718076,0.8401283261707845,0.878603621216331
598,12,13,96,False,0.9404848303975365,0.9809310317285164,0.9693297424075863,0.9845454496403842,0.9693297424075863,0.8074606619641888,0.8177124870565338,0.893475226273209,0.9452381849424033,0.893475226273209,0.7416399475650379,0.760842398171203,0.8434749877746742,0.8654437675606339
599,12,13,96,False,0.9389112344499384,0.9809665644624411,0.9684932634023381,0.984120553287217,0.9684932634023381,0.8498914812805209,0.8691309814951851,0.9188555003153094,0.958569507294755,0.9188555003153094,0.7533950015319936,0.7629993006241697,0.8389763833705065,0.8739851464991297
600,12,13,96,False,0.9536263930056365,0.9882582957040951,0.9762628068701416,0.9880601231049362,0.9762628068701416,0.8741725447639719,0.8971733613076105,0.9328623954141456,0.9658480187970288,0.9328623954141456,0.7662196571250617,0.7614856361839393,0.852461907569795,0.8706527897513152
601,12,13,96,False,0.9482949825859305,0.9816358257952369,0.9734614019559591,0.9866414758948455,0.9734614019559591,0.8503798155181769,0.8811024939166654,0.9191408254526795,0.9587183243542805,0.9191408254526795,0.7622986097391405,0.7565035226353009,0.866197541455596,0.8530878018945804
602,12,13,96,False,0.9415738567982502,0.9865795424631882,0.9699078440940191,0.9848389939954749,0.9699078440940191,0.8760309278350514,0.8872422800027671,0.9339194944360488,0.9663951026552487,0.9339194944360488,0.7597115738494498,0.7585243786931325,0.8637142094113841,0.8658177194970844
603,12,13,96,False,0.9502821641774176,0.988228642511602,0.9745073627109992,0.9871713947998084,0.9745073627109992,0.8500678241996744,0.8967009078956787,0.9189585517681303,0.9586232585161547,0.9189585517681303,0.7856062989342831,0.7538659663180157,0.8627723612940185,0.8658014242855016
604,12,13,96,False,0.9614980263239354,0.9862944798476061,0.9803711382018458,0.9901369290163082,0.9803711382018458,0.8861096039066738,0.8916160883520312,0.9396162365869796,0.9693380404105575,0.9396162365869796,0.7650743621796005,0.745526110495313,0.85760601241579,0.8625388299603924
605,12,13,96,False,0.9544639073489968,0.9862694896294104,0.9767014921688845,0.9882820913933857,0.9767014921688845,0.8871540965816602,0.8955116859632319,0.9402031325249243,0.9696407234253954,0.9402031325249243,0.7739296210534131,0.7546537253083435,0.8660969245662862,0.8709724460768844
606,12,13,96,False,0.9493810832110398,0.9860535989296502,0.9740333394917426,0.9869312739455279,0.9740333394917426,0.8786489419424851,0.9062297847829242,0.9354051439051512,0.9671634525276227,0.9354051439051512,0.7682710591836955,0.7562997655980401,0.8696121056894935,0.8577164639484728
607,12,13,96,False,0.9442733698659023,0.9850422162248678,0.9713380685052837,0.9855648474378963,0.9713380685052837,0.9170510037981553,0.919502524345962,0.9567309393242526,0.9781262389509099,0.9567309393242526,0.7581517050755201,0.7670798496740739,0.8618112268832756,0.8638003771871393
608,12,13,96,False,0.9500763048122904,0.9860754955373632,0.9743991068121228,0.9871165619176505,0.9743991068121228,0.8675800325556159,0.89936369276373,0.9290954255581866,0.9638959619991084,0.9290954255581866,0.7558149604966833,0.7675533215834925,0.8724646037710371,0.8553251378932021
609,12,13,96,False,0.9401440694351442,0.9786944616497607,0.969148718640115,0.9844535126861578,0.969148718640115,0.8192892023874118,0.8445606767110052,0.9006695596415097,0.9490361213576171,0.9006695596415097,0.7625365531767935,0.7486753321216619,0.861425660541392,0.8560760472124438
610,12,13,96,False,0.9323577290917724,0.9789520694809497,0.9649949541485674,0.9823415669453102,0.9649949541485674,0.8113809007053717,0.8217808908916802,0.8958699966300969,0.9465040922416009,0.8958699966300969,0.7685602387338385,0.743680411242079,0.8759521149948516,0.8341845563856938
611,12,13,96,False,0.9483560273836266,0.9850568979095315,0.9734935648872531,0.9866577749591057,0.9734935648872531,0.8772924579489962,0.891083008653021,0.934635894619709,0.9667656875477681,0.934635894619709,0.7644190812508824,0.7555018292505771,0.8660037848466242,0.8598946662035432
612,12,13,96,False,0.9470549933748322,0.9818422896973886,0.9728076470334317,0.986310117069389,0.9728076470334317,0.8355263157894737,0.8339622696146911,0.910394265232975,0.9541458301711405,0.910394265232975,0.7649084052241337,0.7377066461606678,0.8764595168703819,0.8408115926736615
613,12,13,96,False,0.9444559374683381,0.9805100150772712,0.9714346509677253,0.9856138447524595,0.9714346509677253,0.8022110689093869,0.8485571463849237,0.8902520717452337,0.943531701505166,0.8902520717452337,0.7728903696752574,0.7392901608751925,0.8771369371657572,0.8460009770063261
614,12,13,96,False,0.9479981280139994,0.9874414097669172,0.9733049681936722,0.9865621968196796,0.9733049681936722,0.871581660336408,0.9018304454818171,0.9313851260753915,0.9650829633121659,0.9313851260753915,0.7758292165912897,0.754859906682808,0.8594634373420645,0.8653370727903688
615,12,13,96,False,0.9534707056237652,0.9863468047158027,0.9761812172343903,0.988018834453266,0.9761812172343903,0.8841698317959849,0.9063856670953898,0.9385245606583106,0.9687747729262517,0.9385245606583106,0.7778460635136468,0.7489298285884967,0.8736129578081538,0.8637257695554502
616,12,13,96,False,0.9506189168326642,0.984716486450266,0.9746844026061642,0.9872610610199128,0.9746844026061642,0.8981551817688552,0.9103767281092077,0.9463453677500502,0.9728028411502766,0.9463453677500502,0.7633053408725794,0.762078772275109,0.8485590457341055,0.8703726312877726
617,12,13,96,False,0.9422756701833197,0.9854192400948356,0.9702800530826646,0.9850279453308239,0.9702800530826646,0.893068366793272,0.9091313588961278,0.9435141196786977,0.9713465497332544,0.9435141196786977,0.761822000246059,0.763419710107906,0.8662771181939953,0.8579131567956538
618,12,13,96,False,0.9457048868993118,0.9861744494039679,0.9720948878392276,0.98594872475156,0.9720948878392276,0.8864894194248507,0.8827067143557155,0.939829728485964,0.9694481566777896,0.939829728485964,0.7493545088300679,0.7702899073917528,0.8457888937205722,0.8682662146224894
619,12,13,96,False,0.9525337276420835,0.9874868290715626,0.975689909123753,0.9877701701933264,0.975689909123753,0.8650298426478568,0.8847242368470621,0.9276311004436687,0.9631360757669025,0.9276311004436687,0.7633998449774732,0.7597534402435937,0.8752776641996596,0.8502294227536025
620,12,13,96,False,0.947925851567481,0.9813204570057915,0.9732668733819537,0.9865428897832844,0.9732668733819537,0.8694519804666305,0.8868672284101484,0.9301677599117665,0.9644520516395652,0.9301677599117665,0.7584057283702555,0.7621350562640612,0.8581360175952549,0.863080502359262
621,12,13,96,False,0.9585683231468292,0.9880379331565967,0.9788459374311729,0.9893664323349428,0.9788459374311729,0.892444384156267,0.9115502929730064,0.9431657718746193,0.971167221375711,0.9431657718746193,0.7492051429535329,0.7778041655392954,0.8632025884028177,0.8749342946833834
622,12,13,96,False,0.9605711185190106,0.9839454030619494,0.9798890837937195,0.9898934709319582,0.9798890837937195,0.8900705371676615,0.9160046430524726,0.9418384337141873,0.9704836081635729,0.9418384337141873,0.7551346006889514,0.7681076600818144,0.8653876812332143,0.8638896334961854
623,12,13,96,False,0.9395593960903618,0.9833465635559614,0.9688379721541549,0.984295673135951,0.9688379721541549,0.8047205642973413,0.8267434715696225,0.8917951955743963,0.9443490856533914,0.8917951955743963,0.7626200139964953,0.7418885662002993,0.8688291650252833,0.8483991415643027
624,12,13,96,False,0.9541488197745026,0.98713850253907,0.9765364951934479,0.9881986112080141,0.9765364951934479,0.8968800868149756,0.9075427136342162,0.9456370943520359,0.972438735526324,0.9456370943520359,0.7755816800119041,0.7475841032103876,0.8755082735170617,0.8439479646458047
625,12,13,96,False,0.9403589454869095,0.9816154173587658,0.9692628754840387,0.9845114907831389,0.9692628754840387,0.8382392837764514,0.8571310246185877,0.9120023613622108,0.954988147236504,0.9120023613622108,0.7773004152822621,0.7458134105535728,0.8604294687371759,0.8601068960009847
626,12,13,96,False,0.9550200940785969,0.9899627608860371,0.9769926119646345,0.9884293661990393,0.9769926119646345,0.883532284319045,0.895995579241702,0.9381652671150993,0.9685893180884761,0.9381652671150993,0.7403332861371867,0.7693534211591362,0.8543688004619497,0.8684301561612114
627,12,13,96,False,0.9457452148297364,0.9847716208035937,0.9721161924198739,0.985959528794095,0.9721161924198739,0.8788795442213782,0.9054279192983198,0.9355358058204764,0.9672309992036423,0.9355358058204764,0.7466550544898536,0.7714037096353945,0.8541372050712251,0.8739838916050833
628,12,13,96,False,0.957518966701571,0.9867060714872986,0.9782985329792181,0.9890897497089018,0.9782985329792181,0.8934617471513837,0.890109327792191,0.9437336122533779,0.9714595268220791,0.9437336122533779,0.7628389785463198,0.7585640872781955,0.8588724453305102,0.8694454903373292
629,12,13,96,False,0.9459590530521563,0.9832941448002143,0.9722291448717368,0.9860168076010352,0.9722291448717368,0.8136733586543679,0.8532497486662594,0.8972656016274756,0.9472410472669961,0.8972656016274756,0.756223123891057,0.7595611536416763,0.8609517221590012,0.8650503778639418
630,12,13,96,False,0.9491570833640874,0.9824332216548676,0.9739154339740737,0.9868715387395026,0.9739154339740737,0.8013564839934888,0.8302037125673432,0.8897255941444019,0.9432526671811757,0.8897255941444019,0.7518823721254099,0.7406538915883585,0.874503181078573,0.8423694270753498
631,12,13,96,False,0.9543385810025306,0.9850914769677328,0.9766358708560898,0.9882488911484241,0.9766358708560898,0.8953743895822031,0.9238430103462425,0.9447995018858203,0.9720079741883912,0.9447995018858203,0.7615063236683425,0.7660406140510546,0.8632927623217328,0.8611852481102378
632,12,13,96,False,0.9556206699271228,0.9859987503190168,0.9773067800134619,0.9885882762876879,0.9773067800134619,0.8512886597938145,0.8772747085799316,0.919671446470834,0.9589950190020978,0.919671446470834,0.7539387499709321,0.7567734410176205,0.8614303591434597,0.8635127349219067
633,12,13,96,False,0.9530655437649078,0.9816923767319223,0.9759688268604559,0.9879113456482095,0.9759688268604559,0.8080168204015193,0.8407402474600622,0.8938156009213202,0.9454182148241699,0.8938156009213202,0.7545148368259912,0.7556102058337839,0.8592678016307018,0.8676345412163502
634,12,13,96,False,0.9375561715607992,0.9835640516503981,0.9677718616080693,0.9837539639605368,0.9677718616080693,0.898304395008139,0.9062161583679509,0.9464281886196523,0.9728454083869915,0.9464281886196523,0.7487437031944804,0.7813504844749017,0.8541332485234867,0.8685260048232923
635,12,13,96,False,0.9477495014936457,0.9862337708418367,0.9731739125250523,0.9864957742053699,0.9731739125250523,0.8165762344004341,0.8500931088571783,0.8990277632581132,0.9481707458354287,0.8990277632581132,0.7496371576403995,0.7662719297525015,0.8407619553836942,0.8769546419234417
636,12,13,96,False,0.9440094143351041,0.9844491821384277,0.9711983978822212,0.9854939867306249,0.9711983978822212,0.8645550732501356,0.8611381290375688,0.9273580444509112,0.962994311743798,0.9273580444509112,0.7579255539848622,0.7555084922778109,0.8593006576067767,0.8510346793950967
637,12,13,96,False,0.9499503165888715,0.9856896560791294,0.9743328417214843,0.9870829963693449,0.9743328417214843,0.8651383613673359,0.8768196498116245,0.927693493723545,0.9631684659100634,0.927693493723545,0.768086015441339,0.7485792143987984,0.8686489824569983,0.8614420447839385
638,12,13,96,False,0.9453301731797837,0.9865180113107361,0.9718968905258616,0.9858483100994095,0.9718968905258616,0.8672273467173088,0.8887984024812071,0.9288931508441578,0.963791030692939,0.9288931508441578,0.7707230488540149,0.7493923662880895,0.8683567067346231,0.8523447144668408
639,12,13,96,False,0.9552234251245193,0.9860667492536459,0.9770989983548151,0.9884831806130113,0.9770989983548151,0.8428377645143786,0.8704375176852257,0.9147172700104523,0.9564085267344976,0.9147172700104523,0.7455013283426062,0.7695354281598638,0.8576660906346227,0.8622937256341251
640,12,13,96,False,0.9492284735864559,0.9799577856647383,0.9739530141789239,0.9868905786250692,0.9739530141789239,0.8597666847531199,0.8522571591212946,0.9245962859768638,0.9615592992514106,0.9245962859768638,0.7756890097835647,0.7422033404129356,0.8814680170303502,0.8570517777752406
641,12,13,96,False,0.9422485393073616,0.9786785405609848,0.970265669133553,0.9850206440138973,0.970265669133553,0.8342919153553987,0.858225720597054,0.9096610069218481,0.9537615042146795,0.9096610069218481,0.7589861361264164,0.7509612204549821,0.863848937734291,0.8510153421203762
642,12,13,96,False,0.9535406633876001,0.9875151079838023,0.9762178809568081,0.9880373884407452,0.9762178809568081,0.8235621269669019,0.8555964215656491,0.9032454828799478,0.9503922784197838,0.9032454828799478,0.7495475655022892,0.7607152129111171,0.8548687396095741,0.864716196607371
643,12,13,96,False,0.9574384383963332,0.9849080494511333,0.9782565005525609,0.9890685014459619,0.9782565005525609,0.8836814975583287,0.8834442120881736,0.9382493788931696,0.9686327368477536,0.9382493788931696,0.7611069263543965,0.7543814440748415,0.8758694363276943,0.8538416672069926
644,12,13,96,False,0.9571811306897692,0.980113800614135,0.9781221734469001,0.9890005932490132,0.9781221734469001,0.7924308193163321,0.83067193940832,0.8841968245319287,0.9403174062687177,0.8841968245319287,0.7655814881623593,0.7385192084469141,0.8704260126465319,0.854745723704843
645,12,13,96,False,0.9610298881009622,0.9889723218056486,0.9801277317926164,0.9900140058567941,0.9801277317926164,0.869763971785133,0.8853310356161757,0.930346273551027,0.9645445938633563,0.930346273551027,0.7571239027804073,0.7574725638369357,0.8646667031587776,0.8608529038965402
646,12,13,96,False,0.9636171252717999,0.9886348071874205,0.9814715026366639,0.9906924359440037,0.9814715026366639,0.8684617471513836,0.8908072346361657,0.9296007782609642,0.9641580670517487,0.9296007782609642,0.748297195166965,0.7768888017104705,0.8658256185668763,0.861289907053778
647,12,13,96,False,0.9510933706804532,0.9882093421453917,0.9749337320015133,0.9873873262309545,0.9749337320015133,0.880480195333695,0.9011886740164827,0.9364418700271949,0.9676992663153129,0.9364418700271949,0.7711607002914787,0.7527464445904356,0.8743404007912509,0.8565614914028985
648,12,13,96,False,0.9522766276998527,0.9865684043377598,0.975555015297,0.9877018858425856,0.975555015297,0.8743624525230603,0.899611517119952,0.9329705162905817,0.9659039891679616,0.9329705162905817,0.7444461092056323,0.7800996190930749,0.8475601691991382,0.8794413796650042
649,12,13,96,False,0.956213712106211,0.9870967493428248,0.9776168178237309,0.9887450722121102,0.9776168178237309,0.9089799240368964,0.9103632417512422,0.9523200454771549,0.9758688669473757,0.9523200454771549,0.7515055978264702,0.7706824366206774,0.8590671857116886,0.8716226988310904
650,12,13,96,False,0.9590159765274829,0.9885025803935206,0.9790792806370244,0.989484350880308,0.9790792806370244,0.8338035811177428,0.8734420418782998,0.9093706542000769,0.9536092775346079,0.9093706542000769,0.7444345340969669,0.7705012401860994,0.8593752649854502,0.8571321990149078
651,12,13,96,False,0.9580255705904298,0.9878055599502246,0.978562879852017,0.9892233720712511,0.978562879852017,0.8597802495930548,0.8832714531301624,0.9246041297418728,0.9615633779121753,0.9246041297418728,0.7541769926933448,0.7695103155791803,0.8726002544705054,0.8596727428111649
652,12,13,96,False,0.9450703366443306,0.9861824783496665,0.971759549091456,0.9857786511643758,0.971759549091456,0.8183125339120999,0.8486188804997068,0.9000790773316623,0.9487249745482946,0.9000790773316623,0.7730822526485698,0.732781416443665,0.8608006188902829,0.8594527870132427
653,12,13,96,False,0.9432797048387686,0.980148313925401,0.9708120786626866,0.9852979644060402,0.9708120786626866,0.8108925664677157,0.8490111855118722,0.895572251477539,0.9463467923956519,0.895572251477539,0.7522827642952303,0.7583300447763829,0.8639525223793937,0.8710800923528945
654,12,13,96,False,0.9565963508325594,0.9842091489091119,0.977816758602779,0.9888461753997833,0.977816758602779,0.8599023331524688,0.8629678632616851,0.9246747184783244,0.9616000824034513,0.9246747184783244,0.7805176098756929,0.7391015099967848,0.8921053617430302,0.8385147308535078
655,12,13,96,False,0.9499437036451673,0.9869306190761626,0.9743293633240494,0.987081234409838,0.9743293633240494,0.860621269669018,0.891895324481155,0.9250902198082602,0.9618161049848668,0.9250902198082602,0.7820699056865986,0.7443158070078664,0.8831470963541751,0.8432511626024182
656,12,13,96,False,0.9498928334252712,0.9841291582592389,0.9743026048838241,0.9870676799915111,0.9743026048838241,0.8197639717851328,0.8495640453216677,0.9009563707110537,0.9491872158384002,0.9009563707110537,0.7381566337046839,0.771177264810751,0.8386661378616622,0.8816956338698628
657,12,13,96,False,0.9426515275055408,0.9843074120755478,0.9704792796430673,0.9851290675048967,0.9704792796430673,0.8370184481823114,0.867050393775612,0.9112793058888684,0.9546095043989812,0.9112793058888684,0.768595029742221,0.7454060762400081,0.8776998913868855,0.8496800299680267
658,12,13,96,False,0.9545351262497027,0.9865311015133886,0.9767387788841976,0.9883009556224246,0.9767387788841976,0.8752984264785677,0.8851649283778964,0.9335030778244737,0.9661796302057262,0.9335030778244737,0.7296148430716731,0.790047816057018,0.8527671237137803,0.8767533034508083
659,12,13,96,False,0.9564101174732061,0.9842163870962796,0.9777194555796449,0.9887969738928436,0.9777194555796449,0.8560634834508953,0.8739539832916442,0.9224506500814886,0.9604429447299244,0.9224506500814886,0.7428036990497655,0.7718859827182568,0.8613238198436546,0.8618839623507885
660,12,13,96,False,0.9428555925267961,0.9842373397347239,0.9705874138597793,0.985183949249976,0.9705874138597793,0.8102957135105806,0.837430672181708,0.8952081225881383,0.9461543862331022,0.8952081225881383,0.7556070011383997,0.7519853479441175,0.8683467122189824,0.8539986572303108
661,12,13,96,False,0.9555113919675293,0.9832580052832272,0.9772496298332946,0.9885593709197716,0.9772496298332946,0.8540694519804667,0.8787090759277008,0.921291757510133,0.9598394436103015,0.921291757510133,0.7491842287764658,0.7669187825239295,0.8512652863662574,0.8739571612158671
662,12,13,96,False,0.9602264056297144,0.9898886850039004,0.979709693606791,0.9898028559298013,0.979709693606791,0.9056294085729788,0.9227354102935741,0.9504779937786066,0.9749246092794082,0.9504779937786066,0.7703241263021529,0.7563469234896555,0.8685849937662402,0.8659156115929451
663,12,13,96,False,0.9413566118901597,0.9792864988281219,0.9697925730127741,0.984780469451326,0.9697925730127741,0.8322029300054259,0.8719660970711566,0.9084178574072703,0.9531095726133855,0.9084178574072703,0.7488031586205496,0.7741845078283077,0.8648217863690596,0.8663205336910664
664,12,13,96,False,0.9582728543161675,0.9817627468844263,0.9786918632958308,0.9892885642196774,0.9786918632958308,0.857433532284319,0.8673006962258069,0.9232454538815452,0.9608566250391081,0.9232454538815452,0.7405916138840014,0.7741473201731456,0.8464874948228345,0.8747562512426725
665,12,13,96,False,0.9645398249583503,0.986580477546435,0.9819498823128203,0.9909338435601139,0.9819498823128203,0.8750000000000001,0.8776122629374019,0.9333333333333335,0.966091783079296,0.9333333333333335,0.7570704401303402,0.7598978721322807,0.855703002728411,0.8691886393788746
666,12,13,96,False,0.9578586810968552,0.9852392390253581,0.9784758117069329,0.9891793627583083,0.9784758117069329,0.8212154096581662,0.8517620933199237,0.9018322657530167,0.949648495893621,0.9018322657530167,0.7675365887015062,0.745645435757907,0.8531808611534047,0.8654806156363555
667,12,13,96,False,0.9571946959897321,0.9832385726762414,0.9781292560735141,0.9890041739414016,0.9781292560735141,0.8510309278350515,0.8746649589367242,0.9195210247841826,0.958916589065067,0.9195210247841826,0.7562780021332127,0.7603173881803864,0.8658274383392659,0.8639970700343205
668,12,13,96,False,0.9489695214878859,0.9854655451742844,0.9738166872547313,0.9868215072923427,0.9738166872547313,0.8361909929462832,0.8609146171377426,0.9107886882775331,0.954352496867658,0.9107886882775331,0.76953008614047,0.7407457268035311,0.8724658329024342,0.8443160278158779
669,12,13,96,False,0.9353281918969274,0.9825210990244486,0.9665835446546748,0.9831498078394131,0.9665835446546748,0.8049511665762343,0.8366903378925061,0.891936780874937,0.9444240471710454,0.891936780874937,0.7503101476184248,0.7573129234941901,0.8581815720335015,0.8470230754331552
670,12,13,96,False,0.9473698491199842,0.9887486582702574,0.9729737261240851,0.9863943056020169,0.9729737261240851,0.8477618014107433,0.8829207929199306,0.9176094026443101,0.9579193090465972,0.9176094026443101,0.7517527258824096,0.7663563802308988,0.8565343609869792,0.8732793673746233
671,12,13,96,False,0.9446187238716566,0.9808023963722418,0.9715207534266247,0.9856575233957405,0.9715207534266247,0.8130493760173628,0.8515719815530991,0.8968860823893817,0.9470406973247674,0.8968860823893817,0.7551078651610461,0.755126413654572,0.8430534034062077,0.8684794185076153
672,12,13,96,False,0.9477428961341358,0.9834017715496522,0.973170430260799,0.9864940092371565,0.973170430260799,0.8604720564297341,0.8602032451596651,0.9250040100908468,0.9617712878282688,0.9250040100908468,0.7644580702784388,0.7452903648102374,0.8700656559267104,0.848855624592471
673,12,13,96,False,0.9546467349103634,0.9875766483138455,0.976797206226773,0.9883305146694465,0.976797206226773,0.8570265870862724,0.8877909349079998,0.9230094959824691,0.9607338320172081,0.9230094959824691,0.7634015905508396,0.7556737754243752,0.8770300837752149,0.8453060043577121
674,12,13,96,False,0.9523982328430957,0.9868382452656153,0.9756188228630046,0.9877341863391206,0.9756188228630046,0.8668475311991318,0.8805569303015848,0.9286752310643492,0.9636779706231482,0.9286752310643492,0.7577863351154752,0.7572574425287387,0.8657462525413044,0.8536808693252771
675,12,13,96,False,0.9417601836700928,0.982878893879567,0.970006689384356,0.984889176194132,0.970006689384356,0.8546391752577319,0.8842501110809005,0.9216231239577543,0.9600120436524504,0.9216231239577543,0.7760081582676135,0.7442420648548562,0.8666463192150913,0.8509242837284211
676,12,13,96,False,0.9518026528222453,0.9864158807817135,0.9753062395380686,0.9875759411498787,0.9753062395380686,0.900488334237656,0.9159071583325933,0.9476388968195055,0.9734674605858716,0.9476388968195055,0.7786188175166519,0.7561357508220174,0.8697574890622919,0.8641268592633594
677,12,13,96,False,0.9498790984764859,0.9834102797408657,0.9742953798711544,0.9870640201482144,0.9742953798711544,0.8344682582745524,0.839148276314002,0.9097658185259951,0.9538164490749754,0.9097658185259951,0.7598854754868444,0.7492651350153177,0.8742255041369895,0.8569238804041402
678,12,13,96,False,0.9568343372079671,0.9845082618521521,0.9779410745348929,0.9889090324872621,0.9779410745348929,0.8229517091698317,0.8449511979251618,0.9028782331755811,0.9501990492394639,0.9028782331755811,0.783466699426834,0.7343073311385593,0.8747833815665821,0.846953413921096
679,12,13,96,False,0.954749090273306,0.985797194204674,0.9768507835855459,0.9883576192783389,0.9768507835855459,0.8625067824199675,0.8834084856646511,0.9261784070383966,0.9623816327416045,0.9261784070383966,0.7708121524647623,0.7490364032111975,0.8616697303003957,0.864901161082438
680,12,13,96,False,0.9537040805471972,0.9863552759786527,0.9763035149929993,0.9880807229133657,0.9763035149929993,0.8598887683125339,0.8806975406695907,0.9246668757430112,0.9615960044337805,0.9246668757430112,0.7657255781236161,0.7546784220580668,0.8569044981100247,0.8592164035053018
681,12,13,96,False,0.9444504734474819,0.9840182929112572,0.9714317606382488,0.9856123784928073,0.9714317606382488,0.8790965816603364,0.8963615878303732,0.9356587524453717,0.9672945530940261,0.9356587524453717,0.7642424332887431,0.7594069508059239,0.8582755406066402,0.8625833822684156
682,12,13,96,False,0.9498821495073894,0.9881801047764331,0.9742969848176352,0.9870648331379429,0.9742969848176352,0.8625610417797069,0.8848168268430366,0.9262096891659626,0.9623978850589617,0.9262096891659626,0.7438982383643259,0.7785075423935062,0.8428974029856122,0.8771136148101957
683,12,13,96,False,0.9430524845232323,0.9828425764742403,0.970691725555349,0.9852368880403073,0.970691725555349,0.8379001627780793,0.8506537647815793,0.9118016089748322,0.9548830341852516,0.9118016089748322,0.7594658402854634,0.7513373237909451,0.8676888018641699,0.8465281900326751
684,12,13,96,False,0.9374355636002824,0.9799492869628851,0.9677076040229923,0.983721304040424,0.9677076040229923,0.8251356483993489,0.8440004850771767,0.9041910382091284,0.9508896035866248,0.9041910382091284,0.7567550731948204,0.7496802286650024,0.8556196885864118,0.8680435451120524
685,12,13,96,False,0.9448299250734508,0.9831903821936123,0.9716324423975194,0.9857141788558789,0.9716324423975194,0.8251085187194791,0.8407782724643915,0.9041747493440954,0.9508810384817311,0.9041747493440954,0.7517182179407569,0.756790263486088,0.8649999662662771,0.8451484692648059
686,12,13,96,False,0.9572893635743353,0.9825794179475327,0.9781786805668488,0.9890291606251298,0.9781786805668488,0.9105127509495388,0.9134439092827659,0.9531606114609884,0.9762994476393954,0.9531606114609884,0.7524583425868118,0.7696925318289234,0.8622985177316617,0.86412702544057
687,12,13,96,False,0.9498455250652339,0.9821287832307464,0.9742777187782155,0.987055073832365,0.9742777187782155,0.830249593054802,0.8514900481814389,0.9072528645331515,0.9524982228503901,0.9072528645331515,0.7502462780143881,0.7725404865852327,0.8655211120543259,0.8563231259375437
688,12,13,96,False,0.946145394219375,0.9859802274505065,0.972327552740618,0.9860667080581405,0.972327552740618,0.8695198046663051,0.8940815718397812,0.9302065722930468,0.9644721728972002,0.9302065722930468,0.758568931441842,0.7633650842814051,0.848923254803638,0.8763285155418298
689,12,13,96,False,0.9474617714241366,0.9833743517893933,0.9730222028761861,0.9864188780007133,0.9730222028761861,0.83965002712968,0.8608733873958827,0.9128366969229975,0.9554248776973507,0.9128366969229975,0.7439284765869892,0.7699046593624804,0.8653904197937589,0.8599004328033789
690,12,13,96,False,0.9465655586144902,0.9795692496268675,0.9725493748982474,0.9861791799152158,0.9725493748982474,0.8289609332609875,0.8485523354496796,0.9064829304833458,0.9520939714562558,0.9064829304833458,0.7738069123016367,0.7527249984263522,0.8475202802978048,0.8702971440450007
691,12,13,96,False,0.9410793194366207,0.9837237404427495,0.9696454029604105,0.9847057443522966,0.9696454029604105,0.8757189365165491,0.8770350032654376,0.9337421715674221,0.966303353801187,0.9337421715674221,0.7466232292857322,0.7774542329337946,0.8535994791816159,0.8791793133947239
692,12,13,96,False,0.9423758483548538,0.9810385149359665,0.9703331609616376,0.9850549025113461,0.9703331609616376,0.7887411828540424,0.8250126479213061,0.8818952573066597,0.939092784184108,0.8818952573066597,0.7303121069482656,0.7754731426744397,0.8526061269736337,0.8576825513886142
693,12,13,96,False,0.9559732218225788,0.9886497417596496,0.9774911140468493,0.9886815028343806,0.9774911140468493,0.8590477482365707,0.8868084915777388,0.9241804026297162,0.9613430202740936,0.9241804026297162,0.7714930926682142,0.74919081561665,0.8817838068245174,0.8436570572076425
694,12,13,96,False,0.9510077561936005,0.9816528604664323,0.974888749852034,0.9873645475973066,0.974888749852034,0.892566467715681,0.8647419176723032,0.9432339449541285,0.9712023192693315,0.9432339449541285,0.7474605339643003,0.7620212438703582,0.8551478096368651,0.8704988644067121
695,12,13,96,False,0.9552929207346159,0.9868658561931862,0.9771353546104041,0.9885015703631452,0.9771353546104041,0.8562398263700488,0.8774472975754721,0.9225530173484748,0.960496234947579,0.9225530173484748,0.7599274667771506,0.7593787518902841,0.8643332644227602,0.8618276032998234
696,12,13,96,False,0.9449378872997686,0.9837174522176979,0.9716895264060713,0.9857431340902514,0.9716895264060713,0.8687330439500813,0.8674234949205096,0.9297561754607551,0.9642386506777018,0.9297561754607551,0.7494398677565189,0.7654121799535947,0.8527428853622626,0.8706536669331336
697,12,13,96,False,0.9583675297457199,0.9862131380566815,0.9787412374735983,0.9893135182911423,0.9787412374735983,0.8284997287032013,0.8461455872432072,0.9062071114342308,0.9519491117881411,0.9062071114342308,0.7531849895456671,0.7628276008780729,0.8550470539592919,0.8695802575344312
698,12,13,96,False,0.9522401321310495,0.9859729828540585,0.9755358641168717,0.987692190976962,0.9755358641168717,0.8462561041779707,0.8685491404211324,0.9167266689198126,0.9574584423983177,0.9167266689198126,0.7688528414406883,0.7446160926522243,0.8772395083923255,0.8514087278147381
699,12,13,96,False,0.9425210175282178,0.982365696947846,0.9704101103910208,0.9850939601840125,0.9704101103910208,0.8263564839934888,0.8631991183507587,0.9049235362710655,0.9512746902294129,0.9049235362710655,0.7481390572499389,0.7643080323919598,0.8507954164379848,0.8642819355371343
700,12,13,96,False,0.9538634762406693,0.9869727874900616,0.9763870278960842,0.9881229821717964,0.9763870278960842,0.8813212154096581,0.8797124472270973,0.9369173197972471,0.9679448950210168,0.9369173197972471,0.7498011560755212,0.768336094980372,0.8592900582167184,0.8604934295429489
701,12,13,96,False,0.9415010514330339,0.9846829876780827,0.9698692161285271,0.9848193824902752,0.9698692161285271,0.8641074335322844,0.8919437806556879,0.9271004642633639,0.9628605632506526,0.9271004642633639,0.7488284977007604,0.772054448966577,0.8553677531024511,0.869616235781232
702,12,13,96,False,0.9369402061350145,0.9823967400221532,0.9674436032329488,0.983587110139691,0.9674436032329488,0.841345632121541,0.8644266089024191,0.9138378123526639,0.9559486452486158,0.9138378123526639,0.736563230526704,0.7785103910269089,0.8397095683038773,0.8739792184230639
703,12,13,96,False,0.9503357527572885,0.9811370220498421,0.9745355397538611,0.98718566630288,0.9745355397538611,0.8555480195333696,0.8666242635069024,0.92215131112427,0.9602870982806496,0.92215131112427,0.7701270233286616,0.7474585668372622,0.8746858761769158,0.8527264282279154
704,12,13,96,False,0.9440435172088334,0.9856512319198937,0.9712164453646047,0.9855031432545533,0.9712164453646047,0.8607976125881714,0.8792880599598851,0.9251920861945793,0.961869058757261,0.9251920861945793,0.7478636166147021,0.7651287618889508,0.8604333332648214,0.8560915643451986
705,12,13,96,False,0.9378164541349278,0.9809618593610181,0.9679105078644655,0.9838244293899524,0.9679105078644655,0.8791101465002712,0.8942565893395357,0.9356664356664356,0.9672985245860947,0.9356664356664356,0.7750484404013825,0.7490562482061793,0.8756990299985379,0.8504456111147487
706,12,13,96,False,0.9446522622859316,0.9819833916677085,0.9715384910775732,0.9856665212319901,0.9715384910775732,0.8655046120455779,0.8690234425654872,0.9279040174513726,0.9632777467850966,0.9279040174513726,0.7510075194622993,0.765337300452369,0.8681771476945461,0.8547224205410251
707,12,13,96,False,0.9559527241334882,0.9860104095002845,0.9774803985172876,0.9886760837186706,0.9774803985172876,0.8705236028214868,0.8794707464063432,0.9307806664491098,0.964769747892786,0.9307806664491098,0.7669328214940959,0.7568408054309418,0.8652025288731829,0.8644535107379261
708,12,13,96,False,0.9560482790717951,0.9845695686259115,0.9775303496347947,0.9887013450151642,0.9775303496347947,0.8489283776451437,0.8635949263665524,0.9182923339911814,0.9582757087556698,0.9182923339911814,0.7639144899055623,0.7502711783192968,0.8779614345571104,0.844608732635197
709,12,13,96,False,0.9544884186471121,0.9858563306824346,0.9767143253862866,0.988288584061501,0.9767143253862866,0.8775908844275637,0.9017394935225178,0.9348052248294995,0.9668532592019843,0.9348052248294995,0.7449452955744806,0.7769177765248142,0.8476919112542151,0.8700597545158645
710,12,13,96,False,0.9451897772810267,0.9832935969431386,0.9718226862185207,0.9858106746320617,0.9718226862185207,0.8121676614215952,0.8298110043588476,0.8963493596221358,0.9467572865429322,0.8963493596221358,0.7495768165974928,0.7589133571520124,0.8655260704932273,0.8511616708423826
711,12,13,96,False,0.9528121439255478,0.987454922214339,0.9758359470360549,0.9878440904495278,0.9758359470360549,0.8966223548562127,0.9038137995163178,0.9454938170062723,0.9723650636495905,0.9454938170062723,0.7624453210418342,0.7604695772887136,0.8585187523826577,0.8608510166080636
712,12,13,96,False,0.9523583433943322,0.9880279351494411,0.9755978933033169,0.9877235915494359,0.9755978933033169,0.8715002712967986,0.8781251866839728,0.931338653446114,0.9650588859992503,0.931338653446114,0.7753140636986756,0.7489032802260217,0.8800640275294592,0.8454797644133109
713,12,13,96,False,0.9573984644184595,0.9889354097246714,0.9782356345138968,0.9890579530613446,0.9782356345138968,0.9070944112859468,0.9178906995948142,0.9512842216073575,0.9753380037747722,0.9512842216073575,0.7562863715972805,0.7702316646600037,0.8636443794117891,0.8700606357370718
714,12,13,96,False,0.9434055687509381,0.9804697335348814,0.9708787336214971,0.98533178859788,0.9708787336214971,0.8264378730330982,0.8390308953045557,0.9049723346578039,0.9513003388298586,0.9049723346578039,0.7596250686327667,0.7506566773243201,0.8476762801893406,0.8688542380438452
715,12,13,96,False,0.9446360562613036,0.9846047006596439,0.9715299201820122,0.9856621734560033,0.9715299201820122,0.8068909386869235,0.8250975775038565,0.8931263325425663,0.9450536135810319,0.8931263325425663,0.7374650625680084,0.7647456041715142,0.8332779426157131,0.8742407750883862
716,12,13,96,False,0.9563968477121405,0.9863857071532641,0.9777125217008757,0.9887934676669723,0.9777125217008757,0.8617742810634834,0.8839140295530544,0.9257559198542805,0.9621621068480511,0.9257559198542805,0.7538161159163563,0.7661947425053798,0.8556777955184587,0.8778266119447342
717,12,13,96,False,0.9539659985097059,0.9807202000744539,0.9764407356497481,0.9881501584525239,0.9764407356497481,0.7530249593054802,0.7963458304870545,0.8591149319446271,0.9268845299953102,0.8591149319446271,0.7635596822450089,0.7350684666559103,0.8658351307786667,0.8477819266953547
718,12,13,96,False,0.9448333163767085,0.9850122651896066,0.9716342356135338,0.9857150884578838,0.9716342356135338,0.8425935973955507,0.8615219164954036,0.9145734562266262,0.9563333394934144,0.9145734562266262,0.7411926224545304,0.7698143198478347,0.8499126749844123,0.8770631624830164
719,12,13,96,False,0.9393224134613215,0.9760743491765926,0.9687119655207922,0.984231662527066,0.9687119655207922,0.8177292457948996,0.8381855675402379,0.899726125534503,0.9485389425503326,0.899726125534503,0.7606615290309772,0.750155268607984,0.8687294829426869,0.8557640787234186
720,12,13,96,False,0.9525309801740451,0.9857273413859857,0.9756884677846579,0.9877694406007193,0.9756884677846579,0.8345360824742268,0.8594434009521559,0.9098061253161,0.9538375780582876,0.9098061253161,0.7576621933335378,0.7605433513515648,0.8609197860486748,0.8618083041567209
721,12,13,96,False,0.933258497846781,0.9808592915281048,0.9654771970600134,0.9825869921080848,0.9654771970600134,0.7744709712425394,0.820696045974542,0.8729035118565293,0.9342930545907581,0.8729035118565293,0.7254662734911831,0.7728999520936987,0.8343292391018874,0.8784264520126741
722,12,13,96,False,0.9556211211940232,0.9830155244128329,0.9773070160037539,0.9885883956448983,0.9773070160037539,0.8485214324470971,0.866196254835162,0.9180542000249499,0.9581514494196363,0.9180542000249499,0.7508856933882627,0.7523530000773757,0.8631211977071139,0.8522904543710668
723,12,13,96,False,0.9540682058655958,0.9886312649280649,0.9764942728219368,0.9881772476746956,0.9764942728219368,0.8738334237655996,0.9025064932618037,0.9326692679113068,0.9657480354167471,0.9326692679113068,0.7507251214364664,0.7712685327361422,0.8606600741442156,0.8651704446054345
724,12,13,96,False,0.9517277164250034,0.9851356410230124,0.9752668965200652,0.9875560219653694,0.9752668965200652,0.8168339663591969,0.8458813151236525,0.8991839446904141,0.9482531015980987,0.8991839446904141,0.7625751172402585,0.7536671708598608,0.8548018980070152,0.8611619800301258
725,12,13,96,False,0.9455149727868295,0.984157720862047,0.9719945474718583,0.9858978382529593,0.9719945474718583,0.8628865979381444,0.8713453476431017,0.9263973436635308,0.9624953733205842,0.9263973436635308,0.7639646641988816,0.7520128586195264,0.854618768320624,0.8616270513235993
726,12,13,96,False,0.9642309676965028,0.9890458106717135,0.9817898032910843,0.9908530684673104,0.9817898032910843,0.9092919153553988,0.9215045561072281,0.9524912435258929,0.9759565787092646,0.9524912435258929,0.7500822041686793,0.7815280294491311,0.8562339975796405,0.8747681179760549
727,12,13,96,False,0.9500934307358109,0.9839515683809432,0.9744081137459356,0.9871211241514061,0.9744081137459356,0.7921052631578946,0.8206118808743217,0.8839941262848752,0.9402096182686471,0.8839941262848752,0.7354133807814482,0.7707028174313166,0.8495221689666006,0.8585884962648922
728,12,13,96,False,0.9519924035196125,0.983695716206364,0.9754058487144592,0.987626371010039,0.9754058487144592,0.844750406945198,0.8795147229032219,0.9158424942093459,0.9569966009392854,0.9158424942093459,0.7895833061269916,0.7423297428538327,0.8635853403728125,0.8586224087097436
729,12,13,96,False,0.9493641265860859,0.9853051699109219,0.9740244150780631,0.9869267526407738,0.9740244150780631,0.8716223548562126,0.8645269040304184,0.9314083608743549,0.9650950009581206,0.9314083608743549,0.7552211623662217,0.7583965081402403,0.8668448220355636,0.8542234702830176
730,12,13,96,False,0.9424791520565189,0.9814555108290333,0.970387920054337,0.9850826970637222,0.970387920054337,0.8852550189907759,0.8912666065257316,0.9391355652930975,0.9690900707844949,0.9391355652930975,0.7453326545371548,0.7732801029350687,0.8636588691114893,0.8602057190701411
731,12,13,96,False,0.9388563502858215,0.9834785058171645,0.9684640640317861,0.9841057179143845,0.9684640640317861,0.8359061313076507,0.8716617443438734,0.9106196848008394,0.954263949230421,0.9106196848008394,0.7353837160723862,0.773900906911635,0.8447026349315926,0.8825041548806013
732,12,13,96,False,0.9680353530031003,0.9889891906616062,0.9837580930911004,0.9918458010654179,0.9837580930911004,0.8688551275094955,0.8902877640632894,0.9298260894811718,0.9642749034799007,0.9298260894811718,0.7628048452119272,0.7624285396785453,0.8640901818204934,0.8634595504025102
733,12,13,96,False,0.9435400727331917,0.9843074000122585,0.9709499546426079,0.9853679285640506,0.9709499546426079,0.8588307107976125,0.8829872219892108,0.9240547897221837,0.961277686062765,0.9240547897221837,0.7614008003554542,0.7589013488514585,0.8654428550751584,0.8523194733692686
734,12,13,96,False,0.9586765648529537,0.9900317152994076,0.9789023691360964,0.9893949510362868,0.9789023691360964,0.9103906673901248,0.9208641783411522,0.9530937131658548,0.9762651858823271,0.9530937131658548,0.7657249837433672,0.7618715857847487,0.8601000425144905,0.8690898487253941
735,12,13,96,False,0.9532553068152239,0.9850675094733651,0.9760683137418461,0.9879616964952873,0.9760683137418461,0.8838442756375474,0.9018819964322844,0.9383411220000433,0.9686800927034906,0.9383411220000433,0.745275635761214,0.7783897798080628,0.8576515600520191,0.8769046599673742
736,12,13,96,False,0.953397044161235,0.9782272991763807,0.9761426096255943,0.9879992963689773,0.9761426096255943,0.8118827997829626,0.8311104306659457,0.8961758452370258,0.9466656459579728,0.8961758452370258,0.771276499987548,0.7505205482785559,0.8621899979081366,0.8642654395330569
737,12,13,96,False,0.944852355601677,0.9790769860211841,0.9716443028492711,0.98572019500935,0.9716443028492711,0.8408572978838851,0.8622367230919613,0.9135496801957144,0.9557979285370493,0.9135496801957144,0.7686526501432164,0.7496873564838313,0.8662346083089554,0.8504998712105226
738,12,13,96,False,0.9508931145720333,0.9844921005656715,0.9748285105620769,0.9873340420354587,0.9748285105620769,0.9196961475854584,0.929020580697541,0.9581684567552289,0.9788607953918825,0.9581684567552289,0.7436875447233339,0.7883945560797735,0.850618058621648,0.8833731249351079
739,12,13,96,False,0.9529755687509792,0.9844810131829617,0.9759216489947721,0.9878874677789835,0.9759216489947721,0.8576370048833424,0.8857099315671311,0.9233633940633101,0.9609179954935333,0.9233633940633101,0.7500271796879376,0.7664468069692724,0.8678321323841903,0.848148186068137
740,12,13,96,False,0.9473011287430861,0.985172045770562,0.9729374823035567,0.9863759335585782,0.9729374823035567,0.9053852414541508,0.9079716702386345,0.9503435019399851,0.9748556313321399,0.9503435019399851,0.7665357362643155,0.7583013631269547,0.8625107674893353,0.8622715099746062
741,12,13,96,False,0.9510623506164325,0.9844013466121635,0.9749174344079236,0.987379073308688,0.9749174344079236,0.884400434074878,0.909573969249418,0.9386544580255979,0.9688418126947236,0.9386544580255979,0.753200420783546,0.7679966903880089,0.8618935547135812,0.8659447694718572
742,12,13,96,False,0.9493671745518575,0.98054843117798,0.974026019259413,0.986927565355945,0.974026019259413,0.8149213239283777,0.8305102107146021,0.8980238572154624,0.9476412070058279,0.8980238572154624,0.7470181297633125,0.7595674694003925,0.871225481207259,0.8469051398654912
743,12,13,96,False,0.9608055270819617,0.9901347077204796,0.9800110350686501,0.9899550671968148,0.9800110350686501,0.8710390667390123,0.8969740747645087,0.9310752321779414,0.9649223969718712,0.9310752321779414,0.7523378951127854,0.7642837381714152,0.8584896703132532,0.8683643820734334
744,12,13,96,False,0.9420277076437572,0.9837502587330065,0.9701485760846429,0.9849612053703652,0.9701485760846429,0.8197368421052631,0.831399334894371,0.9009399855386839,0.9491785846397315,0.9009399855386839,0.7522729883356152,0.7604659742110299,0.8541362158954733,0.8584615803780701
745,12,13,96,False,0.9542739900608398,0.9861295834238202,0.976602047526746,0.9882317782416967,0.976602047526746,0.8553174172544765,0.8782125875078968,0.9220173424773714,0.960217341270908,0.9220173424773714,0.7304336865916283,0.7825925959067599,0.8373955898104357,0.8864743147087252
746,12,13,96,False,0.9639285218179231,0.9844957708068466,0.9816329984613252,0.9907739391310841,0.9816329984613252,0.8593597395550733,0.8935083729134861,0.9243609198085678,0.9614369037064096,0.9243609198085678,0.7690903860668048,0.7592903968211617,0.8775587727874157,0.8643983305198665
747,12,13,96,False,0.9397333767904864,0.9838604017918278,0.9689304602732405,0.9843426538930641,0.9689304602732405,0.8710119370591427,0.8698005681182848,0.9310597327649331,0.9649143655086357,0.9310597327649331,0.7669153823839635,0.7542305171369004,0.853539429885543,0.8640271302641013
748,12,13,96,False,0.9565833741180788,0.9856372137790143,0.9778099791420893,0.9888427474285734,0.9778099791420893,0.8665762344004341,0.8812291471191078,0.9285195197814018,0.9635971771344091,0.9285195197814018,0.7451681942161787,0.772726060378552,0.8631958058448426,0.8584189647829853
749,12,13,96,False,0.9455652887627417,0.9838391634959638,0.9720211336254486,0.9859113213800969,0.9720211336254486,0.8703336950623982,0.8900204305288804,0.9306721013047482,0.9647134814569288,0.9306721013047482,0.7599755814166929,0.7656548647180091,0.8576137606311554,0.8662508946969505
750,12,13,96,False,0.9415261796050305,0.9835019930955948,0.9698825485799707,0.9848261514500773,0.9698825485799707,0.8657623440043407,0.8718075092945504,0.9280521142325365,0.963354614995193,0.9280521142325365,0.7530947595911858,0.763587289408227,0.8635824116494355,0.8518243449579148
751,12,13,96,False,0.9451306365837893,0.979759789308784,0.9717914250157629,0.9857948189231687,0.9717914250157629,0.8418610960390668,0.8808241165191448,0.9141417860983048,0.9561076226546386,0.9141417860983048,0.7625890072027649,0.7747751295386371,0.8765489881935535,0.8407997994103411
752,12,13,96,False,0.9469255839088059,0.9850069869563386,0.9727393709703903,0.9862755045981778,0.9727393709703903,0.863537710255019,0.8893957969037127,0.9267724559615664,0.962690218066833,0.9267724559615664,0.7542316474245189,0.7644293584631372,0.8655667657030678,0.8688456766382827
753,12,13,96,False,0.9528639739765419,0.9871130544655572,0.9758631288960301,0.9878578485268161,0.9758631288960301,0.8818502441671188,0.8994689001490894,0.9372161753045484,0.9680992590145643,0.9372161753045484,0.7362139100434881,0.7786119012219764,0.8504998712105226,0.8721691300461886
754,12,13,96,False,0.9576686203078741,0.9861672164789153,0.9783766367540444,0.9891292315739356,0.9783766367540444,0.8393380358111775,0.8586935465413035,0.9126522906280422,0.9553283679594374,0.9126522906280422,0.75721262517802,0.7544944789378099,0.8658584147069249,0.8645330644366865
755,12,13,96,False,0.9421206490462306,0.9813163165742766,0.9701978602708365,0.9849862233913916,0.9701978602708365,0.8376424308193163,0.8574699997104633,0.9116489876062035,0.9548031145771381,0.9116489876062035,0.7604470929845569,0.7618953214122249,0.8451359545497871,0.871816437031472
756,12,13,96,False,0.9542846290543564,0.9869217294490896,0.9766076188360727,0.988234597064924,0.9766076188360727,0.8569723277265329,0.8882632957358987,0.9229780271154745,0.9607174543618298,0.9229780271154745,0.7593909886885586,0.7586791507278022,0.864504839534079,0.8611474733362962
757,12,13,96,False,0.945287568383258,0.9835566439358643,0.9718743734828811,0.9858368898975536,0.9718743734828811,0.8500406945198047,0.8629303683246977,0.9189426989771603,0.9586149899605995,0.9189426989771603,0.7705078808592212,0.7509139285668318,0.8792267911395377,0.8533204014327789
758,12,13,96,False,0.9417504045522671,0.9834172605164916,0.9700015020925595,0.9848865427512753,0.9700015020925595,0.844628323385784,0.8715274716721257,0.915770741105702,0.9569591115119298,0.915770741105702,0.758231533329495,0.7572932055936971,0.8599392281848465,0.8582629367943164
759,12,13,96,False,0.9469321868015682,0.9837315224638743,0.9727428548574093,0.9862772707800831,0.9727428548574093,0.8628187737384698,0.8819067620031885,0.9263582543855178,0.9624750668903157,0.9263582543855178,0.7432584556366713,0.7711556397927615,0.8461869770720832,0.8823136426831005
760,12,13,96,False,0.9602226096805051,0.9867287693542179,0.9797077178259983,0.9898018578614602,0.9797077178259983,0.9048969072164949,0.9106661299407897,0.9500744148288459,0.974717607735105,0.9500744148288459,0.7541320992233784,0.7710314398016644,0.8563560832091621,0.8705162600580045
761,12,13,96,False,0.9490975316932219,0.9769235623712914,0.9738840835417003,0.986855654866354,0.9738840835417003,0.8235214324470972,0.83780714124647,0.9032210072156514,0.950379401721045,0.9032210072156514,0.7540806632066654,0.7558351386691899,0.8542776628783533,0.8711665186192592
762,12,13,96,False,0.9480718557738873,0.9845989508977941,0.9733438250379712,0.9865818896766609,0.9733438250379712,0.7959848073792729,0.8293576946018626,0.886404833836858,0.9414907507972969,0.886404833836858,0.7795490280165956,0.7339496892563565,0.8737744890694572,0.848137497259968
763,12,13,96,False,0.9568616147747734,0.9850708755304052,0.977955321470092,0.9889162358208565,0.977955321470092,0.844750406945198,0.8659874157594976,0.9158424942093459,0.9569966009392854,0.9158424942093459,0.746993810538906,0.7668077998277976,0.8494853752810866,0.8583036597332362
764,12,13,96,False,0.9437429841179672,0.9827015651374368,0.9710573793234494,0.9854224369900705,0.9710573793234494,0.837683125339121,0.8520606187498856,0.9116730885631191,0.9548157353977359,0.9116730885631191,0.750866311873297,0.7602857944719043,0.8529850652097867,0.8597124866346888
765,12,13,96,False,0.95524453236718,0.9843504073551256,0.9771100407688467,0.9884887661318396,0.9771100407688467,0.8781877373846988,0.9036528424723169,0.9351437238191536,0.967028295252602,0.9351437238191536,0.764466552007894,0.7607547205993176,0.8563531790421496,0.8774692836336523
766,12,13,96,False,0.9544742357765016,0.9835302081165352,0.9767068997942501,0.9882848272609724,0.9767068997942501,0.8780927835051546,0.898644168958904,0.9350898860985316,0.9670004581687289,0.9350898860985316,0.7817304797548005,0.7504051775863969,0.8815426251680786,0.8578366209511038
767,12,13,96,False,0.940095432257534,0.983004903499169,0.9691228757377363,0.9844403870919438,0.9691228757377363,0.8589120998372219,0.875719813355368,0.9241018979998394,0.9613021887002231,0.9241018979998394,0.7686512854616172,0.7493428051921882,0.8666849798795072,0.8590729663428245
768,12,13,96,False,0.9562819847647296,0.9861931817905967,0.9776524981696194,0.9887631152958829,0.9776524981696194,0.8106212696690179,0.8477083676590895,0.8954067681058443,0.9462593556239454,0.8954067681058443,0.7584884617199068,0.761132182787632,0.8441164702602718,0.879063190163353
769,12,13,96,False,0.9431546105931032,0.9842989881204525,0.9707458227477092,0.9852643415590098,0.9707458227477092,0.8329489962018448,0.854938236327157,0.9088621646623497,0.9533426271086118,0.9088621646623497,0.7473336979871452,0.7634148335418749,0.8423151664275302,0.8761483602090722
770,12,13,96,False,0.948230195088808,0.9826511472624341,0.9734272648880529,0.9866241761116807,0.9734272648880529,0.8424850786760716,0.8605481957860415,0.9145095267544247,0.9562999146472955,0.9145095267544247,0.7520991796529973,0.7567399966831425,0.8483787938213703,0.8608539361276893
771,12,13,96,False,0.949330557009275,0.9844928599422977,0.9740067466707835,0.9869178013749592,0.9740067466707835,0.855846446011937,0.8720809486499865,0.922324632893073,0.9603773388065094,0.922324632893073,0.7534075081159486,0.7755167106445096,0.8672768646358827,0.8517168292873422
772,12,13,96,False,0.9499269168351677,0.9832211275641016,0.9743205333838338,0.9870767616471547,0.9743205333838338,0.8769669017905588,0.8833167916692285,0.934451109344511,0.966670114022623,0.934451109344511,0.7402644296177376,0.7839756933142993,0.8473168021784104,0.8851419405837274
773,12,13,96,False,0.9398554633345255,0.9818794586281651,0.9689953515598071,0.9843756150778051,0.9689953515598071,0.8827590884427564,0.9026816777524691,0.937729201639805,0.968364188536423,0.937729201639805,0.7563450052784956,0.7623900932879337,0.8623062340874126,0.862890590735953
774,12,13,96,False,0.9459818765863163,0.9845129629148329,0.9722411991274845,0.9860229201836459,0.9722411991274845,0.8748100922409116,0.8950697103887588,0.9332252859757907,0.9660358616406488,0.9332252859757907,0.775883448868773,0.7458716728405967,0.883585592860865,0.8450495974084694
775,12,13,96,False,0.9462633620923544,0.9806131375758833,0.9723898425288778,0.9860982925291362,0.9723898425288778,0.8034725990233315,0.8020708719527858,0.8910283410554184,0.9439429755315828,0.8910283410554184,0.767773875754761,0.7332054197439317,0.8702284384222261,0.8412870672403547
776,12,13,96,False,0.9445638977094601,0.98131976867541,0.9714917558863254,0.9856428135416629,0.9714917558863254,0.8678513293543136,0.878275942142315,0.9292509695129922,0.9639766436553285,0.9292509695129922,0.7405285218258206,0.7701808676073436,0.8577406997844605,0.8702352210262058
777,12,13,96,False,0.944238700657132,0.9829853193929412,0.9713197256468451,0.985555541634689,0.9713197256468451,0.8639582202930005,0.8613839826195318,0.9270145767078327,0.9628159620134228,0.9270145767078327,0.7598453158305462,0.754461615127282,0.8547060140322338,0.8664478111683535
778,12,13,96,False,0.9541936840391761,0.9833844545875248,0.9765599918089258,0.9882104997463474,0.9765599918089258,0.8778621812262615,0.8895972857346535,0.9349591146811522,0.9669328387644884,0.9349591146811522,0.751931212636244,0.7660542994989896,0.8695248172913029,0.8494350168309567
779,12,13,96,False,0.9494061548489093,0.9871078457654138,0.9740465346201741,0.9869379588505927,0.9740465346201741,0.8547748236570808,0.8686513117984468,0.9217019907265201,0.9600531187004812,0.9217019907265201,0.7512440579577292,0.7578908441827614,0.865873097116773,0.8491257111905564
780,12,13,96,False,0.9559736697129543,0.986648510072079,0.9774913481869587,0.9886816212446546,0.9774913481869587,0.8508681497558329,0.8777005745663865,0.9194260000293157,0.9588670398075615,0.9194260000293157,0.7459724265081933,0.7708891676514179,0.8582203188196499,0.865156879581491
781,12,13,96,False,0.9344020457193315,0.9836281217660926,0.9660887691750373,0.9828981479151526,0.9660887691750373,0.8451709169831796,0.86681570962113,0.9160895711114052,0.9571256819829908,0.9160895711114052,0.7618713506510496,0.7539888711871346,0.8770271095366505,0.8440011667746915
782,12,13,96,False,0.9586822272077481,0.9896594935578905,0.9789053210274167,0.9893964428010729,0.9789053210274167,0.9026315789473685,0.9190412458998827,0.9488243430152145,0.9740761484684934,0.9488243430152145,0.7529175287045453,0.7720728083475178,0.8520170258425739,0.8697689877222862
783,12,13,96,False,0.9481569906895143,0.9857829890492256,0.9733886901526674,0.9866046270683446,0.9733886901526674,0.9237520347259902,0.9274367579110722,0.9603649722533651,0.9799821285377428,0.9603649722533651,0.7741503723988844,0.7509643116307075,0.8726070370054788,0.8560276184675052
784,12,13,96,False,0.9527782300513116,0.9880073639636455,0.9758181603922081,0.9878350876498608,0.9758181603922081,0.8298969072164948,0.8551643123801256,0.9070422535211268,0.952387659265452,0.9070422535211268,0.7709153400595039,0.7571927388391793,0.8755468439178972,0.8414623398198651
785,12,13,96,False,0.9560106761371303,0.9870635237617791,0.9775106933722146,0.988691404520245,0.9775106933722146,0.8958627238198589,0.9146343153426486,0.9450712992709086,0.9721477764573185,0.9450712992709086,0.753491837418825,0.7670853063809192,0.8610263297906907,0.8637065025676601
786,12,13,96,False,0.9458844436493329,0.9850334596405215,0.9721897379223722,0.9859968244991321,0.9721897379223722,0.8095496473141617,0.8513192394248359,0.8947526236881559,0.9459136449423678,0.8947526236881559,0.7401796684383322,0.7740160437588548,0.8455825500309985,0.8628392564652931
787,12,13,96,False,0.9483022912165174,0.9848825421614159,0.9734652527913403,0.986643427379588,0.9734652527913403,0.8440043407487792,0.8605251703458418,0.9154038546417537,0.9567673984003393,0.9154038546417537,0.7693169693017707,0.7499951184566731,0.8685908851341706,0.8448732514991604
788,12,13,96,False,0.9350423408844933,0.9746811490563981,0.9664308848736535,0.9830721666661372,0.9664308848736535,0.7814432989690722,0.824141647611587,0.8773148148148149,0.9366508500048537,0.8773148148148149,0.7811742287594756,0.7398583909098617,0.8667935011751464,0.8566109144970764
789,12,13,96,False,0.9407659124422819,0.9808706923223487,0.9694790148683221,0.984621254528015,0.9694790148683221,0.8579218665219752,0.8757900352824746,0.9235284669187974,0.961003884965507,0.9235284669187974,0.7701385443389271,0.751851952288432,0.8658633779480681,0.8625136925783756
790,12,13,96,False,0.9510562318870988,0.9859593929347448,0.9749142196349913,0.9873774453748634,0.9749142196349913,0.8528079218665221,0.8719623036564677,0.920557292314901,0.9594567693830197,0.920557292314901,0.7448415438872757,0.7676412611236108,0.8622578227978397,0.8584267074973476
791,12,13,96,False,0.945438883361203,0.9845092176884607,0.9719543404290707,0.9858774469623852,0.9719543404290707,0.8040694519804666,0.8295262728811317,0.8913952299317274,0.9441372940053409,0.8913952299317274,0.7567724016328878,0.7472904303969101,0.8727197507335834,0.8475852318470086
792,12,13,96,False,0.9469079072751175,0.9823132415065521,0.9727300441245883,0.9862707762701824,0.9727300441245883,0.813795442213782,0.8434430086402476,0.8973398248487433,0.9472802250911518,0.8973398248487433,0.7567003738900823,0.7525232045123845,0.8538910505180193,0.8665065994638708
793,12,13,96,False,0.9462603352031093,0.9825759442294701,0.9723882443551507,0.9860974821766613,0.9723882443551507,0.8507596310363538,0.8665567812353786,0.9193626409064922,0.9588340007042367,0.9193626409064922,0.7295664826692226,0.7880905107658267,0.8392765701496328,0.8906274907299048
794,12,13,96,False,0.9393105927734708,0.9811297447995704,0.9687056795065843,0.984228469160786,0.9687056795065843,0.8393651654910471,0.8638659143142047,0.9126683284414224,0.9553367617973373,0.9126683284414224,0.7597182174973104,0.7557844555597992,0.8669040599145308,0.8552727966467336
795,12,13,96,False,0.9530840922156073,0.9864470819654612,0.9759785520903145,0.9879162677526443,0.9759785520903145,0.8728431904503527,0.8919946681897575,0.9321049353207886,0.9654558173840938,0.9321049353207886,0.76121434937404,0.7585725634727797,0.8610574156272468,0.8643710280382484
796,12,13,96,False,0.9497464946007447,0.9850865187159681,0.9742256208494706,0.9870286828909637,0.9742256208494706,0.8299511665762345,0.8641415503698746,0.9070746604993181,0.9524046726572262,0.9070746604993181,0.7507383280186561,0.7682424579917758,0.8635464957022021,0.8591912320421163
797,12,13,96,False,0.9435210651491667,0.9838660026544328,0.9709398905606931,0.9853628217873318,0.9709398905606931,0.8152740097666847,0.8525084426507049,0.8982379578843538,0.9477541653215531,0.8982379578843538,0.7520234608956,0.7633229024579185,0.8572920730354944,0.8619826639787085
798,12,13,96,False,0.9429399897524215,0.9807939725008219,0.9706321293768577,0.9852066429825054,0.9706321293768577,0.8688822571893652,0.8821897504773812,0.9298416246897093,0.9642829588298807,0.9298416246897093,0.7670699127602731,0.7544191077252678,0.8739673626328043,0.8653741158872377
799,12,13,96,False,0.9475122852526603,0.9820537659338467,0.9730488402333595,0.9864323799599035,0.9730488402333595,0.8007867607162235,0.8263751228648315,0.8893743314702381,0.9430664512483933,0.8893743314702381,0.7783982598065713,0.7341190367706985,0.8764671371906776,0.8475745411296434
800,12,13,96,False,0.941408078157782,0.9830720866447873,0.9698198835672837,0.9847943356697801,0.9698198835672837,0.8357162235485621,0.8502163363576756,0.9105069866769133,0.9542048976382972,0.9105069866769133,0.7457029089892369,0.7610551659873618,0.854643000237966,0.8594120919414121
801,12,13,96,False,0.9462610642848464,0.9833602843582524,0.9723886293050311,0.9860976773651945,0.9723886293050311,0.8265328269126425,0.8426417375965468,0.905029260612542,0.9513302584342317,0.905029260612542,0.7649125267772885,0.7442004672907796,0.8801144902148578,0.8458848944234671
802,12,13,96,False,0.9485841218382131,0.9859049785241386,0.9736137241469034,0.9867186651456956,0.9736137241469034,0.8681633206728161,0.8766200795485004,0.9294297892115219,0.9640693902471553,0.9294297892115219,0.7556496573463728,0.7662833879233909,0.8545480444263115,0.8649398391983947
803,12,13,96,False,0.932828709357031,0.9801548167378794,0.9652471580550384,0.9824699273031406,0.9652471580550384,0.8615436787845904,0.8753708055204794,0.9256228458169682,0.9620929507157654,0.9256228458169682,0.7628735408021148,0.7564595108898865,0.8498312845647311,0.8722590359603499
804,12,13,96,False,0.950232136988328,0.984617926883302,0.9744810568609916,0.9871580708584576,0.9744810568609916,0.8100244167118829,0.8454388863105444,0.895042530070821,0.9460668739950792,0.895042530070821,0.7682086469619316,0.7527456993250278,0.8445302062967663,0.868903772909991
805,12,13,96,False,0.9389229355300778,0.9815228409486688,0.9684994883753725,0.9841237159907145,0.9684994883753725,0.8485756918068366,0.8737379462799246,0.9180859572781906,0.9581680214232735,0.9180859572781906,0.7594104982719484,0.759019764887949,0.8593675821378984,0.872258528970378
806,12,13,96,False,0.9591680316943789,0.9888822199982605,0.9791585164492973,0.9895243890118612,0.9791585164492973,0.8993217580032556,0.9094314663168845,0.9469925295319174,0.9731354117140725,0.9469925295319174,0.7733424249292978,0.7486442275414759,0.8684319406017882,0.8606349176476219
807,12,13,96,False,0.956723448564363,0.9864262712717597,0.9778831538675592,0.9888797469194923,0.9778831538675592,0.8833966359196962,0.8891278879321929,0.938088790297024,0.9685498388296928,0.938088790297024,0.7745892178312075,0.7426385426854525,0.8680695211082602,0.8631763860857377
808,12,13,96,False,0.940594361607601,0.983148486175556,0.9693879155955153,0.9845749923675268,0.9693879155955153,0.8427563754747693,0.8567999740769885,0.9146693363170602,0.9563834671914087,0.9146693363170602,0.7572324563628761,0.7534473046453843,0.8664794694159836,0.8559898263205974
809,12,13,96,False,0.9435242649520112,0.9857033988035955,0.9709415847970474,0.9853636814887422,0.9709415847970474,0.8814839934888768,0.8991047420250502,0.9370092932380699,0.9679924035022537,0.9370092932380699,0.7403464020710864,0.7730830735022602,0.8476783462302715,0.8722573032998677
810,12,13,96,False,0.9498238152947003,0.9839528222596066,0.9742662981589872,0.9870492886168285,0.9742662981589872,0.8204964731416169,0.8503547950004979,0.9013985857667632,0.9494201313258337,0.9013985857667632,0.7487216128729546,0.767356443987246,0.86232962929023,0.8660223154164484
811,12,13,96,False,0.9308576661115531,0.9817447556805436,0.9641908696316861,0.9819322123403866,0.9641908696316861,0.8546391752577319,0.8756192815843235,0.9216231239577543,0.9600120436524504,0.9216231239577543,0.7389352305926229,0.7784625309386591,0.8431204981852503,0.8727931253799178
812,12,13,96,False,0.9446969131741197,0.9842546238648882,0.9715621048960195,0.9856784997634976,0.9715621048960195,0.7891752577319587,0.8130435033141792,0.8821665226159608,0.9392372025297767,0.8821665226159608,0.7578312254535401,0.7423296415313481,0.866155938563266,0.8475852318470086
813,12,13,96,False,0.9545594823958014,0.988832801764499,0.9767515299414169,0.9883074066005055,0.9767515299414169,0.9011394465545306,0.9195410306534951,0.9479993150293966,0.9736525638180165,0.9479993150293966,0.7669234996236348,0.7558855475104836,0.8755883829940543,0.8491859209576869
814,12,13,96,False,0.9426496920914622,0.9838142195486906,0.9704783069526064,0.9851285738179593,0.9704783069526064,0.8596174715138362,0.8796440174003974,0.9245099970092858,0.9615144289137245,0.9245099970092858,0.7816621297958265,0.7391233863394537,0.8875693091568456,0.8489912743718776
815,12,13,96,False,0.9509153564130859,0.9825507091234049,0.9748401982558792,0.9873399608320729,0.9748401982558792,0.8545849158979925,0.849973729775881,0.9215915740198947,0.9599956114586643,0.9215915740198947,0.780070510169301,0.7372497072441289,0.8805551046660413,0.8453983737176071
816,12,13,96,False,0.9475219253006696,0.9816939631442976,0.973053923543773,0.9864349565702611,0.973053923543773,0.8660743353228432,0.88861052813311,0.9282313345497104,0.9634476293757281,0.9282313345497104,0.7570710150644604,0.7629452616368356,0.863070792832849,0.8683390367966495
817,12,13,96,False,0.9457598839043615,0.9792460614200105,0.972123941631071,0.9859634585678472,0.972123941631071,0.8388090070537166,0.8642303696040488,0.9123394586778992,0.9551646238622425,0.9123394586778992,0.7617894767635149,0.7598835267827239,0.8677071040828718,0.8562727636711034
818,12,13,96,False,0.9400170250625245,0.9789203160236942,0.9690812120911452,0.9844192257829716,0.9690812120911452,0.8598345089527945,0.8796633551379043,0.9246355036577273,0.9615796917872835,0.9246355036577273,0.791383021378646,0.7371886040764213,0.8762942193984258,0.8596707791216393
819,12,13,96,False,0.9425527876007712,0.9794594334243232,0.9704269491331654,0.9851025069164961,0.9704269491331654,0.8517769940314704,0.8507567505086482,0.9199563411543222,0.9591435456459696,0.9199563411543222,0.7472429374539828,0.7514862932972418,0.8640815558520724,0.8541682211796937
820,12,13,96,False,0.9556004720976219,0.9871653909343246,0.9772962174350703,0.9885829340197363,0.9772962174350703,0.8265599565925121,0.8655886692715157,0.9050455240839484,0.9513388061484449,0.9050455240839484,0.7670916871118032,0.7527947637199024,0.8651521165786035,0.8602153456090387
821,12,13,96,False,0.948765516034451,0.987115528754455,0.9737092618152408,0.9867670757657253,0.9737092618152408,0.9044628323385784,0.9152417569324504,0.9498351104368327,0.9745948442490514,0.9498351104368327,0.7530441667046337,0.7682871971540921,0.8622260213828201,0.8696625329286076
822,12,13,96,False,0.9627592288051567,0.9877939651479073,0.9810263171109816,0.9904677264358398,0.9810263171109816,0.8344411285946826,0.8687642214442629,0.9097496949754132,0.9538079969131174,0.9097496949754132,0.766934600741347,0.745990739054913,0.872653651139663,0.8557340137173611
823,12,13,96,False,0.9510655760162341,0.9831461979476424,0.9749191290209311,0.9873799314453029,0.9749191290209311,0.8090884427563755,0.830536481964696,0.894470854640613,0.9457646930609184,0.894470854640613,0.7542327007138969,0.7386205430895807,0.8740228782079128,0.8405449127924158
824,12,13,96,False,0.9412153707337184,0.9817521302650754,0.9697176160087466,0.9847424109932235,0.9697176160087466,0.7767905588714054,0.8113040176380409,0.8743749284269192,0.9350801721921598,0.8743749284269192,0.7388605992108008,0.7736266579931989,0.8577174289225289,0.8563357356042419
825,12,13,96,False,0.9452476150804001,0.9811599606950424,0.971853256883527,0.9858261798529835,0.971853256883527,0.8486842105263158,0.8657749330447645,0.9181494661921707,0.9582011616524845,0.9181494661921707,0.7668766992501318,0.7450515743153587,0.8649534042223382,0.8634108459227956
826,12,13,96,False,0.9509814564591732,0.9829014028860583,0.9748749310873562,0.9873575497697662,0.9748749310873562,0.7817010309278352,0.8028743629882189,0.8774772168378419,0.9367375389285101,0.8774772168378419,0.7342562796283683,0.7619630117143235,0.8481500327053196,0.8639776450120386
827,12,13,96,False,0.9535423965549406,0.9899795679155903,0.9762187892481949,0.9880378480848773,0.9762187892481949,0.894262072707542,0.9114677198592456,0.9441798847076515,0.9716891914123834,0.9441798847076515,0.7450636935120463,0.77288719919365,0.8467684504286213,0.8697049956872602
828,12,13,96,False,0.9578892036715349,0.9860646768753326,0.978491736790061,0.9891874123693958,0.978491736790061,0.8297341291372763,0.8578120822325602,0.9069450210545046,0.952336611211868,0.9069450210545046,0.7470602917084004,0.7652868138449367,0.8357852617822124,0.8761407377266313
829,12,13,96,False,0.9462465874268039,0.9869018810170487,0.9723809855747697,0.9860938016105616,0.9723809855747697,0.8800732501356484,0.9007350877082889,0.9362116609787949,0.9675803124179382,0.9362116609787949,0.7758125390506211,0.7530704260639018,0.876278521172221,0.8510307829835531
830,12,13,96,False,0.9499104697148981,0.9858037804898478,0.9743118819745474,0.9870723792987763,0.9743118819745474,0.8120455778621812,0.8469377938456639,0.8962750029943707,0.9467180166207733,0.8962750029943707,0.7481173680455353,0.7657741591819102,0.8519978026275917,0.8764777297931506
831,12,13,96,False,0.9446797689739113,0.9824242673867847,0.9715530382386413,0.9856739005566908,0.9715530382386413,0.8107569180683668,0.834498494570465,0.8954895159900816,0.9463030782947298,0.8954895159900816,0.7458424751134114,0.7653936341886777,0.8483428240135771,0.8655909603476835
832,12,13,96,False,0.9590963977772551,0.986088150298162,0.9791211896111119,0.989505527832519,0.9791211896111119,0.865857297883885,0.8792496499956356,0.9281066658911967,0.963382927963329,0.9281066658911967,0.775767093724132,0.7506966511955757,0.8712025133095982,0.8566661466973131
833,12,13,96,False,0.9516005958070436,0.983208174545056,0.9752001488947374,0.9875222270383271,0.9752001488947374,0.8813076505697233,0.8796266514609177,0.9369096546254236,0.9679409355045501,0.9369096546254236,0.759794319692282,0.7583163944184195,0.8682655860240648,0.8560091974210013
834,12,13,96,False,0.948410814352296,0.9824179506809885,0.9735224290135889,0.9866724020735499,0.9735224290135889,0.8489148128052089,0.8731936298746655,0.9182843978811756,0.9582715679186018,0.9182843978811756,0.7601120391131598,0.758376657566855,0.8531547267017074,0.8645416842906329
835,12,13,96,False,0.9432242879936978,0.9774829948421135,0.970782728294879,0.9852830701351155,0.970782728294879,0.7365029842647856,0.765091131094032,0.8482599695348201,0.9210102982783743,0.8482599695348201,0.7497108260163785,0.7421502374571607,0.8617298356355176,0.8356156955325811
836,12,13,96,False,0.9378100933620299,0.9800524048214454,0.9679071200779675,0.9838227076450144,0.9679071200779675,0.8497558328811718,0.8572130156711725,0.9187762165967557,0.9585281511759348,0.9187762165967557,0.7427347943101876,0.7644713506688755,0.8401176101908364,0.8724082502116709
837,12,13,96,False,0.9461310980746326,0.9812167183825546,0.9723200035297408,0.9860628801094486,0.9723200035297408,0.7988334237655995,0.8453933217260148,0.8881683130985596,0.942426821084035,0.8881683130985596,0.7558836388996635,0.7533526381562413,0.8734315441870353,0.8483321357595373
838,12,13,96,False,0.9543802056705053,0.9880129700790758,0.9766576666110658,0.9882599185492983,0.9766576666110658,0.8591427021161151,0.8870019592695091,0.9242353490544012,0.9613715977988955,0.9242353490544012,0.7571088060619146,0.7605131800099697,0.8705180162336651,0.861932263327264
839,12,13,96,False,0.9475062146760329,0.9826177454594479,0.9730456391212597,0.9864307573880996,0.9730456391212597,0.8687466087900163,0.8994600292380464,0.9297639441363491,0.9642426790680597,0.9297639441363491,0.7561644717527839,0.7724428873939944,0.8538146154912616,0.8740546811633271
840,12,13,96,False,0.9464265123818955,0.9849745378754071,0.9724759772448099,0.9861419660702053,0.9724759772448099,0.861720021703744,0.8701209191037672,0.9257246112819317,0.9621458368053836,0.9257246112819317,0.7597899087437517,0.766895526902331,0.8405720431163256,0.8772793713662838
841,12,13,96,False,0.952490606053698,0.9846334211240664,0.9756672867982058,0.9877587189178366,0.9756672867982058,0.8597395550732501,0.8847319066816106,0.924580598103574,0.9615511416994803,0.924580598103574,0.738609200733227,0.7781780466190995,0.8595680897167627,0.8653653113686987
842,12,13,96,False,0.9437056784044222,0.9812171199437294,0.9710376307374944,0.9854124165736367,0.9710376307374944,0.8206321215409659,0.8511595603643526,0.9014804383945402,0.9494632369894793,0.9014804383945402,0.7383302574085755,0.7794710061402538,0.8613945667170964,0.8617686565189309
843,12,13,96,False,0.9669816121866511,0.9851521324594763,0.9832136774391891,0.9915713173741912,0.9832136774391891,0.821608790016278,0.8390166574406679,0.9020694174504241,0.9497733505686629,0.9020694174504241,0.7649600223403165,0.7488066434413743,0.8578317666519927,0.8661986643160648
844,12,13,96,False,0.9564247174223869,0.9872689010640284,0.9777270844159932,0.9888008315206825,0.9777270844159932,0.8956049918610961,0.9105187204487071,0.9449278681016717,0.9720740034080079,0.9449278681016717,0.755542190604666,0.7739889234234084,0.8577019338848345,0.8647664265762042
845,12,13,96,False,0.9485603825414591,0.9857575359475842,0.9736012196904829,0.9867123287415045,0.9736012196904829,0.8992132392837765,0.9115592187268136,0.9469323619741448,0.9731044969447756,0.9469323619741448,0.7480287107279415,0.7768126500888181,0.8432657907104596,0.8708232303074691
846,12,13,96,False,0.9489191706093848,0.9871004810727451,0.9737901755183395,0.9868080743074306,0.9737901755183395,0.8852957135105807,0.8994694393723374,0.9391584642836587,0.9691018853988773,0.9391584642836587,0.7659915378186356,0.7577408756198714,0.8762267785522928,0.8563085862456792
847,12,13,96,False,0.9562370067270259,0.9874642605523177,0.977628992232289,0.9887512286881311,0.977628992232289,0.8629544221378187,0.889334723180176,0.926436430095313,0.9625156778439056,0.926436430095313,0.7535409626855479,0.7621550179466202,0.8544085083103231,0.8704708554761756
848,12,13,96,False,0.9588093857410676,0.9861620748730902,0.9789716066510734,0.9894299402439131,0.9789716066510734,0.8677699403147043,0.8741550249013101,0.9292043110710863,0.9639524423285032,0.9292043110710863,0.7322375528360339,0.7755177172039945,0.8569200039781912,0.8679716220497705
849,12,13,96,False,0.9336369771778188,0.981255356374974,0.9656796887908922,0.9826900268095184,0.9656796887908922,0.7884563212154097,0.8298877093117392,0.8817171678865334,0.9389979594687804,0.8817171678865334,0.7620807903793897,0.7508280377937057,0.8584606205172467,0.8569577887201577
850,12,13,96,False,0.9506012900993933,0.9814852659379245,0.9746751372762142,0.9872563685670578,0.9746751372762142,0.8381714595767771,0.868649084536479,0.9119622168105675,0.9549671286544723,0.9119622168105675,0.7627413754414543,0.7550809804542685,0.8761157386767057,0.8515094584533688
851,12,13,96,False,0.9531485274767012,0.9850473072614117,0.9760123350251162,0.9879333656806597,0.9760123350251162,0.8859061313076506,0.9023866270655445,0.9395018305533378,0.9692790261598245,0.9395018305533378,0.7503407760896034,0.7800302693724426,0.863806236062621,0.8690898487253941
852,12,13,96,False,0.943456054999514,0.9799334158907784,0.9709054676821596,0.9853453545240671,0.9709054676821596,0.7880358111774282,0.8032377379363133,0.8814541702702293,0.9388579073907986,0.8814541702702293,0.7852906122599638,0.7250366543580375,0.8789253788841591,0.8369529832972528
853,12,13,96,False,0.9473198722166077,0.9796843560839051,0.9729473680544187,0.9863809446934885,0.9729473680544187,0.8355534454693435,0.8556190877896532,0.9104103697244248,0.9541542693529306,0.9104103697244248,0.7590075111825507,0.7540123893231292,0.8762229675877456,0.8296340508505605
854,12,13,96,False,0.9515510383139576,0.9845056599975553,0.9751741252291819,0.9875090507074767,0.9751741252291819,0.895713510580575,0.9043390107844925,0.9449882649264411,0.9721050688718998,0.9449882649264411,0.7622539072914639,0.7581498573795628,0.8694823519844463,0.8529919458623453
855,12,13,96,False,0.9371954135739254,0.9833389727485748,0.9675796329136427,0.9836562574973244,0.9675796329136427,0.8921188279978296,0.9122084386933262,0.9429839339866798,0.9710735986456844,0.9429839339866798,0.7434226448328376,0.7799995318602778,0.8486036457345421,0.887001818064309
856,12,13,96,False,0.9517009133299775,0.9853023729273603,0.975252823657486,0.9875488968438403,0.975252823657486,0.8780656538252848,0.8958010281009843,0.9350745028927201,0.9669925040519808,0.9350745028927201,0.7487744256050382,0.7838138243278199,0.8633226735661813,0.868343767348109
857,12,13,96,False,0.9474546324015295,0.9859665794020253,0.9730184381580826,0.9864169697232923,0.9730184381580826,0.8789880629408573,0.9033792424656064,0.935597282683242,0.967262778506049,0.935597282683242,0.7586544199522374,0.7648133037911696,0.8535277661252456,0.8672246452821815
858,12,13,96,False,0.9554077701511163,0.9839850062867811,0.9771954318022181,0.9885319579063785,0.9771954318022181,0.8746066196418883,0.8932149918609166,0.9331094966569221,0.9659759296467599,0.9331094966569221,0.7487545857672315,0.776841489046032,0.854915286504137,0.8784302555102206
859,12,13,96,False,0.9387908055860043,0.979812530351468,0.9684291908969028,0.9840879995696029,0.9684291908969028,0.8423358654367878,0.8740367568195669,0.9144216114330312,0.9562539471463798,0.9144216114330312,0.7586691104387426,0.7773028705612052,0.8770610218664961,0.8431137156732786
860,12,13,96,False,0.9485407327391842,0.978422026016277,0.9735908691072235,0.9867070837422945,0.9735908691072235,0.8674443841562669,0.859633681006287,0.9290176366330593,0.9638556098467547,0.9290176366330593,0.7372325903837269,0.7816346236124213,0.8393115728209553,0.8828706011669092
861,12,13,96,False,0.9505958477398736,0.9847836894406019,0.9746722765162397,0.9872549197224796,0.9746722765162397,0.8648263700488333,0.8822807283560601,0.9275140934715402,0.9630753311509647,0.9275140934715402,0.7514611021150006,0.7670107736479688,0.8628517556611626,0.8608092894075944
862,12,13,96,False,0.9478771357697142,0.9871812224224698,0.9732411951076734,0.9865298754258146,0.9732411951076734,0.8695198046663051,0.8934035951913948,0.9302065722930468,0.9644721728972002,0.9302065722930468,0.7658830768850685,0.7551051032570546,0.868414806348041,0.860445951798135
863,12,13,96,False,0.9453237605750022,0.9814269194478702,0.971893501465876,0.9858465912432198,0.971893501465876,0.8233179598480738,0.8441839986007331,0.9030986125060447,0.9503150069877065,0.9030986125060447,0.7525798003933313,0.7557916864147504,0.87066635491327,0.8542408523920725
864,12,13,96,False,0.9400164145415629,0.9819947883114788,0.969080887662174,0.9844190610010424,0.969080887662174,0.8577319587628867,0.8766502371237683,0.9234184239733629,0.9609466290972475,0.9234184239733629,0.7535509227932022,0.7640930586210296,0.860395633913814,0.8625485376398956
865,12,13,96,False,0.9520836442287998,0.9851349635887706,0.975453738412869,0.9876506155583912,0.975453738412869,0.849877916440586,0.8693904519387438,0.9188475724666907,0.9585653720360916,0.9188475724666907,0.7684988674423087,0.7528998902976803,0.8613470886502542,0.8586350149602316
866,12,13,96,False,0.9437953805873722,0.9813758283396256,0.9710851152472417,0.9854365100031771,0.9710851152472417,0.8488334237655996,0.8517998253320505,0.918236778775606,0.9582467212443808,0.918236778775606,0.7620705930316884,0.7503897586267319,0.8499920308092178,0.8603693731164599
867,12,13,96,False,0.9438566149747912,0.9839354692359559,0.9711175276032707,0.9854529555505279,0.9711175276032707,0.8623304395008138,0.8728547600545572,0.926076727534944,0.9623288042737492,0.926076727534944,0.7352734742568974,0.7673445901661639,0.8528514070259396,0.8703531630230237
868,12,13,96,False,0.9581059681262434,0.9816372467941649,0.9786048188628699,0.9892445697919549,0.9786048188628699,0.8715680954964732,0.872342982538662,0.9313773809178674,0.9650789506138175,0.9313773809178674,0.7454435250717606,0.7655149917673534,0.8473215140567862,0.8745400594729039
869,12,13,96,False,0.9585741225056849,0.985395430827471,0.978848961079238,0.9893679604066619,0.978848961079238,0.8755018990775909,0.8972661091467145,0.9336187817332311,0.966239505367707,0.9336187817332311,0.7720894675863702,0.7552936094277424,0.8534433941007905,0.8739431963952428
870,12,13,96,False,0.9350894699915123,0.9807281634095146,0.9664560574510426,0.9830849695987842,0.9664560574510426,0.8139039609332609,0.8402772607579889,0.8974057926578473,0.9473150440364848,0.8974057926578473,0.7390902632904309,0.7651975883492619,0.84343821446274,0.8588405290169493
871,12,13,96,False,0.955103813034255,0.9873199116390834,0.9770364178789731,0.988451525305603,0.9770364178789731,0.8969750406945199,0.9061238901920858,0.9456898709285281,0.972465871343837,0.9456898709285281,0.7565370653619384,0.7724768620596457,0.8609702756464364,0.8642161204037155
872,12,13,96,False,0.9484577690767173,0.9845971837473639,0.9735471654858057,0.9866849372954903,0.9735471654858057,0.8760309278350514,0.8848758711947307,0.9339194944360488,0.9663951026552487,0.9339194944360488,0.7685431060735385,0.7471159053122245,0.8752356923715229,0.8511169372657981
873,12,13,96,False,0.9520523093067137,0.9878266686384547,0.9754372920926923,0.98764228954247,0.9754372920926923,0.8489283776451437,0.8660375594386727,0.9182923339911814,0.9582757087556698,0.9182923339911814,0.7327217751143975,0.7777772621087554,0.8373441682531174,0.8842458670198693
874,12,13,96,False,0.9516191936572603,0.9848350486275945,0.9752099146698409,0.9875271716109085,0.9752099146698409,0.8655860010851872,0.8802139208842855,0.9279507892765995,0.9633020239138914,0.9279507892765995,0.7451479149432627,0.7655613726682378,0.8570740626344607,0.87290929076521
875,12,13,96,False,0.9624772350417048,0.9889222701816212,0.9808798979736966,0.9903938095392644,0.9808798979736966,0.906456863809007,0.908847169992795,0.9509335154826959,0.9751582002335293,0.9509335154826959,0.7489326161746199,0.7698289413154427,0.8596640568861411,0.864672568069384
876,12,13,96,False,0.9387181339869363,0.9809028049152668,0.9683905231303331,0.9840683528751105,0.9683905231303331,0.8162371134020618,0.8482497205140246,0.8988221938413509,0.9480623364744276,0.8988221938413509,0.7507457615318022,0.7696439953762285,0.8587929681122577,0.8542060196225877
877,12,13,96,False,0.9502796156992135,0.9823859809442774,0.97450602267462,0.9871707160742867,0.97450602267462,0.9196147585458492,0.922595483173419,0.9581242845230861,0.9788382320501616,0.9581242845230861,0.7696484745372296,0.7629419400758142,0.8729287765394241,0.8609207292462744
878,12,13,96,False,0.942947159276523,0.9853697422254662,0.9706359277703048,0.9852085706947057,0.9706359277703048,0.8666169289202388,0.8907714865692709,0.928542879359335,0.9636092980867998,0.928542879359335,0.7433825393912636,0.7701417657131183,0.8389945470951772,0.8786977534116109
879,12,13,96,False,0.9467288866536041,0.9835247068100262,0.9726355766785953,0.986222883874936,0.9726355766785953,0.8384156266956049,0.8650789583118603,0.9121067233339235,0.9550427861273669,0.9121067233339235,0.746120965241039,0.7669993532648359,0.8629670575826377,0.8624788470838433
880,12,13,96,False,0.941998169031193,0.9825583576988116,0.9701329116094161,0.9849532535148133,0.9701329116094161,0.8750678241996744,0.8848313042674696,0.9333719163712654,0.9661117514921684,0.9333719163712654,0.7703665901069611,0.7476933201996705,0.8668776006479604,0.8503718579202331
881,12,13,96,False,0.9359496985891486,0.9797386861112585,0.9669153070157096,0.9833185175799902,0.9669153070157096,0.8596039066739013,0.8809667137712179,0.9245021518710337,0.9615103493312143,0.9245021518710337,0.7689602238962238,0.7505830328232491,0.8638702087738654,0.8576215206615929
882,12,13,96,False,0.95374816866918,0.9882601226447718,0.9763266156444692,0.988092412502226,0.9763266156444692,0.8676071622354856,0.8705608136903994,0.9291109819872168,0.9639040315234794,0.9291109819872168,0.7581102176781573,0.747610424735123,0.8616387396322847,0.8700143456613058
883,12,13,96,False,0.9510812065287517,0.9851568452984449,0.9749273411544558,0.9873840899844679,0.9749273411544558,0.9124932175800325,0.9149048943313444,0.9542446573846186,0.9768544709344471,0.9542446573846186,0.7483241632350215,0.7732760197474436,0.8535238781720385,0.8672192431593713
884,12,13,96,False,0.9359564814231531,0.9804474871778637,0.9669189265402457,0.9833203580422026,0.9669189265402457,0.8050461204557785,0.813703199711537,0.8919950701896773,0.9444549063823414,0.8919950701896773,0.7701002377631836,0.7312384245891945,0.8788597127340294,0.8399797882189839
885,12,13,96,False,0.9627798295558083,0.9824527249387345,0.9810370119543083,0.9904731253064407,0.9810370119543083,0.8599294628323386,0.8950245914564562,0.9246904036057587,0.9616082381124648,0.9246904036057587,0.7723345293778883,0.7501061586905441,0.8660037848466242,0.8668002837561237
886,12,13,96,False,0.9448717689792409,0.9845018028095952,0.9716545677200648,0.9857254017829026,0.9716545677200648,0.8289338035811177,0.8454751167858939,0.9064667096841184,0.9520854529316779,0.9064667096841184,0.735202299077101,0.7760805966463001,0.8449872154837629,0.8686548742989089
887,12,13,96,False,0.9422319743341715,0.9828986857668476,0.9702568867008626,0.9850161860095816,0.9702568867008626,0.8307921866521976,0.8628327432661088,0.9075767230265401,0.9526682124572753,0.9075767230265401,0.7582169451363681,0.754872189739005,0.8607802710783435,0.8608199351361302
888,12,13,96,False,0.9533962539790544,0.9860485326212823,0.9761421954577756,0.9879990867697073,0.9761421954577756,0.8728160607704829,0.8957794310355081,0.9320894657550122,0.9654478058160432,0.9320894657550122,0.7438744476629773,0.7764806894708213,0.8614691751078484,0.8709966223891743
889,12,13,96,False,0.9381115004960445,0.981777607613494,0.9680676269202697,0.983904277315771,0.9680676269202697,0.8112588171459577,0.8482936618794275,0.8957955753935564,0.9464647776824853,0.8957955753935564,0.7604103876067132,0.7672620230797168,0.841605849627406,0.8736998816907837
890,12,13,96,False,0.9502652070981258,0.987475067957831,0.974498446303169,0.9871668786497899,0.974498446303169,0.8778214867064569,0.906921735005823,0.9349360340381268,0.9669209037134975,0.9349360340381268,0.7751806448454033,0.7500148942904878,0.8705327776566384,0.8545480444263115
891,12,13,96,False,0.9524775240753248,0.9884724951145257,0.9756604235702117,0.9877552447697818,0.9756604235702117,0.8633206728160608,0.8667232267034877,0.9266474476573192,0.9626252893298197,0.9266474476573192,0.7391731289912598,0.7771250510505873,0.8511945740943887,0.8664455568561249
892,12,13,96,False,0.9468822171390743,0.9819572267411849,0.9727164887565813,0.9862639042145775,0.9727164887565813,0.8198860553445471,0.8452134232544553,0.901030097941295,0.9492260520767932,0.901030097941295,0.7385169459386067,0.7690433046277486,0.8356354388653608,0.8720487795153069
893,12,13,96,False,0.9548779619780191,0.9872081097444417,0.9769182328004123,0.988391740556553,0.9769182328004123,0.8651112316874662,0.8953786161841044,0.9276778960842497,0.9631603688297447,0.9276778960842497,0.7448904802008514,0.7717955009277261,0.8609275117812479,0.8588607941520557
894,12,13,96,False,0.9478291245495426,0.9822538959950471,0.9732158869620955,0.9865170484903418,0.9732158869620955,0.8344953879544221,0.8608655790348447,0.9097819415996865,0.9538249009119475,0.9097819415996865,0.7709133085019927,0.7451667115840626,0.8656483586261358,0.8537050230432379
895,12,13,96,False,0.9566721380634345,0.9876897864903288,0.9778563505383951,0.9888661944562546,0.9778563505383951,0.851817688551275,0.8639119955956349,0.9199800755955345,0.9591559182925029,0.9199800755955345,0.7644688129765905,0.7496402162355243,0.8653022468391044,0.8529366882382164
896,12,13,96,False,0.9552066199841275,0.9860923223223634,0.9770902064477276,0.9884787334322006,0.9770902064477276,0.8758817145957677,0.8931868496452303,0.9338346952057271,0.9663512276629689,0.9338346952057271,0.7426135503141607,0.7781618745058824,0.8615602705360224,0.8767435474690651
897,12,13,96,False,0.9427951302524906,0.9822784975347918,0.9705553772208216,0.9851676898989439,0.9705553772208216,0.8715545306565382,0.8627870429512301,0.931369635648071,0.9650749378406172,0.931369635648071,0.7815901043751254,0.7408821382567917,0.8804430400158276,0.8489205705605634
898,12,13,96,False,0.9423067792586565,0.9837487481911107,0.9702965456551801,0.98503631692196,0.9702965456551801,0.8452116115029843,0.8745521463046507,0.9161134758029539,0.9571381696510457,0.9161134758029539,0.7661174551563771,0.7574866375168781,0.85902840198869,0.8647867741811244
899,12,13,96,False,0.9363742732362343,0.9755212993124351,0.9671418239525416,0.9834336906739272,0.9671418239525416,0.7740097666847532,0.7806699730435123,0.8726104909007494,0.9341362271642982,0.8726104909007494,0.7487134000021896,0.7445487084974349,0.8601582403592228,0.8498419675492622
900,12,13,96,False,0.9452476152108538,0.9848200845319705,0.9718532569524773,0.9858261798879543,0.9718532569524773,0.9028893109061313,0.9066297687001634,0.9489667168041289,0.9741492271742194,0.9489667168041289,0.7727708463556798,0.7476269751313229,0.8707854882192235,0.8608480088492557
901,12,13,96,False,0.9466290896878425,0.9825202564964663,0.9725829072446893,0.9861961809116325,0.9725829072446893,0.8823250135648398,0.9143179892244154,0.9374842359384571,0.9682376959912566,0.9374842359384571,0.7683547098992999,0.7553943060497413,0.8700385255107913,0.86387514515682
902,12,13,96,False,0.9542544172227503,0.9868546160473616,0.9765917976829955,0.9882265922767893,0.9765917976829955,0.8673087357569181,0.8814280026043886,0.9289398364061661,0.9638152501419378,0.9289398364061661,0.7627846242150613,0.7579107362139106,0.8574315984456591,0.8618189465758528
903,12,13,96,False,0.9430453155209363,0.9806872840184042,0.9706879278501058,0.9852349607327715,0.9706879278501058,0.8455778621812262,0.8838173613313813,0.9163285705885812,0.9572505265543505,0.9163285705885812,0.7514589021688335,0.7818844777245061,0.8711246161179895,0.8497449744031843
904,12,13,96,False,0.937280410239013,0.9813646454902234,0.9676249295509839,0.9836792818551094,0.9676249295509839,0.8833152468800868,0.9033947475910864,0.9380428989181636,0.9685261477720484,0.9380428989181636,0.765562608815219,0.7648737071353294,0.8512284867692558,0.8655251585323633
905,12,13,96,False,0.9573533651047882,0.9864210960506227,0.9782120920751943,0.9890460515442111,0.9782120920751943,0.8284454693434617,0.8500263962451583,0.9061746529864311,0.9519320632200762,0.9061746529864311,0.7581936575349453,0.7547028489785461,0.8669630656995827,0.852580102866747
906,12,13,96,False,0.9444028066999212,0.9857932981901331,0.9714065454398106,0.9855995867692978,0.9714065454398106,0.8611909929462832,0.8913713316363578,0.925419257034991,0.9619871397451168,0.925419257034991,0.7762360031151113,0.7514023924520153,0.8814815821463007,0.8478043388020701
907,12,13,96,False,0.9546505870682789,0.9869550632118903,0.9767992227195249,0.9883315348199332,0.9767992227195249,0.851342919153554,0.8789984594394615,0.9197031088576432,0.9590115269680772,0.9197031088576432,0.7606977605779478,0.7560581704661453,0.8585827073888834,0.8659834371726983
908,12,13,96,False,0.946174638355398,0.9822492736324528,0.9723429950304527,0.9860745382730723,0.9723429950304527,0.8962425393380359,0.9077702326979488,0.9452826004535342,0.9722564478847822,0.9452826004535342,0.764110336053622,0.7612057854831046,0.8747168231669281,0.8610147421823592
909,12,13,96,False,0.9553495124120602,0.9843001894905211,0.9771649583337864,0.9885165442893641,0.9771649583337864,0.8407894736842105,0.8632497471236857,0.9135096497498213,0.9557769874556623,0.9135096497498213,0.7509289722476206,0.7689666225041817,0.8567920999382123,0.8611551975181541
910,12,13,96,False,0.9585034659796969,0.9875423015001378,0.9788121212236174,0.989349342357702,0.9788121212236174,0.8389989148128052,0.8624661266983825,0.9124517780351254,0.9552234178636564,0.9124517780351254,0.7530031184880055,0.7641096940040091,0.8662111065255428,0.8483923589833252
911,12,13,96,False,0.9500554488643177,0.9833577548556798,0.974388137955375,0.9871110058931443,0.974388137955375,0.8300189907759088,0.8672450362383466,0.907115166519654,0.9524259375508701,0.907115166519654,0.7555770876882546,0.760471576821399,0.858076922172256,0.8665879896075319
912,12,13,96,False,0.9415666777451451,0.982460067505869,0.9699040352697457,0.9848370602641564,0.9699040352697457,0.8249864351600651,0.8378798326441435,0.9041014434583537,0.9508424914034678,0.9041014434583537,0.7576316233357763,0.7468153197925274,0.8622423893392777,0.8515462591378392
913,12,13,96,False,0.9455481473157754,0.983358031728059,0.9720120765146056,0.9859067281008917,0.9720120765146056,0.839392295170917,0.8711666607226138,0.9126843657817109,0.9553451553138849,0.9126843657817109,0.7514493749256425,0.7718677436520721,0.8637171386016035,0.8637316279248926
914,12,13,96,False,0.9493597050096105,0.9886793434309099,0.9740220879398245,0.9869255736578237,0.9740220879398245,0.9189500813890396,0.9207099692407504,0.9577634043756406,0.9786538736323689,0.9577634043756406,0.7521316734501163,0.7697976130285645,0.8441240014148448,0.8729868589639904
915,12,13,96,False,0.963837565992585,0.9856597668645483,0.9815858324366367,0.990750136228422,0.9815858324366367,0.8651790558871404,0.8749877522598615,0.9277168893317139,0.9631806109612641,0.9277168893317139,0.7605039373434166,0.7666803400495188,0.8523204748999766,0.8773658817305797
916,12,13,96,False,0.9457211072148026,0.9806065919933574,0.9721034568706022,0.9859530703185635,0.9721034568706022,0.8284183396635919,0.8587451971138149,0.9061584230401138,0.9519235384420924,0.9061584230401138,0.7538257843680196,0.752802066847593,0.8535606856881419,0.8682381909233431
917,12,13,96,False,0.9459665687073292,0.9801540831899626,0.9722331142982769,0.9860188204584519,0.9722331142982769,0.7925529028757462,0.8129768528444786,0.884272817392752,0.9403578134905627,0.884272817392752,0.7172133327416406,0.7810582739119728,0.8362594320829155,0.8685490270752343
918,12,13,96,False,0.9463124802935657,0.9840535979209365,0.9724157758581826,0.9861114419061279,0.9724157758581826,0.8275637547476941,0.8440174130007829,0.9056469330799833,0.9516548392563258,0.9056469330799833,0.7289789461907485,0.7861941585251977,0.8510599335078276,0.8731941562680238
919,12,13,96,False,0.9523882196538066,0.9836324168852693,0.9756135691319445,0.9877315268492469,0.9756135691319445,0.8694655453065654,0.8792441163069504,0.9301755226133206,0.9644560760414757,0.9301755226133206,0.747553880278155,0.7707095147960508,0.8644157468115243,0.8622792265578827
920,12,13,96,False,0.9432160395235814,0.9799508891282576,0.970778359522835,0.9852808531189647,0.970778359522835,0.8380765056972328,0.8628871247444506,0.9119060094610452,0.9549376992563678,0.9119060094610452,0.7729596034094027,0.7473087501856679,0.874350148493648,0.8578356399891855
921,12,13,96,False,0.9574686721096894,0.9851814542301737,0.9782722816991641,0.9890764791962067,0.9782722816991641,0.858288117200217,0.884746946437709,0.9237406290832378,0.9611142643220096,0.9237406290832378,0.745851029059454,0.7780053709720233,0.851044348145508,0.8837868637778765
922,12,13,96,False,0.9381479660237424,0.9822547231115615,0.9680870423411728,0.9839141437855098,0.9680870423411728,0.8749186109603907,0.8970091264678686,0.933287030003111,0.9660678185319657,0.933287030003111,0.7780499770898176,0.744796997097247,0.8904677286979945,0.8525093856366371
923,12,13,96,False,0.952451043567325,0.9877376988910516,0.9756465307597172,0.9877482122280542,0.9756465307597172,0.8766006511123169,0.8941992380627316,0.9342431492739062,0.9665625428671991,0.9342431492739062,0.7745365162978376,0.7387482436883759,0.8831303613258811,0.8448283471602531
924,12,13,96,False,0.9376877947076339,0.9804756828891332,0.967841978742624,0.9837896008510275,0.967841978742624,0.8120455778621812,0.8445917197103295,0.8962750029943707,0.9467180166207733,0.8962750029943707,0.7719153651411396,0.7364727745888529,0.8724298259674071,0.8406895078721957
925,12,13,96,False,0.9415437312223849,0.9815896070931804,0.9698918608746395,0.9848308793263133,0.9698918608746395,0.8286218122626152,0.8535978523067227,0.9062801358989956,0.9519874662509983,0.9062801358989956,0.7638519546783128,0.7498899749397409,0.8608606300699522,0.8692962735558253
926,12,13,96,False,0.9424290623355668,0.9815969491269072,0.9703613692871697,0.985069220556185,0.9703613692871697,0.823901247965274,0.8290494408052203,0.9034494042749409,0.9504995551155934,0.9034494042749409,0.7510770786189543,0.7592866269086666,0.8643845929701865,0.8575759736267922
927,12,13,96,False,0.9575699819118606,0.9890035020376473,0.9783251590082618,0.989103209482338,0.9783251590082618,0.9005832881172002,0.9122514850091719,0.9476914731891144,0.9734944648990637,0.9476914731891144,0.7392960518195173,0.7788370636673426,0.8481510624679277,0.8790856992880363
928,12,13,96,False,0.9376975460421618,0.9802622073602918,0.9678471730094855,0.9837922407751982,0.9678471730094855,0.848548562126967,0.8733180324209675,0.9180700788846085,0.95815973557889,0.9180700788846085,0.7554469801750564,0.7613785495959186,0.8541585418777736,0.8637616874782263
929,12,13,96,False,0.9424910810184364,0.982195107749777,0.9703942429679461,0.9850859063898671,0.9703942429679461,0.7560499186109604,0.8062782607943638,0.861080212581881,0.9279440783699635,0.861080212581881,0.769220223618419,0.7395508307135947,0.8593490889532897,0.8587444935112096
930,12,13,96,False,0.9453587864495862,0.9867253203677248,0.9719120123593562,0.9858559795220376,0.9719120123593562,0.8266684753119913,0.860742480121264,0.905110573138673,0.951372993698409,0.905110573138673,0.7411872522240366,0.7696942829181582,0.84794573984212,0.8742581579025865
931,12,13,96,False,0.9583946606475502,0.9846438790421781,0.9787553856286082,0.9893206687563988,0.9787553856286082,0.858057514921324,0.8634854256209537,0.923607055250555,0.9610447727606425,0.923607055250555,0.7574222135655317,0.7529663878089454,0.8797037361820278,0.8543649153609779
932,12,13,96,False,0.9430451223495468,0.9833885869975034,0.970687825519161,0.985234908800516,0.970687825519161,0.8483857840477482,0.8750736865611621,0.9179747987347996,0.9581100138996563,0.9179747987347996,0.7676362191072683,0.7541361765651037,0.8632084433031174,0.8630359513136392
933,12,13,96,False,0.9561088765964372,0.9851890290549015,0.9775620243184358,0.9887173632127817,0.9775620243184358,0.8595767769940316,0.8665967904324735,0.9244864612511673,0.9615021899357106,0.9244864612511673,0.7430633602889452,0.7652185961537394,0.8586379268854285,0.8706625250769342
934,12,13,96,False,0.9426556968730923,0.984590681084079,0.9704814892215797,0.9851301889707673,0.9704814892215797,0.8335458491589799,0.85595021136765,0.9092173501320568,0.9535288931815631,0.9092173501320568,0.7576564416995205,0.7533731342364309,0.8707167859087727,0.8552069345189226
935,12,13,96,False,0.9428019127072949,0.9812353393036308,0.9705589710826465,0.9851695138820763,0.9705589710826465,0.7740911557243625,0.7920663447521743,0.8726622115516951,0.9341639104309774,0.8726622115516951,0.749083303655674,0.7578858011153061,0.8675743960552005,0.8422891056742868
936,12,13,96,False,0.9487474268637981,0.9859953617170164,0.9736997353121923,0.9867622486253679,0.9736997353121923,0.8496473141616929,0.8729936464400749,0.9187127812490833,0.9584950606284225,0.9187127812490833,0.7522537913978953,0.7566263837048409,0.8727329454539443,0.8573676482502331
937,12,13,96,False,0.9445855617294517,0.9825879681125294,0.9715032141752279,0.9856486261215139,0.9715032141752279,0.8938958220293002,0.8976116696774541,0.943975705138306,0.971584121493505,0.943975705138306,0.7663914952890467,0.7523090498567218,0.8714947012698379,0.8609372140390613
938,12,13,96,False,0.9593072154540565,0.9884200608792819,0.979231034201794,0.9895610310646807,0.979231034201794,0.863781877373847,0.8788573533043735,0.9269130555029913,0.9627632395885248,0.9269130555029913,0.7779455787215512,0.736660148971787,0.8735769395066781,0.8503593074667856
939,12,13,96,False,0.9620073726710524,0.98405228336771,0.9806358386527239,0.9902705886032988,0.9806358386527239,0.84023331524688,0.8697603805060441,0.9131812887912606,0.9556051950420009,0.9131812887912606,0.7732754090157464,0.7497360619342937,0.8660424516432829,0.8624777873526467
940,12,13,96,False,0.9504017038129189,0.9846453670076989,0.974570214899772,0.9872032287729675,0.974570214899772,0.8016142159522518,0.8460590913207646,0.8898844257049279,0.943336856963051,0.8898844257049279,0.7642038601119837,0.751142531875083,0.872989819561202,0.851248834374176
941,12,13,96,False,0.9463562032265117,0.9791152053258022,0.9724388595034341,0.9861231462162493,0.9724388595034341,0.8245930548019533,0.8470706415518454,0.9038651688734582,0.9507182384247492,0.9038651688734582,0.7620677254845446,0.743100647967247,0.8696333374828511,0.8420178042753501
942,12,13,96,False,0.9468841673362577,0.9862830565568548,0.9727175177882228,0.98626442589613,0.9727175177882228,0.8892159522517634,0.9078102772881855,0.9413597754051396,0.9702369686860729,0.9413597754051396,0.7451807540137216,0.7747977581999563,0.8599159640640124,0.8632762693429155
943,12,13,96,False,0.9610268932292815,0.9890473887892277,0.9801261742481561,0.990013219228994,0.9801261742481561,0.86950623982637,0.889648402681174,0.9301988100420838,0.9644681487960521,0.9301988100420838,0.7618476540436995,0.757480801656335,0.8675366429490461,0.8660318236258477
944,12,13,96,False,0.9447146200889568,0.9829937293005304,0.9715714689754765,0.9856832498198782,0.9715714689754765,0.8077455236028215,0.8391936556187733,0.893649590671359,0.9453304134911554,0.893649590671359,0.7429774064893533,0.7599559278936637,0.8449196775228709,0.8595109147648567
945,12,13,96,False,0.95151952954651,0.9860434569958044,0.9751575786357844,0.9875006727267504,0.9751575786357844,0.8149620184481822,0.8444446854478205,0.8980485653853915,0.9476542435853867,0.8980485653853915,0.7538721399414775,0.7538431750944561,0.8691355517596773,0.8530577782052693
946,12,13,96,False,0.9468034957951004,0.9819769120048528,0.9726749493106014,0.9862428449984321,0.9726749493106014,0.863537710255019,0.8785678929382164,0.9267724559615664,0.962690218066833,0.9267724559615664,0.74709696920036,0.7689803175967495,0.852364060758259,0.8567426877026472
947,12,13,96,False,0.9474110800836498,0.9841218349774217,0.9729954705227973,0.9864053277039806,0.9729954705227973,0.8709576776994031,0.8811708808504507,0.9310287325904283,0.9648983016828396,0.9310287325904283,0.7661214100744396,0.7540661522687723,0.8644001696876394,0.8568182666436364
948,12,13,96,False,0.9527136331164493,0.9865357556185983,0.9757842798444114,0.9878179386123799,0.9757842798444114,0.8923901247965274,0.9048363779774309,0.943135469904736,0.9711516204510684,0.943135469904736,0.7601423515764811,0.7535918194300688,0.8722322646845554,0.8494329746201128
949,12,13,96,False,0.9476857755447374,0.9852729267336335,0.9731403160036782,0.9864787458448754,0.9731403160036782,0.8766142159522518,0.8882351489524554,0.9342508529462789,0.9665665279463587,0.9342508529462789,0.7743366441204713,0.7482205490877134,0.8776939382355445,0.8553261190701642
950,12,13,96,False,0.9560748139033837,0.9860821224678936,0.9775442197893429,0.9887083593200489,0.9775442197893429,0.7974905046120455,0.8267674750175182,0.8873376549871331,0.9419860163437317,0.8873376549871331,0.7519968069688695,0.7567902794430053,0.8598413556732604,0.8643886163956053
951,12,13,96,False,0.9497743065619327,0.981479252673461,0.9742402526953845,0.987036094930365,0.9742402526953845,0.8166711882799783,0.8206024039209219,0.8990853089415718,0.9482010909831162,0.8990853089415718,0.7667996765375648,0.7440981915452524,0.8672314278401567,0.8529173379776377
952,12,13,96,False,0.9627857289090478,0.9868335759576716,0.9810400745517767,0.990474671332779,0.9810400745517767,0.8827726532826913,0.9014533311593464,0.9377368549979107,0.9683681402224624,0.9377368549979107,0.7573690962099741,0.7616396312917585,0.8496344133899277,0.8704454817495801
953,12,13,96,False,0.9631871672262354,0.9871877254468089,0.9812484344904429,0.9905798476096931,0.9812484344904429,0.8745523602821486,0.8902230560043065,0.9330786152599282,0.9659599449562741,0.9330786152599282,0.7702443443189315,0.7517726304659327,0.8523204748999766,0.8672217042365825
954,12,13,96,False,0.9499986435010563,0.9834589257309942,0.9743582608810586,0.9870958721831727,0.9743582608810586,0.8498914812805209,0.8765147055156215,0.9188555003153094,0.958569507294755,0.9188555003153094,0.7400966027931595,0.7739621184643928,0.8471260899050372,0.8680152608284729
955,12,13,96,False,0.9335429194842921,0.9762376067581235,0.9656293740128442,0.98266442594247,0.9656293740128442,0.8345225176342919,0.8660413837884389,0.9097980641965084,0.9538333524240534,0.9097980641965084,0.7670933573754426,0.7616006690195648,0.8639913729009218,0.8716138309786042
956,12,13,96,False,0.9411413591389893,0.9820674143565411,0.9696783335309913,0.9847224652311896,0.9696783335309913,0.9029978296256104,0.9045543186048022,0.9490266521252556,0.9741799895939434,0.9490266521252556,0.7455923412102434,0.7725369243409176,0.8548638719994646,0.8728291358590079
957,12,13,96,False,0.9492815310122846,0.9862417660137578,0.9739809421159514,0.9869047279833811,0.9739809421159514,0.8818909386869234,0.8799084948812843,0.937239157230075,0.9681111285539873,0.937239157230075,0.7488985869417004,0.7633397168650923,0.859747413113429,0.8662585842703567
958,12,13,96,False,0.9537569314224145,0.9854165769711113,0.9763312068999705,0.9880947357920548,0.9763312068999705,0.850841020075963,0.8609350695642182,0.9194101609451495,0.9588587805016698,0.9194101609451495,0.752830759502519,0.7600186548250373,0.8511576333037282,0.8703953670117264
959,12,13,96,False,0.9593846654949647,0.985238137026001,0.9792713828885787,0.9895814180190424,0.9792713828885787,0.8733315246880087,0.8836180588316621,0.9323833108861566,0.9655999745682249,0.9323833108861566,0.7616435499075783,0.7555616682723519,0.8685569722292833,0.8504871625789341
960,12,13,96,False,0.941420848813988,0.9808512355020852,0.9698266600867103,0.9847977762397264,0.9698266600867103,0.864867064568638,0.8509577827600396,0.9275374969085962,0.9630874814411182,0.9275374969085962,0.7724852186910295,0.7396152568575141,0.8710559161077635,0.8355365344214941
961,12,13,96,False,0.9411068494381042,0.9831992618800307,0.9696600160990911,0.9847131643778767,0.9696600160990911,0.8766820401519262,0.892895000391946,0.9342893696376555,0.9665864522315919,0.9342893696376555,0.7539409834255154,0.7677470563823341,0.8474031370442464,0.868081036923364
962,12,13,96,False,0.9300812898324823,0.9770558698162225,0.9637742148292695,0.9817200287400015,0.9637742148292695,0.8750678241996744,0.8811840897848736,0.9333719163712654,0.9661117514921684,0.9333719163712654,0.7594895127336937,0.7594471995217681,0.8657236746616775,0.8550567362744603
963,12,13,96,False,0.9484754246855666,0.9872704537208798,0.9735564664241284,0.9866896505102951,0.9735564664241284,0.8491589799240369,0.8813061442930561,0.9184272300469484,0.958346090954071,0.9184272300469484,0.7537416179109608,0.7650399546172576,0.837177913451521,0.8785688852471158
964,12,13,96,False,0.9518800001849199,0.9865037819345317,0.975346845190011,0.9875964991786934,0.975346845190011,0.8366521975040695,0.8655652964276529,0.9110622018050488,0.9544957840687662,0.9110622018050488,0.7632957000474093,0.7508463113796403,0.8666655363687621,0.8467606286520656
965,12,13,96,False,0.954654439773658,0.9797632862680837,0.9768012394909082,0.9883325551103274,0.9768012394909082,0.7951166576234401,0.8297135627763684,0.8858662797726998,0.9412046960001315,0.8858662797726998,0.7762498757815229,0.7307224494293401,0.8678931751989513,0.844672640014248
966,12,13,96,False,0.9507537347654426,0.9870918529974833,0.9747552628725437,0.9872969476669842,0.9747552628725437,0.8893244709712426,0.8966477442433631,0.9414205814145504,0.9702683038286629,0.9414205814145504,0.7433374650797435,0.7847919059951274,0.8537670585632147,0.8672614992625903
967,12,13,96,False,0.9524938362534164,0.9872076891946746,0.9756689814510546,0.987759576744794,0.9756689814510546,0.8513971785132934,0.8744609349969337,0.9197347693885775,0.9590280336823201,0.9197347693885775,0.7576280267684331,0.7559615384316917,0.8552117532109154,0.8636201781656959
968,12,13,96,False,0.9436800753202731,0.9858343503709873,0.9710240767527306,0.9854055392338378,0.9710240767527306,0.8522246337493218,0.8697224102702177,0.92021736264702,0.9592796060831378,0.92021736264702,0.7420034928112282,0.7731602614209604,0.8556584262389894,0.8653312036512172
969,12,13,96,False,0.9601554578158858,0.9862859908856377,0.9796727642059007,0.9897842008265745,0.9796727642059007,0.891576234400434,0.9151545795626396,0.9426807317475456,0.9709174690711593,0.9426807317475456,0.765624377491908,0.7652543128449675,0.8624167447449009,0.8695820264073331
970,12,13,96,False,0.9545827596483646,0.9867230987844913,0.97676371587366,0.9883135716328396,0.97676371587366,0.9147314161692891,0.9323506167920569,0.9554670785099961,0.9774799632268664,0.9554670785099961,0.772453926230772,0.7591070415920343,0.8770729194623438,0.8480561060122103
971,12,13,96,False,0.9460673928890788,0.9851036465426852,0.9722863620715343,0.9860458214867777,0.9722863620715343,0.863524145415084,0.8851805732382831,0.9267646437956311,0.9626861605921376,0.9267646437956311,0.751162419455501,0.7644405469674834,0.8640000001242076,0.8599770072928093
972,12,13,96,False,0.9606608969536471,0.9866797919396944,0.9799357945540325,0.9899170644826931,0.9799357945540325,0.8609061313076506,0.8922944324009134,0.9252547636056158,0.9619016392571622,0.9252547636056158,0.7615542623711878,0.7592750830305984,0.8680220433634462,0.8587377110222394
973,12,13,96,False,0.9530364537286845,0.9869026974050082,0.9759535741477565,0.987903625941193,0.9759535741477565,0.8760444926749865,0.8874483940550953,0.9339272027881015,0.9663990908460652,0.9339272027881015,0.7532221773980556,0.7671516467519657,0.8624865622544657,0.8640164953598559
974,12,13,96,False,0.9594465358497996,0.9832886849468571,0.979303612827276,0.9895977025171774,0.979303612827276,0.8619099294628323,0.8622464772177365,0.925834183301763,0.9622027766026052,0.925834183301763,0.7704709894759639,0.7417010599435583,0.8650454257646446,0.8587154472310037
975,12,13,96,False,0.970298977205639,0.9912357707716763,0.9849256264465588,0.9924341925017289,0.9849256264465588,0.8348616386326642,0.8684084522419941,0.9099995564295537,0.9539389689228308,0.9099995564295537,0.748764939232151,0.7634791474639394,0.8531557225996591,0.868164476597888
976,12,13,96,False,0.9430746795956964,0.9860793804581882,0.9707034829890592,0.9852428548277116,0.9707034829890592,0.8568502441671189,0.8795332209351261,0.9229072154404728,0.9606806001166427,0.9229072154404728,0.7505675244716822,0.7671665433275745,0.8515335682675806,0.8644293120194841
977,12,13,96,False,0.9517762970920782,0.9866117855901333,0.9752924026284315,0.9875689356335746,0.9752924026284315,0.8529571351058057,0.8623506751751688,0.9206442166910689,0.9595020670592997,0.9206442166910689,0.7525039559876181,0.7647520608011247,0.8637541387722961,0.8587619674974799
978,12,13,96,False,0.9297664308683666,0.9802116105122886,0.9636051451573705,0.9816339160590217,0.9636051451573705,0.8257867607162236,0.8516179185761185,0.9045818257464876,0.9510950666187306,0.9045818257464876,0.7718817794765016,0.7381939686554597,0.8744077846981145,0.8416736756672042
979,12,13,96,False,0.9425880646658616,0.9834388358907464,0.970445646002662,0.9851119966799013,0.970445646002662,0.8664405860010853,0.9035566258712916,0.9284416471648473,0.9635567690410604,0.9284416471648473,0.7421910910035263,0.7728002678092111,0.8435456743656331,0.8792954350913045
980,12,13,96,False,0.9578425820159467,0.9809773847961163,0.9784674118484823,0.989175116876927,0.9784674118484823,0.8060499186109603,0.8050440812493935,0.8926108966366735,0.9447808722855652,0.8926108966366735,0.7693015845672749,0.736537987589243,0.8853552002333853,0.8351742264871684
981,12,13,96,False,0.953763871199736,0.9837776256473426,0.976334842975742,0.9880965757332337,0.976334842975742,0.8553445469343463,0.8604664753970857,0.9220331052231385,0.9602255491410019,0.9220331052231385,0.7503935789246489,0.7618309885773298,0.8563328127938129,0.8749029231847606
982,12,13,96,False,0.9427243007352144,0.98264162348746,0.9705178448413345,0.9851486409884219,0.9705178448413345,0.8767634291915355,0.8932185476379213,0.9343355859925553,0.9666103589309165,0.9343355859925553,0.7629147472077172,0.7604244402609722,0.8688978794997911,0.8618567190726066
983,12,13,96,False,0.9535832497031519,0.9872523425405375,0.9762401984640782,0.9880486822338655,0.9762401984640782,0.8718122626153011,0.8908196093732492,0.9315167765780129,0.9651511677338493,0.9315167765780129,0.7824260653458259,0.7433995556119246,0.88168287120886,0.850407800037472
984,12,13,96,False,0.955119052873037,0.9817357006225778,0.9770443917156807,0.9884555587964897,0.9770443917156807,0.8695740640260445,0.8857978429587473,0.9302376201705062,0.9644882685499633,0.9302376201705062,0.7433944168671129,0.7804084646016217,0.8505734654527749,0.8751708352254319
985,12,13,96,False,0.9451374193065639,0.9871540205895137,0.9717950103941785,0.9857966374431283,0.9717950103941785,0.8432718393922951,0.8779429944831136,0.9149728448846827,0.9565421291739756,0.9149728448846827,0.7700279755532563,0.7459350312718134,0.8796863717382292,0.8357496280413589
986,12,13,96,False,0.9379090962827077,0.9836306497617568,0.9679598471174964,0.9838495043031207,0.9679598471174964,0.8569316332067282,0.8802976515087051,0.9229544242583623,0.9607051703089571,0.9229544242583623,0.7644579774229313,0.7547959988857657,0.8737307638150593,0.8515715081020605
987,12,13,96,False,0.9357267369121797,0.9820491707561763,0.9667963138276701,0.9832580097958369,0.9667963138276701,0.8604042322300597,0.8738861339927901,0.9249648192841363,0.9617509133263853,0.9249648192841363,0.7597262383883805,0.7577980832074069,0.856358013283504,0.8722030428360652
988,12,13,96,False,0.9575024421560874,0.9878599872259453,0.9782899081356426,0.9890853897089182,0.9782899081356426,0.9029842647856755,0.9180563576116638,0.9490191605839415,0.9741761445364702,0.9490191605839415,0.7694106014267145,0.7550081995595312,0.8620670951425621,0.8620979666822283
989,12,13,96,False,0.9528571913265603,0.9852121668267534,0.9758595718709898,0.9878560481522547,0.9758595718709898,0.881334780249593,0.8996506844040635,0.9369249848585355,0.9679488544641889,0.9369249848585355,0.7589938590824983,0.7626716427823466,0.8386169102360034,0.8788770798837784
990,12,13,96,False,0.9462301775927465,0.9870116754830057,0.9723723211024503,0.986089408270087,0.9723723211024503,0.88840206185567,0.8966966632632392,0.9409035075747236,0.970001808026523,0.9409035075747236,0.7579122446231414,0.7640334785468919,0.846446799612994,0.8746748602709431
991,12,13,96,False,0.9584086492701,0.9889835968589389,0.9787626802274382,0.9893243554201211,0.9787626802274382,0.8730873575691808,0.8835496359076833,0.9322441412473567,0.9655279080624012,0.9322441412473567,0.7648803560933918,0.7497167696859319,0.877120397368171,0.8556235694320327
992,12,13,96,False,0.9601212741984679,0.9866923841369033,0.9796549701661499,0.9897752119376146,0.9796549701661499,0.8976939772110689,0.9147358537132823,0.9460892936282149,0.9726712155853153,0.9460892936282149,0.7628731863851118,0.7641616169322566,0.868856295165177,0.8594857466323432
993,12,13,96,False,0.9522593472294834,0.9884683724764274,0.9755459473976821,0.9876972954289599,0.9755459473976821,0.8966901790558871,0.9197741989238006,0.9455315253461495,0.9723844534679427,0.9455315253461495,0.7590224521179596,0.7645607837254651,0.8683169030404673,0.8509717611512133
994,12,13,96,False,0.9594216959259639,0.990265546361484,0.9792906732846705,0.9895911647163542,0.9792906732846705,0.9377916440586002,0.948826265103463,0.9678972937404624,0.983817713674877,0.9678972937404624,0.755503964037866,0.7729556820391089,0.8614633320441482,0.8599809413954245
995,12,13,96,False,0.942110475075253,0.9822060973566145,0.970192465532887,0.9849834849036236,0.970192465532887,0.8477618014107433,0.8583280877917573,0.9176094026443101,0.9579193090465972,0.9176094026443101,0.7512831393785728,0.7608749471397981,0.8502382366631364,0.8632209362316263
996,12,13,96,False,0.9676532131491173,0.991564349148401,0.9835607277569438,0.9917463021140759,0.9835607277569438,0.9032555615843733,0.9230088791723108,0.9491689711206773,0.9742530323897778,0.9491689711206773,0.7594024027498611,0.7727179644966274,0.8531033595775687,0.8743425138030478
997,12,13,96,False,0.9609010164401729,0.9892026249368226,0.980060705139106,0.9899801539117368,0.980060705139106,0.8779164405860012,0.9022881011099206,0.9349898873158047,0.9669487511320363,0.9349898873158047,0.7443435139552741,0.7700818524500113,0.8497178439872649,0.8721865198371268
998,12,13,96,False,0.9462433783698972,0.9859983100955081,0.9723792911885834,0.9860929424697163,0.9723792911885834,0.8612588171459576,0.88907745341941,0.9254584147159141,0.9620074920269146,0.9254584147159141,0.7656925750677136,0.7512270051525528,0.8825320820416109,0.8445573365286675
999,12,13,96,False,0.9416022005240431,0.9811273577111961,0.9699228814943682,0.9848466284119413,0.9699228814943682,0.8509766684753121,0.8703730097693407,0.9194893517229249,0.9589000738986961,0.9194893517229249,0.7462786378842223,0.7705882438415519,0.8533367708844364,0.8680202533284759
1000,12,13,96,False,0.9397253678432542,0.9797212396503452,0.9689262030821589,0.98434049143686,0.9689262030821589,0.7782419967444384,0.8132270498452094,0.8752936868763921,0.9355713157618676,0.8752936868763921,0.7678211476928948,0.74270493942075,0.851809774840505,0.8582997599780441
