model,permutation,cv_r2,spearman_rho,pearson_r
CLIP50_linear_ridge,1,-0.012857477280540541,0.022341291372761803,0.029489857287647494
CLIP50_linear_ridge,2,-0.02282806431247142,-0.13929734129137275,-0.14952578353039123
CLIP50_linear_ridge,3,-0.16637832292268828,-0.2660607704829083,-0.2885701201153349
CLIP50_linear_ridge,4,-0.020747191182046265,-0.1931497558328812,-0.14365378243633556
CLIP50_linear_ridge,5,-0.05958528926680828,-0.17501356483993488,-0.20790839306786355
CLIP50_linear_ridge,6,-0.0659917743918792,-0.3093054801953337,-0.3472422639069867
CLIP50_linear_ridge,7,-0.03343229034451789,-0.02013022246337493,-0.07124052146903723
CLIP50_linear_ridge,8,-0.07533441905308647,-0.25568366793271835,-0.2685040724487889
CLIP50_linear_ridge,9,0.06181878534168239,0.28347802495930546,0.26389844127209533
CLIP50_linear_ridge,10,-0.021440489597803092,-0.1175257731958763,-0.19763749553384366
CLIP50_linear_ridge,11,-0.0969722878693815,-0.17013022246337495,-0.21112138794132745
CLIP50_linear_ridge,12,-0.03349545400137921,-0.17372490504612048,-0.13037342760368906
CLIP50_linear_ridge,13,-0.07002387888552142,-0.08662506782419967,-0.14385350794197246
CLIP50_linear_ridge,14,-0.02716409122065344,-0.24019262072707542,-0.22448309283677886
CLIP50_linear_ridge,15,-0.05197268902000807,-0.19533369506239823,-0.2191217796271249
CLIP50_linear_ridge,16,-0.03780777426611892,-0.16284590341833965,-0.20733077942450795
CLIP50_linear_ridge,17,-0.0276532006437058,-0.22868963646228974,-0.2707054203422061
CLIP50_linear_ridge,18,-0.03329244804133591,0.012330439500813889,-0.07508956834644148
CLIP50_linear_ridge,19,-0.04719740354734503,-0.17251763429191533,-0.24125602756188402
CLIP50_linear_ridge,20,-0.03333793113119743,-0.0846581660336408,-0.12339251355639949
CLIP50_linear_ridge,21,-0.0015575682174693295,-0.007243624525230602,-0.04297517808028011
CLIP50_linear_ridge,22,0.0179734524193097,0.09796527400976666,0.1347554850160151
CLIP50_linear_ridge,23,-0.01548128849021091,-0.1969614758545849,-0.17636213790392224
CLIP50_linear_ridge,24,-0.06807721047695314,-0.36364622897449805,-0.38406649519587593
CLIP50_linear_ridge,25,-0.0179684037211576,0.01418882257189365,-0.0211104506284905
CLIP50_linear_ridge,26,-0.0017849434007872755,0.0952794357026587,0.12572104756108546
CLIP50_linear_ridge,27,-0.08390167951596594,-0.3329761258817146,-0.3815820404917763
CLIP50_linear_ridge,28,-0.07607906808095644,0.007555615843733044,-0.023283504788569685
CLIP50_linear_ridge,29,-0.02304274083308555,-0.14716494845360828,-0.2073617931479449
CLIP50_linear_ridge,30,-0.03245381061849062,-0.2913185024416712,-0.24034460946882608
CLIP50_linear_ridge,31,-0.057299360634410546,-0.06656266956049918,-0.025054805528630854
CLIP50_linear_ridge,32,-0.05001597024038351,-0.04804666304937602,-0.03817390607167716
CLIP50_linear_ridge,33,-0.06285620554138838,-0.14275637547476938,-0.1606325442309748
CLIP50_linear_ridge,34,-0.03585938092485441,-0.18071079761258815,-0.22146758558184038
CLIP50_linear_ridge,35,-0.022977683884233047,-0.03240640260444926,-0.08005088255768968
CLIP50_linear_ridge,36,-0.016637017271787125,-0.12239555073250134,-0.16973956163858045
CLIP50_linear_ridge,37,-0.03743295285331172,-0.277075420510038,-0.25773131484017814
CLIP50_linear_ridge,38,-0.02610746125802632,-0.021513836136733588,-0.04859495875652877
CLIP50_linear_ridge,39,-0.0537183722456247,-0.26063483450895275,-0.27498990260928924
CLIP50_linear_ridge,40,-0.033398785476955295,-0.2652333152468801,-0.2473784899439197
CLIP50_linear_ridge,41,-0.0506266180230579,-0.2854177970699946,-0.2922811458760421
CLIP50_linear_ridge,42,-0.02876406740045767,-0.23981280520889853,-0.22780270697855742
CLIP50_linear_ridge,43,-0.04010980252847163,-0.10040694519804667,-0.11995497943666779
CLIP50_linear_ridge,44,-0.03009793664838667,-0.20508681497558326,-0.201688841335358
CLIP50_linear_ridge,45,-0.017970522172692682,-0.1553309820944113,-0.1870186100268729
CLIP50_linear_ridge,46,-0.04209324135284498,-0.15698589256646772,-0.1886435165785769
CLIP50_linear_ridge,47,-0.03991315038745458,-0.20645686380900707,-0.15502113935870238
CLIP50_linear_ridge,48,-0.041313973342597565,-0.10876288659793813,-0.21135064350708832
CLIP50_linear_ridge,49,-0.0449761838363445,-0.2249864351600651,-0.18463806454789927
CLIP50_linear_ridge,50,-0.026338195071938353,-0.21500271296798698,-0.16206705147468994
CLIP50_linear_ridge,51,-0.013732688654304326,-0.17873033098209443,-0.17153439571355616
CLIP50_linear_ridge,52,-0.16837542707936537,-0.22783505154639172,-0.2624768868758843
CLIP50_linear_ridge,53,-0.02698820637457988,-0.18383071079761257,-0.18398387319932674
CLIP50_linear_ridge,54,-0.062079816771350105,-0.2539880629408573,-0.33964007815868424
CLIP50_linear_ridge,55,-0.04319666154233048,-0.09397721106890938,-0.15650059732097618
CLIP50_linear_ridge,56,-0.05567197376373323,-0.1285132935431362,-0.15080824041332697
CLIP50_linear_ridge,57,-0.040378254987738726,-0.2855805751492132,-0.27028066612926427
CLIP50_linear_ridge,58,-0.045217651387879254,-0.146825827455236,-0.19734592876165716
CLIP50_linear_ridge,59,-0.02267443068772912,-0.009210526315789475,0.023710645471947456
CLIP50_linear_ridge,60,-0.0595797456901388,-0.24385512750949537,-0.17662079687408586
CLIP50_linear_ridge,61,-0.08712301099067266,-0.14852143244709712,-0.21036346648723897
CLIP50_linear_ridge,62,-0.037332405638632826,-0.2866928920238741,-0.2751553902617136
CLIP50_linear_ridge,63,-0.03623453115698383,-0.019112859468258272,-0.011357472465039792
CLIP50_linear_ridge,64,-0.0235598420823655,-0.24065382528486168,-0.21574175380279603
CLIP50_linear_ridge,65,-0.02721087718250259,0.12712967986977752,0.11034541073935478
CLIP50_linear_ridge,66,-0.015588066241289056,0.06467715680954965,0.034982386181604305
CLIP50_linear_ridge,67,-0.017302798886950965,-0.1555344546934346,-0.17911132975207858
CLIP50_linear_ridge,68,-0.012763069847880892,-0.03243353228431905,0.005356725099613782
CLIP50_linear_ridge,69,-0.02687819309631201,-0.12268041237113403,-0.12287048252745382
CLIP50_linear_ridge,70,-0.0155698076313604,-0.14645957677699403,-0.09645029705839078
CLIP50_linear_ridge,71,-0.0339704904727014,-0.2330846446011937,-0.24995724513898226
CLIP50_linear_ridge,72,-0.029802290540351217,-0.17170374389582205,-0.22113519412190313
CLIP50_linear_ridge,73,-0.08786757297202707,-0.32679055887140535,-0.37871744859592654
CLIP50_linear_ridge,74,-0.03597035419738681,-0.28126695604991864,-0.2571041408272393
CLIP50_linear_ridge,75,-0.032767655160175435,-0.22497287032013022,-0.20057718580440254
CLIP50_linear_ridge,76,-0.040389282812762106,-0.08343733043950081,-0.08936670838116824
CLIP50_linear_ridge,77,-0.04110311419338197,-0.23954150841020078,-0.19883867945392739
CLIP50_linear_ridge,78,-0.0328639361085421,-0.15995659251220834,-0.21572697641845223
CLIP50_linear_ridge,79,-0.028471471634041512,-0.19510309278350516,-0.21470746867403345
CLIP50_linear_ridge,80,-0.06556137841782683,-0.1411964188822572,-0.14954451415944814
CLIP50_linear_ridge,81,-0.07220395428413995,-0.20838307107976126,-0.22672855954788834
CLIP50_linear_ridge,82,-0.029749468747635843,-0.19424850786760714,-0.24012555252661202
CLIP50_linear_ridge,83,-0.08161618469632126,-0.035960390667390124,-0.11173497072062658
CLIP50_linear_ridge,84,-0.09543479467382787,0.17464731416169288,0.020363271203980224
CLIP50_linear_ridge,85,-0.036283101758029845,-0.10811177428106349,-0.21340876339162015
CLIP50_linear_ridge,86,-0.0572469852303199,-0.3235078676071622,-0.2770618780245644
CLIP50_linear_ridge,87,0.012194639481558078,0.08673358654367878,0.1167350133165935
CLIP50_linear_ridge,88,-0.033191200467429516,-0.23556701030927832,-0.24592037324281646
CLIP50_linear_ridge,89,-0.051397186099156,-0.05204829083016821,-0.09134292847478617
CLIP50_linear_ridge,90,-0.14009597533921436,-0.013252848616386325,0.05676429370663329
CLIP50_linear_ridge,91,-0.11914824727362316,-0.04336679327183939,-0.029292916788831606
CLIP50_linear_ridge,92,-0.06658297407140523,-0.3256918068366793,-0.372811351846016
CLIP50_linear_ridge,93,-0.01583355659769814,-0.20450352685838308,-0.18383552010869886
CLIP50_linear_ridge,94,-0.04397424966287433,-0.1804259359739555,-0.24953033929787158
CLIP50_linear_ridge,95,-0.028905337680770415,-0.19021975040694517,-0.23176572057061223
CLIP50_linear_ridge,96,0.03016099702017383,0.2279978296256104,0.2011578699674093
CLIP50_linear_ridge,97,0.003224812480617456,0.2014514378730331,0.18067276404871596
CLIP50_linear_ridge,98,-0.055681200355987226,-0.284753119913185,-0.2872086136758307
CLIP50_linear_ridge,99,0.09405031499079441,0.3395957677699403,0.3074690390789795
CLIP50_linear_ridge,100,-0.044793447617898385,-0.28039880629408576,-0.293656593744571
CLIP50_linear_ridge,101,-0.018190011583315346,-0.16108247422680413,-0.09078474734920966
CLIP50_linear_ridge,102,-0.07012474104915278,-0.10721649484536083,-0.03661436408882088
CLIP50_linear_ridge,103,-0.021642095317978116,-0.03993488876831253,-0.07111077705461138
CLIP50_linear_ridge,104,-0.017246711881432786,-0.1626966901790559,-0.18349727028684668
CLIP50_linear_ridge,105,-0.05796341194210597,-0.04134563212154096,-0.04254863442187291
CLIP50_linear_ridge,106,-0.03401215231309829,-0.22954422137818778,-0.24577883916829846
CLIP50_linear_ridge,107,-0.029876145286792832,-0.22352143244709713,-0.23382270024525653
CLIP50_linear_ridge,108,-0.010034588576754322,-0.214026044492675,-0.14769572852595092
CLIP50_linear_ridge,109,-0.032368772636102605,-0.2090477482365708,-0.2421897844581032
CLIP50_linear_ridge,110,-0.014954683037146532,-0.1771568095496473,-0.17608177740166725
CLIP50_linear_ridge,111,-0.06277957298113912,0.16950623982637006,0.09623645343647318
CLIP50_linear_ridge,112,-0.04483444174767892,-0.29072164948453605,-0.296139941286488
CLIP50_linear_ridge,113,-0.030523828339275028,0.030425935973955508,0.010736751528955576
CLIP50_linear_ridge,114,-0.02233714275241616,-0.23123982637004883,-0.20814954819201031
CLIP50_linear_ridge,115,-0.041080903515601674,0.010892566467715682,-0.038566949667439655
CLIP50_linear_ridge,116,-0.01611424764154834,-0.15373033098209443,-0.16680020346312524
CLIP50_linear_ridge,117,0.051958003326435076,0.27966630493760175,0.2286234018521813
CLIP50_linear_ridge,118,-0.07154118243034624,-0.2074606619641888,-0.1370392504182958
CLIP50_linear_ridge,119,-0.09341845764512402,-0.2299240368963646,-0.2317387416621531
CLIP50_linear_ridge,120,-0.12068693212410397,-0.04024688008681498,-0.08699200183156108
CLIP50_linear_ridge,121,-0.03709251195040775,-0.2818638090070537,-0.26262159526391665
CLIP50_linear_ridge,122,-0.03411665929848495,-0.21600651112316874,-0.24776361459273666
CLIP50_linear_ridge,123,9.058834299313645e-05,0.07829625610417797,0.11863018951806788
CLIP50_linear_ridge,124,-0.034427766841407026,-0.2660336408030385,-0.32210890901440975
CLIP50_linear_ridge,125,-0.01902251311999148,-0.16705100379815516,-0.20638248732740788
CLIP50_linear_ridge,126,-0.028645400944144583,-0.13574335322843192,-0.12670896994333694
CLIP50_linear_ridge,127,-0.021037338028842,-0.23095496473141616,-0.21121002936015648
CLIP50_linear_ridge,128,-0.030140143076639037,-0.1473277265328269,-0.21658595124906138
CLIP50_linear_ridge,129,-0.03824935522474626,0.05691806836679327,-0.015345423318313484
CLIP50_linear_ridge,130,-0.08771400171536436,-0.14706999457406403,-0.17522059971589327
CLIP50_linear_ridge,131,-0.048790850804681485,-0.1397449810092241,-0.21886307724117865
CLIP50_linear_ridge,132,-0.13862569971903405,-0.07798426478567554,-0.09900542742936559
CLIP50_linear_ridge,133,-0.04851712289073551,-0.2529028757460662,-0.26407944575087355
CLIP50_linear_ridge,134,-0.028476402825455382,-0.21257460661964186,-0.2350512536343845
CLIP50_linear_ridge,135,-0.02185300992397532,-0.17689907759088444,-0.12435311069189237
CLIP50_linear_ridge,136,-0.044336981012184085,-0.1864487249050461,-0.25364371617370257
CLIP50_linear_ridge,137,-0.041537517814731695,-0.16458220293000542,-0.2672793921941876
CLIP50_linear_ridge,138,-0.025389682102371358,-0.18000542593597396,-0.21299422636986692
CLIP50_linear_ridge,139,-0.07677652386745382,-0.18240640260444926,-0.16532397139312716
CLIP50_linear_ridge,140,-0.0789852841048373,-0.33151112316874665,-0.3419063530674883
CLIP50_linear_ridge,141,-0.00997863340846794,0.14610689093868695,0.09101142635094676
CLIP50_linear_ridge,142,-0.04336846514435799,-0.08520075963103635,-0.15186438941089658
CLIP50_linear_ridge,143,-0.06756193029014113,-0.25018990775908845,-0.2917825189046101
CLIP50_linear_ridge,144,-0.02707436638665306,-0.23811720021703744,-0.23153479369046065
CLIP50_linear_ridge,145,-0.035559279636233176,-0.0954150841020076,-0.13349278594162434
CLIP50_linear_ridge,146,-0.09772093124886494,-0.3631850244167119,-0.33402338740300697
CLIP50_linear_ridge,147,-0.01363155558656981,-0.17072707542051005,-0.1750296861327733
CLIP50_linear_ridge,148,-0.014446716177271668,-0.1739826370048833,-0.16864981072447893
CLIP50_linear_ridge,149,0.06823250926831781,0.2856755290287574,0.26276793965519823
CLIP50_linear_ridge,150,-0.03857944741701558,-0.19275637547476937,-0.1917058260679901
CLIP50_linear_ridge,151,-0.19098224798117847,-0.1253526858383071,-0.19200696300857276
CLIP50_linear_ridge,152,-0.07623953099406489,-0.13412913727618014,-0.2087154332771356
CLIP50_linear_ridge,153,-0.08560755918394936,-0.2315111231687466,-0.2406319664946931
CLIP50_linear_ridge,154,-0.02817628457840682,-0.27025230602278894,-0.2304539486760327
CLIP50_linear_ridge,155,-0.04117253987212832,-0.11814975583288118,-0.17804195851838778
CLIP50_linear_ridge,156,0.08604296079081708,0.24424850786760718,0.2947026987554664
CLIP50_linear_ridge,157,-0.02646518508104667,-0.21108247422680412,-0.19110053754874015
CLIP50_linear_ridge,158,-0.031951478269389044,-0.30775908844275635,-0.2550551507411996
CLIP50_linear_ridge,159,-0.022247293926014988,0.10492403689636462,-0.02902969808608598
CLIP50_linear_ridge,160,-0.0802932281452009,-0.12394194248507867,-0.15734143978919843
CLIP50_linear_ridge,161,-0.03753916862140838,-0.13526858383071078,-0.1442636951904433
CLIP50_linear_ridge,162,-0.012886706120948554,-0.16658979924036899,-0.15796032316071387
CLIP50_linear_ridge,163,-0.017029013503689905,-0.05496473141616929,0.014554747399845663
CLIP50_linear_ridge,164,-0.04317234065840014,-0.2889446554530657,-0.288148759736055
CLIP50_linear_ridge,165,0.004221422101245209,0.20465274009766687,0.19774965571870673
CLIP50_linear_ridge,166,-0.022370301497043776,-0.30826098752034725,-0.21286441513036522
CLIP50_linear_ridge,167,-0.06478424328699295,0.001587086272381986,-0.06784251677425582
CLIP50_linear_ridge,168,-0.07057441927158181,-0.18397992403689636,-0.10218503362172197
CLIP50_linear_ridge,169,-0.0533694514761629,0.03555344546934346,0.017708106128584977
CLIP50_linear_ridge,170,-0.015419095165368324,0.19919967444384154,0.16727218947966097
CLIP50_linear_ridge,171,-0.022174246702477918,-0.21018719479110146,-0.20038004289388836
CLIP50_linear_ridge,172,-0.032531402399460285,-0.21066196418882258,-0.2500407908756671
CLIP50_linear_ridge,173,-0.04980697901485853,-0.17255832881172,-0.18862006828813863
CLIP50_linear_ridge,174,-0.08901601974838136,-0.1055615843733044,-0.13678699171146155
CLIP50_linear_ridge,175,-0.028903973053211462,-0.10276722734671731,-0.11641772709260538
CLIP50_linear_ridge,176,-0.02056016733167909,-0.2106348345089528,-0.19822816051973807
CLIP50_linear_ridge,177,-0.04996151468764776,-0.28688279978296255,-0.2779946435535583
CLIP50_linear_ridge,178,-0.022330014366245488,0.051817688551275096,0.06507871822943524
CLIP50_linear_ridge,179,-0.004080028806171088,-0.045293000542593595,-0.0909530502476815
CLIP50_linear_ridge,180,-0.005279125505915028,-0.0797069994574064,-0.11502124759202051
CLIP50_linear_ridge,181,-0.028464916314587585,-0.23303038524145417,-0.2325691385014461
CLIP50_linear_ridge,182,-0.03787191446568294,-0.30092240911557244,-0.2689771879749273
CLIP50_linear_ridge,183,-0.021181349293656337,-0.2729381443298969,-0.20588383695249782
CLIP50_linear_ridge,184,-0.049058457893566,-0.20929191535539882,-0.2617394369070969
CLIP50_linear_ridge,185,-0.1276656174449451,-0.3970157352143245,-0.46040902609366496
CLIP50_linear_ridge,186,-0.02593440115776735,-0.24621540965816605,-0.23871657467115276
CLIP50_linear_ridge,187,-0.04756210457736265,-0.0335729788388497,-0.0009194601967506058
CLIP50_linear_ridge,188,-0.03090203452597562,-0.19700217037438958,-0.21978488479446825
CLIP50_linear_ridge,189,-0.014089863914357847,-0.1664134563212154,-0.1653606295101501
CLIP50_linear_ridge,190,-0.036200960975639296,-0.21513836136733586,-0.23380115967223442
CLIP50_linear_ridge,191,-0.04411324837506725,-0.13377645143787303,-0.14637382161736295
CLIP50_linear_ridge,192,-0.016896617648884726,-0.13739826370048833,-0.20427438942470216
CLIP50_linear_ridge,193,-0.05180191566877945,-0.10173629951166577,-0.199485258953022
CLIP50_linear_ridge,194,-0.07098534387096822,-0.16298155181768856,-0.16112360795668662
CLIP50_linear_ridge,195,-0.04629207752669795,-0.21439229517091696,-0.23261687341322598
CLIP50_linear_ridge,196,-0.04300752007282238,-0.2210526315789474,-0.22684051135461838
CLIP50_linear_ridge,197,-0.12074205599930021,-0.16443298969072165,-0.19420414521115406
CLIP50_linear_ridge,198,-0.019548098586168683,-0.17193434617471512,-0.19265198652664028
CLIP50_linear_ridge,199,-0.023111167539790367,-0.21218122626153013,-0.20591442188997489
CLIP50_linear_ridge,200,-0.006385907099287991,-0.053676071622354854,-0.08274091523981034
CLIP50_linear_ridge,201,-0.039271602225115165,-0.15645686380900706,-0.12298161778825101
CLIP50_linear_ridge,202,0.004949522994733724,0.17358925664677155,0.13952422393001224
CLIP50_linear_ridge,203,-0.035977501586969884,-0.2704150841020076,-0.26368543319628834
CLIP50_linear_ridge,204,-0.12218183190616538,0.033098209441128595,-0.07122436210606749
CLIP50_linear_ridge,205,-0.06458274073965775,-0.1733043950081389,-0.10493595910165293
CLIP50_linear_ridge,206,-0.02590611183075997,-0.12797069994574062,-0.08522774057022403
CLIP50_linear_ridge,207,-0.019677056563329298,-0.14135919696147586,-0.1921045446479305
CLIP50_linear_ridge,208,-0.01002571039773592,-0.13898534997287032,-0.13273419892264962
CLIP50_linear_ridge,209,-0.026842102388564326,-0.23247422680412372,-0.23217499451483853
CLIP50_linear_ridge,210,-0.020286067945872288,-0.07946283233857841,-0.1304453058416502
CLIP50_linear_ridge,211,-0.004771453466854814,-0.18041237113402062,-0.1365480456393974
CLIP50_linear_ridge,212,-0.009628251697776369,0.015151926207270754,0.07724037002769579
CLIP50_linear_ridge,213,-0.06852308754412673,-0.07107976125881714,-0.08408853462037583
CLIP50_linear_ridge,214,0.03287724386040691,0.21705100379815517,0.23275233788468974
CLIP50_linear_ridge,215,-0.028968392282487487,-0.3399213239283776,-0.26671612125093547
CLIP50_linear_ridge,216,-0.04887428564989382,-0.16526044492674985,-0.17198159091283738
CLIP50_linear_ridge,217,-0.022758970479951124,-0.1809007053716766,-0.22046352757848095
CLIP50_linear_ridge,218,-0.056256260153813464,0.026383613673358654,-0.049962170930585324
CLIP50_linear_ridge,219,-0.008391638372810872,0.054354313619099294,0.03336017088052648
CLIP50_linear_ridge,220,-0.03583086095147592,-0.22577319587628863,-0.20210558152948452
CLIP50_linear_ridge,221,-0.016500745281495144,-0.22698046663049376,-0.1779378401758731
CLIP50_linear_ridge,222,-0.02478603229554266,-0.2182718393922952,-0.21009383535115156
CLIP50_linear_ridge,223,-0.033012005486814155,-0.26172002170374387,-0.2507981580547274
CLIP50_linear_ridge,224,-0.008475334145573221,-0.05244167118827998,-0.10335842177705987
CLIP50_linear_ridge,225,-0.05147344033962553,-0.12098480737927292,-0.16219317300254762
CLIP50_linear_ridge,226,-0.031399273020059404,-0.18746608790016275,-0.23632717749917564
CLIP50_linear_ridge,227,-0.09256016095442665,-0.10333695062398264,-0.18001678731876608
CLIP50_linear_ridge,228,-0.0013067930505981096,0.06969614758545849,0.04094797242723726
CLIP50_linear_ridge,229,-0.061909495219293786,-0.3175800325556158,-0.32673538218153697
CLIP50_linear_ridge,230,-0.06644660969375793,-0.23075149213239285,-0.24476937203371632
CLIP50_linear_ridge,231,-0.036048578708752776,-0.2717308735756918,-0.2535754372732306
CLIP50_linear_ridge,232,-0.019493038294307263,0.027007596310363535,0.040097314363647225
CLIP50_linear_ridge,233,-0.052167004490608626,-0.23208084644601193,-0.25347922771878084
CLIP50_linear_ridge,234,-0.05771234598186781,-0.06299511665762345,-0.09442366625838411
CLIP50_linear_ridge,235,-0.028005025868755862,-0.24739555073250136,-0.23238043530476168
CLIP50_linear_ridge,236,-0.028349943759227836,-0.09921323928377644,-0.11069903377081464
CLIP50_linear_ridge,237,-0.020035383278048213,-0.17669560499186107,-0.14358583553213763
CLIP50_linear_ridge,238,-0.021999730516164773,-0.21976397178513293,-0.19988996040262738
CLIP50_linear_ridge,239,-0.008475810850532284,-0.15259088442756377,-0.12889254926818883
CLIP50_linear_ridge,240,-0.019196454662975038,-0.19993217580032555,-0.16746785932777247
CLIP50_linear_ridge,241,-0.02584706779489543,-0.04919967444384156,-0.02159146080620917
CLIP50_linear_ridge,242,0.008123501212757844,0.15697232772653283,0.12802378495766523
CLIP50_linear_ridge,243,-0.006449077378372303,0.07447097124253933,0.08569374965074601
CLIP50_linear_ridge,244,-0.08358052876665267,0.019194248507867606,-0.1774077988796207
CLIP50_linear_ridge,245,-0.029675977388411656,-0.23967715680954965,-0.2433228460178663
CLIP50_linear_ridge,246,-0.029904840031615754,-0.2382664134563212,-0.2404980387367653
CLIP50_linear_ridge,247,-0.008336640669663442,-0.14331253391209983,-0.13917018608898366
CLIP50_linear_ridge,248,-0.10126325779239509,-0.17892023874118285,-0.11146938806264639
CLIP50_linear_ridge,249,-0.047852740881570544,-0.12174443841562671,-0.03876962234837637
CLIP50_linear_ridge,250,-0.07797155376570064,-0.293773738469886,-0.3037901404514408
CLIP50_linear_ridge,251,-0.02088151452065068,0.001112316874660879,-0.013502859746829965
CLIP50_linear_ridge,252,-0.03613433321708359,-0.13182311448724907,-0.1216995411082206
CLIP50_linear_ridge,253,-0.012848678098649868,-0.1348887683125339,-0.1495284378901103
CLIP50_linear_ridge,254,-0.033010423045510606,-0.17418610960390665,-0.2567956059872998
CLIP50_linear_ridge,255,-0.01734542207677392,-0.1467308735756918,-0.18601706812973862
CLIP50_linear_ridge,256,-0.06551427630819884,-0.20078676071622356,-0.26062496522131157
CLIP50_linear_ridge,257,-0.019425119698897042,-0.14271568095496473,-0.18511032784114695
CLIP50_linear_ridge,258,-0.020136236605777125,-0.15340477482365708,-0.12085698222333494
CLIP50_linear_ridge,259,-0.06429791387321071,-0.2718936516549105,-0.27688513202159076
CLIP50_linear_ridge,260,-0.03007451048976928,-0.10111231687466088,-0.20321228402758854
CLIP50_linear_ridge,261,-0.03456445679132947,-0.01102821486706457,-0.005357288201116212
CLIP50_linear_ridge,262,-0.016742681799823744,-0.1953879544221378,-0.18835508668856907
CLIP50_linear_ridge,263,-0.03145050126803883,-0.22973412913727617,-0.24639422926980353
CLIP50_linear_ridge,264,-0.034059682936582014,-0.2697911014650027,-0.27471066020957363
CLIP50_linear_ridge,265,-0.026247473199542126,-0.16295442213781874,-0.1940871464746137
CLIP50_linear_ridge,266,-0.025733871187123336,-0.07790287574606619,-0.14165719906944285
CLIP50_linear_ridge,267,-0.018401032180856314,-0.1699131850244167,-0.19133083253438252
CLIP50_linear_ridge,268,-0.04567258789239692,-0.03662506782419967,-0.1338806687574473
CLIP50_linear_ridge,269,-0.01983089085720935,-0.1943977211068909,-0.1941870360472049
CLIP50_linear_ridge,270,-0.03866234842509808,-0.21935702658708628,-0.26620224094102674
CLIP50_linear_ridge,271,-0.04514928144199426,-0.12443027672273467,-0.19092373417318287
CLIP50_linear_ridge,272,-0.0596111479982282,-0.17917797069994573,-0.28110574014976986
CLIP50_linear_ridge,273,-0.04927641922252657,-0.13857840477482367,-0.10641675355798905
CLIP50_linear_ridge,274,-0.028639994558955717,-0.19924036896364622,-0.22813029881654345
CLIP50_linear_ridge,275,-0.037352615241117215,-0.051519262072707545,-0.06720448786412528
CLIP50_linear_ridge,276,-0.047274289384731105,-0.14126424308193164,-0.1642513823773026
CLIP50_linear_ridge,277,-0.027760525093141863,-0.17411828540423221,-0.2129982309910866
CLIP50_linear_ridge,278,-0.021571532727062026,0.033640803038524146,-0.006917382805387456
CLIP50_linear_ridge,279,0.04367153195890283,0.19753119913185024,0.22095241901051
CLIP50_linear_ridge,280,-0.015725671838961564,0.036801410743353226,-0.017608531666966104
CLIP50_linear_ridge,281,-0.01120067508709277,0.024362452523060227,0.05388968889281372
CLIP50_linear_ridge,282,-0.021310283847208344,-0.1701437873033098,-0.17448631615309013
CLIP50_linear_ridge,283,-0.027836568751678836,-0.1469614758545849,-0.15796233969316223
CLIP50_linear_ridge,284,-0.06628717889225366,-0.3048155181768855,-0.2778519467249666
CLIP50_linear_ridge,285,-0.022366962962810044,-0.03575691806836679,0.003601329361579572
CLIP50_linear_ridge,286,-0.039054247464269,-0.20214324470971243,-0.19690235641675774
CLIP50_linear_ridge,287,-0.03808717719368748,-0.1596581660336408,-0.11747325984942936
CLIP50_linear_ridge,288,-0.05465242189063324,-0.20341833966359196,-0.19507479885939236
CLIP50_linear_ridge,289,-0.03589131882875751,-0.14313619099294628,-0.15811024666297133
CLIP50_linear_ridge,290,0.06681818879914914,0.36246608790016277,0.26763634363218486
CLIP50_linear_ridge,291,-0.050510467029441175,-0.18760173629951163,-0.21250700176268209
CLIP50_linear_ridge,292,-0.06713477841770055,-0.2233450895279436,-0.29363780072702855
CLIP50_linear_ridge,293,-0.021176143484856746,0.12259902333152468,0.06289761091774565
CLIP50_linear_ridge,294,-0.02299937250038564,-0.12353499728703202,-0.18962988486545693
CLIP50_linear_ridge,295,-0.10118990964887042,-0.12456592512208356,-0.2170598938067848
CLIP50_linear_ridge,296,-0.04406090562120002,-0.2712696690179056,-0.2693202073823714
CLIP50_linear_ridge,297,-0.05729412756412233,-0.253784590341834,-0.317506677443115
CLIP50_linear_ridge,298,-0.028624062501594993,-0.1404774823657081,-0.17433570213438265
CLIP50_linear_ridge,299,-0.06501288554464324,-0.17320944112859468,-0.21874422422649636
CLIP50_linear_ridge,300,-0.05886310080879231,-0.2743488876831253,-0.30913297968264947
CLIP50_linear_ridge,301,-0.035035108822784045,-0.15903418339663591,-0.1287898790811473
CLIP50_linear_ridge,302,-0.10381520190156035,-0.2143380358111774,-0.28826931640121556
CLIP50_linear_ridge,303,-0.11413815914281211,-0.26087900162778077,-0.26343053654004556
CLIP50_linear_ridge,304,0.013431584928989881,0.10514107433532284,0.1267883307311151
CLIP50_linear_ridge,305,-0.020422013972538178,-0.056348345089527935,-0.0472584505184119
CLIP50_linear_ridge,306,-0.052007347860287156,-0.20826098752034725,-0.24221593574962264
CLIP50_linear_ridge,307,0.008327303212952497,0.15908844275637546,0.1786878073983854
CLIP50_linear_ridge,308,-0.04614681052398528,-0.2889853499728703,-0.2983717333819309
CLIP50_linear_ridge,309,-0.010449651723157372,-0.05383884970157352,-0.09087680659113823
CLIP50_linear_ridge,310,-0.09141595793382873,-0.26550461204557785,-0.2973377528185013
CLIP50_linear_ridge,311,-0.033992786286151544,-0.19111502984264786,-0.20744525017177015
CLIP50_linear_ridge,312,-0.06133265110328967,-0.14835865436787843,-0.15693983863264818
CLIP50_linear_ridge,313,-0.011660551230819216,0.029096581660336407,0.0328458015184902
CLIP50_linear_ridge,314,-0.07150140317023346,-0.1735214324470971,-0.1681883484687994
CLIP50_linear_ridge,315,-0.040924414688835675,-0.031172002170374392,-0.017226503889119185
CLIP50_linear_ridge,316,-0.058457571169361566,-0.3067824199674444,-0.3201675533035667
CLIP50_linear_ridge,317,-0.052212539504629785,-0.17712967986977754,-0.20002226728569278
CLIP50_linear_ridge,318,-0.06075439333803545,-0.23228431904503527,-0.29317965216315084
CLIP50_linear_ridge,319,-0.0498415848678071,-0.21010580575149213,-0.2835567517358358
CLIP50_linear_ridge,320,-0.05960003666561842,-0.14907759088442754,-0.17871805296909454
CLIP50_linear_ridge,321,-0.035314742537363886,-0.261584373304395,-0.256022141665982
CLIP50_linear_ridge,322,-0.018509187372443447,-0.13029028757460662,-0.1728745420521547
CLIP50_linear_ridge,323,-0.038531173571822785,-0.28591969614758544,-0.2674192329739691
CLIP50_linear_ridge,324,-0.0184650287615733,-0.1441806836679327,-0.17597840100029033
CLIP50_linear_ridge,325,-0.039788330613664824,-0.3097802495930548,-0.2717517544831407
CLIP50_linear_ridge,326,-0.017398431948957516,-0.13704557786218124,-0.1456411652731755
CLIP50_linear_ridge,327,-0.02168939284362259,-0.20333695062398263,-0.20843990162519452
CLIP50_linear_ridge,328,-0.04048413727694733,-0.2792322300596853,-0.27459620534103546
CLIP50_linear_ridge,329,-0.07093841286932823,-0.19666304937601736,-0.2289477392330162
CLIP50_linear_ridge,330,-0.021320080984943646,-0.16393109061313074,-0.19672829480301737
CLIP50_linear_ridge,331,-0.022436969717301913,-0.16030927835051545,-0.19766296890062338
CLIP50_linear_ridge,332,-0.04882820082423733,-0.1485621269669018,-0.2255826145888995
CLIP50_linear_ridge,333,-0.04588150756328724,-0.24271568095496474,-0.2881341155633097
CLIP50_linear_ridge,334,-0.038099152303711525,-0.1671459576776994,-0.13026395856081238
CLIP50_linear_ridge,335,-0.060963196669874486,-0.20249593054801954,-0.1912029006280146
CLIP50_linear_ridge,336,-0.03449409095159184,-0.2228296256104178,-0.18331316197227188
CLIP50_linear_ridge,337,-0.022046501433602428,-0.17230059685295715,-0.19686846774465686
CLIP50_linear_ridge,338,-0.029375227632141954,-0.20081389039609335,-0.23825980272240596
CLIP50_linear_ridge,339,-0.07730886986993157,-0.1071486706456864,-0.15704906764225368
CLIP50_linear_ridge,340,-0.04160675913382561,-0.222924579489962,-0.17064564153679534
CLIP50_linear_ridge,341,-0.045326291795966034,-0.27215138361367336,-0.2459012512874381
CLIP50_linear_ridge,342,-0.02732141283144318,-0.07097124253933804,-0.038879159276974586
CLIP50_linear_ridge,343,-0.0064810347972901194,-0.16892295170916985,-0.13672252477618785
CLIP50_linear_ridge,344,-0.012561666082749001,-0.18852414541508408,-0.16651655485165923
CLIP50_linear_ridge,345,-0.08749266935616018,-0.06996744438415625,-0.04910561666026876
CLIP50_linear_ridge,346,-0.04515063111127837,-0.1419017905588714,-0.2534095101014131
CLIP50_linear_ridge,347,-0.05421003866224061,-0.09234943027672274,-0.09728019930228651
CLIP50_linear_ridge,348,-0.007145796644133284,-0.10217037438958221,-0.13257397282009387
CLIP50_linear_ridge,349,-0.03579176768985248,-0.24618827997829623,-0.2465747315009795
CLIP50_linear_ridge,350,-0.041484591056518694,-0.30018990775908844,-0.27840467648700706
CLIP50_linear_ridge,351,-0.06409128403824904,-0.06526044492674987,-0.1270550572658648
CLIP50_linear_ridge,352,-0.03912285173258989,-0.25983450895279436,-0.2818120662271185
CLIP50_linear_ridge,353,-0.04906022804214527,0.0074877916440586004,-0.08825470739309355
CLIP50_linear_ridge,354,-0.04314498821019108,-0.23638090070537168,-0.2776713549903743
CLIP50_linear_ridge,355,-0.022751725627875308,-0.19906402604449266,-0.2156943875495744
CLIP50_linear_ridge,356,-0.04278628795645045,-0.2692213781877374,-0.2608758636912263
CLIP50_linear_ridge,357,-0.046201541415483494,-0.031443298969072164,-0.06293388510243439
CLIP50_linear_ridge,358,-0.041783946927144155,-0.20668746608790015,-0.265157282885636
CLIP50_linear_ridge,359,-0.009828077631412357,-0.15697232772653283,-0.13205687711222527
CLIP50_linear_ridge,360,-0.007540903497466278,0.06227618014107433,0.06570151986026007
CLIP50_linear_ridge,361,-0.018484887725522592,-0.16140803038524143,-0.19329732866990262
CLIP50_linear_ridge,362,-0.0236865946730207,0.08473955507325014,0.07095519366012529
CLIP50_linear_ridge,363,-0.06850235016552819,-0.11098752034725991,-0.2133726562921104
CLIP50_linear_ridge,364,-0.038409625703754724,-0.3939772110689094,-0.2722849520127526
CLIP50_linear_ridge,365,-0.020302648980841553,-0.08360010851871949,-0.14095265206998814
CLIP50_linear_ridge,366,-0.041149967467542625,-0.11821758003255561,-0.1097587464390504
CLIP50_linear_ridge,367,-0.03443773482589951,-0.28731687466087896,-0.284456170960234
CLIP50_linear_ridge,368,-0.04595422403849381,-0.21502984264785677,-0.2038110094877514
CLIP50_linear_ridge,369,-0.10593043359885934,-0.013497015735214325,-0.13599466978773883
CLIP50_linear_ridge,370,-0.030742369967725836,-0.26079761258817147,-0.2298280051530768
CLIP50_linear_ridge,371,-0.0128025736468389,0.07265328269126424,-0.015376502495758643
CLIP50_linear_ridge,372,0.055795913075828096,0.20425935973955509,0.24075293739195675
CLIP50_linear_ridge,373,0.04571318778231814,0.23875474769397723,0.22770993495813985
CLIP50_linear_ridge,374,-0.033209609689972774,-0.22273467173087358,-0.2724334394779667
CLIP50_linear_ridge,375,-0.07203364384680233,-0.1343054801953337,-0.16890013670767062
CLIP50_linear_ridge,376,-0.0013232508815752553,-0.06129951166576234,-0.021826111651036387
CLIP50_linear_ridge,377,0.013737176064905321,0.09833152468800868,0.15647080455353804
CLIP50_linear_ridge,378,-0.01013885002212489,0.015016277807921866,0.0668511119551312
CLIP50_linear_ridge,379,-0.011033669362045861,-0.14399077590884427,-0.14643703380141027
CLIP50_linear_ridge,380,-0.03930986506199452,-0.28568909386869235,-0.26947245711919904
CLIP50_linear_ridge,381,-0.023943569081514404,-0.11502984264785675,-0.05574332301454611
CLIP50_linear_ridge,382,-0.011643698861235618,-0.20493760173629952,-0.19882364438792394
CLIP50_linear_ridge,383,-0.03689161863961421,-0.14072164948453608,-0.18363685870964647
CLIP50_linear_ridge,384,-0.059254326083632014,-0.2571351058057515,-0.24216732688956766
CLIP50_linear_ridge,385,-0.022199519493063313,-0.2615029842647857,-0.20661353342401217
CLIP50_linear_ridge,386,-0.04946059076846976,-0.13615029842647858,-0.13468742652676147
CLIP50_linear_ridge,387,-0.058556767111435315,-0.09800596852957136,-0.16321818480874134
CLIP50_linear_ridge,388,-0.035383723024246416,-0.17977482365708086,-0.19033541365450898
CLIP50_linear_ridge,389,-0.06723415351610496,-0.15508681497558333,-0.09588078967833935
CLIP50_linear_ridge,390,-0.035035643434458974,-0.2129408572978839,-0.1612435369214532
CLIP50_linear_ridge,391,0.00398612690830602,0.13788659793814434,0.13442449866537223
CLIP50_linear_ridge,392,-0.00740865996161566,-0.1352821486706457,-0.13259673293189994
CLIP50_linear_ridge,393,-0.08946122202056661,-0.12807921866521976,-0.1841164241089722
CLIP50_linear_ridge,394,-0.019124188156996125,-0.21446011937059142,-0.20873078332381367
CLIP50_linear_ridge,395,-0.011038537643657476,-0.14297341291372762,-0.14216799340905006
CLIP50_linear_ridge,396,-0.16948725953492016,-0.15282148670645684,-0.13090990712378395
CLIP50_linear_ridge,397,-0.020047836774190753,-0.17129679869777537,-0.13495572667003874
CLIP50_linear_ridge,398,-0.03152238336492719,0.026247965274009764,0.03124845012787203
CLIP50_linear_ridge,399,-0.059977381020955844,-0.21987249050461205,-0.30543846126302787
CLIP50_linear_ridge,400,-0.02862255944894687,0.08719479110146501,0.1473411394674779
CLIP50_linear_ridge,401,-0.019941481181515064,-0.15141074335322843,-0.20594105921546343
CLIP50_linear_ridge,402,-0.04921557811940147,-0.2082338578404775,-0.2800066059893801
CLIP50_linear_ridge,403,0.0004019115038852439,0.18353228431904503,0.1215361573377251
CLIP50_linear_ridge,404,0.0709866390609114,0.24559142702116113,0.2710658251285881
CLIP50_linear_ridge,405,-0.013132180116777858,-0.040206185567010305,-0.0028035920978853116
CLIP50_linear_ridge,406,-0.005071035436362115,0.03362723819858925,0.08620704987408809
CLIP50_linear_ridge,407,-0.010886888077752399,-0.13353228431904504,-0.1416229749985236
CLIP50_linear_ridge,408,-0.03419556460660522,-0.26247965274009766,-0.2554015292745875
CLIP50_linear_ridge,409,-0.04500143012398028,-0.011923494302767228,-0.01681973154252036
CLIP50_linear_ridge,410,-0.08931188223683084,-0.18747965274009767,-0.25902658702229187
CLIP50_linear_ridge,411,-0.0290185284837976,-0.2301817688551275,-0.2287449499253959
CLIP50_linear_ridge,412,-0.14066906768365262,-0.06919424850786761,-0.10756280529938295
CLIP50_linear_ridge,413,-0.05222479566949634,-0.2008274552360282,-0.2772045243599465
CLIP50_linear_ridge,414,-0.021664343405339404,0.008790016277807922,-0.033050812368219946
CLIP50_linear_ridge,415,-0.04581849701925922,-0.26583016820401517,-0.28649043736846624
CLIP50_linear_ridge,416,-0.10765070528631626,-0.12033369506239827,-0.28973424897507233
CLIP50_linear_ridge,417,-0.04361358195768661,-0.04161692892023875,-0.05405264161989157
CLIP50_linear_ridge,418,-0.00459222225369027,-0.1508003255561584,-0.0989885623924839
CLIP50_linear_ridge,419,-0.11073788807058937,-0.1739283776451438,-0.20349947035082086
CLIP50_linear_ridge,420,-0.054218904140126645,-0.18153825284861638,-0.21651939149161983
CLIP50_linear_ridge,421,-0.028050054573645067,-0.1869370591427021,-0.22075558261695227
CLIP50_linear_ridge,422,-0.0457684821012847,-0.08722192078133478,-0.14701301642468392
CLIP50_linear_ridge,423,-0.016181516305889154,-0.12882528486163863,-0.17076685187742185
CLIP50_linear_ridge,424,-0.0736558392004143,-0.188537710255019,-0.258307441193498
CLIP50_linear_ridge,425,-0.3379836330879664,-0.16285946825827455,-0.20815212236531871
CLIP50_linear_ridge,426,-0.03264582043224218,-0.23594682582745521,-0.2463359134873999
CLIP50_linear_ridge,427,-0.0537653635218025,-0.30896635919696147,-0.31387849395195483
CLIP50_linear_ridge,428,-0.05774685937942392,-0.20192620727075422,-0.26745609917096097
CLIP50_linear_ridge,429,-0.15049395557946177,-0.04442485078676072,-0.025082998354075993
CLIP50_linear_ridge,430,-0.0007244857880437383,0.1507596310363538,0.1309371762011001
CLIP50_linear_ridge,431,-0.09534209119435944,-0.3554259359739555,-0.3831803238583572
CLIP50_linear_ridge,432,-0.023022049160246416,-0.22953065653825283,-0.21253163859233815
CLIP50_linear_ridge,433,-0.04349713463009741,-0.2270618556701031,-0.21977254274231628
CLIP50_linear_ridge,434,-0.011998961192478452,-0.11720021703743896,-0.15984624672291392
CLIP50_linear_ridge,435,-0.01437261495399933,-0.2228296256104178,-0.21241974520637213
CLIP50_linear_ridge,436,-0.07736941284167864,-0.25695876288659797,-0.2593027132873833
CLIP50_linear_ridge,437,-0.03226798588580859,-0.20744709712425394,-0.23832717295701403
CLIP50_linear_ridge,438,-0.026239424519856724,-0.09149484536082475,-0.09646837916903062
CLIP50_linear_ridge,439,-0.02978902037988851,-0.019899620184481825,-0.0760165562865184
CLIP50_linear_ridge,440,-0.0371376821253242,-0.254395008138904,-0.26097087648492956
CLIP50_linear_ridge,441,-0.01955459920143099,-0.18402061855670102,-0.19367974425782872
CLIP50_linear_ridge,442,-0.017177128566884692,-0.19738198589256647,-0.15340465481418972
CLIP50_linear_ridge,443,-0.06389686984898124,-0.29825013564839936,-0.3575269114252398
CLIP50_linear_ridge,444,-0.058955139155787206,-0.33627238198589254,-0.33634170141011016
CLIP50_linear_ridge,445,-0.0114954859720664,0.1911828540423223,0.1758585553488577
CLIP50_linear_ridge,446,-0.0495867281766742,-0.24276994031470425,-0.3074667698018406
CLIP50_linear_ridge,447,-0.02473388782122643,-0.23142973412913728,-0.20685338741908588
CLIP50_linear_ridge,448,-0.03787959673968899,-0.2603771025501899,-0.2681065799139516
CLIP50_linear_ridge,449,-0.004467422163273005,0.17601736299511667,0.10404474739053805
CLIP50_linear_ridge,450,-0.022250404743364705,-0.05271296798697775,-0.029407970249171134
CLIP50_linear_ridge,451,-0.026842954224659765,-0.22476939772110688,-0.2305320330118102
CLIP50_linear_ridge,452,-0.02342683630308362,-5.425935973955508e-05,-0.0032224751825540854
CLIP50_linear_ridge,453,-0.07908061658213628,-0.05237384698860553,-0.07872403387892576
CLIP50_linear_ridge,454,-0.04921068320308275,-0.18193163320672817,-0.2269404781455779
CLIP50_linear_ridge,455,-0.035380240839722576,-0.277319587628866,-0.25828020033608595
CLIP50_linear_ridge,456,-0.08079404815898239,-0.13804937601736297,-0.16340698577357232
CLIP50_linear_ridge,457,-0.008992933728672714,-0.14275637547476938,-0.13093296841209945
CLIP50_linear_ridge,458,-0.04381068706573377,-0.16082474226804122,-0.1800683023673458
CLIP50_linear_ridge,459,-0.0891722027458719,-0.03483450895279436,-0.03402304915275548
CLIP50_linear_ridge,460,0.01832476673167749,0.22982908301682042,0.1462074088073148
CLIP50_linear_ridge,461,-0.08322001971863724,-0.3193705914270212,-0.37699843275101375
CLIP50_linear_ridge,462,0.010992401539119179,0.20183125339121,0.12979888358117386
CLIP50_linear_ridge,463,-0.033139082534189734,-0.2611096039066739,-0.24846172430752533
CLIP50_linear_ridge,464,-0.03607407218903669,0.014907759088442754,0.009302368433035644
CLIP50_linear_ridge,465,-0.02009688120725217,-0.1442078133478025,-0.1961459488451432
CLIP50_linear_ridge,466,-0.025980734834427865,0.05352685838307108,0.06451223133037667
CLIP50_linear_ridge,467,-0.03620476773309389,-0.18638090070537167,-0.234867305526024
CLIP50_linear_ridge,468,-0.08510739920593413,-0.1664134563212154,-0.11575186473395603
CLIP50_linear_ridge,469,-0.05062562736758647,-0.10558871405317416,-0.12214382066265862
CLIP50_linear_ridge,470,-0.0679946891644414,-0.31105534454693434,-0.35479993339791216
CLIP50_linear_ridge,471,-0.12506264296944303,-0.12316874660879003,-0.14003193640710712
CLIP50_linear_ridge,472,-0.04054469685964701,-0.04362452523060228,0.00754172844619512
CLIP50_linear_ridge,473,-0.01700096754548519,-0.14743624525230603,-0.13187273518398454
CLIP50_linear_ridge,474,0.016813829189196827,0.07120184481823114,0.13092339214745416
CLIP50_linear_ridge,475,-0.027577466021157848,-0.2483315246880087,-0.2317974962979245
CLIP50_linear_ridge,476,-0.06195973777063002,-0.01220835594139989,-0.06252753408811479
CLIP50_linear_ridge,477,-0.03549804198379625,-0.25193977211068913,-0.30015211979778994
CLIP50_linear_ridge,478,-0.038295897931992284,-0.18194519804666306,-0.24820168121054517
CLIP50_linear_ridge,479,-0.028483880600534972,-0.16983179598480738,-0.13127458336034045
CLIP50_linear_ridge,480,-0.041781372870437705,-0.06174715138361367,-0.1250780462185293
CLIP50_linear_ridge,481,-0.03857856227544154,-0.26781063483450895,-0.27104017546388265
CLIP50_linear_ridge,482,-0.07874083763859563,-0.21508410200759628,-0.27954812276620394
CLIP50_linear_ridge,483,-0.028036235128851894,-0.16589799240368963,-0.2217760225729472
CLIP50_linear_ridge,484,-0.0780900623455183,-0.32806565382528485,-0.3277814892002805
CLIP50_linear_ridge,485,-0.03603815589022541,-0.045320130222463374,-0.06672024290062625
CLIP50_linear_ridge,486,-0.011306957407342333,-0.07170374389582203,-0.1031213610503303
CLIP50_linear_ridge,487,-0.00423677680592327,0.06821758003255561,0.05930676812092095
CLIP50_linear_ridge,488,-0.06007188713550371,-0.3072300596852957,-0.35282432220966253
CLIP50_linear_ridge,489,-0.08019064938350229,-0.13400705371676613,-0.14091912175913912
CLIP50_linear_ridge,490,0.025841873592736042,0.1636462289744981,0.16131712738692325
CLIP50_linear_ridge,491,-0.05689734113978173,-0.1422409115572436,-0.1532130973132543
CLIP50_linear_ridge,492,-0.004535573157131045,-0.11250678241996744,-0.10508430858332177
CLIP50_linear_ridge,493,-0.0655110868487756,-0.26348345089527947,-0.33404463488082947
CLIP50_linear_ridge,494,-0.023165331959095425,-0.19097938144329896,-0.17386880905825317
CLIP50_linear_ridge,495,-0.033500815951901686,-0.23811720021703744,-0.2513013335869563
CLIP50_linear_ridge,496,-0.023217123874991863,-0.18180954964731416,-0.15239051108983634
CLIP50_linear_ridge,497,0.006880043472072939,0.0425122083559414,0.09655103444894712
CLIP50_linear_ridge,498,-0.0265047101441922,-0.14196961475854583,-0.21905402254372563
CLIP50_linear_ridge,499,-0.06596803718506483,-0.10583288117200217,-0.22805149712954004
CLIP50_linear_ridge,500,-0.006630185791830057,0.048195876288659796,0.023193095589009463
CLIP50_linear_ridge,501,-0.00037243423928323693,0.058193163320672814,0.026456749277843153
CLIP50_linear_ridge,502,-0.001691439709440079,0.06766142159522517,0.03844196513981886
CLIP50_linear_ridge,503,0.026124729931761626,0.19357026587086273,0.18487414625827017
CLIP50_linear_ridge,504,-0.028982514823132854,-0.21192349430276725,-0.23146700088481434
CLIP50_linear_ridge,505,-0.03297503071972985,-0.26574877916440587,-0.24545041701133574
CLIP50_linear_ridge,506,-0.042769580300155985,-0.07331795984807378,-0.12221720324313654
CLIP50_linear_ridge,507,-0.025003540039164163,0.02071351058057515,-0.00102387430323082
CLIP50_linear_ridge,508,-0.014842473993664118,-0.04801953336950624,-0.132973556589292
CLIP50_linear_ridge,509,-0.10083149278971004,-0.23210797612588172,-0.25810553905308287
CLIP50_linear_ridge,510,-0.008260451901377142,-0.06421595225176342,-0.08590546564818484
CLIP50_linear_ridge,511,-0.027776616071818472,-0.17898806294085728,-0.2258928978533059
CLIP50_linear_ridge,512,-0.05765296850546853,0.015870862723819858,-0.07279424558139144
CLIP50_linear_ridge,513,-0.010970335331208059,-0.00046120455778621814,-0.03274134083511046
CLIP50_linear_ridge,514,-0.0022143188278962445,0.03543136190992946,0.049295262912031144
CLIP50_linear_ridge,515,-0.08259350892103123,-0.28208084644601195,-0.25390392744040513
CLIP50_linear_ridge,516,-0.03486908617422979,-0.250366250678242,-0.2217541601628833
CLIP50_linear_ridge,517,-0.047880532148572685,-0.20037981551817688,-0.2790100513628868
CLIP50_linear_ridge,518,-0.01798223934451837,-0.1627916440586001,-0.1836355109470272
CLIP50_linear_ridge,519,-0.029593224692353592,-0.022015735214324473,0.008714567756496615
CLIP50_linear_ridge,520,-0.0038222571570740715,-0.07782148670645686,-0.08485764593294289
CLIP50_linear_ridge,521,-3.99472426697578e-05,0.1825013564839935,0.10323200948590919
CLIP50_linear_ridge,522,-0.02454637140918936,-0.09613402061855669,-0.08050814177599061
CLIP50_linear_ridge,523,-0.06511194896727113,-0.1153282691264243,-0.09235869091688806
CLIP50_linear_ridge,524,-0.03299483268450687,-0.21055344546934346,-0.2302868465764375
CLIP50_linear_ridge,525,-0.03927318549074599,-0.26695604991861094,-0.2458448374988335
CLIP50_linear_ridge,526,0.04091351795173903,0.18842919153553989,0.20519671138570478
CLIP50_linear_ridge,527,0.04185067982999213,0.20052902875746065,0.20523627711329315
CLIP50_linear_ridge,528,-0.029617350461535352,-0.20581931633206726,-0.1942766703622801
CLIP50_linear_ridge,529,-0.010531653562078302,-0.15180412371134022,-0.1493437828314524
CLIP50_linear_ridge,530,-0.01649260790473006,-0.1445604991861096,-0.1464923689700981
CLIP50_linear_ridge,531,-0.02030189382836589,-0.15975311991318503,-0.20059383648445595
CLIP50_linear_ridge,532,-0.1423141712017968,-0.12734671730873576,-0.20298925676958096
CLIP50_linear_ridge,533,-0.00942231210457023,0.037723819858925665,0.01336595169412888
CLIP50_linear_ridge,534,-0.03438991360343624,0.0005697232772653283,-0.0013327001610567851
CLIP50_linear_ridge,535,-0.040246074921119535,0.0997422680412371,0.058389591729894615
CLIP50_linear_ridge,536,-0.01953796010586628,-0.06857026587086272,-0.14125292010662704
CLIP50_linear_ridge,537,-0.08078405719441162,-0.1298155181768855,-0.11654988148014273
CLIP50_linear_ridge,538,-0.021557685617751732,-0.012561041779706999,-0.07383314133136357
CLIP50_linear_ridge,539,-0.02583092944970411,-0.17093054801953336,-0.16365688147992286
CLIP50_linear_ridge,540,-0.055423134193060664,-0.01900434074877916,-0.022083163802382354
CLIP50_linear_ridge,541,-0.02305873161589367,-0.2734400434074878,-0.2283999686372979
CLIP50_linear_ridge,542,-0.02477398672790465,0.04241725447639717,0.0437055431711338
CLIP50_linear_ridge,543,-0.018291690834429053,0.057094411285946826,-0.007557721623829727
CLIP50_linear_ridge,544,-0.11500257576551176,-0.050488334237655995,-0.216421596360121
CLIP50_linear_ridge,545,-0.04179481849319866,-0.25897992403689635,-0.27827511860286647
CLIP50_linear_ridge,546,-0.006219619161830003,-0.18271839392295172,-0.15857208433142927
CLIP50_linear_ridge,547,0.015137579923178657,0.14838578404774824,0.14614076825164446
CLIP50_linear_ridge,548,-0.05536754247952369,-0.25899348887683127,-0.23617724442738627
CLIP50_linear_ridge,549,-0.021866002892027225,-0.22555615843733043,-0.20889900838706135
CLIP50_linear_ridge,550,-0.031199396196401663,-0.20982094411285945,-0.24680111956615472
CLIP50_linear_ridge,551,-0.0799498968451624,-0.30261801410743355,-0.3757993224809051
CLIP50_linear_ridge,552,-0.013501173488198015,-0.15560227889310904,-0.16011157697586192
CLIP50_linear_ridge,553,-0.0538344416695431,-0.347436245252306,-0.3247601592302806
CLIP50_linear_ridge,554,0.020900100484571582,0.12258545849158979,0.15464798529478066
CLIP50_linear_ridge,555,-0.03970902556941103,-0.04032826912642431,-0.08256850663935672
CLIP50_linear_ridge,556,-0.05300464732972743,-0.18204015192620726,-0.19428123064180508
CLIP50_linear_ridge,557,-0.07390139773738769,0.05622626153011394,0.0022604662784732124
CLIP50_linear_ridge,558,-0.018817186614061843,-0.1937194791101465,-0.21323150421546821
CLIP50_linear_ridge,559,-0.11483851490983121,-4.0694519804666304e-05,-0.08638877462290065
CLIP50_linear_ridge,560,-0.01819614878271225,-0.1690721649484536,-0.1745843148569199
CLIP50_linear_ridge,561,-0.020954861406494496,-0.2745252306022789,-0.20089933733126622
CLIP50_linear_ridge,562,-0.05531720984729804,-0.3065382528486164,-0.32105458651682156
CLIP50_linear_ridge,563,-0.033739969552899485,-0.09027400976668476,-0.10435253409374823
CLIP50_linear_ridge,564,-0.09809176454820712,-0.06306294085729787,-0.07051767471164946
CLIP50_linear_ridge,565,-0.0334344236315689,-0.21178784590341837,-0.1775023384872445
CLIP50_linear_ridge,566,-0.01640392950260927,0.18662506782419966,0.13650515463044843
CLIP50_linear_ridge,567,-0.0855576525627686,-0.27080846446011936,-0.322492305644823
CLIP50_linear_ridge,568,-0.01037271949801366,-0.10081389039609333,-0.14423484223045413
CLIP50_linear_ridge,569,-0.02881066552191247,-0.09734129137276182,-0.16441688145488628
CLIP50_linear_ridge,570,-0.08377156346275827,-0.14495387954422137,-0.21736565792305024
CLIP50_linear_ridge,571,-0.06251260804715186,-0.09298697775366252,-0.19433272274795568
CLIP50_linear_ridge,572,-0.05551406225240618,0.024633749321758002,-0.02829466767122732
CLIP50_linear_ridge,573,-0.04359742772738606,-0.023765599565925125,-0.08768093183002139
CLIP50_linear_ridge,574,-0.03641744133776603,-0.22410472056429734,-0.2644465729184919
CLIP50_linear_ridge,575,-0.0062827779882201895,0.08589256646771568,0.017382842944426238
CLIP50_linear_ridge,576,-0.04585756185751344,-0.27936787845903416,-0.2921198836591609
CLIP50_linear_ridge,577,-0.02910564258969628,-0.20193977211068911,-0.23479694470240572
CLIP50_linear_ridge,578,-0.04882632808896492,-0.2386733586543679,-0.27303470476822667
CLIP50_linear_ridge,579,-0.052421794267902166,-0.23663863266413457,-0.28343762281775475
CLIP50_linear_ridge,580,-0.15196330729391438,-0.25470699945740644,-0.27779686910060797
CLIP50_linear_ridge,581,-0.04067862588750781,0.09401790558871405,0.10114434258012003
CLIP50_linear_ridge,582,-0.06262285515857924,-0.31140803038524145,-0.33671270843102236
CLIP50_linear_ridge,583,-0.013609138143633404,0.008979924036896365,-0.0025452906235292477
CLIP50_linear_ridge,584,-0.03449728405665753,-0.17011665762344003,-0.1716116520252728
CLIP50_linear_ridge,585,-0.02839230672830051,-0.028988062940857297,-0.005245724103487212
CLIP50_linear_ridge,586,-0.08047319122676044,-0.27843190450352684,-0.2937164813235239
CLIP50_linear_ridge,587,-0.02689408140862759,-0.06889582202930006,-0.08797508910343077
CLIP50_linear_ridge,588,-0.02171001124434846,-0.21931633206728163,-0.2067240127382334
CLIP50_linear_ridge,589,-0.009927470792117088,-0.15419153553988063,-0.13215766716545432
CLIP50_linear_ridge,590,-0.17187805430740322,-0.21124525230602278,-0.10225721660122787
CLIP50_linear_ridge,591,-0.01374345531816945,-0.1444384156266956,-0.19988437009075863
CLIP50_linear_ridge,592,-0.034466245316133515,-0.2402197504069452,-0.25836413470508174
CLIP50_linear_ridge,593,-0.11686854486829046,-0.21120455778621813,-0.23487734428382176
CLIP50_linear_ridge,594,-0.08217430962523253,-0.036068909386869234,-0.11540186518772419
CLIP50_linear_ridge,595,-0.032641586859614824,0.16779706999457408,0.13160718425760484
CLIP50_linear_ridge,596,-0.03698409056993568,-0.22459305480195332,-0.21656175308925973
CLIP50_linear_ridge,597,-0.037476981706111356,-0.2254069451980467,-0.21718426700083682
CLIP50_linear_ridge,598,-0.048176397179915176,-0.23259631036353773,-0.2915898179474537
CLIP50_linear_ridge,599,-0.03907768776155773,-0.08250135648399347,-0.1289731753806953
CLIP50_linear_ridge,600,-0.051906948190956426,-0.3063212154096582,-0.31639809269161057
CLIP50_linear_ridge,601,-0.024859102127854138,0.12474226804123711,0.13078193172627509
CLIP50_linear_ridge,602,-0.06365676358914896,-0.21265599565925125,-0.2565440047474359
CLIP50_linear_ridge,603,-0.017301207523709117,-0.22913727618014107,-0.22846725774720028
CLIP50_linear_ridge,604,-0.029431265607891,-0.2675122083559414,-0.2295839505541924
CLIP50_linear_ridge,605,-0.0943853615665784,-0.1963917525773196,-0.18964088967805887
CLIP50_linear_ridge,606,-0.040279747180244074,-0.12099837221920781,-0.22927904630612136
CLIP50_linear_ridge,607,-0.027770088094599243,-0.17569180683667932,-0.18839101480188045
CLIP50_linear_ridge,608,-0.027258875624178502,-0.15211611502984262,-0.22962044840363893
CLIP50_linear_ridge,609,-0.027364975933173774,-0.24651383613673358,-0.21740149987991905
CLIP50_linear_ridge,610,-0.021035601061173637,-0.08510580575149213,-0.07407940131772119
CLIP50_linear_ridge,611,-0.04615820456342834,-0.24964731416169292,-0.294235553358951
CLIP50_linear_ridge,612,-0.15708154245784045,-0.18399348887683126,-0.13153046257508882
CLIP50_linear_ridge,613,-0.08651106872157577,-0.07133749321758004,-0.07764732965279045
CLIP50_linear_ridge,614,-0.06550004120577513,-0.2980330982094412,-0.31282242331647553
CLIP50_linear_ridge,615,-0.021875503437007504,-0.23020889853499732,-0.22890994768523173
CLIP50_linear_ridge,616,-0.06184588784073686,-0.08400705371676614,-0.07550435207427122
CLIP50_linear_ridge,617,-0.029995934365556032,-0.14782962561041782,-0.14693155074994718
CLIP50_linear_ridge,618,-0.01881558351960977,-0.13293543136190994,-0.18686670640411684
CLIP50_linear_ridge,619,-0.11019995764480695,-0.05039338035811177,-0.004647084374558269
CLIP50_linear_ridge,620,-0.0545210070088733,-0.30461204557786214,-0.3091496875379718
CLIP50_linear_ridge,621,-0.0615197462780388,-0.291589799240369,-0.19451965527718007
CLIP50_linear_ridge,622,-0.037002365533622905,0.02992403689636462,-0.007208792190178517
CLIP50_linear_ridge,623,-0.04747994180355675,-0.06553174172544764,-0.16556009175638936
CLIP50_linear_ridge,624,-0.02014252103653269,-0.15718936516549104,-0.1636708208342092
CLIP50_linear_ridge,625,0.03842436784796932,0.23800868149755836,0.20204894111532185
CLIP50_linear_ridge,626,-0.04306831197772332,-0.263659793814433,-0.28405612469397434
CLIP50_linear_ridge,627,-0.055397211119424306,-0.24111502984264788,-0.27954535128745134
CLIP50_linear_ridge,628,-0.05371313074686701,-0.09005697232772653,-0.09011931695734937
CLIP50_linear_ridge,629,-0.027011033920269822,-0.2058871405317417,-0.223480666187791
CLIP50_linear_ridge,630,-0.011723879046071639,-0.13952794357026588,-0.1581985057378702
CLIP50_linear_ridge,631,-0.03510761036423582,-0.13836136733586543,-0.15962934519445737
CLIP50_linear_ridge,632,-0.03247277337911503,-0.001058057514921324,0.021195933983787118
CLIP50_linear_ridge,633,-0.014015018345982622,0.10039338035811178,0.031481397398706965
CLIP50_linear_ridge,634,-0.03053817115074864,-0.24862995116657624,-0.23556541749295581
CLIP50_linear_ridge,635,-0.021306193421229747,-0.10809820944112858,-0.13943781259739485
CLIP50_linear_ridge,636,-0.008178116521321277,-0.16488062940857298,-0.1310977513134911
CLIP50_linear_ridge,637,-0.03608863016834607,-0.18916169289202386,-0.16911647829747806
CLIP50_linear_ridge,638,-0.02077144758727112,-0.18818502441671187,-0.19272381218349216
CLIP50_linear_ridge,639,-0.0597402979718018,-0.284875203472599,-0.30567417479641895
CLIP50_linear_ridge,640,-0.059325240537647206,-0.012438958220292999,-0.06140323800213864
CLIP50_linear_ridge,641,-0.05916558568559682,-0.31520618556701036,-0.24167444371231073
CLIP50_linear_ridge,642,-0.02292306274310607,-0.08274552360282147,-0.14162167501402753
CLIP50_linear_ridge,643,-0.037393723763119,-0.19521161150298427,-0.2540635110434341
CLIP50_linear_ridge,644,-0.09525333396964597,0.037696690179055886,0.014003533350183884
CLIP50_linear_ridge,645,-0.012461202525630322,-0.163659793814433,-0.15508073384970922
CLIP50_linear_ridge,646,-0.002997710757698835,0.11285946825827455,0.06724041088981425
CLIP50_linear_ridge,647,-0.09367553837891962,-0.3233857840477482,-0.37908760073311754
CLIP50_linear_ridge,648,-0.1041937550412182,-0.14945740640260444,-0.21005408611580462
CLIP50_linear_ridge,649,-0.053688096109657524,0.000705371676614216,-0.026150421987843026
CLIP50_linear_ridge,650,-0.04273647173074924,0.023941942485078676,-0.011426395195838612
CLIP50_linear_ridge,651,-0.09104931248401016,-0.15295713510580575,-0.22924175471016006
CLIP50_linear_ridge,652,-0.07366881536053271,-0.2444655453065654,-0.3179904616768613
CLIP50_linear_ridge,653,-0.012333496679035827,0.07486435160065111,0.06921697515987005
CLIP50_linear_ridge,654,-0.044012666302505776,-0.08760173629951166,-0.059587252666840486
CLIP50_linear_ridge,655,-0.1590555600269703,-0.24793814432989691,-0.3336940585809005
CLIP50_linear_ridge,656,0.03457712069594887,0.1656538252848616,0.18702645626916148
CLIP50_linear_ridge,657,-0.06276982191767866,-0.20805751492132393,-0.23382817537875267
CLIP50_linear_ridge,658,-0.0013329930021701575,-0.07947639717851329,-0.05434740704262568
CLIP50_linear_ridge,659,0.006244650041658084,0.05813890396093326,0.12744488576095303
CLIP50_linear_ridge,660,0.017726454020024263,0.17556972327726536,0.1359517842396301
CLIP50_linear_ridge,661,-0.048823831254421135,-0.19864351600651112,-0.21647995396118017
CLIP50_linear_ridge,662,-0.06082287258675123,-0.03229788388497016,-0.037567684411952657
CLIP50_linear_ridge,663,-0.014775185212750452,0.011096039066739012,-0.013611875474937356
CLIP50_linear_ridge,664,-0.03943076636285414,-0.11459576776994031,-0.11640950596898214
CLIP50_linear_ridge,665,-0.019861664063481443,-0.047870320130222466,-0.025266400725535036
CLIP50_linear_ridge,666,-0.050614594825639125,-0.25396093326098756,-0.2529308161354902
CLIP50_linear_ridge,667,-0.07783540463903749,0.06947911014650027,0.07955612211113128
CLIP50_linear_ridge,668,-0.02207324863124982,-0.07707542051003798,-0.12320572976890534
CLIP50_linear_ridge,669,-0.11954302032514152,-0.19404503526858383,-0.22473736428981433
CLIP50_linear_ridge,670,-0.04072370073541731,-0.31722734671730873,-0.2726666815159977
CLIP50_linear_ridge,671,-0.06519997456676774,-0.08857840477482365,-0.03412514724613436
CLIP50_linear_ridge,672,-0.04382248288613888,0.0008410200759631037,-0.08912859106639968
CLIP50_linear_ridge,673,0.08070603340759275,0.28492946283233855,0.28900757974449653
CLIP50_linear_ridge,674,-0.09099532483185513,-0.19545577862181227,-0.21696537627407364
CLIP50_linear_ridge,675,-0.019305056712607405,-0.2964188822571894,-0.21133529390551342
CLIP50_linear_ridge,676,-0.038133657453911285,-0.15999728703201302,-0.194326100789328
CLIP50_linear_ridge,677,-0.04812175142925024,-0.13183667932718393,-0.13239643207277194
CLIP50_linear_ridge,678,-0.03281196844680445,-0.26093326098752034,-0.29463301898453464
CLIP50_linear_ridge,679,-0.02085031016682448,-0.20903418339663593,-0.20082622416568477
CLIP50_linear_ridge,680,-0.11048227673712252,-0.18197232772653282,-0.20263607408619586
CLIP50_linear_ridge,681,-0.0468680000847328,-0.27421323928377644,-0.3047411390437508
CLIP50_linear_ridge,682,-0.09560534730834158,-0.28144329896907216,-0.2736321459778983
CLIP50_linear_ridge,683,-0.04266262214007166,-0.07892023874118285,-0.13285614019501105
CLIP50_linear_ridge,684,-0.04309585463849208,-0.17034725990233315,-0.1970261618872127
CLIP50_linear_ridge,685,-0.06551338217609248,-0.11549104720564297,-0.10560719852412596
CLIP50_linear_ridge,686,-0.19099167578205933,-0.12087628865979382,-0.13472883160182597
CLIP50_linear_ridge,687,-0.029576719643858107,-0.21513836136733586,-0.2323287963632256
CLIP50_linear_ridge,688,-0.021187469639811995,-0.2040151926207271,-0.20363476914678053
CLIP50_linear_ridge,689,-0.055760576421849395,-0.013944655453065655,-0.010378673102735523
CLIP50_linear_ridge,690,-0.12396101361379741,-0.33269126424308193,-0.3059329427504046
CLIP50_linear_ridge,691,-0.008830523220188402,-0.14061313076505697,-0.13712123669478787
CLIP50_linear_ridge,692,-0.012264294366023831,-0.15306565382528486,-0.15516330940277978
CLIP50_linear_ridge,693,-0.03485941793100933,-0.16836679327183937,-0.20144970044290167
CLIP50_linear_ridge,694,-0.027717813597786467,-0.21785132935431362,-0.2259202226815531
CLIP50_linear_ridge,695,-0.11408976948134897,-0.2953472599023331,-0.2969697871772
CLIP50_linear_ridge,696,-0.06628866371585262,-0.005697232772653282,-0.02990466641671933
CLIP50_linear_ridge,697,-0.030611037398901475,-0.14347531199131852,-0.08969041038551703
CLIP50_linear_ridge,698,-0.06429032855623373,-0.2345360824742268,-0.23441674174970523
CLIP50_linear_ridge,699,-0.042900857554794,-0.2555480195333695,-0.25464552140188645
CLIP50_linear_ridge,700,-0.14333265909314075,-0.3469207813347802,-0.29522323223223984
CLIP50_linear_ridge,701,0.038679748503332334,0.20367607162235488,0.19855680089990652
CLIP50_linear_ridge,702,-0.042247764737708415,-0.27791644058600107,-0.29296217070794717
CLIP50_linear_ridge,703,-0.043306006471641734,-0.29937601736299513,-0.28575971376381887
CLIP50_linear_ridge,704,-0.018377115605796135,-0.2014514378730331,-0.18923896280357605
CLIP50_linear_ridge,705,-0.03045728681700033,-0.14240368963646227,-0.0927612045826999
CLIP50_linear_ridge,706,-0.025852183372266024,-0.06995387954422139,-0.08693754231197898
CLIP50_linear_ridge,707,-0.0400220225039567,-0.18088714053174174,-0.23682517030617317
CLIP50_linear_ridge,708,-0.0595988894825743,-0.06989962018448183,-0.07970996043995458
CLIP50_linear_ridge,709,-0.011571253110745472,-0.10029842647856754,-0.1546366205987087
CLIP50_linear_ridge,710,-0.03442723460251207,-0.2064839934888768,-0.23280579409996682
CLIP50_linear_ridge,711,-0.013230033597403601,-0.13414270211611504,-0.13914695837446772
CLIP50_linear_ridge,712,-0.23530376980920287,-0.15461204557786218,-0.2430123730685869
CLIP50_linear_ridge,713,0.0007193545748429564,0.16745794899620187,0.12461037020200227
CLIP50_linear_ridge,714,-0.02859649859070612,0.05830168204015193,0.018708613806371274
CLIP50_linear_ridge,715,-0.029106382285699617,-0.00462561041779707,-0.09710203651656016
CLIP50_linear_ridge,716,-0.04585376512700634,-0.2798019533369506,-0.25199914050362987
CLIP50_linear_ridge,717,-0.017707145001856217,0.05877645143787304,0.0008993237841125878
CLIP50_linear_ridge,718,-0.04222002911627487,-0.007121540965816603,-0.021804785386566765
CLIP50_linear_ridge,719,-0.022119919191001536,-0.07364351600651112,-0.04730241580197054
CLIP50_linear_ridge,720,0.011256239245431399,0.14905046120455778,0.1122520126607664
CLIP50_linear_ridge,721,-0.006099401462901666,-0.12181226261530115,-0.10513971615951252
CLIP50_linear_ridge,722,-0.06352334493541512,-0.19849430276722732,-0.2629997461680803
CLIP50_linear_ridge,723,-0.006754835909279722,-0.04772110689093869,-0.08076309033231138
CLIP50_linear_ridge,724,-0.032205861810976844,-0.2920238741182854,-0.2533377253833704
CLIP50_linear_ridge,725,-0.05124517207744561,-0.2725447639717851,-0.317733002430331
CLIP50_linear_ridge,726,-0.07073128635878234,-0.05415084102007597,-0.12450200294156671
CLIP50_linear_ridge,727,-0.020513274019011707,-0.025501899077590887,-0.02506936984780147
CLIP50_linear_ridge,728,-0.045734146582872004,-0.01949267498643516,-0.05905179500781975
CLIP50_linear_ridge,729,-0.009505300874148803,0.05864080303852415,0.024723265737096965
CLIP50_linear_ridge,730,-0.06851745901232786,-0.0682447097124254,-0.13417298230824837
CLIP50_linear_ridge,731,-0.007950908417797109,-0.10438144329896908,-0.1265416812996974
CLIP50_linear_ridge,732,-0.0077042232512609665,-0.13712696690179055,-0.12167986697848483
CLIP50_linear_ridge,733,-0.08134362355924463,-0.03400705371676614,-0.1530069646083405
CLIP50_linear_ridge,734,-0.06698210525081838,-0.15801682040151926,-0.19768507734012775
CLIP50_linear_ridge,735,-0.04053749585462163,-0.03387140531741725,-0.09829509410700554
CLIP50_linear_ridge,736,-0.012077767597092448,-0.2056701030927835,-0.1673190341661957
CLIP50_linear_ridge,737,-4.249308881121294e-05,0.16469072164948453,0.0996492385727884
CLIP50_linear_ridge,738,-0.07398359136943577,-0.25691806836679326,-0.2256311785694779
CLIP50_linear_ridge,739,-0.024567664592908933,0.024118285404232234,0.014015107885473166
CLIP50_linear_ridge,740,-0.01639238357023154,-0.012045577862181227,0.0004520906889517694
CLIP50_linear_ridge,741,-0.03991362515000296,-0.23956863809007053,-0.23120691474757338
CLIP50_linear_ridge,742,-0.04116772934052526,0.10142430819316331,0.06376932697458426
CLIP50_linear_ridge,743,-0.08463301338907647,-0.08601465002712969,-0.06911614123055632
CLIP50_linear_ridge,744,-0.019106613659026328,-0.20543950081389037,-0.19331004526712758
CLIP50_linear_ridge,745,-0.022841132978780765,-0.20556158437330438,-0.20970128722026868
CLIP50_linear_ridge,746,-0.015225242809292938,-0.10870862723819859,-0.1690190202849482
CLIP50_linear_ridge,747,-0.017752170445512805,-0.2124525230602279,-0.18912384258948467
CLIP50_linear_ridge,748,-0.089056062068684,-0.16341562669560497,-0.16820079099090343
CLIP50_linear_ridge,749,-0.00861007536048164,-0.19754476397178514,-0.14465595826920927
CLIP50_linear_ridge,750,-0.010295356440310766,-0.13383071079761258,-0.14552588647523607
CLIP50_linear_ridge,751,-0.039455268745341776,-0.11844818231144874,-0.12969559843159056
CLIP50_linear_ridge,752,-0.04028790396201032,-0.2807921866521975,-0.21067129601469484
CLIP50_linear_ridge,753,-0.05196331573229185,-0.25020347259902337,-0.23385824615929998
CLIP50_linear_ridge,754,0.0287166833518393,0.1411964188822572,0.23143273366771744
CLIP50_linear_ridge,755,-0.034720748940739954,-0.2819180683667933,-0.26186940803299474
CLIP50_linear_ridge,756,-0.02326337437566761,-0.2363673358654368,-0.19581447341539943
CLIP50_linear_ridge,757,-0.10089671751009122,-0.293773738469886,-0.2370836136672296
CLIP50_linear_ridge,758,-0.04682314584612679,-0.2032826912642431,-0.26721052925931993
CLIP50_linear_ridge,759,-0.03368644562579082,-0.17122897449810093,-0.19381888772531183
CLIP50_linear_ridge,760,-0.016671794230964876,-0.1774281063483451,-0.17169610084409703
CLIP50_linear_ridge,761,-0.04050051915805897,0.01795984807379273,-0.05002542710461691
CLIP50_linear_ridge,762,-0.040886599067863516,-0.10416440586001084,-0.0560306814893142
CLIP50_linear_ridge,763,-0.018344401369553065,0.009848073792729246,-0.021743209621899122
CLIP50_linear_ridge,764,-0.014706751688084552,-0.10668746608790017,-0.15534439306082237
CLIP50_linear_ridge,765,-0.026043677554688616,-0.29561855670103093,-0.21889956786442874
CLIP50_linear_ridge,766,-0.047865300652444986,-0.14137276180141073,-0.15115980067069923
CLIP50_linear_ridge,767,-0.01357381530141999,-0.1747422680412371,-0.17027831846309227
CLIP50_linear_ridge,768,-0.03954374594990262,-0.017254476397178514,-0.03840142478473476
CLIP50_linear_ridge,769,-0.03568945031807025,-0.2501492132392838,-0.25567827092977125
CLIP50_linear_ridge,770,-0.02929387810134787,-0.02555615843733044,-0.052535700027756815
CLIP50_linear_ridge,771,-0.0819082411946297,-0.27227346717308737,-0.29199240705526464
CLIP50_linear_ridge,772,-0.07792243363745399,-0.14470971242539338,-0.13357977909083352
CLIP50_linear_ridge,773,-0.06239211028228264,-0.09602550189907759,-0.22074332411351902
CLIP50_linear_ridge,774,-0.06724445736361573,-0.0008952794357026586,0.000824232519053017
CLIP50_linear_ridge,775,-0.049767444513452164,-0.30381172002170376,-0.29897873273825076
CLIP50_linear_ridge,776,-0.023486240242492018,-0.12691264243081932,-0.21410578874425384
CLIP50_linear_ridge,777,-0.01801884267207776,-0.19506239826370053,-0.18964276927359897
CLIP50_linear_ridge,778,-0.03724165364650811,-0.137438958220293,-0.15132134326212715
CLIP50_linear_ridge,779,-0.021539175426267043,-0.15632121540965815,-0.21339449550563042
CLIP50_linear_ridge,780,-0.03819371107980807,-0.24834508952794357,-0.2577696762643813
CLIP50_linear_ridge,781,-0.00573189174870925,-0.09993217580032555,-0.10068166766666964
CLIP50_linear_ridge,782,-0.02725114152334629,-0.06517905588714054,-0.05321437154105404
CLIP50_linear_ridge,783,-0.049076072959763906,-0.12239555073250134,-0.13404978646464788
CLIP50_linear_ridge,784,0.005077003956606263,0.02159522517634292,0.09089693350459654
CLIP50_linear_ridge,785,-0.030322180708645563,-0.2559142702116115,-0.23424170841641478
CLIP50_linear_ridge,786,-0.014061879233009611,-0.1404503526858383,-0.1335377506506459
CLIP50_linear_ridge,787,-0.010248736380085388,-0.1131578947368421,-0.14818190956727217
CLIP50_linear_ridge,788,-0.03823002149768473,-0.25284861638632666,-0.18532718955128968
CLIP50_linear_ridge,789,-0.048758386102318196,-0.08518719479110147,-0.06956212236676643
CLIP50_linear_ridge,790,-0.022045770767652906,-0.16188279978296255,-0.18273638542400863
CLIP50_linear_ridge,791,0.09193722477115929,0.35524959305480197,0.3058679067827216
CLIP50_linear_ridge,792,-0.025367103588575413,-0.18635377102550185,-0.22225514105964367
CLIP50_linear_ridge,793,-0.03189225189059841,-0.03461747151383614,-0.06052689072221882
CLIP50_linear_ridge,794,0.020887643685716495,0.23483450895279434,0.2847122133842104
CLIP50_linear_ridge,795,-0.04690967017056713,-0.31148941942485076,-0.29407021911643405
CLIP50_linear_ridge,796,-0.023011097473726316,-0.19308193163320675,-0.20390785948853649
CLIP50_linear_ridge,797,-0.10025870181504493,-0.2721378187737385,-0.2657249698252596
CLIP50_linear_ridge,798,-0.02305000956239911,-0.23605534454693433,-0.2105022299956184
CLIP50_linear_ridge,799,-0.029450338114165975,-0.2712018448182311,-0.25477981038016556
CLIP50_linear_ridge,800,-0.02975086294139051,-0.2591833966359197,-0.23691571644522574
CLIP50_linear_ridge,801,-0.08426947147008801,-0.3482501356483994,-0.3146876728267913
CLIP50_linear_ridge,802,-0.054877536276381145,-0.20455778621812262,-0.18860116876077268
CLIP50_linear_ridge,803,-0.053686477645181085,-0.25440857297883884,-0.22997506625873176
CLIP50_linear_ridge,804,-0.04840700134283238,0.08506511123168747,-0.009489118746789704
CLIP50_linear_ridge,805,-0.03661420308668073,-0.1295984807379273,-0.12751814688715452
CLIP50_linear_ridge,806,-0.05611068526052887,-0.25849158979924036,-0.24573197912032219
CLIP50_linear_ridge,807,-0.03510626258512928,-0.03666576234400434,-0.10600376317675725
CLIP50_linear_ridge,808,-0.04770287962773434,-0.10659251220835594,-0.041863808025649436
CLIP50_linear_ridge,809,-0.042136265136637485,-0.125122083559414,-0.11653626237660487
CLIP50_linear_ridge,810,-0.01655634618519497,0.06097395550732502,-0.015078083634530351
CLIP50_linear_ridge,811,-0.035026816444623465,-0.200122083559414,-0.23745528431309387
CLIP50_linear_ridge,812,-0.044013031059837004,-0.13122626153011394,-0.17066489648998667
CLIP50_linear_ridge,813,-0.021327266596642636,-0.009603906673901248,-0.04153908666747719
CLIP50_linear_ridge,814,-0.0691940206563677,-0.30430005425935974,-0.3311133574634345
CLIP50_linear_ridge,815,-0.021509616648728747,-0.21397178513293544,-0.19699021543653655
CLIP50_linear_ridge,816,-0.03834532226652265,-0.18468529571351058,-0.25506916940680024
CLIP50_linear_ridge,817,-0.047221753230608954,-0.07775366250678242,-0.10014288149187581
CLIP50_linear_ridge,818,-0.03888560082993897,-0.28537710255018994,-0.29565517197579644
CLIP50_linear_ridge,819,-0.11435866028127828,0.04270211611502984,-0.062282716189638945
CLIP50_linear_ridge,820,-0.06190670882999316,0.04846717308735756,0.029619497359389547
CLIP50_linear_ridge,821,-0.020037035376724743,-0.2585051546391752,-0.197069831746088
CLIP50_linear_ridge,822,-0.0742735686725462,-0.26626424308193164,-0.32921439059266316
CLIP50_linear_ridge,823,-0.008926101375869022,-0.1315246880086815,-0.13669397473796568
CLIP50_linear_ridge,824,-0.030249469822097197,-0.14110146500271295,-0.16278311786293964
CLIP50_linear_ridge,825,-0.03635536718086474,-0.22239555073250133,-0.2904120789243192
CLIP50_linear_ridge,826,0.001478770234416893,0.16768855127509497,0.12149842165722465
CLIP50_linear_ridge,827,-0.01870112248968958,-0.01684753119913185,-0.11479383914806068
CLIP50_linear_ridge,828,-0.04806929055782372,-0.33936516549104717,-0.2955551795358431
CLIP50_linear_ridge,829,-0.04615146409662407,0.016291372761801412,-0.038210209510719004
CLIP50_linear_ridge,830,-0.04327165453820592,-0.2047205642973413,-0.24068364738998277
CLIP50_linear_ridge,831,-0.07100712253619545,-0.2905995659251221,-0.28997175719436075
CLIP50_linear_ridge,832,-0.054556888574531115,-0.2901112316874661,-0.31263451031741957
CLIP50_linear_ridge,833,-0.11796758115780204,-0.22002170374389582,-0.27078541876762574
CLIP50_linear_ridge,834,-0.056081072516730446,-0.2660200759631036,-0.29977763917152245
CLIP50_linear_ridge,835,-0.07903646728290625,-0.2561177428106348,-0.18311297315385489
CLIP50_linear_ridge,836,-0.09420785136973842,-0.3047069994574064,-0.2803948583268921
CLIP50_linear_ridge,837,-0.043029972999164334,-0.3103228431904504,-0.28499913254879317
CLIP50_linear_ridge,838,-0.11309437029114178,-0.01322571893651655,-0.035411119840406145
CLIP50_linear_ridge,839,-0.07314738420056521,-0.1931090613130765,-0.1674660495144607
CLIP50_linear_ridge,840,-0.040668518110678065,0.019641888225718936,-0.0063637468958625855
CLIP50_linear_ridge,841,-0.10311181478563936,-0.09207813347802495,-0.12021457852060531
CLIP50_linear_ridge,842,-0.03169277747117749,-0.1259495387954422,-0.12217368328444181
CLIP50_linear_ridge,843,0.02760344445192553,0.1497829625610418,0.16698858007556394
CLIP50_linear_ridge,844,-0.06485949105440358,-0.3095903418339664,-0.34488463048254614
CLIP50_linear_ridge,845,-0.02498708332581767,-0.21778350515463918,-0.22734703928861105
CLIP50_linear_ridge,846,-0.05825337710053158,-0.004801953336950624,-0.07714068671886082
CLIP50_linear_ridge,847,-0.02283825839727638,-0.136096039066739,-0.16262727338642916
CLIP50_linear_ridge,848,-0.0487880037823325,0.049484536082474224,-0.012090071735070061
CLIP50_linear_ridge,849,-0.03832851820389416,-0.18266413456321218,-0.2797532298667843
CLIP50_linear_ridge,850,-0.004392564733938675,0.1257189365165491,0.0599868727585717
CLIP50_linear_ridge,851,-0.05100535500974401,-0.011489419424850785,-0.027943752338830202
CLIP50_linear_ridge,852,-0.013824851451181397,-0.14557786218122623,-0.16526365520198744
CLIP50_linear_ridge,853,-0.027786886308706293,-0.1222056429734129,-0.11160190967488635
CLIP50_linear_ridge,854,-0.01461106924465394,-0.14648670645686382,-0.13966854314800625
CLIP50_linear_ridge,855,-0.027901523742426937,-0.13521432447097123,-0.2026245713007418
CLIP50_linear_ridge,856,-0.016756933119131956,-0.1479652740097667,-0.14068993704236887
CLIP50_linear_ridge,857,-0.022982736564728823,0.058152468800868155,-0.010181356659603617
CLIP50_linear_ridge,858,-0.0835328216543767,-0.2787167661421595,-0.28257848993087725
CLIP50_linear_ridge,859,-0.03880345637114058,-0.035336408030385236,-0.02635684112016619
CLIP50_linear_ridge,860,0.01901954379172377,0.2592783505154639,0.20786810307325326
CLIP50_linear_ridge,861,-0.07575845667000203,-0.28788659793814436,-0.30317281353796366
CLIP50_linear_ridge,862,-0.012678007720237972,-0.16840748779164405,-0.15979681428850506
CLIP50_linear_ridge,863,-0.08331686372865943,0.1309007053716766,0.035858863662210416
CLIP50_linear_ridge,864,-0.01487973497966788,-0.25440857297883884,-0.21231016310771225
CLIP50_linear_ridge,865,-0.035938959691201644,-0.1814026044492675,-0.2472438450703757
CLIP50_linear_ridge,866,-0.05160832398133697,-0.04253933803581117,-0.04649851180249531
CLIP50_linear_ridge,867,-0.04671594245225008,-0.310485621269669,-0.2983580251458364
CLIP50_linear_ridge,868,-0.04025021531629758,-0.1544628323385784,-0.1777762181243958
CLIP50_linear_ridge,869,-0.026006856725028227,0.03434617471513836,0.05149431355345523
CLIP50_linear_ridge,870,-0.01890984589289091,-0.1576098752034726,-0.1900588338352624
CLIP50_linear_ridge,871,-0.07125409375715352,-0.03712696690179056,-0.1113829178657181
CLIP50_linear_ridge,872,-0.18015106089962818,-0.10967173087357569,-0.26115444626224577
CLIP50_linear_ridge,873,-0.025757419680770832,-0.13532284319045035,-0.1388447461024916
CLIP50_linear_ridge,874,-0.06721518627221879,0.003703201302224634,-0.1573937055220125
CLIP50_linear_ridge,875,-0.06912715573470574,-0.20233315246880085,-0.15563672253711197
CLIP50_linear_ridge,876,-0.02996531343360398,-0.13161964188822572,-0.2089344661812879
CLIP50_linear_ridge,877,-0.06865571341312271,-0.111706456863809,-0.09653609087815909
CLIP50_linear_ridge,878,-0.05122792866353887,-0.1488062940857298,-0.1579322394138616
CLIP50_linear_ridge,879,-0.051888853532548795,-0.15587357569180682,-0.22208486312317544
CLIP50_linear_ridge,880,-0.038212027753837585,-0.27491861096039066,-0.27966930203678825
CLIP50_linear_ridge,881,-0.01962887307222494,-0.176342919153554,-0.19692097923740104
CLIP50_linear_ridge,882,-0.03252295522078419,-0.05212967986977754,-0.07069792284933098
CLIP50_linear_ridge,883,-0.0067469565479705285,-0.06129951166576234,-0.11764640329142274
CLIP50_linear_ridge,884,-0.04106359941252635,0.02148670645686381,-0.07096948391701183
CLIP50_linear_ridge,885,-0.10726748699523259,-0.16691535539880628,-0.2455788763116638
CLIP50_linear_ridge,886,-0.047600518450813256,-0.3083016820401519,-0.3167090467301426
CLIP50_linear_ridge,887,-0.0375872799573127,-0.20462561041779706,-0.25046008055493296
CLIP50_linear_ridge,888,0.026334393821414448,0.22063212154096584,0.19084187857387908
CLIP50_linear_ridge,889,-0.04474087551311423,0.1473277265328269,0.035290316333100286
CLIP50_linear_ridge,890,0.1592802323475837,0.39991861096039066,0.40122220523658136
CLIP50_linear_ridge,891,0.011463983521743493,0.12736028214867065,0.14175754935525592
CLIP50_linear_ridge,892,-0.03058643651966042,-0.23194519804666305,-0.2426645154691539
CLIP50_linear_ridge,893,-0.06738492261541817,-0.2633071079761259,-0.19640904736608583
CLIP50_linear_ridge,894,-0.0174258357970547,-0.18472599023331526,-0.18181836022079673
CLIP50_linear_ridge,895,-0.004016892101999181,-0.03867335865436788,-0.06440019453949046
CLIP50_linear_ridge,896,-0.027214046720884566,-0.1983179598480738,-0.2242783740422496
CLIP50_linear_ridge,897,-0.0540349279429273,-0.24937601736299514,-0.30202637783389746
CLIP50_linear_ridge,898,-0.04429120317485702,-0.1263293543136191,-0.14916677849723525
CLIP50_linear_ridge,899,-0.046627738883559866,-0.2713510580575149,-0.2869138156572596
CLIP50_linear_ridge,900,-0.032032093184838795,-0.1334644601193706,-0.17011175405313445
CLIP50_linear_ridge,901,-0.07979828275285028,-0.22603092783505155,-0.2198932298310132
CLIP50_linear_ridge,902,-0.03516853459478586,0.0012208355941399891,-0.05761323522128506
CLIP50_linear_ridge,903,-0.004403217190133368,-0.11040423223005968,-0.08790767992618109
CLIP50_linear_ridge,904,-0.021197517414852873,0.07877102550189909,0.06998669198918403
CLIP50_linear_ridge,905,-0.012104197828736396,-0.2101600651112317,-0.17991825068008072
CLIP50_linear_ridge,906,-0.022455255079832037,-0.20046120455778624,-0.2058765782528229
CLIP50_linear_ridge,907,-0.06207718486095781,-0.24746337493217582,-0.15784271683928913
CLIP50_linear_ridge,908,-0.012907524242543378,-0.10680954964731415,-0.16838837235885684
CLIP50_linear_ridge,909,-0.03539477564046556,-0.1000135648399349,-0.16755891554528013
CLIP50_linear_ridge,910,-0.05700122199639801,-0.2877780792186652,-0.30802500158511437
CLIP50_linear_ridge,911,-0.04425914109482654,-0.33506511123168753,-0.28192589365340026
CLIP50_linear_ridge,912,-0.5474740864447734,-0.036747151383613674,-0.11402404764505177
CLIP50_linear_ridge,913,-0.07034885967428894,-0.1778214867064569,-0.10056031880966426
CLIP50_linear_ridge,914,-0.0009908309814052885,0.05636190992946283,0.024136819189344134
CLIP50_linear_ridge,915,-0.030255828612519187,-0.008898534997287032,-0.030294549045897297
CLIP50_linear_ridge,916,-0.037570324015042234,-0.11386326641345632,-0.13419998418791856
CLIP50_linear_ridge,917,-0.06178054232635044,-0.21901790558871403,-0.19597460690891944
CLIP50_linear_ridge,918,-0.027905018168815632,-0.0916440586001085,-0.019716360319163212
CLIP50_linear_ridge,919,-0.03208597904153243,-0.07288388497015734,-0.07004795259570046
CLIP50_linear_ridge,920,-0.01946478484249381,-0.13784590341833966,-0.1848076093215771
CLIP50_linear_ridge,921,-0.07276959013791173,-0.0066739012479652745,-0.02206546148462933
CLIP50_linear_ridge,922,-0.04206624529208702,-0.2445469343461747,-0.17647987068190002
CLIP50_linear_ridge,923,-0.022070996860237724,-0.18814432989690721,-0.20009409443506687
CLIP50_linear_ridge,924,-0.08972757064536663,-0.0878187737384699,-0.28693756772068363
CLIP50_linear_ridge,925,-0.015643413989949062,-0.17520347259902333,-0.17747511735537688
CLIP50_linear_ridge,926,-0.09582498861671906,-0.19873846988605534,-0.25186235322424244
CLIP50_linear_ridge,927,0.006546998156738315,0.06034997287032013,0.10468899395856972
CLIP50_linear_ridge,928,-0.012395890074828442,-0.17542051003798156,-0.1560195282791401
CLIP50_linear_ridge,929,-0.04621560230056976,-0.19671730873575693,-0.2789886173742401
CLIP50_linear_ridge,930,-0.028404812845533867,0.07544763971785133,-0.049465893840474076
CLIP50_linear_ridge,931,-0.06621507208063915,-0.11707813347802495,-0.16366991386145371
CLIP50_linear_ridge,932,-0.010305347470416892,-0.04784319045035269,-0.02629625876933287
CLIP50_linear_ridge,933,-0.06558668732338924,-0.2537303309820944,-0.28902432656042204
CLIP50_linear_ridge,934,-0.05443661713778547,-0.3173629951166576,-0.31213738447086803
CLIP50_linear_ridge,935,-0.046740604229760896,-0.26020075963103634,-0.2932366780245187
CLIP50_linear_ridge,936,-0.023713137323943645,-0.17514921323928379,-0.21229750728077443
CLIP50_linear_ridge,937,-0.014651422121657598,-0.19176614215952253,-0.17194053016268424
CLIP50_linear_ridge,938,-0.009771664069871955,0.049620184481823114,-0.04383421899064727
CLIP50_linear_ridge,939,0.0014750120131652444,0.13954150841020077,0.12816666444508756
CLIP50_linear_ridge,940,-0.037288971076983035,-0.01607433532284319,0.042268664939155626
CLIP50_linear_ridge,941,-0.031872812312242926,-0.2516956049918611,-0.2389574010786887
CLIP50_linear_ridge,942,-0.021480417527985907,-0.18012750949538794,-0.20312180475074587
CLIP50_linear_ridge,943,-0.05592138155653892,-0.26134020618556697,-0.31797534556147566
CLIP50_linear_ridge,944,-0.04390901768846933,-0.2639175257731959,-0.2580499872385925
CLIP50_linear_ridge,945,-0.0576523450458899,-0.14100651112316875,-0.16041143501398264
CLIP50_linear_ridge,946,-0.053409881564239425,-0.10021703743895823,-0.2147540022563026
CLIP50_linear_ridge,947,-0.05337925376213404,-0.3560227889310906,-0.3149345354906192
CLIP50_linear_ridge,948,-0.06526853841782887,-0.3116928920238741,-0.3428285030246717
CLIP50_linear_ridge,949,-0.02610991019383979,-0.18107704829083018,-0.23362468175324225
CLIP50_linear_ridge,950,-0.05492360488474457,-0.1465138361367336,-0.16875546243263284
CLIP50_linear_ridge,951,-0.041568800416432294,-0.2665626695604992,-0.2705077196617643
CLIP50_linear_ridge,952,-0.0544905053266469,-0.07296527400976668,-0.07059333194316406
CLIP50_linear_ridge,953,-0.02478730021414166,-0.23303038524145417,-0.21552171132261014
CLIP50_linear_ridge,954,-0.04921243763349259,-0.1389989148128052,-0.2152182290734499
CLIP50_linear_ridge,955,-0.036163690468886456,-0.2718393922951709,-0.2530527009646755
CLIP50_linear_ridge,956,-0.07494380222478925,-0.1485621269669018,-0.19832963436866557
CLIP50_linear_ridge,957,-0.009592558186280575,-0.00430005425935974,0.0008771518008800633
CLIP50_linear_ridge,958,-0.03674476500395607,-0.20009495387954424,-0.13642707475758228
CLIP50_linear_ridge,959,-0.058618599195957355,0.07216494845360825,-0.011370584614371057
CLIP50_linear_ridge,960,-0.028910373037158488,-0.30573792729245797,-0.2395876562058524
CLIP50_linear_ridge,961,-0.025254465291329353,-0.18988062940857298,-0.20804108020751935
CLIP50_linear_ridge,962,-0.007102179609983494,-0.13834780249593054,-0.11987087754871036
CLIP50_linear_ridge,963,-0.10218342247380852,-0.14944384156266954,-0.10596778218464584
CLIP50_linear_ridge,964,-0.03744550793842705,-0.18908030385241456,-0.09933265961701215
CLIP50_linear_ridge,965,-0.007880740803230646,-0.17468800868149756,-0.13831962897927247
CLIP50_linear_ridge,966,-0.0319216760729748,-0.22268041237113398,-0.1723339041845361
CLIP50_linear_ridge,967,-0.12449322745656954,-0.13788659793814434,-0.17148587530481907
CLIP50_linear_ridge,968,-0.016532045608759427,-0.19253933803581116,-0.18983360135885322
CLIP50_linear_ridge,969,-0.062350267564841744,-0.16231687466087902,-0.23955809111573345
CLIP50_linear_ridge,970,-0.01947559944599697,-0.21383613673358656,-0.19478467469571095
CLIP50_linear_ridge,971,-0.0765343425929721,-0.0557921866521975,-0.12963887030881072
CLIP50_linear_ridge,972,-0.03832250031861362,-0.32082202930005427,-0.2876068257170928
CLIP50_linear_ridge,973,-0.06361571632106044,-0.12249050461204558,-0.13364112739922768
CLIP50_linear_ridge,974,-0.06451200229197851,-0.2990368963646229,-0.3474516152019571
CLIP50_linear_ridge,975,-0.09794921336924323,-0.2213510580575149,-0.19203977081760806
CLIP50_linear_ridge,976,-0.04219638679326354,-0.1871812262615301,-0.19707211370365046
CLIP50_linear_ridge,977,-0.041388786714549264,-0.2692213781877374,-0.30807427810813376
CLIP50_linear_ridge,978,-0.023416575339489265,-0.16394465545306564,-0.20846773069895524
CLIP50_linear_ridge,979,-0.04724898387681953,-0.16502984264785675,-0.17202023169009412
CLIP50_linear_ridge,980,-0.0226330387381537,-0.2340748779164406,-0.20718274128751057
CLIP50_linear_ridge,981,-0.025546711650764165,-0.15311991318502444,-0.20450648003807875
CLIP50_linear_ridge,982,-0.011592409404969528,-0.1095496473141617,-0.14895751502234328
CLIP50_linear_ridge,983,-0.020817289898145352,-0.042837764514378734,-0.06396738032365105
CLIP50_linear_ridge,984,-0.024271525738395416,0.017349430276722734,0.024640543659568453
CLIP50_linear_ridge,985,-0.0463464817837711,-0.11793271839392296,-0.12486032902965788
CLIP50_linear_ridge,986,-0.019100009567522225,-0.11030927835051546,-0.10875604111657401
CLIP50_linear_ridge,987,-0.0386868812116703,-0.05529028757460663,-0.11856114688727111
CLIP50_linear_ridge,988,-0.042977702908615134,-0.18983993488876835,-0.17598256568879217
CLIP50_linear_ridge,989,-0.03769037362770322,-0.2188686923494303,-0.2603044200059394
CLIP50_linear_ridge,990,-0.056623034563813235,-0.06808193163320672,-0.07273691612137018
CLIP50_linear_ridge,991,-0.015563092926923927,-0.15496473141616932,-0.1691970652504582
CLIP50_linear_ridge,992,-0.02042959714276349,0.0705371676614216,0.03614224474108159
CLIP50_linear_ridge,993,-0.04033361725320872,-0.2673629951166576,-0.26842810526488003
CLIP50_linear_ridge,994,-0.018825372674877494,-0.14536082474226802,-0.15874115220072849
CLIP50_linear_ridge,995,-0.030374310635169266,0.13118556701030928,0.1324945142604729
CLIP50_linear_ridge,996,-0.021305288500991004,-0.254517091698318,-0.20091262848972058
CLIP50_linear_ridge,997,-0.08753796898462607,-0.1362452523060228,-0.1516361214945796
CLIP50_linear_ridge,998,-0.03770886591092992,-0.1664134563212154,-0.2638530029051692
CLIP50_linear_ridge,999,-0.015220861225579307,-0.11313076505697232,-0.13360234834297252
CLIP50_linear_ridge,1000,0.00869207042848208,0.28075149213239287,0.14970711279427132
CLIP512_linear_ridge,1,-0.040189401766172805,-0.057447097124253936,-0.05920017233807126
CLIP512_linear_ridge,2,-0.0148870901651037,0.11985892566467715,0.08879627908945198
CLIP512_linear_ridge,3,-0.05451215689812705,-0.22481009224091159,-0.27496958148784034
CLIP512_linear_ridge,4,-0.038058779546074284,0.09357026587086273,0.029168382036071177
CLIP512_linear_ridge,5,-0.022294197769914925,-0.028798155181768856,-0.08918612859815253
CLIP512_linear_ridge,6,-0.016039235157215392,0.11371405317417255,0.10142048044492832
CLIP512_linear_ridge,7,-0.035043714682203575,-0.22966630493760173,-0.26973920399913726
CLIP512_linear_ridge,8,-0.010675175168093576,0.021554530656538253,0.061052264232202266
CLIP512_linear_ridge,9,-0.010622706257868986,-0.07353499728703201,-0.022500869638779168
CLIP512_linear_ridge,10,-0.12718892190946218,-0.21051275094953878,-0.25745322646703517
CLIP512_linear_ridge,11,-0.07686561056650865,-0.10444926749864353,-0.0747836272165262
CLIP512_linear_ridge,12,-0.027025173186787876,-0.16829896907216493,-0.1442015964517525
CLIP512_linear_ridge,13,-0.07001437795159693,-0.1658301682040152,-0.16908177313404843
CLIP512_linear_ridge,14,-0.06678340652943127,0.04430276722734672,0.021069141019255548
CLIP512_linear_ridge,15,-0.022807649594516866,-0.17948996201844816,-0.1839395157624521
CLIP512_linear_ridge,16,-0.024200513978177574,-0.15128865979381442,-0.1199285070391811
CLIP512_linear_ridge,17,-0.0266626665996732,-0.1880222463374932,-0.18558673792274222
CLIP512_linear_ridge,18,-0.04173912448757977,-0.19569994574064026,-0.19910846876137264
CLIP512_linear_ridge,19,-0.02198438124372104,-0.1618556701030928,-0.15208325805447445
CLIP512_linear_ridge,20,-0.02005936379745843,-0.12263971785132934,-0.1552554826094968
CLIP512_linear_ridge,21,-0.04307066520498992,-0.041928920238741174,-0.01162299427012364
CLIP512_linear_ridge,22,0.0015001147409413607,0.05020347259902334,0.060434967561578005
CLIP512_linear_ridge,23,-0.028578374738221335,-0.22344004340748777,-0.2071975880046756
CLIP512_linear_ridge,24,-0.042667590542375455,-0.2745794899620185,-0.3163543780266911
CLIP512_linear_ridge,25,-0.056703584038565014,-0.2430005425935974,-0.2573280242014102
CLIP512_linear_ridge,26,-0.08758914185538957,0.004462832338578405,-0.01246881865782128
CLIP512_linear_ridge,27,-0.09826946477297183,-0.19700217037438958,-0.2354757377353694
CLIP512_linear_ridge,28,-0.08775604377365731,-0.08753391209983721,-0.18101996683701815
CLIP512_linear_ridge,29,0.0025584862576106815,0.1402333152468801,0.11477894412856963
CLIP512_linear_ridge,30,-0.05750764629436245,-0.166467715680955,-0.206332914715822
CLIP512_linear_ridge,31,-0.0609535160904624,0.08832067281606078,0.01579998326190976
CLIP512_linear_ridge,32,-0.039139664515237094,-0.22261258817145957,-0.2388601833188264
CLIP512_linear_ridge,33,-0.023772453974467034,-0.0805480195333695,-0.05037099538790536
CLIP512_linear_ridge,34,-0.07722191265473843,-0.0716223548562127,-0.13310065289370862
CLIP512_linear_ridge,35,-0.050924062793913594,-0.2310770482908302,-0.23619031254921333
CLIP512_linear_ridge,36,-0.0657100683483558,-0.20832881172002168,-0.17908824905394222
CLIP512_linear_ridge,37,-0.11868439970159494,-0.29774823657080846,-0.28861072626827367
CLIP512_linear_ridge,38,-0.04435580837896835,-0.09940314704286489,-0.08486319586104597
CLIP512_linear_ridge,39,-0.05253509087409247,-0.22182582745523605,-0.22797721641992164
CLIP512_linear_ridge,40,-0.06050712721862728,-0.3313890396093326,-0.3857143170788161
CLIP512_linear_ridge,41,-0.028032239220957544,-0.16433803581117742,-0.1737077584679691
CLIP512_linear_ridge,42,-0.015187104388532768,-0.03752034725990234,-0.08866643390941409
CLIP512_linear_ridge,43,-0.017799374006974622,-0.03479381443298969,0.0015478848801645274
CLIP512_linear_ridge,44,-0.023257752493841766,-0.23353228431904505,-0.22853917707905175
CLIP512_linear_ridge,45,-0.02557140211011011,-0.07448453608247423,-0.12408043735044132
CLIP512_linear_ridge,46,-0.042364455550211844,-0.23130765056972327,-0.22653950662758682
CLIP512_linear_ridge,47,-0.06341243329653268,-0.13071079761258816,-0.13962181231748347
CLIP512_linear_ridge,48,-0.00383473645067256,0.06888225718936516,0.013218996805052768
CLIP512_linear_ridge,49,-0.008064646351855886,-0.05358111774281064,-0.061832836821967586
CLIP512_linear_ridge,50,-0.14120360489967654,-0.10219750406945198,-0.0003545432814617139
CLIP512_linear_ridge,51,-0.0023256883866196176,0.10113944655453067,0.12893954899726393
CLIP512_linear_ridge,52,-0.043545154385894236,-0.21129951166576236,-0.22621960597517418
CLIP512_linear_ridge,53,-0.06320478850736544,-0.3924986435160065,-0.3948943621583568
CLIP512_linear_ridge,54,-0.09726802549930036,-0.3289880629408573,-0.3617033788850029
CLIP512_linear_ridge,55,-0.029081200726587264,-0.23783233857840477,-0.24914683799138548
CLIP512_linear_ridge,56,-0.027382133810436082,-0.14355670103092782,-0.1674608538897695
CLIP512_linear_ridge,57,-0.044430412321522006,-0.1339256646771568,-0.17522368696957058
CLIP512_linear_ridge,58,-0.0601322855680364,-0.26583016820401517,-0.30002160453236165
CLIP512_linear_ridge,59,-0.02034421827887445,0.07495930548019533,0.025099596796714786
CLIP512_linear_ridge,60,-0.031870286348203436,0.04437059142702116,-0.0658302573824792
CLIP512_linear_ridge,61,-0.03861886954167737,-0.06205914270211611,-0.10472927939344451
CLIP512_linear_ridge,62,-0.06652794637879667,-0.06223548562126967,-0.08745178820720441
CLIP512_linear_ridge,63,-0.25434382693715474,-0.13148399348887682,-0.11438852946600359
CLIP512_linear_ridge,64,-0.021960175295306916,-0.16395822029300056,-0.16388738592227126
CLIP512_linear_ridge,65,-0.11108281681883603,-0.11569451980466629,-0.15020506471116443
CLIP512_linear_ridge,66,-0.03043253961917558,0.0421459576776994,0.0343121934302774
CLIP512_linear_ridge,67,-0.059404052179206523,0.12483722192078132,0.06006817528348459
CLIP512_linear_ridge,68,-0.03885003596102288,-0.2134291915355399,-0.22201856469208278
CLIP512_linear_ridge,69,-0.049038797128475586,-0.08133478024959305,-0.1315713453686388
CLIP512_linear_ridge,70,-0.006591808835729074,0.10505968529571351,0.047421971537614765
CLIP512_linear_ridge,71,-0.024952814656366673,-0.15272653282691265,-0.14891383719202003
CLIP512_linear_ridge,72,-0.04508677484038848,-0.3951302224633749,-0.35362765484078656
CLIP512_linear_ridge,73,-0.03774556874007051,-0.13598752034725992,-0.12744407190155618
CLIP512_linear_ridge,74,-0.011743107143320275,-0.059820944112859466,-0.05214000878696909
CLIP512_linear_ridge,75,-0.0436043882553796,-0.3411285946825828,-0.3086040530127161
CLIP512_linear_ridge,76,-0.04738353183830868,-0.2805208898534997,-0.3125991176428361
CLIP512_linear_ridge,77,-0.034120869090924044,-0.26521975040694523,-0.2382569841172663
CLIP512_linear_ridge,78,-0.003603786353346683,0.12189365165491046,0.09685815055247482
CLIP512_linear_ridge,79,-0.05935131444699526,-0.12840477482365706,-0.08959282580160224
CLIP512_linear_ridge,80,-0.07248595068684893,-0.08750678241996744,-0.07901927867587501
CLIP512_linear_ridge,81,-0.10619560366660807,-0.36021432447097124,-0.37728779314773686
CLIP512_linear_ridge,82,-0.0623580408881812,-0.12803852414541508,-0.2129131880464849
CLIP512_linear_ridge,83,-0.1358929625175811,-0.10240097666847531,-0.14674106966796352
CLIP512_linear_ridge,84,-0.08658366347715396,-0.01056701030927835,0.009272322480290312
CLIP512_linear_ridge,85,-0.028674688402902992,-0.21043136190992948,-0.20941590956040873
CLIP512_linear_ridge,86,-0.019590162334814254,-0.015409658166033641,-0.02449618298632851
CLIP512_linear_ridge,87,-0.04622774005750174,-0.26778350515463917,-0.2546052252560032
CLIP512_linear_ridge,88,-0.00883585143454324,0.038442756375474764,0.042597924343477006
CLIP512_linear_ridge,89,-0.11675638349869466,-0.4153553988062941,-0.33591970386838976
CLIP512_linear_ridge,90,-0.10424731377359442,-0.3553174172544764,-0.2715400927563704
CLIP512_linear_ridge,91,-0.028521522768414354,-0.258654367878459,-0.27445594095189446
CLIP512_linear_ridge,92,-0.06618774797349447,-0.3702794357026587,-0.34120936808344055
CLIP512_linear_ridge,93,-0.04795651708833781,-0.27637004883342375,-0.28234320679070496
CLIP512_linear_ridge,94,-0.044151043301782655,-0.08665219750406945,-0.16365776804764473
CLIP512_linear_ridge,95,-0.003308139009692068,0.19258003255561584,0.21576693890079235
CLIP512_linear_ridge,96,-0.11445784392277214,0.10634834508952794,-0.014298912562071386
CLIP512_linear_ridge,97,-0.04765741566340087,-0.21772924579489963,-0.25321577041749316
CLIP512_linear_ridge,98,-0.07429530455198141,0.015816603364080303,-0.07345927090480894
CLIP512_linear_ridge,99,-0.026681244102832347,-0.1401112316874661,-0.20387862801029483
CLIP512_linear_ridge,100,-0.0718084770392069,-0.3047883884970158,-0.29130404342221394
CLIP512_linear_ridge,101,-0.013130713256482629,-0.07381985892566469,-0.09333301200695485
CLIP512_linear_ridge,102,-0.05678129547290456,-0.23785946825827453,-0.2666880782703221
CLIP512_linear_ridge,103,-0.03761335447479497,-0.22776722734671734,-0.19878775368211926
CLIP512_linear_ridge,104,-0.026796018271870725,0.011489419424850785,-0.039536285604817985
CLIP512_linear_ridge,105,-0.09052410486092244,-0.11214053174172545,-0.11285325414700456
CLIP512_linear_ridge,106,-0.04568693856343242,-0.042674986435160066,-0.1228227269979335
CLIP512_linear_ridge,107,-0.024870425789746298,-0.10099023331524687,-0.1420122170259394
CLIP512_linear_ridge,108,-0.10218687222849088,-0.05042051003798156,-0.0874661372347632
CLIP512_linear_ridge,109,-0.056166615691468635,-0.21458220293000543,-0.24947464960354668
CLIP512_linear_ridge,110,-0.009138456560954245,-0.0704150841020076,-0.05854132797166116
CLIP512_linear_ridge,111,-0.06067659878657161,0.027902875746066196,-0.03994214540311735
CLIP512_linear_ridge,112,-0.12495976162559352,0.15908844275637546,0.07186468163361848
CLIP512_linear_ridge,113,-0.016991437319824998,0.004110146500271297,-0.004262058043250881
CLIP512_linear_ridge,114,-0.04007798703972454,-0.1551546391752577,-0.1833466601663281
CLIP512_linear_ridge,115,-0.12866549467268817,-0.027740097666847534,-0.08016430574846375
CLIP512_linear_ridge,116,-0.015593981114624844,0.09085729788388495,-0.012997378899162054
CLIP512_linear_ridge,117,-0.01119691219535679,-0.0701573521432447,-0.05457814044379339
CLIP512_linear_ridge,118,-0.011661301547625014,-0.02618014107433532,-0.030102786575910243
CLIP512_linear_ridge,119,-0.02757429521370902,-0.034644601193705916,-0.04103301842698443
CLIP512_linear_ridge,120,-0.08808958154964008,-0.10217037438958221,-0.12655192046262168
CLIP512_linear_ridge,121,-0.007613645515242906,0.02641074335322843,0.013889436005619434
CLIP512_linear_ridge,122,-0.061843511155151853,-0.06564026044492675,-0.11941859599215701
CLIP512_linear_ridge,123,-0.12759674121616027,-0.11279164405860011,-0.22320263086309813
CLIP512_linear_ridge,124,0.03238400232547045,0.29483179598480735,0.23061122759332958
CLIP512_linear_ridge,125,-0.019276177760944924,0.2195604991861096,0.05917777462908423
CLIP512_linear_ridge,126,-0.04853163445774933,-0.036502984264785675,-0.20680090016033728
CLIP512_linear_ridge,127,-0.0490528737661422,-0.08217580032555617,-0.15618224769666275
CLIP512_linear_ridge,128,-0.030432331746210517,-0.1053174172544764,-0.06262538979802765
CLIP512_linear_ridge,129,-0.024575559017085524,-0.10337764514378729,-0.13748536488564822
CLIP512_linear_ridge,130,0.016825122147456573,0.17181226261530116,0.14156477169321452
CLIP512_linear_ridge,131,-0.054770105265641744,-0.033233857840477485,-0.09055596028852562
CLIP512_linear_ridge,132,-0.05203701977758546,0.07204286489419426,-0.043502061225208596
CLIP512_linear_ridge,133,-0.019700152893055378,0.04830439500813891,-0.024441163558045584
CLIP512_linear_ridge,134,-0.014816903495526779,-0.06033640803038524,-0.0828908220504847
CLIP512_linear_ridge,135,-0.04114477066670741,0.11230330982094412,0.08230428504769424
CLIP512_linear_ridge,136,-0.04839214616757004,-0.13939229517091697,-0.21833396851785486
CLIP512_linear_ridge,137,-0.026699492533507563,0.1747422680412371,0.05728208977583414
CLIP512_linear_ridge,138,-0.05029433662445215,-0.23712696690179055,-0.2856831928392879
CLIP512_linear_ridge,139,-0.0339364556825732,-0.22438958220293,-0.20883293784483403
CLIP512_linear_ridge,140,-0.02491883074314294,-0.12026587086272382,-0.13934616633570435
CLIP512_linear_ridge,141,-0.049734802879487505,-0.18220293000542592,-0.20702383926226486
CLIP512_linear_ridge,142,-0.11497262374984096,-0.09043678784590342,-0.1581584359101717
CLIP512_linear_ridge,143,-0.024368124183276718,-0.19370591427021164,-0.17672793049013363
CLIP512_linear_ridge,144,-0.05968054954961244,-0.2692485078676071,-0.33811099245461057
CLIP512_linear_ridge,145,-0.03731218092615607,-0.19945740640260445,-0.20013569722008598
CLIP512_linear_ridge,146,-0.08474060027639507,-0.3958762886597938,-0.3845907485181477
CLIP512_linear_ridge,147,-0.007856743320979964,0.0705371676614216,0.07161498041087427
CLIP512_linear_ridge,148,-0.017124942010391164,0.06664405860010852,0.07284716324248172
CLIP512_linear_ridge,149,0.07186565282684565,0.28726261530113945,0.2727765549981079
CLIP512_linear_ridge,150,0.006229804992780585,0.07495930548019533,0.07973008380746843
CLIP512_linear_ridge,151,-0.030670429787922115,-0.15166847531199132,-0.11896379100120044
CLIP512_linear_ridge,152,-0.03996973278725524,-0.2566060770482908,-0.23028981474248278
CLIP512_linear_ridge,153,-0.055254483240365415,-0.07244981009224091,-0.050669870385939876
CLIP512_linear_ridge,154,-0.009061186712833846,-0.08969072164948452,-0.04236319517856148
CLIP512_linear_ridge,155,-0.0643097017301979,-0.09933532284319045,-0.15895631659707793
CLIP512_linear_ridge,156,-0.012115098768211485,0.07574606619641888,0.06636777924537438
CLIP512_linear_ridge,157,-0.06695086674040418,-0.339026044492675,-0.3279650996741233
CLIP512_linear_ridge,158,-0.08474838088715408,-0.36271025501899073,-0.39677824090660446
CLIP512_linear_ridge,159,-0.02314292444798549,-0.1938008681497558,-0.19016738362489718
CLIP512_linear_ridge,160,-0.03518319524760827,-0.20929191535539882,-0.21043700907724516
CLIP512_linear_ridge,161,-0.030331061419439864,-0.2622626153011394,-0.20609253041860276
CLIP512_linear_ridge,162,-0.016465599945699516,-0.06804123711340206,-0.09924559872965776
CLIP512_linear_ridge,163,-0.03835540200585341,-0.18399348887683126,-0.25113560413108915
CLIP512_linear_ridge,164,-0.040340011410436194,-0.3070265870862724,-0.2991021072991915
CLIP512_linear_ridge,165,-0.03372707079222681,-0.14187466087900164,-0.14261609657282043
CLIP512_linear_ridge,166,-0.05656427712926759,-0.2461611502984265,-0.3190112093783707
CLIP512_linear_ridge,167,-0.020242794499327532,-0.1352550189907759,-0.12666583998216832
CLIP512_linear_ridge,168,-0.04523073462679306,-0.31880086814975583,-0.3126378539582215
CLIP512_linear_ridge,169,-0.0971296813708209,-0.14612045577862182,-0.120211117093049
CLIP512_linear_ridge,170,-0.038306526443483646,0.07182582745523602,0.12061452098847393
CLIP512_linear_ridge,171,-0.05442350953410613,-0.1858654367878459,-0.20857354789389193
CLIP512_linear_ridge,172,-0.03392442423692432,-0.18648941942485078,-0.18726989401303654
CLIP512_linear_ridge,173,-0.0952631081046853,0.026492132392837764,-0.02517072603180729
CLIP512_linear_ridge,174,0.0002975100008167919,0.21744438415626693,0.09807550265413921
CLIP512_linear_ridge,175,-0.06536003016244263,-0.17322300596852955,-0.18549892782863348
CLIP512_linear_ridge,176,-0.02543515734494739,-0.04263429191535539,-0.01293687401602367
CLIP512_linear_ridge,177,-0.05808891357577184,-0.15870862723819856,-0.16961590144585498
CLIP512_linear_ridge,178,-0.014952199226774932,-0.02091698317959848,-0.01247836512185245
CLIP512_linear_ridge,179,-0.0673493307673858,0.11995387954422138,0.04509977291443272
CLIP512_linear_ridge,180,-0.053645939591490555,-0.28035811177428105,-0.2784574240106623
CLIP512_linear_ridge,181,-0.02144255240947457,0.06261530113944656,0.022638761317318408
CLIP512_linear_ridge,182,-0.029251924975359556,-0.224023331524688,-0.19557790038686024
CLIP512_linear_ridge,183,-0.05123368048304866,-0.05980737927292458,-0.06729828017237882
CLIP512_linear_ridge,184,-0.002699952829369634,0.03648941942485078,0.01621134259693391
CLIP512_linear_ridge,185,-0.07681834514340635,-0.2873982637004883,-0.2911970427763524
CLIP512_linear_ridge,186,-0.0927982513391632,0.09367878459034183,0.09007350889148315
CLIP512_linear_ridge,187,-0.02280531383565121,-0.14854856212696688,-0.11337481545000178
CLIP512_linear_ridge,188,-0.010132996361484237,-0.05416440586001085,-0.051156807039237404
CLIP512_linear_ridge,189,-0.03291411376828557,-0.13341020075963103,-0.1496795120754945
CLIP512_linear_ridge,190,-0.03457390381551684,-0.2034997287032013,-0.18274238866179177
CLIP512_linear_ridge,191,-0.06639563961614425,-0.24146771568095496,-0.23948761709050348
CLIP512_linear_ridge,192,-0.023566449056090732,-0.11481280520889854,-0.13663082616630562
CLIP512_linear_ridge,193,-0.10403976471125365,-0.2502577319587629,-0.3514446725572016
CLIP512_linear_ridge,194,-0.020263706980817142,-0.10211611502984265,-0.10251950154069082
CLIP512_linear_ridge,195,-0.09351730425436222,-0.21843461747151385,-0.29011474224051226
CLIP512_linear_ridge,196,-0.04046303464283585,-0.2750949538795442,-0.2670332550360418
CLIP512_linear_ridge,197,-0.05994042948048062,-0.16009224091155724,-0.1868670189380619
CLIP512_linear_ridge,198,-0.02247928090359541,-0.10364894194248508,-0.19326782526755976
CLIP512_linear_ridge,199,-0.032478463315990025,-0.21603364080303855,-0.20431927804028105
CLIP512_linear_ridge,200,-0.059068293237730884,-0.22774009766684752,-0.25630379308463225
CLIP512_linear_ridge,201,-0.04255212689295251,-0.22025230602278895,-0.23730603901152225
CLIP512_linear_ridge,202,-0.021955818841579378,-0.15016277807921868,-0.20074987202189343
CLIP512_linear_ridge,203,-0.03643750134416224,-0.04005697232772653,0.021966673468797028
CLIP512_linear_ridge,204,-0.04692055779393178,-0.33659793814432987,-0.3108824591749286
CLIP512_linear_ridge,205,-0.14891212747205818,0.0259631036353771,-0.020381823508125077
CLIP512_linear_ridge,206,-0.10290977956412806,-0.06398534997287031,-0.09822617801839374
CLIP512_linear_ridge,207,-0.08034041370005274,-0.3903418339663592,-0.3821900421385842
CLIP512_linear_ridge,208,-0.03933650520864185,-0.08109061313076506,-0.09868965643006936
CLIP512_linear_ridge,209,-0.0920718685626758,-0.18400705371676612,-0.09342188621276656
CLIP512_linear_ridge,210,-0.021961860505951947,0.1147314161692892,0.006478439021779896
CLIP512_linear_ridge,211,-0.022535767147086494,0.055303852414541506,0.013897688797891834
CLIP512_linear_ridge,212,-0.02436146321031818,-0.22844546934346174,-0.16141199386323063
CLIP512_linear_ridge,213,-0.025442013696268084,-0.30813890396093324,-0.2904573761854815
CLIP512_linear_ridge,214,-0.04390990325430222,-0.284386869234943,-0.26282348757878154
CLIP512_linear_ridge,215,-0.049512655645687076,-0.26032284319045035,-0.29333549959787414
CLIP512_linear_ridge,216,0.0011740489591797187,0.1687194791101465,0.08428480423432845
CLIP512_linear_ridge,217,-0.031026432217451827,-0.008979924036896365,-0.05562430911299685
CLIP512_linear_ridge,218,-0.08499735177754508,-0.3245252306022789,-0.348626429958131
CLIP512_linear_ridge,219,-0.032984685954060344,-0.17204286489419426,-0.21950233298846
CLIP512_linear_ridge,220,-0.06391886321954954,-0.2747287032013022,-0.19344167806275867
CLIP512_linear_ridge,221,-0.019472250780602218,-0.11091969614758546,-0.14695160329886617
CLIP512_linear_ridge,222,0.0019967709993972127,0.12000813890396093,0.06853504492914783
CLIP512_linear_ridge,223,-0.04078933055802492,-0.11227618014107434,-0.11359514722438892
CLIP512_linear_ridge,224,-0.14264997800032742,-0.20141074335322845,-0.24179026323304326
CLIP512_linear_ridge,225,-0.02796620613714218,-0.06832609875203473,-0.09974489603393331
CLIP512_linear_ridge,226,-0.045908393125760005,-0.2286082474226804,-0.24576091109912412
CLIP512_linear_ridge,227,-0.05299809801067212,-0.13604177970699946,-0.13346470087660467
CLIP512_linear_ridge,228,-0.013130319632709941,0.04506239826370048,0.011856042830886468
CLIP512_linear_ridge,229,-0.0199077286631153,-0.13541779706999457,-0.11039501779879904
CLIP512_linear_ridge,230,-0.03275006768386679,-0.09051817688551275,-0.15156938103764928
CLIP512_linear_ridge,231,-0.0643509244029088,-0.36820401519262075,-0.35949712341822115
CLIP512_linear_ridge,232,-0.05881019416570976,-0.2812805208898535,-0.2536232195052655
CLIP512_linear_ridge,233,-0.03342041364198489,-0.22259902333152468,-0.2048492010823776
CLIP512_linear_ridge,234,-0.07601645074306496,-0.008572978838849702,-0.14869308773523243
CLIP512_linear_ridge,235,-0.012311864702738484,-0.011720021703743895,-0.02996897849811302
CLIP512_linear_ridge,236,-0.06051103778134892,-0.2581524688008682,-0.2427678162447046
CLIP512_linear_ridge,237,-0.03546284072390882,-0.004910472056429734,-0.04900370567131932
CLIP512_linear_ridge,238,-0.09614640621652204,-0.12527129679869778,-0.12106230608331496
CLIP512_linear_ridge,239,-0.0883723765430553,-0.24521161150298423,-0.255792538930279
CLIP512_linear_ridge,240,-0.012935931394858047,-0.02402333152468801,-0.055181513159189816
CLIP512_linear_ridge,241,-0.06811370857892451,-0.16489419424850787,-0.1756472459930549
CLIP512_linear_ridge,242,-0.0677338249150925,-0.41504340748779167,-0.3602468032203533
CLIP512_linear_ridge,243,-0.04889429806942758,-0.1219886055344547,-0.18476503321090904
CLIP512_linear_ridge,244,0.015882167235401368,0.1228160607704829,0.12661003745498967
CLIP512_linear_ridge,245,-0.01857333932231109,0.07244981009224091,0.07713770448503576
CLIP512_linear_ridge,246,-0.030025598877663873,-0.25645686380900706,-0.23122534955895496
CLIP512_linear_ridge,247,-0.04797741975864134,-0.30477482365708086,-0.275127753756994
CLIP512_linear_ridge,248,-0.046202903039646914,-0.01200488334237656,-0.10082112666650411
CLIP512_linear_ridge,249,-0.046742065043994696,-0.19739555073250134,-0.20991190791394881
CLIP512_linear_ridge,250,-0.025983724109937656,-0.14681226261530114,-0.22837949623762063
CLIP512_linear_ridge,251,-0.0859649911251974,-0.2314161692892024,-0.23605096708061846
CLIP512_linear_ridge,252,-0.023092661255681657,-0.14849430276722736,-0.15896481183562453
CLIP512_linear_ridge,253,-0.05571911854169209,-0.07122897449810092,-0.10402210020818034
CLIP512_linear_ridge,254,-0.04769348161525522,-0.1349158979924037,-0.04717456374392599
CLIP512_linear_ridge,255,-0.04101910527015162,-0.18399348887683126,-0.18620609451666814
CLIP512_linear_ridge,256,-0.0493977332156319,-0.014690721649484538,-0.04380861265888065
CLIP512_linear_ridge,257,-0.04853098012032109,-0.17866250678241996,-0.2196830238730333
CLIP512_linear_ridge,258,-0.062104992669470116,-0.3078540423223006,-0.3268632315881407
CLIP512_linear_ridge,259,-0.029443541133935325,-0.14918610960390669,-0.21242243762895896
CLIP512_linear_ridge,260,-0.01845135752710636,-0.10161421595225176,-0.10516036990583752
CLIP512_linear_ridge,261,-0.043199997019046865,0.07310092240911557,-0.03268537185510587
CLIP512_linear_ridge,262,-0.029120711306851232,-0.1073657080846446,-0.12506451550486247
CLIP512_linear_ridge,263,-0.04112666333466053,-0.23735756918068368,-0.278136207165705
CLIP512_linear_ridge,264,-0.10491857348814881,-0.20157352143244708,-0.22650240763955193
CLIP512_linear_ridge,265,-0.03129616263632795,-0.05111231687466088,-0.16124144584359956
CLIP512_linear_ridge,266,-0.05191604916137549,-0.2846852957135106,-0.28185927556351675
CLIP512_linear_ridge,267,0.025669667935144247,0.23775094953879544,0.2068885849064216
CLIP512_linear_ridge,268,-0.04246440643992866,-0.11382257189365166,-0.08621533783751908
CLIP512_linear_ridge,269,-0.042153509651567944,-0.02630222463374932,-0.06165382446933666
CLIP512_linear_ridge,270,-0.028872223682009812,-0.15948182311448725,-0.21856665566947792
CLIP512_linear_ridge,271,-0.03557632437623015,-0.12626153011394464,-0.16006116749408872
CLIP512_linear_ridge,272,-0.0010601756752752767,0.008613673358654369,0.020148163740255506
CLIP512_linear_ridge,273,-0.04768248985152401,-0.23476668475311988,-0.21704275297047765
CLIP512_linear_ridge,274,-0.025604371512199853,-0.02643787303309821,-0.0374372123158727
CLIP512_linear_ridge,275,-0.05746988225390548,-0.21277807921866523,-0.23001109208408788
CLIP512_linear_ridge,276,-0.02716724241239654,-0.19112859468258275,-0.16317932082053993
CLIP512_linear_ridge,277,-0.09286682980050198,-0.2737384698860553,-0.27221249297378036
CLIP512_linear_ridge,278,-0.021012235233386134,0.03917525773195876,0.03374997757261378
CLIP512_linear_ridge,279,0.006640333006126986,0.12475583288117201,0.11429856010536417
CLIP512_linear_ridge,280,-0.04739367333427591,-0.06829896907216496,-0.11027680420130515
CLIP512_linear_ridge,281,-0.06110024788724133,0.06502984264785676,-0.08456152443889703
CLIP512_linear_ridge,282,-0.030011736725532145,-0.1448317959848074,-0.14192191350111164
CLIP512_linear_ridge,283,-0.039510741698935314,-0.2979517091698318,-0.3211715284213261
CLIP512_linear_ridge,284,-0.038080908213035114,-0.11204557786218122,-0.13694638603531947
CLIP512_linear_ridge,285,-0.11686548210459091,0.05569723277265329,-0.022552767670408758
CLIP512_linear_ridge,286,-0.13371532421754218,-0.2502712967986978,-0.29946691945168447
CLIP512_linear_ridge,287,-0.005241044186751198,0.0148534997287032,0.01091815196721279
CLIP512_linear_ridge,288,-0.06100855835421348,-0.2740504612045578,-0.31200513374875216
CLIP512_linear_ridge,289,-0.08174735885234963,-0.2660743353228432,-0.25233205712498435
CLIP512_linear_ridge,290,-0.03394590246161844,-0.13422409115572437,-0.13010708641239985
CLIP512_linear_ridge,291,-0.15412783473476543,-0.19556429734129138,-0.19883972648474557
CLIP512_linear_ridge,292,-0.03782090581740705,-0.26215409658166033,-0.24489908767015867
CLIP512_linear_ridge,293,-0.024866368615188206,-0.19711068909386867,-0.1827804166218852
CLIP512_linear_ridge,294,-0.08930037147636782,-0.04476397178513294,-0.09832424750948242
CLIP512_linear_ridge,295,-0.04303071561868155,-0.18978567552902878,-0.2276249489380604
CLIP512_linear_ridge,296,-0.04265841848150065,-0.10808464460119371,-0.07131840369846182
CLIP512_linear_ridge,297,-0.0848629127168068,-0.11515192620727074,-0.18221908949565574
CLIP512_linear_ridge,298,-0.009175881566204191,0.01740368963646229,-0.0009890383784904033
CLIP512_linear_ridge,299,0.0329178638995683,0.3353364080303852,0.24704164752472293
CLIP512_linear_ridge,300,-0.0054297179212061675,-0.02003526858383071,-0.006619993368070579
CLIP512_linear_ridge,301,-0.05196925017716714,-0.3340748779164406,-0.31096705490050613
CLIP512_linear_ridge,302,-0.03206883759637269,-0.1565111231687466,-0.1808427139336843
CLIP512_linear_ridge,303,-0.016740825583756447,-0.13783233857840477,-0.13029581504748153
CLIP512_linear_ridge,304,-0.03767264301389672,0.06365979381443299,-0.08231992187064228
CLIP512_linear_ridge,305,-0.03190722958350767,-0.25704015192620727,-0.23174731214354438
CLIP512_linear_ridge,306,-0.0905590845513069,0.040233315246880084,-0.08911045623219341
CLIP512_linear_ridge,307,-0.0014926137213742141,0.1436109603906674,0.09962411954286361
CLIP512_linear_ridge,308,-0.017538811652151987,0.0017227346717308737,-0.030509608524531294
CLIP512_linear_ridge,309,-0.12188340314141999,-0.26370048833423765,-0.3002865626856999
CLIP512_linear_ridge,310,-0.04205032640652662,-0.2609196961475855,-0.20746379191636188
CLIP512_linear_ridge,311,-0.006849584829339728,-0.006768855127509496,-0.025358166461043576
CLIP512_linear_ridge,312,-0.041301779804348016,-0.2542457948996202,-0.2666757111525288
CLIP512_linear_ridge,313,-0.03222514501494578,-0.10039338035811178,-0.09957831289930678
CLIP512_linear_ridge,314,-0.023632517195746328,-0.12539338035811176,-0.1684026216264462
CLIP512_linear_ridge,315,-0.06459287933637281,-0.2934481823114487,-0.3210251933818164
CLIP512_linear_ridge,316,-0.00883242126523931,-0.048548562126966906,-0.05342936852523641
CLIP512_linear_ridge,317,-0.029168580379000497,-0.13095496473141618,-0.11852998149440025
CLIP512_linear_ridge,318,-0.023105976424179886,-0.12569180683667935,-0.14104099624278474
CLIP512_linear_ridge,319,-0.009813068365307487,0.15678241996744438,0.09619115473794157
CLIP512_linear_ridge,320,-0.031187376636914843,-0.05805751492132393,-0.16510126230246386
CLIP512_linear_ridge,321,0.012840147067163854,0.09525230602278895,0.148496756279482
CLIP512_linear_ridge,322,-0.10008955457468649,-0.3050325556158437,-0.2755157472696759
CLIP512_linear_ridge,323,-0.025939601210655416,0.10731144872490506,-0.0139086976890887
CLIP512_linear_ridge,324,-0.09275070026635324,-0.3413727618014108,-0.37320813217136317
CLIP512_linear_ridge,325,-0.10516895532598358,-0.18212154096581662,-0.10788266157585434
CLIP512_linear_ridge,326,-0.035732779309260776,-0.25463917525773194,-0.24828446689952294
CLIP512_linear_ridge,327,-0.040504763438715674,-0.24179327183939228,-0.22140363640505772
CLIP512_linear_ridge,328,-0.05903764468364581,-0.4068366793271839,-0.39329793634459886
CLIP512_linear_ridge,329,-0.09561360509236017,-0.17877102550189908,-0.2389317204890036
CLIP512_linear_ridge,330,-0.046567741523367845,-0.32699403147042866,-0.30576936371188534
CLIP512_linear_ridge,331,-0.042360754633040454,-0.3153011394465545,-0.2905706749284303
CLIP512_linear_ridge,332,-0.025316401674760458,-0.13959576776994032,-0.20859502440202116
CLIP512_linear_ridge,333,-0.0814705679588561,-0.10793543136190993,-0.11076691253400739
CLIP512_linear_ridge,334,-0.09648415426639634,0.07304666304937601,0.06755653559040596
CLIP512_linear_ridge,335,-0.0729463300093467,-0.27744167118828,-0.2570827806200027
CLIP512_linear_ridge,336,-0.0676015092172908,-0.16821758003255563,-0.2552686175020141
CLIP512_linear_ridge,337,-0.06238368033982766,-0.15137004883342375,-0.15610397866863657
CLIP512_linear_ridge,338,-0.043032112405878786,-0.06505697232772653,-0.05595631769506227
CLIP512_linear_ridge,339,-0.16066200905945904,-0.29317688551275095,-0.3601162173366418
CLIP512_linear_ridge,340,-0.04833369950980515,-0.09640531741725447,-0.0806458415003489
CLIP512_linear_ridge,341,0.004742103673607723,0.047517634291915356,0.08571880489929323
CLIP512_linear_ridge,342,-0.033232866236248215,-0.19164405860010852,-0.1648857303880267
CLIP512_linear_ridge,343,-0.03158828269536573,-0.005642973412913728,0.008592034032364852
CLIP512_linear_ridge,344,-0.008670339713386266,0.08372219207813347,0.08052764818138776
CLIP512_linear_ridge,345,-0.021216319405279238,-0.07586814975583288,-0.10203466744854037
CLIP512_linear_ridge,346,-0.01689089611784733,-0.09027400976668476,-0.08627821501862123
CLIP512_linear_ridge,347,-0.03446206873897517,-0.20765056972327728,-0.20134840604015045
CLIP512_linear_ridge,348,-0.06155350903375667,-0.23152468800868148,-0.28169541173184276
CLIP512_linear_ridge,349,-0.029298721852111465,-0.17578676071622357,-0.20770536489635055
CLIP512_linear_ridge,350,0.039845094397639724,0.20470699945740636,0.2056084923071563
CLIP512_linear_ridge,351,-0.04085752250650043,0.13780520889853498,0.12336105375831705
CLIP512_linear_ridge,352,-0.029766332152778352,-0.14289202387411828,-0.10205077017335766
CLIP512_linear_ridge,353,-0.00979105091645649,-0.03963646228974498,-0.01993212224666708
CLIP512_linear_ridge,354,-0.009344838360869856,0.12430819316332067,0.08983354197897164
CLIP512_linear_ridge,355,-0.0335478624079828,-0.20888497015735213,-0.21522247124870147
CLIP512_linear_ridge,356,-0.03886535793817969,-0.17306022788931094,-0.2192918753020523
CLIP512_linear_ridge,357,-0.05337757320230474,-0.2500271296798698,-0.2764977659825194
CLIP512_linear_ridge,358,-0.06792614332602476,0.0284997287032013,-0.11664874318098037
CLIP512_linear_ridge,359,-0.06036872145268557,-0.35888497015735216,-0.36829063557203623
CLIP512_linear_ridge,360,-0.05455792159982775,-0.3067688551275095,-0.34923210170396335
CLIP512_linear_ridge,361,-0.02103481820029307,-0.01892295170916983,-0.08117893085716865
CLIP512_linear_ridge,362,-0.02370812632356234,-0.21926207270754206,-0.20021414725867023
CLIP512_linear_ridge,363,-0.02062625157734055,-0.17344004340748778,-0.1445259271639131
CLIP512_linear_ridge,364,-0.07487772792556502,-0.2478296256104178,-0.2599586169774696
CLIP512_linear_ridge,365,-0.008832322466070464,-0.023060227889310905,0.004058853439960958
CLIP512_linear_ridge,366,-0.014647369921351405,-0.06801410743353228,-0.10151769575899672
CLIP512_linear_ridge,367,-0.009782112881502547,-0.01889582202930005,-0.034299275528316575
CLIP512_linear_ridge,368,0.008894577720312546,0.09080303852414541,0.10030541330656104
CLIP512_linear_ridge,369,-0.06963473556735367,-0.20606348345089526,-0.24155995013747922
CLIP512_linear_ridge,370,-0.01730856104624201,-0.03202658708627238,-0.09657003370370945
CLIP512_linear_ridge,371,-0.004175930176207432,0.061041779706999456,0.03610609161536949
CLIP512_linear_ridge,372,0.022190933550553904,0.22041508410200758,0.15687823230575382
CLIP512_linear_ridge,373,-0.032394318117586085,-0.16838035811177424,-0.1879600314217994
CLIP512_linear_ridge,374,-0.08636100610118125,-0.13577048290830168,-0.1077511500777894
CLIP512_linear_ridge,375,-0.02592126107641035,-0.1676342919153554,-0.15293842532758462
CLIP512_linear_ridge,376,-0.03913752165352169,-0.2089256646771568,-0.23240186250642228
CLIP512_linear_ridge,377,-0.008151457119820682,-0.044289202387411825,-0.020553186804560197
CLIP512_linear_ridge,378,-0.057093485805612465,-0.35181768855127515,-0.34528749975185424
CLIP512_linear_ridge,379,0.12270227187915783,0.35272653282691263,0.362610527828258
CLIP512_linear_ridge,380,-0.011037049927251852,0.07878459034183397,0.07509207481663592
CLIP512_linear_ridge,381,-0.0837274987338219,-0.3478567552902876,-0.38975650985465893
CLIP512_linear_ridge,382,-0.048730292865727165,-0.14302767227346716,-0.18032919218663207
CLIP512_linear_ridge,383,0.0047281004912450575,0.05904774823657081,0.10192953657970083
CLIP512_linear_ridge,384,-0.04370769609973313,0.01839392295170917,0.026890989516099514
CLIP512_linear_ridge,385,-0.05115830098291063,-0.28545849158979925,-0.3008797064757955
CLIP512_linear_ridge,386,-0.03966208969201057,-0.16448724905046122,-0.20610216888394944
CLIP512_linear_ridge,387,-0.03917367675580108,-0.12388768312533911,-0.1248170575534095
CLIP512_linear_ridge,388,-0.010146879911966167,-0.04826370048833424,-0.03316996850107608
CLIP512_linear_ridge,389,-0.04735455189481996,-0.2610010851871948,-0.22728551510458295
CLIP512_linear_ridge,390,-0.17188623110887646,0.01794628323385784,0.0014735873551664017
CLIP512_linear_ridge,391,0.012161704446319921,0.12387411828540423,0.13153997232111667
CLIP512_linear_ridge,392,-0.07761398336393022,-0.1364894194248508,-0.16285364650815098
CLIP512_linear_ridge,393,-0.059714984656178194,-0.11515192620727074,-0.12137869697654932
CLIP512_linear_ridge,394,-0.024490067711580688,-0.09367878459034183,-0.15655194630311692
CLIP512_linear_ridge,395,-0.015354294491900511,-0.12080846446011936,-0.09594493201001641
CLIP512_linear_ridge,396,-0.016647212714789417,-0.04035539880629408,-0.03638871573011726
CLIP512_linear_ridge,397,-0.07558371503941186,-0.14823657080846447,-0.14993705893537934
CLIP512_linear_ridge,398,-0.08062902748722522,-0.04431633206728161,-0.2112427993008777
CLIP512_linear_ridge,399,-0.04393314361179246,-0.28917525773195873,-0.30339739202969906
CLIP512_linear_ridge,400,-0.016448773529649907,-0.0554395008138904,-0.08747434318477891
CLIP512_linear_ridge,401,-0.10679096011154088,-0.1541372761801411,-0.14416368532133345
CLIP512_linear_ridge,402,-0.17803271856117608,-0.020862723819858923,-0.05479690047356361
CLIP512_linear_ridge,403,0.01492354630296644,0.23581117742810634,0.16636164862895642
CLIP512_linear_ridge,404,-0.058550121037159064,-0.311340206185567,-0.2536830239043568
CLIP512_linear_ridge,405,-0.016525077152524048,-0.22565111231687465,-0.18239121255877183
CLIP512_linear_ridge,406,-0.10170962391544291,-0.36827183939229513,-0.4151001740565543
CLIP512_linear_ridge,407,-0.06814060256357357,-0.36966901790558876,-0.3265748420714351
CLIP512_linear_ridge,408,-0.03251043328534742,-0.14624253933803583,-0.14229734868244834
CLIP512_linear_ridge,409,-0.0517438621702615,-0.31783776451437873,-0.31061143034402955
CLIP512_linear_ridge,410,-0.012040610442567656,0.027726532826912644,-0.03867459583145175
CLIP512_linear_ridge,411,-0.017723054335224475,-0.08263700488334236,-0.1161083286175918
CLIP512_linear_ridge,412,-0.045783722871648,-0.14871134020618557,-0.20709894066772305
CLIP512_linear_ridge,413,0.03127534132390164,0.17114758545849157,0.177683438652337
CLIP512_linear_ridge,414,-0.09416709984827487,-0.03407487791644059,-0.10288268558069598
CLIP512_linear_ridge,415,-0.027036124100586312,-0.06100108518719479,-0.10557572010005774
CLIP512_linear_ridge,416,-0.07107525861142605,-0.0698046663049376,-0.16533979505063623
CLIP512_linear_ridge,417,-0.11102393838216718,-0.13354584915897993,-0.223080833467914
CLIP512_linear_ridge,418,-0.12467110870544196,-0.09811448724905046,-0.16578075990889748
CLIP512_linear_ridge,419,-0.1496064201244749,-0.3245794899620184,-0.36627716059909304
CLIP512_linear_ridge,420,-0.01890729208591435,0.05229245794899621,-0.006113294732261687
CLIP512_linear_ridge,421,0.041189010416710414,0.19382799782962562,0.21437974054945752
CLIP512_linear_ridge,422,-0.026182264195673044,-0.2045849158979924,-0.22742142312654284
CLIP512_linear_ridge,423,-0.12744893098386423,-0.16973684210526313,-0.2077419148695191
CLIP512_linear_ridge,424,-0.027918917526039255,0.16520618556701028,0.15150641091104128
CLIP512_linear_ridge,425,-0.03933050874885802,-0.16082474226804122,-0.19843870218309276
CLIP512_linear_ridge,426,-0.011156312534259527,-0.06371405317417254,-0.06150250665929322
CLIP512_linear_ridge,427,-0.02649117619310104,-0.15004069451980467,-0.1550976264757557
CLIP512_linear_ridge,428,-0.030899885697270646,-0.11068909386869236,-0.11191027421637711
CLIP512_linear_ridge,429,-0.034184378445499375,-0.25132935431361914,-0.2868945863924016
CLIP512_linear_ridge,430,-0.04313450235652794,-0.004164405860010851,-0.057946178452111786
CLIP512_linear_ridge,431,0.0007344353639191503,0.03402061855670103,0.054784186774430296
CLIP512_linear_ridge,432,-0.011502677223974356,-0.06713239283776451,-0.092520221479438
CLIP512_linear_ridge,433,-0.04203294828660997,-0.2610010851871948,-0.2592990335033625
CLIP512_linear_ridge,434,-0.03909760321323752,-0.18579761258817146,-0.1963156851433613
CLIP512_linear_ridge,435,-0.10195137706613155,-0.07801139446554531,-0.13836621441532676
CLIP512_linear_ridge,436,-0.02367520868999562,-0.15754205100379817,-0.1630798422106649
CLIP512_linear_ridge,437,-0.08553593623600331,-0.1586950623982637,-0.13708533111567872
CLIP512_linear_ridge,438,-0.07783018967381605,0.04930819316332067,-0.15181028429344604
CLIP512_linear_ridge,439,-0.03545833916920116,-0.16068909386869235,-0.21586373281796103
CLIP512_linear_ridge,440,-0.02042746737063128,-0.12723819858925664,-0.11728677798210535
CLIP512_linear_ridge,441,-0.023093276075617064,0.12854042322300596,-0.017544221062335136
CLIP512_linear_ridge,442,-0.0535901968615804,0.050189907759088444,0.07667260327347875
CLIP512_linear_ridge,443,-0.012500198826647102,0.029028757460661966,-0.016302271726285372
CLIP512_linear_ridge,444,-0.026723920015874203,-0.07623440043407488,-0.06965232351781339
CLIP512_linear_ridge,445,-0.030775719300619064,-0.15539880629408573,-0.18597605655150504
CLIP512_linear_ridge,446,-0.011426680620652219,0.03992132392837765,-0.024757861997178353
CLIP512_linear_ridge,447,-0.06311805662473957,-0.32113402061855667,-0.34223863802072774
CLIP512_linear_ridge,448,-0.03928655256492819,0.14054530656538253,0.09903190004438583
CLIP512_linear_ridge,449,-0.06770513021762548,0.04240368963646229,0.05589082749190093
CLIP512_linear_ridge,450,-0.05271316925589553,-0.3246201844818231,-0.2864803759718578
CLIP512_linear_ridge,451,-0.049781647719165045,-0.16759359739555074,-0.1664366708668462
CLIP512_linear_ridge,452,-0.02996069847459215,-0.061123168746608794,-0.08758904792020704
CLIP512_linear_ridge,453,-0.050556559649859834,-0.03221649484536083,-0.08373170380264647
CLIP512_linear_ridge,454,-0.09167052945114773,-0.051817688551275096,-0.10478526568808738
CLIP512_linear_ridge,455,-0.18520114251322495,-0.19994574064026044,-0.2012223452402125
CLIP512_linear_ridge,456,-0.07635457753853969,-0.3346852957135106,-0.31147117326336954
CLIP512_linear_ridge,457,-0.2088789553870658,-0.23882257189365166,-0.19945189442623135
CLIP512_linear_ridge,458,-0.0384172619104135,-0.15504612045577862,-0.1640942919336461
CLIP512_linear_ridge,459,0.04033105197716769,0.2169017905588714,0.21013077940543728
CLIP512_linear_ridge,460,-0.09243166510202427,-0.0910879001627781,-0.10828627380094696
CLIP512_linear_ridge,461,-0.04820940582815081,-0.16443298969072165,-0.13711814104642112
CLIP512_linear_ridge,462,-0.08798014028348544,-0.3502577319587629,-0.35712066881853144
CLIP512_linear_ridge,463,-0.0752705054991043,-0.2705236028214867,-0.2847533997857957
CLIP512_linear_ridge,464,-0.014278768248161766,-0.07304666304937601,-0.0715472780734372
CLIP512_linear_ridge,465,-0.047718684794967325,-0.1583288117200217,-0.18786525349378355
CLIP512_linear_ridge,466,-0.026985365883244627,-0.11475854584915898,-0.16403065281763746
CLIP512_linear_ridge,467,-0.0638357884233054,-0.02699403147042865,-0.01973247152090518
CLIP512_linear_ridge,468,-0.020464156263250377,-0.08783233857840478,-0.04757198778618935
CLIP512_linear_ridge,469,0.0008521709047347725,0.034780249593054806,0.03489797168485631
CLIP512_linear_ridge,470,-0.06306937474666041,-0.29819587628865984,-0.2703824994093813
CLIP512_linear_ridge,471,0.06751340111147519,0.29602550189907756,0.2677523721503572
CLIP512_linear_ridge,472,-0.06460012697524964,-0.26566739012479657,-0.2639243227768846
CLIP512_linear_ridge,473,-0.028494457011325025,-0.15497829625610418,-0.19826631001276912
CLIP512_linear_ridge,474,-0.03478567271096722,0.13104991861096038,0.06998405702029209
CLIP512_linear_ridge,475,-0.0711011871797973,-0.14983722192078133,-0.15048102418377912
CLIP512_linear_ridge,476,-0.04147297542356898,-0.27383342376559955,-0.2744461169557326
CLIP512_linear_ridge,477,-0.02169182519737478,0.017376559956592513,-0.02926017257125158
CLIP512_linear_ridge,478,-0.028016245255877426,0.0286218122626153,-0.039123238406966285
CLIP512_linear_ridge,479,-0.16685100003157372,0.09237655995659251,0.0009374051253133592
CLIP512_linear_ridge,480,-0.0018354202220776106,0.19742268041237113,0.08153704549347202
CLIP512_linear_ridge,481,-0.06680695525833125,-0.05100379815518177,-0.08840181087239304
CLIP512_linear_ridge,482,-0.034965012735876266,-0.24120998372219207,-0.31609865442488605
CLIP512_linear_ridge,483,-0.04906136922052462,-0.3051953336950624,-0.3000824752516098
CLIP512_linear_ridge,484,-0.03431926770667504,-0.08795442213781879,-0.14266044510432885
CLIP512_linear_ridge,485,-0.017852336264008395,0.2387683125339121,0.15757469845749528
CLIP512_linear_ridge,486,0.028581939404854317,0.23642159522517636,0.18353636747510266
CLIP512_linear_ridge,487,-0.10156929292317973,-0.09438415626695605,-0.13329348690429044
CLIP512_linear_ridge,488,-0.020043221470072092,-0.09146771568095496,-0.13197350869527907
CLIP512_linear_ridge,489,-0.029777552664924878,-0.2215138361367336,-0.2267688138420896
CLIP512_linear_ridge,490,-0.06462732429258433,-0.3151790558871405,-0.3292037936272879
CLIP512_linear_ridge,491,-0.01742895350708351,0.015274009766684754,-0.05911075031263645
CLIP512_linear_ridge,492,-0.02288709737072936,0.05392023874118285,-0.01902836198949125
CLIP512_linear_ridge,493,-0.03920340777065845,-0.0989283776451438,-0.1543990166175616
CLIP512_linear_ridge,494,-0.021623122694282904,-0.2024145415084102,-0.17367871026110826
CLIP512_linear_ridge,495,-0.027606939934187835,-0.07936787845903419,-0.06405886584857054
CLIP512_linear_ridge,496,-0.022691784231616774,-0.22346717308735756,-0.19391042461832914
CLIP512_linear_ridge,497,-0.10694252460018827,-0.26702387411828543,-0.2188586958842918
CLIP512_linear_ridge,498,-0.06639935728918833,0.011679327183939228,-0.10672396815776483
CLIP512_linear_ridge,499,-0.01979932435833498,-0.1634020618556701,-0.17563314881072473
CLIP512_linear_ridge,500,-0.0464739613929801,-0.25210255018990774,-0.2808194909975585
CLIP512_linear_ridge,501,-0.016567035756413384,0.004842647856755291,0.02300172771357359
CLIP512_linear_ridge,502,-0.03304377125073743,-0.09513022246337494,-0.16060233846882005
CLIP512_linear_ridge,503,-0.01870320710026996,0.06612859468258275,0.05592430159646519
CLIP512_linear_ridge,504,-0.08297369260504794,-0.189392295170917,-0.2681096306173188
CLIP512_linear_ridge,505,-0.05854154578789417,-0.09411285946825827,-0.1163181468882412
CLIP512_linear_ridge,506,-0.0218608000338254,-0.18672002170374388,-0.15097541796483216
CLIP512_linear_ridge,507,-0.06402503687802774,-0.2850244167118828,-0.29519469663828185
CLIP512_linear_ridge,508,-0.05687796277540991,-0.20614487249050462,-0.25972512321691077
CLIP512_linear_ridge,509,-0.04013086383003395,-0.074633749321758,-0.017944213103188632
CLIP512_linear_ridge,510,-0.06489526295117454,-0.1466223548562127,-0.14334930953519387
CLIP512_linear_ridge,511,-0.024669006725151155,-0.15428648941942485,-0.1821084012513723
CLIP512_linear_ridge,512,-0.04737160437969301,-0.3125474769397721,-0.2708666645614938
CLIP512_linear_ridge,513,-0.03212869554768605,-0.028648941942485077,-0.06521615820284915
CLIP512_linear_ridge,514,-0.0485972459943953,-0.21951980466630497,-0.20765220137117432
CLIP512_linear_ridge,515,-0.029935212309330383,-0.22725176342919157,-0.24233858743644854
CLIP512_linear_ridge,516,-0.023836175518315406,-0.03507867607162235,-0.12075452037366248
CLIP512_linear_ridge,517,-0.013867255210340934,-0.05945469343461747,-0.04095713974945117
CLIP512_linear_ridge,518,-0.05172215639166389,-0.041182854042322296,-0.09119192381641299
CLIP512_linear_ridge,519,-0.057471714729191214,-0.15233315246880086,-0.12483816876514017
CLIP512_linear_ridge,520,-0.04962643197539873,-0.1987520347259902,-0.2249159758521072
CLIP512_linear_ridge,521,-0.045549323902875916,-0.12955778621812264,-0.19563587090672466
CLIP512_linear_ridge,522,-0.010179939857853038,-0.052197504069451985,-0.07577340559274659
CLIP512_linear_ridge,523,-0.024565700953290692,-0.09302767227346717,-0.10405801247039237
CLIP512_linear_ridge,524,-0.019347325410772775,-0.12148670645686381,-0.11998627300561653
CLIP512_linear_ridge,525,-0.0892510261320687,-0.03400705371676614,-0.13338600156275138
CLIP512_linear_ridge,526,-0.03820536896977256,-0.15356755290287574,-0.22002106089728368
CLIP512_linear_ridge,527,-0.0013814305929678028,0.006985892566467715,0.019717936220339904
CLIP512_linear_ridge,528,-0.07324342838644093,-0.2839256646771568,-0.3318825235023747
CLIP512_linear_ridge,529,-0.06057509626387758,-0.15443570265870865,-0.1250836116080508
CLIP512_linear_ridge,530,-0.01705219033012728,-0.08590613130765058,-0.07268607592353946
CLIP512_linear_ridge,531,-0.013303841194667543,-0.0762072707542051,-0.08574910149448067
CLIP512_linear_ridge,532,-0.058215176454635253,-0.1335865436787846,-0.1268928760069993
CLIP512_linear_ridge,533,-0.05679678668173116,-0.0959034183396636,-0.07874771657679812
CLIP512_linear_ridge,534,-0.02543716928579043,-0.07760444926749864,-0.07972049632412426
CLIP512_linear_ridge,535,-0.014489776461266146,-0.08639446554530655,-0.02185530145886839
CLIP512_linear_ridge,536,-0.018515937306197605,-0.13133478024959305,-0.15309639924226914
CLIP512_linear_ridge,537,-0.058829546308208025,-0.2900976668475312,-0.32079899767926934
CLIP512_linear_ridge,538,-0.05194478738790287,-0.26007867607162233,-0.2787565573629148
CLIP512_linear_ridge,539,-0.028425377586918543,-0.17806565382528486,-0.1469415519402239
CLIP512_linear_ridge,540,-0.01762722607180356,-0.1933396635919696,-0.14235199908619767
CLIP512_linear_ridge,541,-0.027463347202747235,-0.1931090613130765,-0.19982550629284568
CLIP512_linear_ridge,542,-0.08647552620719456,-0.23134834508952795,-0.1942840738237204
CLIP512_linear_ridge,543,-0.04784668300409578,-0.16923494302767228,-0.15857342935813587
CLIP512_linear_ridge,544,-0.06040394577650443,-0.2774009766684753,-0.2934458088519114
CLIP512_linear_ridge,545,0.006761784430498907,0.0803309820944113,0.08270442291366212
CLIP512_linear_ridge,546,-0.08679489746063496,-0.2220835594139989,-0.18231585695765834
CLIP512_linear_ridge,547,-0.03327216863709892,-0.18670645686380902,-0.20573925672149368
CLIP512_linear_ridge,548,-0.009867153408427587,-0.03629951166576235,-0.06543322231137588
CLIP512_linear_ridge,549,-0.04059381838663856,-0.0659386869234943,-0.17788220436677243
CLIP512_linear_ridge,550,0.01441349877715703,0.15983450895279436,0.12294463297930512
CLIP512_linear_ridge,551,-0.028441822697957475,0.08918882257189364,0.06500746122153368
CLIP512_linear_ridge,552,-0.04304717384830581,-0.19503526858383072,-0.213905161060496
CLIP512_linear_ridge,553,-0.05208711692182755,0.015884427563754747,-0.06402648718987562
CLIP512_linear_ridge,554,-0.14657719351819076,0.04131850244167118,-0.017378723217238032
CLIP512_linear_ridge,555,-0.04056245806551617,-0.24228160607704827,-0.22197142751466625
CLIP512_linear_ridge,556,-0.020606010037142575,-0.13579761258817147,-0.1531544089938838
CLIP512_linear_ridge,557,-0.03567192571962785,-0.24122354856212697,-0.2493573677231718
CLIP512_linear_ridge,558,-0.046845779104056184,-0.2795035268583831,-0.3263511525128317
CLIP512_linear_ridge,559,-0.045342714504024384,-0.1671188279978296,-0.201643840202669
CLIP512_linear_ridge,560,-0.08853377877166824,-0.14095225176342918,-0.15028659884832252
CLIP512_linear_ridge,561,-0.13355157432393505,-0.2935295713510581,-0.3635043016554327
CLIP512_linear_ridge,562,-0.03144000330466312,-0.1894872490504612,-0.21497349776153854
CLIP512_linear_ridge,563,-0.0435580389213408,-0.2606483993488877,-0.2630586580486749
CLIP512_linear_ridge,564,-0.02805917898023247,-0.1726939772110689,-0.18713437807740393
CLIP512_linear_ridge,565,-0.05051099292331429,-0.17383342376559957,-0.07485196520309781
CLIP512_linear_ridge,566,-0.03602922575739265,0.048114487249050465,0.0899632197643729
CLIP512_linear_ridge,567,-0.032797538325111786,0.03322029300054259,-0.01641310501276662
CLIP512_linear_ridge,568,-0.030441567422301086,-0.0687194791101465,-0.11096967979821176
CLIP512_linear_ridge,569,-0.029605681930048755,-0.04763971785132935,-0.06978183221231773
CLIP512_linear_ridge,570,-0.06141490185752607,0.06469072164948453,-0.04822399028010635
CLIP512_linear_ridge,571,-0.08307370021859972,-0.4412913727618014,-0.4523247195513084
CLIP512_linear_ridge,572,-0.06431226282737712,-0.045103092783505154,-0.07630137437036555
CLIP512_linear_ridge,573,-0.020418097982167538,-0.1294763971785133,-0.14813617571871535
CLIP512_linear_ridge,574,-0.04244332494885228,-0.09833152468800868,-0.06705998626977298
CLIP512_linear_ridge,575,-0.0847196576368563,-0.12950352685838307,-0.17805003568095584
CLIP512_linear_ridge,576,-0.1294662296023068,0.008260987520347261,0.04296837977263168
CLIP512_linear_ridge,577,-0.016602689104765922,0.05081389039609333,0.03126135881531048
CLIP512_linear_ridge,578,-0.032098119646585044,-0.24317688551275096,-0.25291776635217744
CLIP512_linear_ridge,579,-0.035084965859331296,-0.22653282691264243,-0.23752888797473345
CLIP512_linear_ridge,580,-0.17471608861011,-0.0719614758545849,-0.002171494442544067
CLIP512_linear_ridge,581,-0.05792160895943721,-0.24777536625067823,-0.2854127088275088
CLIP512_linear_ridge,582,0.0433176974042343,0.25345903418339666,0.215332553631392
CLIP512_linear_ridge,583,-0.1348015013985311,-0.2430954964731416,-0.26077149066952027
CLIP512_linear_ridge,584,-0.004621182982520011,-0.02788931090613131,0.00573958344691421
CLIP512_linear_ridge,585,-0.018021473322509918,-0.1148399348887683,-0.14563389053619796
CLIP512_linear_ridge,586,-0.0469952011332726,-0.11614215952251764,-0.06996439917878135
CLIP512_linear_ridge,587,-0.08050656545990709,-0.237316874660879,-0.27615847378108105
CLIP512_linear_ridge,588,-0.057444046694366646,-0.22991047205642973,-0.21745110986118774
CLIP512_linear_ridge,589,-0.028770444733264844,-0.006416169289202388,-0.06426141439313796
CLIP512_linear_ridge,590,-0.028023095972209422,-0.11444655453065655,-0.17115953659022376
CLIP512_linear_ridge,591,-0.012598920077679043,-0.049877916440586,-0.07611656766046249
CLIP512_linear_ridge,592,-0.03354141688066936,-0.03479381443298969,-0.04348291386706375
CLIP512_linear_ridge,593,-0.01136128650097401,-0.08471242539338035,-0.09069818627423382
CLIP512_linear_ridge,594,-0.12556293442257838,-0.21551817688551275,-0.20176202836367504
CLIP512_linear_ridge,595,0.003067737498517409,0.008057514921323929,0.05698726104769318
CLIP512_linear_ridge,596,-0.05671218871370898,-0.3024009766684753,-0.33217646892783254
CLIP512_linear_ridge,597,-0.09732522617182204,-0.2693570265870863,-0.18418174565050843
CLIP512_linear_ridge,598,-0.022255746664619158,-0.12262615301139447,-0.10092851273483255
CLIP512_linear_ridge,599,-0.03778277875234792,-0.22300596852957139,-0.1855986011775455
CLIP512_linear_ridge,600,-0.027331471405202423,-0.2098616386326641,-0.20499482008362413
CLIP512_linear_ridge,601,-0.01580038818367968,-0.12516277807921866,-0.11189993116524125
CLIP512_linear_ridge,602,-0.029189773180241074,-0.13202658708627238,-0.16617166058991423
CLIP512_linear_ridge,603,0.0023044835730504643,0.1836679327183939,0.1499012995984056
CLIP512_linear_ridge,604,-0.053912524862090194,-0.13004612045577862,-0.153629911282038
CLIP512_linear_ridge,605,-0.056162450456352486,-0.3529978296256104,-0.340310111492554
CLIP512_linear_ridge,606,-0.014416487017382407,0.008355941399891481,-0.0062378687299485605
CLIP512_linear_ridge,607,-0.08015489795524533,-0.22117471513836137,-0.1980357248590706
CLIP512_linear_ridge,608,0.07339778036290256,0.1986706456863809,0.28099697679411595
CLIP512_linear_ridge,609,-0.09138029870735087,0.0032555615843733042,-0.06376173894585091
CLIP512_linear_ridge,610,-0.3046905077311679,-0.1659251220835594,-0.17824306709658738
CLIP512_linear_ridge,611,-0.046770334282990156,-0.05710797612588172,-0.047860082994942835
CLIP512_linear_ridge,612,-0.07896098758818515,0.050379815518176885,0.03658834938236523
CLIP512_linear_ridge,613,-0.030500793818327043,-0.22048290830168202,-0.2120311778085185
CLIP512_linear_ridge,614,-0.05143548048280855,-0.07761801410743353,-0.057403753788114284
CLIP512_linear_ridge,615,-0.02052744790278993,-0.10231958762886596,-0.12610614533069528
CLIP512_linear_ridge,616,-0.018268160736739203,-0.05565653825284862,-0.0700658444368675
CLIP512_linear_ridge,617,-0.04152949348399826,-0.26277807921866525,-0.2683791575453798
CLIP512_linear_ridge,618,0.06928606293017536,0.24343461747151385,0.2637516457281771
CLIP512_linear_ridge,619,-0.027251738495541078,-0.2345360824742268,-0.2517417368347838
CLIP512_linear_ridge,620,-0.043978724836596594,-0.11611502984264786,-0.14148499836582418
CLIP512_linear_ridge,621,-0.0834924294351973,0.05553445469343462,0.04557950959995396
CLIP512_linear_ridge,622,-0.08635464014951277,-0.23639446554530655,-0.14634498618008862
CLIP512_linear_ridge,623,-0.06810446535401682,-0.12938144329896906,-0.21600791664120633
CLIP512_linear_ridge,624,-0.04937072064506709,-0.22422680412371135,-0.26316057859043746
CLIP512_linear_ridge,625,-0.1368044402494799,-0.10590070537167662,-0.17841540273801332
CLIP512_linear_ridge,626,-0.031207671388558955,-0.00694519804666305,-0.032684254632136124
CLIP512_linear_ridge,627,-0.05264866878176977,-0.24126424308193165,-0.26892942370798506
CLIP512_linear_ridge,628,-0.03540657764373889,-0.26359196961475856,-0.2338073839002684
CLIP512_linear_ridge,629,-0.01922322512939645,0.10548019533369506,0.11034628326793366
CLIP512_linear_ridge,630,-0.13977941313943654,0.0922680412371134,0.03206934706234875
CLIP512_linear_ridge,631,-0.05015079804177636,-0.2294357026587086,-0.2529616619742888
CLIP512_linear_ridge,632,-0.030579032675549955,-0.045184481823114485,-0.03682446864806731
CLIP512_linear_ridge,633,-0.02131019077025087,-0.024877916440585998,-0.0717015727195843
CLIP512_linear_ridge,634,-0.14765869643869522,-0.13347802495930547,-0.16933991038821106
CLIP512_linear_ridge,635,0.12039214676055643,0.30165491047205645,0.3480417855106047
CLIP512_linear_ridge,636,-0.3158526196817675,-0.08383071079761259,-0.08668291724870013
CLIP512_linear_ridge,637,-0.048770271410945476,-0.08290830168204016,-0.16992169012492733
CLIP512_linear_ridge,638,-0.04907133108721684,-0.09077590884427564,-0.19541369356082655
CLIP512_linear_ridge,639,-0.03564925781874573,-0.19002984264785674,-0.17103199610675518
CLIP512_linear_ridge,640,0.03152557139563317,0.26299511665762343,0.1782005269054453
CLIP512_linear_ridge,641,-0.09680458882630938,-0.23312533912099834,-0.32133914893455146
CLIP512_linear_ridge,642,-0.05786769467613717,-0.16696961475854585,-0.122318108333551
CLIP512_linear_ridge,643,-0.06336165027025764,-0.04504883342376561,-0.020500462298240894
CLIP512_linear_ridge,644,-0.04403026786383912,-0.2666847531199132,-0.2177132282406602
CLIP512_linear_ridge,645,-0.05582201014832844,-0.11970971242539338,-0.10161490112670755
CLIP512_linear_ridge,646,-0.014376082858101658,-0.09220021703743896,-0.1244262917620703
CLIP512_linear_ridge,647,-0.017068928796274863,-0.06635919696147585,-0.047016295800624
CLIP512_linear_ridge,648,-0.07298693140059753,-0.2481144872490505,-0.18259203680870212
CLIP512_linear_ridge,649,-0.05034984009603316,0.06378187737384698,-0.011144889546517652
CLIP512_linear_ridge,650,-0.1092032853342999,-0.16233043950081388,-0.17360497018329624
CLIP512_linear_ridge,651,-0.015220137762909092,0.005141074335322843,-0.017081161940725974
CLIP512_linear_ridge,652,-0.0791910751883409,-0.30926478567552906,-0.31806166995630775
CLIP512_linear_ridge,653,-0.039450640592205044,-0.1870862723819859,-0.25642017618090623
CLIP512_linear_ridge,654,-0.057801491604914546,-0.2799918610960391,-0.33244541202856
CLIP512_linear_ridge,655,-0.09502554968551657,-0.0649891481280521,-0.018092125504170775
CLIP512_linear_ridge,656,-0.014515384494493633,0.15876288659793814,0.13545809763562677
CLIP512_linear_ridge,657,-0.03309065766300412,0.0016549104720564296,-0.03455460651930356
CLIP512_linear_ridge,658,-0.02674712070374774,-0.1541372761801411,-0.17579158717882754
CLIP512_linear_ridge,659,-0.1330110765922845,-0.058016820401519266,-0.13218156992826946
CLIP512_linear_ridge,660,-0.04033876052034224,-0.26926207270754204,-0.2691456249538704
CLIP512_linear_ridge,661,-0.014899485529430878,-0.10165491047205642,-0.09186800348689107
CLIP512_linear_ridge,662,-0.03103240218066383,-0.1285946825827455,-0.15613760665732768
CLIP512_linear_ridge,663,-0.030964790412066234,-0.1938008681497558,-0.22740088668974426
CLIP512_linear_ridge,664,-0.01956821832997191,-0.15561584373304393,-0.13008322220915253
CLIP512_linear_ridge,665,-0.030490076611111583,0.060933260987520346,-0.014124712876333049
CLIP512_linear_ridge,666,-0.07400696018808772,-0.1497693977211069,-0.21218424108022524
CLIP512_linear_ridge,667,-0.04982904540329658,0.01981823114487249,-0.03636803050274327
CLIP512_linear_ridge,668,-0.10630502110553275,-0.0526587086272382,-0.16367974266245555
CLIP512_linear_ridge,669,-0.017221684744171073,-0.1148399348887683,-0.12354291809883565
CLIP512_linear_ridge,670,-0.0290467720455434,-0.08518719479110147,-0.07921337207580315
CLIP512_linear_ridge,671,-0.016962320157741573,-0.08372219207813347,-0.1304418384756044
CLIP512_linear_ridge,672,-0.07616980490924585,-0.0959983722192078,-0.11013503547645354
CLIP512_linear_ridge,673,-0.026001599902631733,-0.1996608790016278,-0.1824925687636395
CLIP512_linear_ridge,674,-0.02193887050595511,-0.14731416169289202,-0.14441289736148993
CLIP512_linear_ridge,675,-0.03937530505127307,-0.236462289744981,-0.2376757786949167
CLIP512_linear_ridge,676,-0.020930643462137022,-0.17277536625067824,-0.16887998630282364
CLIP512_linear_ridge,677,-0.16820392317661992,0.08920238741182854,0.08252063698115322
CLIP512_linear_ridge,678,-0.031502516763366684,-0.02653282691264243,-0.10639013445205565
CLIP512_linear_ridge,679,-0.02949896299277066,-0.1554395008138904,-0.1319799530790775
CLIP512_linear_ridge,680,-0.0364211543431352,-0.04472327726532827,-0.12354663273200164
CLIP512_linear_ridge,681,-0.0360978346455314,-0.2679598480737927,-0.22430538391145163
CLIP512_linear_ridge,682,-0.10621642885108806,-0.02441671188279978,-0.17381810186832153
CLIP512_linear_ridge,683,-0.16255104972795498,-0.0980737927292458,-0.10646067848432972
CLIP512_linear_ridge,684,-0.11023890156546545,-0.07097124253933804,-0.1013756815039295
CLIP512_linear_ridge,685,-0.055937760873636444,-0.3582474226804124,-0.37353114670082277
CLIP512_linear_ridge,686,0.0011658198370870787,0.015368963646228974,0.038658396210846935
CLIP512_linear_ridge,687,-0.05318334550359105,-0.21607433532284318,-0.19818054650517997
CLIP512_linear_ridge,688,-0.025551900584566134,-0.1622761801410743,-0.16254277846592716
CLIP512_linear_ridge,689,-0.03927956405966415,-0.18088714053174174,-0.22673851692877778
CLIP512_linear_ridge,690,-0.05504199926055775,0.02239555073250136,-0.11274836085156821
CLIP512_linear_ridge,691,-0.0027488290848955987,-0.006538252848616386,0.021129506708721293
CLIP512_linear_ridge,692,-0.0474327452536103,-0.15807107976125884,-0.15269005323411927
CLIP512_linear_ridge,693,-0.07230922746939084,0.18685567010309279,0.04062845435183332
CLIP512_linear_ridge,694,-0.01781031738166927,0.07745523602821487,0.042134324603048064
CLIP512_linear_ridge,695,-0.14420535143370472,-0.049403147042864894,-0.06511840790929871
CLIP512_linear_ridge,696,-0.04133382076919978,-0.1263700488334238,-0.18535359168058113
CLIP512_linear_ridge,697,-0.034019878191920316,-0.04829083016820402,-0.06021086664790398
CLIP512_linear_ridge,698,-0.13415577381442056,-0.030195333695062398,-0.14756813575218752
CLIP512_linear_ridge,699,-0.2619208068766581,0.07938144329896907,-0.030856430140368166
CLIP512_linear_ridge,700,0.005940595627676681,0.20455778621812262,0.18661319839638257
CLIP512_linear_ridge,701,-0.02344666045143562,-0.1733857840477482,-0.1916765107972486
CLIP512_linear_ridge,702,-0.033700219989921676,-0.0640124796527401,-0.04087616150395862
CLIP512_linear_ridge,703,-0.03411033609079439,-0.31859739555073247,-0.2874675654837955
CLIP512_linear_ridge,704,-0.007030662985216596,-0.07265328269126424,-0.04293251225892091
CLIP512_linear_ridge,705,-0.05076900358417791,-0.3470971242539338,-0.3703866610271076
CLIP512_linear_ridge,706,-0.3021342527222026,-0.05394736842105263,-0.08486320473572678
CLIP512_linear_ridge,707,-0.03612377677300249,0.0041915355398806295,-0.09830446563353204
CLIP512_linear_ridge,708,-0.05556789375225235,-0.2031877373846989,-0.17676905391313033
CLIP512_linear_ridge,709,-0.019714112967730513,0.049538795442213776,0.03920826345425964
CLIP512_linear_ridge,710,-0.07365205656971607,-0.34698860553445465,-0.34562698360117566
CLIP512_linear_ridge,711,-0.04305708302151823,-0.060200759631036355,-0.09595356413472507
CLIP512_linear_ridge,712,-0.06025822422475069,-0.15978024959305479,-0.09220786770114135
CLIP512_linear_ridge,713,-0.06392853837986268,-0.1382799782962561,-0.1587662460423533
CLIP512_linear_ridge,714,-0.03403271312478573,0.02322300596852957,-0.03619231948014831
CLIP512_linear_ridge,715,-0.04096208831953585,-0.21218122626153013,-0.22195394411659825
CLIP512_linear_ridge,716,0.015187505583416971,0.11285946825827455,0.14770694327796238
CLIP512_linear_ridge,717,-0.041558692440834655,0.0,0.028001385392124156
CLIP512_linear_ridge,718,-0.06235613363056358,-0.2055073250135648,-0.2560898158340408
CLIP512_linear_ridge,719,-0.037492665208804565,0.07189365165491048,0.0704985110378142
CLIP512_linear_ridge,720,-0.00031909723693446246,0.07745523602821487,0.08932858110871505
CLIP512_linear_ridge,721,-0.013856718526281009,-0.08411557243624525,-0.10093869693410112
CLIP512_linear_ridge,722,-0.04161383229674298,-0.2598480737927293,-0.30766327603302
CLIP512_linear_ridge,723,-0.06033750197061205,-0.2471378187737385,-0.20146418823169754
CLIP512_linear_ridge,724,-0.0627201700190374,-0.21329354313619098,-0.1756952818329612
CLIP512_linear_ridge,725,-0.043565979318041625,-0.25950895279435704,-0.24568130741475291
CLIP512_linear_ridge,726,-0.021124393891948756,-0.028241996744438416,-0.07097510351986036
CLIP512_linear_ridge,727,-0.008226856365898705,-0.03151112316874661,-0.06931683144909184
CLIP512_linear_ridge,728,0.017323516627064328,0.16408030385241457,0.1345646292653982
CLIP512_linear_ridge,729,-0.053939454159534383,-0.07585458491589799,-0.07097807943446516
CLIP512_linear_ridge,730,-0.06819458658337729,-0.12733315246880086,-0.20715142520702784
CLIP512_linear_ridge,731,-0.006549330986379109,-0.030453065653825287,-0.01902190372570802
CLIP512_linear_ridge,732,-0.03668089158934773,-0.19647314161692891,-0.2627023001442045
CLIP512_linear_ridge,733,-0.18333435382943253,-0.2576098752034726,-0.23134547059503638
CLIP512_linear_ridge,734,-0.018422127525822063,-0.12072707542051003,-0.14307816295852063
CLIP512_linear_ridge,735,-0.09006945600777594,-0.06383613673358654,-0.19075211252042829
CLIP512_linear_ridge,736,-0.019891940392535723,-0.0018990775908844274,-0.008747103656946212
CLIP512_linear_ridge,737,-0.01771732310351659,0.013497015735214325,0.0471170767883811
CLIP512_linear_ridge,738,-0.02634930282859327,-0.18137547476939772,-0.2037666268385357
CLIP512_linear_ridge,739,-0.03391935214955821,-0.11848887683125339,-0.1714483369412661
CLIP512_linear_ridge,740,-0.07628180142929453,0.029747693977211068,-0.012852790437729203
CLIP512_linear_ridge,741,-0.02452092965998931,0.0474769397721107,0.05900885978850379
CLIP512_linear_ridge,742,0.013100163221399508,0.06810906131307651,0.12111214164063708
CLIP512_linear_ridge,743,-0.030396204759442602,0.031768855127509495,-0.024949270420928902
CLIP512_linear_ridge,744,-0.058291648234507276,-0.20657894736842106,-0.218296420098537
CLIP512_linear_ridge,745,-0.00029607787666141583,0.05800325556158437,0.04304209215834878
CLIP512_linear_ridge,746,-0.061447884958260035,-0.05835594139989148,-0.0645705276459052
CLIP512_linear_ridge,747,-0.1397612940334947,-0.08172816060770483,0.004536369360829903
CLIP512_linear_ridge,748,-0.00596092615914956,0.039907759088442754,-0.0063999262187264955
CLIP512_linear_ridge,749,-0.07775810917799797,-0.05908844275637548,-0.09709078291204684
CLIP512_linear_ridge,750,-0.014039770724040723,0.188659793814433,0.143789344021323
CLIP512_linear_ridge,751,-0.05950868299049428,-0.3265056972327726,-0.34891542044680773
CLIP512_linear_ridge,752,-0.10875295000464291,-0.29635105805751494,-0.2692618828703858
CLIP512_linear_ridge,753,-0.06463415634493641,-0.09335322843190451,-0.08202319175843767
CLIP512_linear_ridge,754,-0.004275537288748632,0.00704015192620727,0.01134856665851381
CLIP512_linear_ridge,755,-0.10183085416543292,-0.22712967986977753,-0.21524289129080923
CLIP512_linear_ridge,756,-0.07931734792854339,-0.25135648399348887,-0.20722907512476307
CLIP512_linear_ridge,757,-0.005332359126652753,0.010268583830710798,0.026539738723274635
CLIP512_linear_ridge,758,-0.05374925020514909,-0.24461475854584913,-0.27606910427092324
CLIP512_linear_ridge,759,-0.014263609313727832,-0.09423494302767227,-0.09038449933507922
CLIP512_linear_ridge,760,-0.049849839701693766,-0.2841969614758546,-0.2560575428400288
CLIP512_linear_ridge,761,-0.04114948911880356,-0.0777672273467173,-0.07801050499833534
CLIP512_linear_ridge,762,-0.023503789968991162,0.004652740097666848,0.04017079217286171
CLIP512_linear_ridge,763,-0.07401418118742509,-0.3593054801953337,-0.3761674093920639
CLIP512_linear_ridge,764,-0.06542162026033993,-0.11865165491047205,-0.13420995204803654
CLIP512_linear_ridge,765,0.004629489247746865,0.24085729788388496,0.24394605516063494
CLIP512_linear_ridge,766,-0.029613408542792596,-0.22695333695062397,-0.20269493055729815
CLIP512_linear_ridge,767,-0.07009413326750846,-0.28076505697232773,-0.26417651725985813
CLIP512_linear_ridge,768,-0.03241557191036626,-0.09386869234943028,-0.07654133973429773
CLIP512_linear_ridge,769,-0.04397903278806625,-0.3149755832881172,-0.3480433664554406
CLIP512_linear_ridge,770,-0.021711810691901867,0.0921323928377645,-0.009859232008655114
CLIP512_linear_ridge,771,-0.014114910903685995,-0.07438958220293,-0.0728589470687061
CLIP512_linear_ridge,772,-0.10434197496181197,-0.14253933803581118,-0.14433774221173756
CLIP512_linear_ridge,773,-0.13123146005031971,-0.45908844275637556,-0.4567126731975436
CLIP512_linear_ridge,774,-0.020677963804215604,0.11262886597938143,-0.007477187338202282
CLIP512_linear_ridge,775,-0.021606317816034837,0.07193434617471514,0.007660469006522046
CLIP512_linear_ridge,776,-0.04773037185612505,-0.31105534454693434,-0.31631283332501237
CLIP512_linear_ridge,777,-0.22330154828689497,-0.0015192620727075418,-0.022387152383232314
CLIP512_linear_ridge,778,-0.021019804325085545,0.04502170374389583,0.008823666836084203
CLIP512_linear_ridge,779,-0.037756657160285645,-0.17086272381985892,-0.21648778219052048
CLIP512_linear_ridge,780,-0.07292606885323871,-0.28997558328811723,-0.3517749316593861
CLIP512_linear_ridge,781,-0.050313099625963975,0.10527672273467173,0.023796499229284635
CLIP512_linear_ridge,782,-0.045367764841903746,-0.1166711882799783,-0.15365956288223276
CLIP512_linear_ridge,783,-0.2120321117929096,-0.10486977753662508,-0.1429752471576679
CLIP512_linear_ridge,784,-0.03458625694561479,-0.21440586001085188,-0.1963973744710789
CLIP512_linear_ridge,785,-0.01444496957351249,0.02444384156266956,0.0063758038579141245
CLIP512_linear_ridge,786,-0.05319592344719681,-0.08147042864894194,-0.09988404721567498
CLIP512_linear_ridge,787,0.010358184570036344,0.15902061855670102,0.10429896126936464
CLIP512_linear_ridge,788,-0.07095459514848623,-0.13524145415084102,-0.17201750893832576
CLIP512_linear_ridge,789,-0.10778831073929118,-0.16762072707542053,-0.06085010415008897
CLIP512_linear_ridge,790,-0.03141636333960052,-0.1756375474769398,-0.17436506951921224
CLIP512_linear_ridge,791,-0.020053305053550075,-0.06113673358654367,-0.06554277918503698
CLIP512_linear_ridge,792,-0.041864229657710306,-0.2105263157894737,-0.2676268251884604
CLIP512_linear_ridge,793,-0.08221309898709306,-0.34131850244167117,-0.3470487732301357
CLIP512_linear_ridge,794,-0.047272452370116236,-0.29867064568638085,-0.29919871317479696
CLIP512_linear_ridge,795,-0.0739547514522334,-0.1319045035268584,-0.19455586882001796
CLIP512_linear_ridge,796,0.006008169106128114,0.137438958220293,0.09857776452939312
CLIP512_linear_ridge,797,-0.02411700370998493,-0.10358111774281065,-0.12675014044827326
CLIP512_linear_ridge,798,-0.03392132034738604,-0.21866521975040695,-0.24774322331525922
CLIP512_linear_ridge,799,-0.0722511039738758,-0.03856483993488877,-0.14467470216094946
CLIP512_linear_ridge,800,-0.10260390978126321,-0.1838035811177428,-0.207996763671877
CLIP512_linear_ridge,801,-0.033560515364291055,0.049837221920781334,-0.0014855357836243976
CLIP512_linear_ridge,802,-0.04666846409504544,-0.17674986435160064,-0.2096538874016664
CLIP512_linear_ridge,803,-0.04841628005908816,-0.17438958220293002,-0.1852578229235045
CLIP512_linear_ridge,804,-0.019607518470097673,0.08336950623982636,0.09787687383336134
CLIP512_linear_ridge,805,-0.02199741402418165,-0.044072164948453604,-0.021593206823888912
CLIP512_linear_ridge,806,-0.008799428989791247,-0.02643787303309821,-0.05159865432597184
CLIP512_linear_ridge,807,-0.02649061044386669,0.06903147042864895,0.07097606535426881
CLIP512_linear_ridge,808,-0.02897497060881471,-0.24929462832338578,-0.23174849367171935
CLIP512_linear_ridge,809,-0.10560575141750572,0.0845496473141617,0.09542510483016103
CLIP512_linear_ridge,810,-0.03243340073500378,-0.14076234400434076,-0.16775493405492015
CLIP512_linear_ridge,811,0.003619712726133595,0.18190450352685839,0.2322467727834449
CLIP512_linear_ridge,812,-0.047739565809311824,-0.23700488334237657,-0.20974957105273515
CLIP512_linear_ridge,813,-0.02603046304546308,-0.184264785675529,-0.17497561015169424
CLIP512_linear_ridge,814,-0.036875509500070125,-0.19461475854584917,-0.17622345237458842
CLIP512_linear_ridge,815,-0.04731893349231853,-0.22592240911557246,-0.2571032700135859
CLIP512_linear_ridge,816,-0.03095332940260187,-0.16635919696147583,-0.17588552050071987
CLIP512_linear_ridge,817,-0.008199801543621321,-0.05261801410743353,-0.08134763541952698
CLIP512_linear_ridge,818,-0.012193972275699627,-0.05808464460119371,-0.03486484595866905
CLIP512_linear_ridge,819,-0.014404762535448201,-0.0948046663049376,-0.1119168912027519
CLIP512_linear_ridge,820,-0.030882759101657165,0.24727346717308737,0.15631581083249962
CLIP512_linear_ridge,821,0.0016880412076235585,0.0572436245252306,0.0414730914979906
CLIP512_linear_ridge,822,-0.024367900391883524,-0.009332609875203473,-0.06401285518074189
CLIP512_linear_ridge,823,-0.24661081937057738,-0.17443027672273467,-0.017671892197003398
CLIP512_linear_ridge,824,-0.026604540063077442,-0.2731280520889854,-0.28880854169937115
CLIP512_linear_ridge,825,-0.17604301956408985,0.09365165491047206,0.010870972033712512
CLIP512_linear_ridge,826,0.011754304547481609,0.058193163320672814,0.11400793885342629
CLIP512_linear_ridge,827,-0.023623974622879684,-0.008559413998914812,-0.021375657137229952
CLIP512_linear_ridge,828,-0.01074587832336249,-0.06630493760173631,-0.058548025320833634
CLIP512_linear_ridge,829,-0.09034925691486628,-0.0022110689093868693,-0.021645861489506528
CLIP512_linear_ridge,830,-0.0388861589039482,-0.26558600108518715,-0.2699282000774491
CLIP512_linear_ridge,831,-0.016294588677268296,-0.11096039066739014,-0.12485780609440035
CLIP512_linear_ridge,832,-0.0629751274081427,-0.23897178513293543,-0.23118930234766844
CLIP512_linear_ridge,833,-0.019197084725728564,-0.06810906131307651,-0.10298910174896517
CLIP512_linear_ridge,834,-0.12898303319482785,-0.41838035811177426,-0.41621006691598395
CLIP512_linear_ridge,835,-0.04644546640542946,0.16467715680954967,0.017573297194265217
CLIP512_linear_ridge,836,-0.02563234555588423,-0.14116928920238742,-0.12330249311319838
CLIP512_linear_ridge,837,-0.09068334111910303,-0.08794085729788388,-0.07515418157306183
CLIP512_linear_ridge,838,-0.12597646488471215,-0.051519262072707545,-0.03530611561867263
CLIP512_linear_ridge,839,-0.041497278878296795,-0.19104720564297342,-0.18302960505463156
CLIP512_linear_ridge,840,-0.08042393649789825,-0.14131850244167118,-0.1524030031587711
CLIP512_linear_ridge,841,-0.017821360196885516,-0.17310092240911557,-0.1672988606484269
CLIP512_linear_ridge,842,-0.05357522780421764,-0.1602821486706457,-0.15655825426158063
CLIP512_linear_ridge,843,-0.061708175502610096,-0.22253119913185024,-0.07050862930368254
CLIP512_linear_ridge,844,-0.017642352113378168,0.016101465002712968,-0.008340870379220197
CLIP512_linear_ridge,845,0.009874707043247333,0.17733315246880085,0.14554320520645725
CLIP512_linear_ridge,846,-0.054093795542833334,-0.35599565925122084,-0.33036036942680114
CLIP512_linear_ridge,847,-0.023190519402807697,-0.13559413998914813,-0.12843473436718433
CLIP512_linear_ridge,848,-0.035462065294509904,-0.21389039609332608,-0.22069374178387385
CLIP512_linear_ridge,849,-0.00013465231561338165,0.03416983179598481,0.029646427375717332
CLIP512_linear_ridge,850,-0.01661077137239997,-0.16296798697775366,-0.1596141547120402
CLIP512_linear_ridge,851,-0.02496524013239987,-0.0995252306022789,-0.13512212754948458
CLIP512_linear_ridge,852,0.04547056747628997,0.2963646228974498,0.24528219671017645
CLIP512_linear_ridge,853,-0.0401927282158514,-0.2339256646771568,-0.19845122841094218
CLIP512_linear_ridge,854,-0.019980093086462425,0.009441128594682581,-0.06783398929952744
CLIP512_linear_ridge,855,-0.04407144576043254,-0.2555208898534997,-0.28073899811156305
CLIP512_linear_ridge,856,-0.10294154782893528,-0.16391752577319588,-0.22289140864132484
CLIP512_linear_ridge,857,-0.02565727714732824,0.07430819316332068,0.04044595781182718
CLIP512_linear_ridge,858,-0.023586906481958936,-0.16715952251763427,-0.13053932302950727
CLIP512_linear_ridge,859,-0.080281349706532,-0.09846717308735757,-0.14885770671944754
CLIP512_linear_ridge,860,-0.07840341994619227,-0.032067281606077046,-0.12757647310213732
CLIP512_linear_ridge,861,-0.1261507957810335,-0.46211340206185564,-0.49418467387246046
CLIP512_linear_ridge,862,-0.027597394447158807,0.019845360824742267,-0.04429594728533017
CLIP512_linear_ridge,863,-0.04298626680945561,-0.24476397178513296,-0.24668687814340623
CLIP512_linear_ridge,864,-0.030406399494040892,-0.19228160607704828,-0.18968439623467773
CLIP512_linear_ridge,865,-0.06503157269136062,-0.015206185567010307,-0.015669590805412102
CLIP512_linear_ridge,866,-0.048909677632722026,-0.200366250678242,-0.23048592468505139
CLIP512_linear_ridge,867,-0.024004034850994005,-0.07737384698860553,-0.08816126621621306
CLIP512_linear_ridge,868,-0.017381721110958592,0.1451980466630494,0.09216461567102906
CLIP512_linear_ridge,869,-0.027120880495556055,-0.1280249593054802,-0.15323690019635536
CLIP512_linear_ridge,870,-0.039370209090058506,-0.16047205642973414,-0.1631161692613312
CLIP512_linear_ridge,871,-0.09978469858520223,-0.29464188822571896,-0.23730826332600954
CLIP512_linear_ridge,872,-0.009081325491797854,-0.03988062940857298,-0.04998139430120313
CLIP512_linear_ridge,873,0.015184946210376693,0.1892430819316332,0.13672069667196182
CLIP512_linear_ridge,874,-0.00697693855731818,-0.0013157894736842105,-0.01411223167305218
CLIP512_linear_ridge,875,-0.051400722520362985,-0.11250678241996744,-0.12937499459843976
CLIP512_linear_ridge,876,-0.0339984396337254,-0.24597124253933803,-0.2499904360560743
CLIP512_linear_ridge,877,-0.032915387786819794,-0.14655453065653826,-0.1622691308552877
CLIP512_linear_ridge,878,-0.05668532849494645,-0.2985892566467716,-0.3048470905949361
CLIP512_linear_ridge,879,-0.04712745345944591,-0.2859603906673901,-0.2917613543848215
CLIP512_linear_ridge,880,-0.03594462404108634,-0.2999728703201302,-0.2710279071172969
CLIP512_linear_ridge,881,-0.058276032052876126,-0.2440721649484536,-0.3193881491197421
CLIP512_linear_ridge,882,-0.04677092023564988,0.035024416711882805,-0.08888182436789976
CLIP512_linear_ridge,883,-0.03042735657280149,-0.06839392295170917,-0.10099545433897565
CLIP512_linear_ridge,884,-0.16015633010941488,-0.09297341291372763,-0.18804534609658513
CLIP512_linear_ridge,885,-0.029784832378454418,-0.01949267498643516,-0.034265665976657075
CLIP512_linear_ridge,886,-0.17336885974753913,-0.24967444384156265,-0.17130305484014385
CLIP512_linear_ridge,887,0.0003961996147747726,0.032609875203472596,0.05826218924515912
CLIP512_linear_ridge,888,-0.010808857803741523,-0.037398263700488335,0.009249887016961958
CLIP512_linear_ridge,889,-0.04622359093799844,-0.1172816060770483,-0.14865730295715346
CLIP512_linear_ridge,890,-0.013582138408210653,0.08266413456321217,0.010536525555393288
CLIP512_linear_ridge,891,-0.03771864228317923,-0.10287574606619641,-0.15180663605256178
CLIP512_linear_ridge,892,-0.027381569106675885,-0.1867471513836137,-0.16887756740791365
CLIP512_linear_ridge,893,-0.022402578599596046,-0.0385241454150841,-0.06634589499248926
CLIP512_linear_ridge,894,-0.053227860800391325,-0.15359468258274553,-0.10442658472371494
CLIP512_linear_ridge,895,0.0027147084091931895,0.13809007053716768,0.0860340270436869
CLIP512_linear_ridge,896,-0.01645514736040199,-0.12228703201302224,-0.10420450131437684
CLIP512_linear_ridge,897,-0.06318130120259235,-0.31892295170916984,-0.36312745843816135
CLIP512_linear_ridge,898,-0.0762887691034504,-0.4227618014107433,-0.380341195634167
CLIP512_linear_ridge,899,-0.04432442718366003,0.04076234400434075,-0.07645989817033212
CLIP512_linear_ridge,900,-0.04696010424191788,-0.2406945198046663,-0.22727192005183783
CLIP512_linear_ridge,901,-0.02378852415983168,-0.22807921866521974,-0.19891218515598888
CLIP512_linear_ridge,902,-0.05355563102406946,-0.10393380358111774,-0.06276841791926374
CLIP512_linear_ridge,903,-0.047988108060581514,-0.2579761258817146,-0.2641171983784969
CLIP512_linear_ridge,904,-0.018719010246324164,-0.12353499728703202,-0.12065250868520844
CLIP512_linear_ridge,905,-0.11211593520961949,0.10185838307107975,-0.012487015779927425
CLIP512_linear_ridge,906,-0.03175893431362309,0.20020347259902332,0.1868741996782481
CLIP512_linear_ridge,907,-0.05349247016270553,-0.3013157894736842,-0.29894070882997825
CLIP512_linear_ridge,908,-0.06021347907018826,-0.2605670103092783,-0.2720820747503807
CLIP512_linear_ridge,909,-0.049812002653748744,-0.25065111231687465,-0.3130214240509638
CLIP512_linear_ridge,910,-0.07223836398466399,-0.1071079761258817,-0.07400758693006687
CLIP512_linear_ridge,911,-0.052304459483318855,-0.29621540965816606,-0.29748198435876727
CLIP512_linear_ridge,912,-0.07717127906148247,-0.14888768312533915,-0.09525133731124855
CLIP512_linear_ridge,913,-0.026265767392886108,-0.14972870320130222,-0.11328459159757841
CLIP512_linear_ridge,914,-0.02368782981754758,-0.1147449810092241,-0.0970733090211945
CLIP512_linear_ridge,915,-0.008932580397003287,0.11288659793814432,0.03780843878910814
CLIP512_linear_ridge,916,-0.10006736119969584,-0.19244438415626694,-0.21485420430026225
CLIP512_linear_ridge,917,-0.06567773435727609,-0.2654367878459034,-0.3036434240492507
CLIP512_linear_ridge,918,-0.06898116699654522,-0.15902061855670102,-0.22773500707416633
CLIP512_linear_ridge,919,-0.02947213804740323,-0.12736028214867065,-0.10409007275044753
CLIP512_linear_ridge,920,-0.03772031470171511,-0.1997693977211069,-0.22453711013141225
CLIP512_linear_ridge,921,-0.022032728183314587,-0.03823928377645144,-0.1092240674922757
CLIP512_linear_ridge,922,-0.02132976854643065,-0.03758817145957678,-0.07661493110094572
CLIP512_linear_ridge,923,-0.05035993156654395,-0.019221378187737382,-0.08776245369785267
CLIP512_linear_ridge,924,-0.0314571258519043,-0.024918610960390667,-0.07509468897111271
CLIP512_linear_ridge,925,-0.005236926344545534,0.09138632664134565,0.045529893027312335
CLIP512_linear_ridge,926,-0.05260232008280252,-0.11890938686923494,-0.17769548816462072
CLIP512_linear_ridge,927,-0.11919310138995898,0.14457406402604447,0.09263730994618742
CLIP512_linear_ridge,928,-0.03273986928530337,-0.005615843733043951,-0.0017991277107890502
CLIP512_linear_ridge,929,-0.025053421928366015,-0.15100379815518178,-0.15411030885090046
CLIP512_linear_ridge,930,-0.12463684234065009,-0.13720835594139988,-0.1551356308967166
CLIP512_linear_ridge,931,-0.02392289491570687,-0.21934346174715139,-0.1917814744964836
CLIP512_linear_ridge,932,-0.01800931252487903,-0.08739826370048834,-0.15219555892196046
CLIP512_linear_ridge,933,0.0754797220198814,0.28621812262615304,0.27666621383762335
CLIP512_linear_ridge,934,-0.07015088807641612,-0.015043407487791644,-0.07751154749336245
CLIP512_linear_ridge,935,-0.11039149387538738,-0.02227346717308736,-0.10511255538802625
CLIP512_linear_ridge,936,-0.056198803151622956,0.005100379815518177,-0.04888941676686709
CLIP512_linear_ridge,937,0.0029555174504823922,0.10534454693434617,0.1211605955477063
CLIP512_linear_ridge,938,0.0714994552135636,0.38890396093326096,0.2943259139332048
CLIP512_linear_ridge,939,-0.02136444926767811,-0.21790558871405316,-0.1808836984558766
CLIP512_linear_ridge,940,-0.0444610805551251,-0.07455236028214868,-0.15078908335745908
CLIP512_linear_ridge,941,-0.0539820519622396,-0.23701844818231146,-0.3095567023308734
CLIP512_linear_ridge,942,-0.06116610927131627,-0.12894736842105264,-0.15734563120654285
CLIP512_linear_ridge,943,-0.09445691602763984,0.04944384156266955,-0.05361723786996071
CLIP512_linear_ridge,944,-0.032888228797604224,-0.038185024416711885,-0.04725281783248004
CLIP512_linear_ridge,945,-0.04595168773890923,-0.25264514378730335,-0.2918041084190035
CLIP512_linear_ridge,946,-0.010321543588058368,-0.05348616386326641,-0.06032914394218428
CLIP512_linear_ridge,947,-0.1537795031457947,0.0687194791101465,0.009968178082340524
CLIP512_linear_ridge,948,-0.01772272491930993,-0.024213239283776455,-0.08330612198396489
CLIP512_linear_ridge,949,-0.07181815785739931,-0.13035811177428108,-0.14521583741726654
CLIP512_linear_ridge,950,-0.08849167969102223,-0.2948182311448725,-0.3038551022246303
CLIP512_linear_ridge,951,-0.05279061756649006,-0.33213510580575156,-0.36470974524613486
CLIP512_linear_ridge,952,-0.029845533796694967,-0.13290830168204015,-0.15319564132322694
CLIP512_linear_ridge,953,-0.01775717885993,-0.07832338578404775,-0.060484326029867086
CLIP512_linear_ridge,954,-0.06539496495447139,0.13532284319045035,0.07005193321322228
CLIP512_linear_ridge,955,-0.003871556116947783,0.031144872490504613,0.017912260201223416
CLIP512_linear_ridge,956,-0.030992053548862142,-0.004557786218122626,-0.06266817483342785
CLIP512_linear_ridge,957,-0.1201707080948562,-0.0060363537710255025,-0.028661098989818258
CLIP512_linear_ridge,958,-0.06460089335589658,-0.060661964188822574,-0.05322822103749057
CLIP512_linear_ridge,959,-0.02082521506900714,-0.12200217037438958,-0.14667664387456117
CLIP512_linear_ridge,960,0.00036648423072505043,0.12386055344546933,0.07688571446318498
CLIP512_linear_ridge,961,-0.04176824254299771,-0.19032826912642434,-0.2313537305858203
CLIP512_linear_ridge,962,-0.029923989693348974,0.01741725447639718,-0.02683040388665949
CLIP512_linear_ridge,963,-0.04262457243936746,-0.312927292457949,-0.3176900366049775
CLIP512_linear_ridge,964,-0.023849437416892494,-0.2043136190992946,-0.22404931364018776
CLIP512_linear_ridge,965,-0.1515550474140046,-0.29681226261530114,-0.2351804221107209
CLIP512_linear_ridge,966,-0.030054059843835912,-0.007542051003798155,-0.05433056739662912
CLIP512_linear_ridge,967,-0.06507436255978338,-0.30158708627238195,-0.29884172357961614
CLIP512_linear_ridge,968,-0.06705725021882647,-0.11456863809007053,-0.18514257917874694
CLIP512_linear_ridge,969,-0.027353113323380418,-0.1457948996201845,-0.2122288854172169
CLIP512_linear_ridge,970,-0.03153922758074934,-0.2204964731416169,-0.24026187429575135
CLIP512_linear_ridge,971,-0.06493628748143476,-0.06988605534454694,-0.15134038182098883
CLIP512_linear_ridge,972,-0.03383156892001815,-0.15933260987520348,-0.19798171855627592
CLIP512_linear_ridge,973,-0.022181551728284177,-0.06488062940857298,-0.11937845925162381
CLIP512_linear_ridge,974,-0.03916718459053414,-0.25358111774281067,-0.24436537682706327
CLIP512_linear_ridge,975,-0.008704237900761136,-0.0017362995116657625,-0.03737083476261749
CLIP512_linear_ridge,976,-0.02069432824555162,-0.0986706456863809,-0.11903500014582971
CLIP512_linear_ridge,977,-0.049116720653996415,-0.317186652197504,-0.3600469651638131
CLIP512_linear_ridge,978,-0.04226596133664651,-0.26934346174715135,-0.24976591905057216
CLIP512_linear_ridge,979,-0.06107848569604757,-0.31785132935431365,-0.3737315903356161
CLIP512_linear_ridge,980,-0.02640142787387867,-0.06814975583288117,-0.12168921744881472
CLIP512_linear_ridge,981,-0.07498210270048866,-0.14285132935431363,-0.11730149745533691
CLIP512_linear_ridge,982,-0.049017201497030705,-0.23142973412913728,-0.24577404242727505
CLIP512_linear_ridge,983,-0.13787706169258374,-0.35162778079218665,-0.27348219268679846
CLIP512_linear_ridge,984,-0.2605916622141766,-0.17291101465002714,-0.18475345858573666
CLIP512_linear_ridge,985,-0.07543689382404661,-0.3305344546934347,-0.27976995800783777
CLIP512_linear_ridge,986,-0.012919186787625714,-0.0362316874660879,0.007906306953142896
CLIP512_linear_ridge,987,-0.09358876339216304,-0.2942892023874118,-0.26279548535736347
CLIP512_linear_ridge,988,-0.08612784257244521,-0.04533369506239826,-0.1693717086093283
CLIP512_linear_ridge,989,-0.03833477601923607,-0.14108790016277808,-0.15461494248339422
CLIP512_linear_ridge,990,-0.05808571458266809,-0.19806022788931094,-0.16046461674891327
CLIP512_linear_ridge,991,-0.007565864601325911,-0.03882257189365165,-0.02191145146588236
CLIP512_linear_ridge,992,-0.0623034317839648,-0.2803445469343462,-0.27792684942108126
CLIP512_linear_ridge,993,-0.044065377785404536,-0.13761530113944653,-0.14648778681537084
CLIP512_linear_ridge,994,-0.02791126847179437,-0.21611502984264785,-0.2376919674360317
CLIP512_linear_ridge,995,-0.029306290640669364,-0.188537710255019,-0.18412299806527194
CLIP512_linear_ridge,996,-0.043026782230688454,-0.30934617471513837,-0.2714260743677618
CLIP512_linear_ridge,997,-0.02472209972821049,-0.012520347259902333,-0.083449227348431
CLIP512_linear_ridge,998,-0.015832531825485274,-0.12866250678241997,-0.10982818796298173
CLIP512_linear_ridge,999,-0.05240860432605121,-0.3221242539338036,-0.3188198638891016
CLIP512_linear_ridge,1000,-0.08540726092400441,-0.36778350515463915,-0.38332354664164614
CLIP512_discarded_PC51plus_ridge,1,-0.05779157698708359,-0.1830710797612588,-0.10278235796103843
CLIP512_discarded_PC51plus_ridge,2,-0.146234135592215,-0.2025230602278893,-0.19951145127958358
CLIP512_discarded_PC51plus_ridge,3,-0.03545026471049573,-0.17228703201302226,-0.12615374628945794
CLIP512_discarded_PC51plus_ridge,4,-0.09286398798623496,-0.23704557786218122,-0.17230300867587753
CLIP512_discarded_PC51plus_ridge,5,-0.018824213752786756,-0.06880086814975583,-0.07922024082500373
CLIP512_discarded_PC51plus_ridge,6,-0.03531700712913821,-0.18206728160607705,-0.22988551536779878
CLIP512_discarded_PC51plus_ridge,7,-0.030471290287650277,-0.15222463374932174,-0.21978376784571382
CLIP512_discarded_PC51plus_ridge,8,-0.022337485247720057,-0.15328269126424307,-0.18744278414376153
CLIP512_discarded_PC51plus_ridge,9,0.00984719819781732,0.18159251220835596,0.1419809826672662
CLIP512_discarded_PC51plus_ridge,10,-0.09192299652193303,-0.05682311448724905,0.005214089047748123
CLIP512_discarded_PC51plus_ridge,11,-0.06461401593661664,-0.18894465545306566,-0.21536487860159853
CLIP512_discarded_PC51plus_ridge,12,-0.0033698451902270943,0.009739555073250136,-0.01024353102512375
CLIP512_discarded_PC51plus_ridge,13,-0.006766919836534102,-0.09860282148670646,-0.09227032323190054
CLIP512_discarded_PC51plus_ridge,14,-0.020337956018232406,-0.11011937059142703,-0.08149058192882606
CLIP512_discarded_PC51plus_ridge,15,-0.03397974503384438,-0.24099294628323387,-0.21653229725555964
CLIP512_discarded_PC51plus_ridge,16,-0.033219491279665725,-0.059983722192078134,-0.062302740656675945
CLIP512_discarded_PC51plus_ridge,17,-0.018637305643939728,-0.16060770482908301,-0.17613881186872526
CLIP512_discarded_PC51plus_ridge,18,-0.0019842820358062507,0.025596852957135104,0.022387294439284923
CLIP512_discarded_PC51plus_ridge,19,-0.01071206023026594,-0.09188822571893651,-0.1313347058152743
CLIP512_discarded_PC51plus_ridge,20,-0.043469981040767935,-0.15710797612588173,-0.11206827789585161
CLIP512_discarded_PC51plus_ridge,21,-0.07025152892600173,-0.202807921866522,-0.2575775954280211
CLIP512_discarded_PC51plus_ridge,22,-0.03347586810741965,-0.16804123711340205,-0.17698936460635006
CLIP512_discarded_PC51plus_ridge,23,-0.05480086172934029,-0.32670916983179593,-0.23986811515116824
CLIP512_discarded_PC51plus_ridge,24,0.025174609077401655,0.11650841020075962,0.16042324244007727
CLIP512_discarded_PC51plus_ridge,25,-0.039392651644473364,-0.15534454693434616,-0.14891590073781522
CLIP512_discarded_PC51plus_ridge,26,0.007907000875588044,0.11357840477482366,0.08919050888485994
CLIP512_discarded_PC51plus_ridge,27,-0.028209881914182278,-0.20714867064568637,-0.18980217182171993
CLIP512_discarded_PC51plus_ridge,28,-0.03326084254237949,-0.010295713510580574,-0.00832928618500663
CLIP512_discarded_PC51plus_ridge,29,-0.020014533088628328,-0.2209034183396636,-0.17436369627303774
CLIP512_discarded_PC51plus_ridge,30,-0.04771223910833955,-0.12400976668475312,-0.17467532565408173
CLIP512_discarded_PC51plus_ridge,31,-0.0003717158981966229,0.04346174715138361,-0.00229847642996623
CLIP512_discarded_PC51plus_ridge,32,0.00348175652417948,0.03909386869234943,0.07906977262971746
CLIP512_discarded_PC51plus_ridge,33,-0.003640210588359283,-0.022002170374389583,0.04688575633856361
CLIP512_discarded_PC51plus_ridge,34,-0.03629541502234712,-0.17936787845903418,-0.247637502673788
CLIP512_discarded_PC51plus_ridge,35,-0.02539392718029143,-0.20130222463374933,-0.15405492929148712
CLIP512_discarded_PC51plus_ridge,36,0.034262030612414396,0.08157894736842106,0.1999118726963015
CLIP512_discarded_PC51plus_ridge,37,-0.01844271322734148,-0.07128323385784048,-0.07887398908308631
CLIP512_discarded_PC51plus_ridge,38,-0.009631728223539637,0.0322436245252306,0.0178675871785422
CLIP512_discarded_PC51plus_ridge,39,-0.01874318866428526,0.040151926207270754,-0.06551253605368518
CLIP512_discarded_PC51plus_ridge,40,-0.025592709873260455,-0.21893651654910473,-0.21632049139683673
CLIP512_discarded_PC51plus_ridge,41,-0.04009632449583367,-0.10659251220835594,-0.09596492334582751
CLIP512_discarded_PC51plus_ridge,42,-0.03142408979881428,-0.24622897449810094,-0.17949367995653737
CLIP512_discarded_PC51plus_ridge,43,-0.0014443298640849367,-0.031931633206728156,-0.0075376591280402055
CLIP512_discarded_PC51plus_ridge,44,-0.02490708097077987,0.02145957677699403,0.09628914855469278
CLIP512_discarded_PC51plus_ridge,45,-0.10970771988647887,-0.11500271296798698,-0.1022917461567225
CLIP512_discarded_PC51plus_ridge,46,-0.02656270844291675,-0.1374660879001628,-0.06543679452848508
CLIP512_discarded_PC51plus_ridge,47,-0.24706330777050112,-0.15575149213239287,-0.13199123782243127
CLIP512_discarded_PC51plus_ridge,48,-0.1134287697780032,-0.14959305480195334,-0.20767608632996062
CLIP512_discarded_PC51plus_ridge,49,-0.0048296171627606466,-0.007162235485621269,0.04040224135141803
CLIP512_discarded_PC51plus_ridge,50,-0.26394441038138705,-0.07733315246880086,-0.18441155105631743
CLIP512_discarded_PC51plus_ridge,51,-0.02048887439863023,-0.19753119913185024,-0.1937358108776901
CLIP512_discarded_PC51plus_ridge,52,-0.01178615155759477,-0.09156266956049919,-0.13458828196163722
CLIP512_discarded_PC51plus_ridge,53,-0.014068009558825034,-0.08440043407487792,-0.09451167945271342
CLIP512_discarded_PC51plus_ridge,54,-0.034205561912211024,-0.16170645686380902,-0.19945142754169998
CLIP512_discarded_PC51plus_ridge,55,-0.08382085898535863,-0.3743624525230602,-0.3805137496403947
CLIP512_discarded_PC51plus_ridge,56,-0.038877719018402646,-0.13440043407487792,-0.15844505909123216
CLIP512_discarded_PC51plus_ridge,57,-0.09515719014197854,-0.17063212154096583,-0.1626292404416355
CLIP512_discarded_PC51plus_ridge,58,-0.017113331140176324,-0.06162506782419967,-0.011654496034390512
CLIP512_discarded_PC51plus_ridge,59,-0.028639241905961788,-0.10801682040151928,0.019271111417363845
CLIP512_discarded_PC51plus_ridge,60,0.0030198507626665316,-0.037764514378730324,0.056586327648747325
CLIP512_discarded_PC51plus_ridge,61,-0.03109579409587382,-0.21250678241996743,-0.23155875848077795
CLIP512_discarded_PC51plus_ridge,62,-0.059563385823662385,-0.18935160065111234,-0.2244287564184722
CLIP512_discarded_PC51plus_ridge,63,-0.022524050431075304,-0.047734671730873576,-0.026827048551913042
CLIP512_discarded_PC51plus_ridge,64,-0.18827358679095352,-0.3650434074877917,-0.3763534392289199
CLIP512_discarded_PC51plus_ridge,65,-0.0417559917411956,-0.20839663591969612,-0.20208266421528787
CLIP512_discarded_PC51plus_ridge,66,-0.06092659306622994,-0.16995387954422136,-0.1642896886999842
CLIP512_discarded_PC51plus_ridge,67,0.017989605631222205,0.07006239826370048,0.13501444056288345
CLIP512_discarded_PC51plus_ridge,68,-0.024282363026211895,-0.023290830168204015,-0.054761892013333445
CLIP512_discarded_PC51plus_ridge,69,0.010722553781581268,0.14449267498643514,0.10360563151566118
CLIP512_discarded_PC51plus_ridge,70,-0.01864142869736929,-0.0665491047205643,-0.0064348833276978434
CLIP512_discarded_PC51plus_ridge,71,-0.025027883645863724,-0.06078404774823657,-0.07171241513961574
CLIP512_discarded_PC51plus_ridge,72,-0.008458800994892934,-0.01378187737384699,0.06385671723780764
CLIP512_discarded_PC51plus_ridge,73,-0.011458067096477675,-0.12213781877373846,-0.14692757737995962
CLIP512_discarded_PC51plus_ridge,74,-0.0044741474319340835,-0.09879272924579491,-0.023374855467253756
CLIP512_discarded_PC51plus_ridge,75,-0.04497958049213424,-0.1876559956592512,-0.17682007192183682
CLIP512_discarded_PC51plus_ridge,76,-0.0119068970937255,0.006701030927835052,-0.059015308540494936
CLIP512_discarded_PC51plus_ridge,77,-0.006900079082871047,-0.061584373304395014,-0.11012170063031833
CLIP512_discarded_PC51plus_ridge,78,-0.013741901331956186,-0.1177563754747694,-0.1471640391402826
CLIP512_discarded_PC51plus_ridge,79,-0.01907054932477248,-0.07722463374932176,-0.17229878381194677
CLIP512_discarded_PC51plus_ridge,80,-0.002509501476865461,-0.06233043950081389,-0.022171208316263104
CLIP512_discarded_PC51plus_ridge,81,-0.024391900787213983,-0.1428648941942485,-0.17430009069578045
CLIP512_discarded_PC51plus_ridge,82,-0.006899989733886169,-0.025230602278893108,-0.026236372309301557
CLIP512_discarded_PC51plus_ridge,83,-0.004098084755261633,-0.057474226804123715,0.009464479912449926
CLIP512_discarded_PC51plus_ridge,84,-0.05903601797660518,-0.3198453608247423,-0.299909782805054
CLIP512_discarded_PC51plus_ridge,85,-0.0015547564106574985,-0.04693434617471514,-0.05598482502961423
CLIP512_discarded_PC51plus_ridge,86,0.008712718747393544,0.08076505697232773,0.09667305187950598
CLIP512_discarded_PC51plus_ridge,87,-0.017551405488213767,-0.20101736299511666,-0.17562564614446272
CLIP512_discarded_PC51plus_ridge,88,-0.02155012915732013,0.048548562126966906,-0.009913663736320678
CLIP512_discarded_PC51plus_ridge,89,-0.016030596094980476,-0.0555615843733044,-0.09080385913624417
CLIP512_discarded_PC51plus_ridge,90,-0.01816059870500286,-0.016318502441671188,-0.01758286381595333
CLIP512_discarded_PC51plus_ridge,91,-0.06280069347651529,-0.22885241454150843,-0.17166361168767802
CLIP512_discarded_PC51plus_ridge,92,-0.02455648036988234,-0.20473412913727618,-0.2093546369336053
CLIP512_discarded_PC51plus_ridge,93,-0.01306818816674582,-0.06566739012479653,0.06594338823657561
CLIP512_discarded_PC51plus_ridge,94,-0.024385789182253204,-0.1134020618556701,0.10184086962984423
CLIP512_discarded_PC51plus_ridge,95,-0.06367438940404768,-0.3440043407487791,-0.33990086397961233
CLIP512_discarded_PC51plus_ridge,96,-0.04764528186681494,-0.19574064026044494,-0.25028581354139645
CLIP512_discarded_PC51plus_ridge,97,-0.017756530330317766,-0.1066603364080304,-0.16760285952097403
CLIP512_discarded_PC51plus_ridge,98,-0.1985410899335338,-0.13388497015735212,-0.040698464721483384
CLIP512_discarded_PC51plus_ridge,99,-0.061654431098428164,-0.021283233857840478,-0.015619027052511765
CLIP512_discarded_PC51plus_ridge,100,-0.006515496078377092,0.036801410743353226,0.034428781631484495
CLIP512_discarded_PC51plus_ridge,101,-0.12005212967510848,-0.1958627238198589,-0.1872246933812461
CLIP512_discarded_PC51plus_ridge,102,-0.015165546299084509,-0.1167797069994574,-0.14501228802426497
CLIP512_discarded_PC51plus_ridge,103,-0.1915027814768122,-0.2294357026587086,-0.2027925853315304
CLIP512_discarded_PC51plus_ridge,104,-0.012268787616920518,-0.025515463917525776,0.023192423731661374
CLIP512_discarded_PC51plus_ridge,105,-0.040068734276411666,-0.13969072164948454,-0.14960537200956875
CLIP512_discarded_PC51plus_ridge,106,-0.0926202369346647,-0.056877373846988606,-0.10368302968010627
CLIP512_discarded_PC51plus_ridge,107,-0.009394800614790366,-0.06851600651112318,0.01734660351176714
CLIP512_discarded_PC51plus_ridge,108,-0.02494278485936774,-0.0840477482365708,-0.04647535357083178
CLIP512_discarded_PC51plus_ridge,109,-0.04430735524123741,-0.25645686380900706,-0.2751078986235759
CLIP512_discarded_PC51plus_ridge,110,-0.0748905295544946,-0.20831524688008682,-0.24631219771748936
CLIP512_discarded_PC51plus_ridge,111,-0.00044316399723998146,0.020998372219207813,0.02835836367187595
CLIP512_discarded_PC51plus_ridge,112,-0.013495947937243846,0.0030792186652197503,0.029127321215286335
CLIP512_discarded_PC51plus_ridge,113,-0.0636645968625027,-0.19321758003255565,-0.1873864381008604
CLIP512_discarded_PC51plus_ridge,114,-0.05197019485739163,-0.19506239826370053,-0.26201036210360473
CLIP512_discarded_PC51plus_ridge,115,-0.046381944680282894,-0.2213781877373847,-0.2148984277034357
CLIP512_discarded_PC51plus_ridge,116,-0.045544965040248186,-0.1311313076505697,-0.10239460871969584
CLIP512_discarded_PC51plus_ridge,117,0.04523338891547424,0.07004883342376561,0.21858902499089833
CLIP512_discarded_PC51plus_ridge,118,-0.0921898045209224,-0.15329625610417796,-0.15696983858010877
CLIP512_discarded_PC51plus_ridge,119,-0.03282371988141719,-0.060634834508952795,-0.037322244993354375
CLIP512_discarded_PC51plus_ridge,120,-0.10918796828772614,-0.07411828540423224,-0.14095352399613278
CLIP512_discarded_PC51plus_ridge,121,-0.034061036169946934,-0.0664134563212154,0.03699214776495258
CLIP512_discarded_PC51plus_ridge,122,-0.051183986448926744,-0.35610417797069993,-0.3134596326424362
CLIP512_discarded_PC51plus_ridge,123,-0.036650266818974764,-0.1887683125339121,-0.2451908528617895
CLIP512_discarded_PC51plus_ridge,124,-0.04816991537174342,-0.09556429734129138,-0.16622191814300233
CLIP512_discarded_PC51plus_ridge,125,-0.00929242617121373,0.008423765599565924,0.025050762519556083
CLIP512_discarded_PC51plus_ridge,126,-0.007091457040276028,-0.11596581660336407,-0.08086046882753323
CLIP512_discarded_PC51plus_ridge,127,-0.03557668514459156,-0.26371405317417257,-0.25460020003259703
CLIP512_discarded_PC51plus_ridge,128,0.0034303961827365503,0.009115572436245252,0.05997506775936251
CLIP512_discarded_PC51plus_ridge,129,-0.03421726375854095,-0.05813890396093326,-0.05804454561715232
CLIP512_discarded_PC51plus_ridge,130,-0.016723227073127456,-0.09838578404774824,-0.11421464867915382
CLIP512_discarded_PC51plus_ridge,131,-0.1255025142974644,-0.14740911557243624,-0.12432604620369651
CLIP512_discarded_PC51plus_ridge,132,-0.004567911666252478,-0.061340206185567014,-0.08613180149164583
CLIP512_discarded_PC51plus_ridge,133,-0.03104900224718876,0.009319045035268585,0.04553039200816217
CLIP512_discarded_PC51plus_ridge,134,-0.12997359162473576,-0.41421595225176344,-0.3688015952683864
CLIP512_discarded_PC51plus_ridge,135,-0.004744761025340827,-0.013727618014107434,0.013839860294253728
CLIP512_discarded_PC51plus_ridge,136,0.015273720249980749,0.20130222463374933,0.1385931119333432
CLIP512_discarded_PC51plus_ridge,137,0.0068132347347305,0.04084373304395008,0.08738282898580337
CLIP512_discarded_PC51plus_ridge,138,-0.046794908981192984,-0.25371676614215954,-0.28708508158859014
CLIP512_discarded_PC51plus_ridge,139,-0.015323435983306988,-0.18011394465545305,-0.17089583746482026
CLIP512_discarded_PC51plus_ridge,140,-0.010999281592849686,-0.09465545306565382,-0.13061610062057807
CLIP512_discarded_PC51plus_ridge,141,-0.08388807092413209,-0.2267905588714053,-0.17812778678968058
CLIP512_discarded_PC51plus_ridge,142,-0.019458479976975918,-0.20257731958762884,-0.2575003300078121
CLIP512_discarded_PC51plus_ridge,143,-0.01466215557058459,-0.10059685295713511,0.008706533972262061
CLIP512_discarded_PC51plus_ridge,144,-0.027469522871985896,-0.17166304937601737,-0.2453826011719613
CLIP512_discarded_PC51plus_ridge,145,-0.12608300133132744,-0.255737927292458,-0.22941837566075723
CLIP512_discarded_PC51plus_ridge,146,0.0003148355295069516,-0.024769397721106888,0.024996879022240875
CLIP512_discarded_PC51plus_ridge,147,-0.012728049919857432,-0.11085187194791102,-0.019626413885075827
CLIP512_discarded_PC51plus_ridge,148,-0.01625795532073293,-0.12824199674443842,-0.06043506200807291
CLIP512_discarded_PC51plus_ridge,149,-0.021527671055538766,-0.1188415626695605,-0.13188427010475862
CLIP512_discarded_PC51plus_ridge,150,-0.018580757242373513,-0.16290016277807923,-0.18162604351728381
CLIP512_discarded_PC51plus_ridge,151,-0.05406768499172565,-0.20283505154639175,-0.1561094514445673
CLIP512_discarded_PC51plus_ridge,152,-0.1937347550791697,-0.2591969614758546,-0.20512177265504106
CLIP512_discarded_PC51plus_ridge,153,-0.01172669006743532,-0.08958220293000543,-0.14976981332830042
CLIP512_discarded_PC51plus_ridge,154,-0.06298081186068294,-0.33269126424308193,-0.3256352358824411
CLIP512_discarded_PC51plus_ridge,155,-0.15869364251992701,-0.1562669560499186,-0.1692314903317627
CLIP512_discarded_PC51plus_ridge,156,-0.011305562837632177,-0.08525501899077592,-0.13859141263776298
CLIP512_discarded_PC51plus_ridge,157,-0.04505648333239476,-0.21547748236570807,-0.27782712234159757
CLIP512_discarded_PC51plus_ridge,158,-0.0015752145585163913,-0.004462832338578405,-0.049542642883664056
CLIP512_discarded_PC51plus_ridge,159,-0.0802484546877793,-0.22641074335322844,-0.21877600596338057
CLIP512_discarded_PC51plus_ridge,160,-0.051051364182996606,-0.27456592512208355,-0.28325405401989134
CLIP512_discarded_PC51plus_ridge,161,-0.17192731869615474,-0.17957135105805752,-0.15543574427652251
CLIP512_discarded_PC51plus_ridge,162,-0.02821229543971926,-0.15017634291915355,-0.15696038284359382
CLIP512_discarded_PC51plus_ridge,163,-0.01897072537525646,-0.04960661964188822,-0.006357046779594706
CLIP512_discarded_PC51plus_ridge,164,-0.005028964005320935,0.014622897449810091,0.0036205385071573573
CLIP512_discarded_PC51plus_ridge,165,-0.005105128906070844,-0.020645686380900707,-0.013945605604220205
CLIP512_discarded_PC51plus_ridge,166,-0.036623908739081834,-0.0839120998372219,-0.19844037680407098
CLIP512_discarded_PC51plus_ridge,167,-0.04141319821039935,-0.22551546391752578,-0.2105290295422283
CLIP512_discarded_PC51plus_ridge,168,-0.024483822849377113,-0.19465545306565382,-0.20608989600196387
CLIP512_discarded_PC51plus_ridge,169,-0.057915904957806186,-0.033098209441128595,0.011848660103786556
CLIP512_discarded_PC51plus_ridge,170,-0.05086652438683781,-0.06199131850244167,0.007654835201033177
CLIP512_discarded_PC51plus_ridge,171,-0.04084656821581656,-0.16743081931633205,-0.11792581783156253
CLIP512_discarded_PC51plus_ridge,172,-0.02998278069419058,-0.16721378187737385,-0.16438176664137236
CLIP512_discarded_PC51plus_ridge,173,-0.36785374238733826,-0.2899484536082474,-0.26380687470557634
CLIP512_discarded_PC51plus_ridge,174,-0.0026770261389981176,-0.023073792729245795,-0.0025166976298307275
CLIP512_discarded_PC51plus_ridge,175,-0.0033521797857822833,0.024077590884427565,0.015430573375417124
CLIP512_discarded_PC51plus_ridge,176,-0.02491370008174676,-0.17750949538795444,-0.16649289063887351
CLIP512_discarded_PC51plus_ridge,177,0.01898384286274224,0.12672273467173087,0.1625511734872207
CLIP512_discarded_PC51plus_ridge,178,-0.05234208206812374,-0.03391209983722192,0.016622301902760116
CLIP512_discarded_PC51plus_ridge,179,-0.04126327016560416,-0.11237113402061856,-0.10645710563596601
CLIP512_discarded_PC51plus_ridge,180,-0.056247948233839384,-0.1329489962018448,-0.03567660499415949
CLIP512_discarded_PC51plus_ridge,181,-0.05677282064866351,-0.14240368963646227,-0.15625046737215395
CLIP512_discarded_PC51plus_ridge,182,-0.06534457825194129,-0.1982365708084645,-0.16847310946397867
CLIP512_discarded_PC51plus_ridge,183,-0.17004037581063058,-0.16241182854042321,-0.1274216416145011
CLIP512_discarded_PC51plus_ridge,184,-0.017450708533285786,-0.03072436245252306,0.001595038614918604
CLIP512_discarded_PC51plus_ridge,185,-0.036047307085286695,-0.18412913727618016,-0.11167279499258248
CLIP512_discarded_PC51plus_ridge,186,-0.022208981892332114,-0.18559413998914814,-0.19002790378314116
CLIP512_discarded_PC51plus_ridge,187,0.008529995593902662,0.012750949538795443,0.09351689155711673
CLIP512_discarded_PC51plus_ridge,188,-0.048684702394853785,-0.16989962018448182,-0.0938604092290492
CLIP512_discarded_PC51plus_ridge,189,-0.02880248228026905,-0.18602821486706458,-0.23356712124782353
CLIP512_discarded_PC51plus_ridge,190,-0.030440123536604524,-0.08449538795442214,-0.1044273691260772
CLIP512_discarded_PC51plus_ridge,191,-0.07604282437514076,-0.16253391209983722,-0.18180625511116988
CLIP512_discarded_PC51plus_ridge,192,-0.012071124767415453,-0.03677428106348345,-0.03605931435027636
CLIP512_discarded_PC51plus_ridge,193,-0.0250003138451389,-0.055751492132392846,-0.04919927226807712
CLIP512_discarded_PC51plus_ridge,194,-0.008676660139787629,-0.11127238198589257,-0.059280081270926765
CLIP512_discarded_PC51plus_ridge,195,0.004212232404439575,0.024674443841562668,0.06586613305440715
CLIP512_discarded_PC51plus_ridge,196,-0.06092855539125397,-0.2205642973412914,-0.17776701544544893
CLIP512_discarded_PC51plus_ridge,197,-0.22187148561131953,-0.2642295170916983,-0.2476058298671372
CLIP512_discarded_PC51plus_ridge,198,-0.05891730783644511,-0.12601736299511665,-0.2346294886997724
CLIP512_discarded_PC51plus_ridge,199,-0.025469554164699426,-0.08773738469886055,-0.0828152407846916
CLIP512_discarded_PC51plus_ridge,200,0.05917972091557322,0.2374525230602279,0.2768739146817431
CLIP512_discarded_PC51plus_ridge,201,-0.1302777314880419,-0.1294763971785133,-0.15242556715024486
CLIP512_discarded_PC51plus_ridge,202,-0.03631132382251723,-0.26209983722192076,-0.27058219058121336
CLIP512_discarded_PC51plus_ridge,203,-0.0684858197084488,-0.16406673901247965,-0.18630188376808984
CLIP512_discarded_PC51plus_ridge,204,-0.0038690442421738247,0.004584915897992404,0.11196807493340065
CLIP512_discarded_PC51plus_ridge,205,-0.014092314755614455,-0.010621269669017904,-0.017176382281352653
CLIP512_discarded_PC51plus_ridge,206,-0.03671012217257674,-0.25298426478567554,-0.21924558811481062
CLIP512_discarded_PC51plus_ridge,207,-0.03794735697137086,-0.17194791101465004,-0.08892947538353703
CLIP512_discarded_PC51plus_ridge,208,-0.050684609814364734,-0.032474226804123714,-0.0038325181460971483
CLIP512_discarded_PC51plus_ridge,209,0.0071869970766927915,0.09985078676071624,0.08596076061507953
CLIP512_discarded_PC51plus_ridge,210,-0.021879825768236216,-0.21812262615301142,-0.21013926422820703
CLIP512_discarded_PC51plus_ridge,211,-0.00873403815556606,-0.04430276722734672,-0.02470725795583503
CLIP512_discarded_PC51plus_ridge,212,-0.02889894281977723,-0.24066739012479654,-0.16134181442227347
CLIP512_discarded_PC51plus_ridge,213,0.009821447867651378,0.053431904503526854,0.13263753404483436
CLIP512_discarded_PC51plus_ridge,214,-0.08091062788968117,-0.1405995659251221,-0.1704024743976859
CLIP512_discarded_PC51plus_ridge,215,-0.009563138766717216,-0.09304123711340208,-0.02818547877514204
CLIP512_discarded_PC51plus_ridge,216,-0.12783247028075873,-0.4023467173087357,-0.3597981159419723
CLIP512_discarded_PC51plus_ridge,217,-0.030081119226154973,-0.23861909929462832,-0.22242484040620947
CLIP512_discarded_PC51plus_ridge,218,-0.02152961926964947,-0.011190992946283234,0.03394120480534795
CLIP512_discarded_PC51plus_ridge,219,0.006754820378132131,0.11205914270211612,0.100592972890828
CLIP512_discarded_PC51plus_ridge,220,-0.016397195320737135,-0.1414134563212154,-0.14767728004569552
CLIP512_discarded_PC51plus_ridge,221,-0.006672863090565917,-0.09852143244709712,-0.10349389571619633
CLIP512_discarded_PC51plus_ridge,222,-0.006392604967278448,-0.216101465002713,-0.11525002223984923
CLIP512_discarded_PC51plus_ridge,223,-0.018320976302157677,-0.07386055344546935,-0.03683311437614734
CLIP512_discarded_PC51plus_ridge,224,-0.03766748277904752,-0.11960119370591428,-0.15327791750232556
CLIP512_discarded_PC51plus_ridge,225,-0.018462926474081875,-0.15789473684210528,-0.19800670900170747
CLIP512_discarded_PC51plus_ridge,226,-0.10777437931566158,-0.32367064568638093,-0.3094695753021023
CLIP512_discarded_PC51plus_ridge,227,-0.056294917090837115,-0.16865165491047204,-0.06403998785082761
CLIP512_discarded_PC51plus_ridge,228,-0.01334635400642914,-0.16284590341833965,-0.07085496789169203
CLIP512_discarded_PC51plus_ridge,229,-0.0588141361176151,-0.10419153553988063,-0.10837733578176278
CLIP512_discarded_PC51plus_ridge,230,-0.049419127626632475,-0.2678784590341834,-0.29739886149326866
CLIP512_discarded_PC51plus_ridge,231,-0.00803679171998195,-0.1110146500271297,-0.1020331861190161
CLIP512_discarded_PC51plus_ridge,232,-0.0070864115635247416,-0.07452523060227889,-0.11807916641674247
CLIP512_discarded_PC51plus_ridge,233,-0.039844485509956895,-0.02249050461204558,-0.037185698110596875
CLIP512_discarded_PC51plus_ridge,234,-0.0884093843498226,-0.13479381443298968,-0.10069692849685602
CLIP512_discarded_PC51plus_ridge,235,-0.1059670825380361,-0.2147314161692892,-0.1644266150248676
CLIP512_discarded_PC51plus_ridge,236,-0.03429385430734366,-0.14797883884970156,-0.1945536389128349
CLIP512_discarded_PC51plus_ridge,237,-0.041634357505804465,-0.0946961475854585,-0.03986619934383167
CLIP512_discarded_PC51plus_ridge,238,-0.038003618651694326,-0.012845903418339664,0.03796607107911396
CLIP512_discarded_PC51plus_ridge,239,-0.03899007175610425,-0.24494031470428648,-0.24289636526892175
CLIP512_discarded_PC51plus_ridge,240,-0.036290882649036016,-0.190124796527401,-0.11725675331098366
CLIP512_discarded_PC51plus_ridge,241,-0.06561526325634182,-0.11821758003255561,-0.12596378456199303
CLIP512_discarded_PC51plus_ridge,242,-0.023196278561053107,-0.03971785132935431,0.00996607808053196
CLIP512_discarded_PC51plus_ridge,243,-0.013515518556802553,-0.12767227346717308,-0.14861764580134967
CLIP512_discarded_PC51plus_ridge,244,-0.03646730519432695,-0.0073657080846446015,-0.012854300690302863
CLIP512_discarded_PC51plus_ridge,245,-0.027046438403854234,-0.13084644601193707,-0.2079283989632278
CLIP512_discarded_PC51plus_ridge,246,-0.05097075415328134,-0.23163320672816062,-0.3002907625395534
CLIP512_discarded_PC51plus_ridge,247,-0.012549894687598817,-0.19399077590884428,-0.14101239111885358
CLIP512_discarded_PC51plus_ridge,248,0.02319429575798304,0.19024688008681498,0.18278760060715535
CLIP512_discarded_PC51plus_ridge,249,-0.060849262622167055,-0.17905588714053175,-0.14415180253489568
CLIP512_discarded_PC51plus_ridge,250,-0.012944776054670148,-0.08870048833423765,-0.04760586562149408
CLIP512_discarded_PC51plus_ridge,251,-0.00946255513835581,-0.09319045035268583,-0.11816890911172362
CLIP512_discarded_PC51plus_ridge,252,0.0219037451307057,0.0004883342376559957,0.16057662093121045
CLIP512_discarded_PC51plus_ridge,253,0.03258135944599927,0.19357026587086273,0.1979966773510027
CLIP512_discarded_PC51plus_ridge,254,0.002250427759377227,-0.024186109603906675,0.05114964546757204
CLIP512_discarded_PC51plus_ridge,255,-0.0010924045692237705,0.004584915897992404,-0.005303805554747354
CLIP512_discarded_PC51plus_ridge,256,-0.010014143895933136,-0.027346717308735755,-0.039628453834178706
CLIP512_discarded_PC51plus_ridge,257,-0.008630099694994176,-0.03469886055344547,-0.005225892608478749
CLIP512_discarded_PC51plus_ridge,258,-0.03443704329896802,-0.29690721649484536,-0.26821193636292623
CLIP512_discarded_PC51plus_ridge,259,-0.03403155799850466,-0.16370048833423767,-0.20637688541596388
CLIP512_discarded_PC51plus_ridge,260,-0.05215272605494303,-0.12985621269669018,-0.17410013922328738
CLIP512_discarded_PC51plus_ridge,261,-0.012032925552294627,-0.1265735214324471,-0.1527420466923535
CLIP512_discarded_PC51plus_ridge,262,-0.014882733786531821,-0.12570537167661422,-0.08115865365747364
CLIP512_discarded_PC51plus_ridge,263,-0.016366370323921853,-0.03837493217580032,-0.015620200178822766
CLIP512_discarded_PC51plus_ridge,264,-0.05034006538350888,-0.11275094953879543,-0.10131960816723744
CLIP512_discarded_PC51plus_ridge,265,-0.058192942474477816,0.04796527400976669,-0.0324092655371296
CLIP512_discarded_PC51plus_ridge,266,-0.04750228812593349,-0.10779978296256103,-0.1140502373280469
CLIP512_discarded_PC51plus_ridge,267,-0.04543569148110915,-0.1408437330439501,-0.16978240319795607
CLIP512_discarded_PC51plus_ridge,268,-0.009660768151176002,-0.11140803038524144,-0.12000805983936
CLIP512_discarded_PC51plus_ridge,269,-0.005926104684649713,-0.07091698317959848,-0.08505791510906756
CLIP512_discarded_PC51plus_ridge,270,-0.014614767621456304,-0.17498643516006512,-0.16838061455804434
CLIP512_discarded_PC51plus_ridge,271,-0.12350892879121989,-0.11193705914270212,-0.07600344449390231
CLIP512_discarded_PC51plus_ridge,272,-0.016005629875187166,0.017471513836136734,0.0007889035484386284
CLIP512_discarded_PC51plus_ridge,273,-0.08230356732624644,-0.3033098209441128,-0.21131909596611753
CLIP512_discarded_PC51plus_ridge,274,-0.0605799922474608,0.006687466087900162,-0.06310063602869792
CLIP512_discarded_PC51plus_ridge,275,-0.02379583021813514,-0.12870320130222462,-0.1606984713169651
CLIP512_discarded_PC51plus_ridge,276,-0.015197996979229078,-0.03423765599565925,-0.05942376322078701
CLIP512_discarded_PC51plus_ridge,277,-0.02282395313812846,-0.17835051546391756,-0.1806473636167539
CLIP512_discarded_PC51plus_ridge,278,-0.030434239960882348,-0.25339120998372217,-0.23743686694910676
CLIP512_discarded_PC51plus_ridge,279,-0.0020634592562365217,-0.06938415626695604,-0.03858254516966686
CLIP512_discarded_PC51plus_ridge,280,-0.060443760627049814,-0.08753391209983721,-0.12627257831587127
CLIP512_discarded_PC51plus_ridge,281,-0.05992431898224715,-0.25260444926749864,-0.14768814196242253
CLIP512_discarded_PC51plus_ridge,282,-0.04065968517955887,-0.15260444926749864,-0.14275373986257955
CLIP512_discarded_PC51plus_ridge,283,-0.01327740533142907,-0.07555615843733043,-0.14311549649600183
CLIP512_discarded_PC51plus_ridge,284,-0.029116356490271667,-0.225244167118828,-0.17051518473966193
CLIP512_discarded_PC51plus_ridge,285,-0.10036471220642684,-0.25531741725447643,-0.2137543611334326
CLIP512_discarded_PC51plus_ridge,286,-0.08024957555954493,-0.21854313619099297,-0.21078908668107627
CLIP512_discarded_PC51plus_ridge,287,-0.046032348606250606,-0.06363266413456321,-0.07995343859715676
CLIP512_discarded_PC51plus_ridge,288,-0.02124574231234244,-0.06271025501899077,-0.012960327681245762
CLIP512_discarded_PC51plus_ridge,289,0.0037289014555824673,-0.002048290830168204,0.0795636744604372
CLIP512_discarded_PC51plus_ridge,290,0.014726129637493646,0.14877916440586,0.12323772601502285
CLIP512_discarded_PC51plus_ridge,291,-0.0485119571041015,-0.06052631578947368,0.014812370789653952
CLIP512_discarded_PC51plus_ridge,292,-0.08412976398428484,-0.11720021703743896,-0.1610296757476845
CLIP512_discarded_PC51plus_ridge,293,-0.03933840803235955,-0.149267498643516,-0.10928842188250275
CLIP512_discarded_PC51plus_ridge,294,-0.04131121681217054,-0.18859196961475858,-0.16591114628157205
CLIP512_discarded_PC51plus_ridge,295,0.04024419095761633,0.20081389039609335,0.25576020503180796
CLIP512_discarded_PC51plus_ridge,296,-0.08754184052001768,-0.23001899077590882,-0.1688726511961141
CLIP512_discarded_PC51plus_ridge,297,-0.020320456948931254,-0.11616928920238742,-0.1849519456083986
CLIP512_discarded_PC51plus_ridge,298,-0.04463231090766695,-0.09865708084644602,-0.1104059623987212
CLIP512_discarded_PC51plus_ridge,299,-0.027434739694002674,-0.06342919153553989,-0.03933888180522484
CLIP512_discarded_PC51plus_ridge,300,-0.05779538627213143,-0.10006782419967444,-0.08949620410516294
CLIP512_discarded_PC51plus_ridge,301,-0.02964877323461601,-0.11771568095496475,0.02881042556353143
CLIP512_discarded_PC51plus_ridge,302,-0.08655358185012241,-0.2282691264243082,-0.21788353987677192
CLIP512_discarded_PC51plus_ridge,303,-0.08897058372295774,-0.08307107976125881,-0.08329328933609584
CLIP512_discarded_PC51plus_ridge,304,-0.0769060038749807,-0.148412913727618,-0.10714553959904119
CLIP512_discarded_PC51plus_ridge,305,-0.027177813549262186,-0.20877645143787302,-0.2189481310516841
CLIP512_discarded_PC51plus_ridge,306,-0.0005548223280447129,-0.012723819858925664,-0.005527437355960549
CLIP512_discarded_PC51plus_ridge,307,-0.004625228177548513,-0.05926478567552902,-0.04258490433128791
CLIP512_discarded_PC51plus_ridge,308,-0.18695681522416208,-0.1511937059142702,-0.1406581550400872
CLIP512_discarded_PC51plus_ridge,309,-0.05050132161518861,-0.1200488334237656,-0.1024677674885355
CLIP512_discarded_PC51plus_ridge,310,-0.11012463485031643,-0.24464188822571895,-0.2587285269388605
CLIP512_discarded_PC51plus_ridge,311,-0.017692488667997885,-0.12820130222463377,-0.1320276729292706
CLIP512_discarded_PC51plus_ridge,312,-0.057673361217148056,-0.11157080846446013,-0.08613029426690234
CLIP512_discarded_PC51plus_ridge,313,-0.0748407769054591,-0.02687194791101465,-0.055102170020160254
CLIP512_discarded_PC51plus_ridge,314,-0.0429229402995841,0.023643516006511125,0.009903075436325836
CLIP512_discarded_PC51plus_ridge,315,-0.07102489085152475,-0.1259902333152469,-0.13386677226857083
CLIP512_discarded_PC51plus_ridge,316,-0.036329830486995895,-0.20374389582202931,-0.23016466483006814
CLIP512_discarded_PC51plus_ridge,317,-0.026922423398279216,-0.1181226261530114,0.037736651078427795
CLIP512_discarded_PC51plus_ridge,318,-0.010062127472577842,-0.12532555615843732,-0.11608270487041904
CLIP512_discarded_PC51plus_ridge,319,-0.044493612958493634,-0.10937330439500814,-0.12967112556611188
CLIP512_discarded_PC51plus_ridge,320,-0.01319327929020142,-0.02396907216494845,-0.1136930395137179
CLIP512_discarded_PC51plus_ridge,321,-0.027427999071577558,-0.18294899620184482,-0.18162389734094553
CLIP512_discarded_PC51plus_ridge,322,-0.04490646617826499,-0.2337900162778079,-0.23217038388134892
CLIP512_discarded_PC51plus_ridge,323,-0.011607099227360917,-0.09260716223548562,-0.1543398274438159
CLIP512_discarded_PC51plus_ridge,324,-0.031594883898655945,-0.20282148670645686,-0.1563304029903816
CLIP512_discarded_PC51plus_ridge,325,-0.06464796266782069,-0.11611502984264786,0.010010682154067252
CLIP512_discarded_PC51plus_ridge,326,-0.0069487585427130405,0.05415084102007597,0.07030455591203692
CLIP512_discarded_PC51plus_ridge,327,-0.193513970744579,-0.17225990233315247,-0.13495277532636568
CLIP512_discarded_PC51plus_ridge,328,-0.06649676547669503,-0.06838035811177427,-0.006863923762399027
CLIP512_discarded_PC51plus_ridge,329,-0.03731209977701999,-0.19119641888225722,-0.25042263596501113
CLIP512_discarded_PC51plus_ridge,330,-0.03286276642782959,0.0664134563212154,0.03652824510885261
CLIP512_discarded_PC51plus_ridge,331,-0.011388622173463814,-0.0415491047205643,-0.039694017805998516
CLIP512_discarded_PC51plus_ridge,332,-0.12394153575018652,-0.14536082474226802,-0.16838024904259538
CLIP512_discarded_PC51plus_ridge,333,-0.04093161948110868,-0.2564975583288117,-0.2673216936343501
CLIP512_discarded_PC51plus_ridge,334,-0.037643185345488606,-0.02641074335322843,-0.059196000113612285
CLIP512_discarded_PC51plus_ridge,335,-0.05874045969145558,-0.3009902333152469,-0.3180739325350847
CLIP512_discarded_PC51plus_ridge,336,-0.04272310337086194,-0.10137004883342376,-0.16360840515975456
CLIP512_discarded_PC51plus_ridge,337,-0.05760175350865526,-0.26620998372219207,-0.31831723145742574
CLIP512_discarded_PC51plus_ridge,338,-0.05399046020269371,0.05031199131850244,-0.03759648492807429
CLIP512_discarded_PC51plus_ridge,339,-0.19733605642763608,-0.21102821486706458,-0.1247128699925942
CLIP512_discarded_PC51plus_ridge,340,-0.045923119736220874,-0.17312805208898538,-0.14210687438249814
CLIP512_discarded_PC51plus_ridge,341,-0.0212692630763609,-0.11577590884427563,-0.18549770680676345
CLIP512_discarded_PC51plus_ridge,342,-0.018755497139763877,-0.1515599565925122,-0.18078026000749373
CLIP512_discarded_PC51plus_ridge,343,-0.016190168024130314,-0.18476668475311991,-0.17598161572964785
CLIP512_discarded_PC51plus_ridge,344,-0.009905670451010096,-0.05112588171459577,0.034630882372503294
CLIP512_discarded_PC51plus_ridge,345,-0.019313067257964667,-0.0838171459576777,-0.17903812568272678
CLIP512_discarded_PC51plus_ridge,346,-0.014661158329007273,-0.18193163320672817,-0.1894965673795727
CLIP512_discarded_PC51plus_ridge,347,-0.03260324501951817,-0.04229517091698318,-0.02330773247457239
CLIP512_discarded_PC51plus_ridge,348,-0.00843545420390246,-0.04002984264785676,0.01809606052227588
CLIP512_discarded_PC51plus_ridge,349,0.009551104238191499,0.008898534997287032,0.102783549212647
CLIP512_discarded_PC51plus_ridge,350,-0.08767818907221447,-0.022504069451980465,0.009190090502821095
CLIP512_discarded_PC51plus_ridge,351,-0.02919840328881218,-0.15911557243624525,-0.025265192388088095
CLIP512_discarded_PC51plus_ridge,352,-0.010781241551224507,-0.047544763971785135,-0.04759829710006103
CLIP512_discarded_PC51plus_ridge,353,-0.04789922439982797,-0.26298155181768856,-0.2868972183105102
CLIP512_discarded_PC51plus_ridge,354,-0.07381346188080484,-0.1533912099837222,-0.1301780177804864
CLIP512_discarded_PC51plus_ridge,355,-0.08549761411926582,-0.12613944655453066,-0.1161727510302723
CLIP512_discarded_PC51plus_ridge,356,-0.056207930638537684,-0.16428377645143788,-0.17014451233802913
CLIP512_discarded_PC51plus_ridge,357,-0.11515507989177975,-0.1328269126424308,-0.08788153397784801
CLIP512_discarded_PC51plus_ridge,358,-0.03486943610677162,-0.24352957135105804,-0.23591548766860387
CLIP512_discarded_PC51plus_ridge,359,-0.16783989103084562,0.00451709169831796,0.004942727784325959
CLIP512_discarded_PC51plus_ridge,360,-0.19567609025596244,-0.3166711882799783,-0.27618277453138085
CLIP512_discarded_PC51plus_ridge,361,-0.04379678961667621,-0.22487791644058602,-0.20625793024303105
CLIP512_discarded_PC51plus_ridge,362,-0.01885264912841511,-0.11140803038524144,-0.17580366033092665
CLIP512_discarded_PC51plus_ridge,363,-0.0022104522563934914,0.02687194791101465,-0.0168968797289228
CLIP512_discarded_PC51plus_ridge,364,-0.0849276186330088,-0.17223277265328268,-0.15678037724222327
CLIP512_discarded_PC51plus_ridge,365,-0.006961925229618471,-0.1473548562126967,-0.05304240104169301
CLIP512_discarded_PC51plus_ridge,366,-0.031178161170714924,-0.13927021161150296,-0.03002558272212338
CLIP512_discarded_PC51plus_ridge,367,-0.12117181912554842,-0.24282419967444382,-0.19369141996347483
CLIP512_discarded_PC51plus_ridge,368,-0.09046235308268624,-0.21104177970699944,-0.13364613237832945
CLIP512_discarded_PC51plus_ridge,369,0.0031700573558444134,0.04401790558871405,0.11712192534952529
CLIP512_discarded_PC51plus_ridge,370,-0.0038849820591293494,-0.058152468800868155,-0.09245720813771341
CLIP512_discarded_PC51plus_ridge,371,-0.032685635897855336,-0.10885784047748236,-0.13679428554685746
CLIP512_discarded_PC51plus_ridge,372,-0.02118742887318059,-0.162561041779707,-0.1392844618453889
CLIP512_discarded_PC51plus_ridge,373,-0.044301925689103516,-0.13241996744438417,-0.09699983566995428
CLIP512_discarded_PC51plus_ridge,374,-0.06256784905062251,-0.2521296798697775,-0.1963705991945921
CLIP512_discarded_PC51plus_ridge,375,-0.027302511925946016,-0.059319045035268594,-0.11776229108311205
CLIP512_discarded_PC51plus_ridge,376,-0.02483631283444776,-0.08332881172002171,-0.04913883302980408
CLIP512_discarded_PC51plus_ridge,377,-0.019041565061090004,-0.04340748779164406,-0.06619470985691964
CLIP512_discarded_PC51plus_ridge,378,-0.02802497797383907,-0.12672273467173087,-0.09725722548689056
CLIP512_discarded_PC51plus_ridge,379,-0.03878021542158128,-0.06380900705371677,-0.0605786857514813
CLIP512_discarded_PC51plus_ridge,380,-0.016565549377108635,-0.0960119370591427,-0.16902898430233237
CLIP512_discarded_PC51plus_ridge,381,-0.022490880713984307,-0.1779164405860011,-0.20936251590371116
CLIP512_discarded_PC51plus_ridge,382,-0.05131638593050947,-0.15184481823114485,-0.08085901414495955
CLIP512_discarded_PC51plus_ridge,383,-0.0174834861910802,-0.1533912099837222,-0.15127430160944422
CLIP512_discarded_PC51plus_ridge,384,-0.05053953968034386,-0.09087086272381986,-0.1884108670019105
CLIP512_discarded_PC51plus_ridge,385,-0.04562504848276583,-0.1889989148128052,-0.12187710881262881
CLIP512_discarded_PC51plus_ridge,386,-0.021029502404870115,-0.21150298426478567,-0.11855115366437458
CLIP512_discarded_PC51plus_ridge,387,-0.044709960695488826,-0.2604042322300597,-0.1747339869649162
CLIP512_discarded_PC51plus_ridge,388,-0.022113207905922527,-0.16440586001085186,-0.087066663920674
CLIP512_discarded_PC51plus_ridge,389,-0.012089532647977963,-0.07082202930005425,-0.0722211543760894
CLIP512_discarded_PC51plus_ridge,390,-0.01813050600735111,-0.09488605534454693,-0.08732260372943126
CLIP512_discarded_PC51plus_ridge,391,-0.053112821232497165,-0.2814026044492675,-0.2760622250988932
CLIP512_discarded_PC51plus_ridge,392,-0.036325360531103135,-0.12063212154096582,-0.11250199806063216
CLIP512_discarded_PC51plus_ridge,393,0.0247308201795019,0.05685024416711883,0.16997484219245224
CLIP512_discarded_PC51plus_ridge,394,-0.11441389265063617,-0.19051817688551276,-0.06554168889073997
CLIP512_discarded_PC51plus_ridge,395,-0.03277510881028234,-0.12991047205642972,-0.14433132700915957
CLIP512_discarded_PC51plus_ridge,396,-0.01602945874039663,-0.013578404774823657,-0.026045129384775385
CLIP512_discarded_PC51plus_ridge,397,-0.04172114907812863,-0.11207270754205101,-0.15677767885200916
CLIP512_discarded_PC51plus_ridge,398,-0.02045465361765708,-0.19755832881172,-0.14526317822696966
CLIP512_discarded_PC51plus_ridge,399,-0.05030866916806209,-0.17246337493217584,-0.21163834155547587
CLIP512_discarded_PC51plus_ridge,400,-0.0510195181426818,-0.09571351058057515,-0.06312614942781115
CLIP512_discarded_PC51plus_ridge,401,-0.0034207247463806656,0.01365979381443299,-0.05313895687208291
CLIP512_discarded_PC51plus_ridge,402,-0.029891359101404058,-0.1628865979381443,-0.049166298058589554
CLIP512_discarded_PC51plus_ridge,403,-0.015511270960491208,-0.17504069451980467,-0.17472019746405415
CLIP512_discarded_PC51plus_ridge,404,-0.14692421766640584,0.03581117742810635,-0.08034440090009981
CLIP512_discarded_PC51plus_ridge,405,-0.047711757949470135,-0.07906945198046664,-0.01549383103826579
CLIP512_discarded_PC51plus_ridge,406,-0.033927360864432154,-0.17637004883342378,-0.1693693598475211
CLIP512_discarded_PC51plus_ridge,407,-0.13307792774698668,-0.35305208898535,-0.30155732044823075
CLIP512_discarded_PC51plus_ridge,408,-0.02882819767680922,-0.24343461747151385,-0.21533633418854148
CLIP512_discarded_PC51plus_ridge,409,-0.08368783577428407,-0.08560770482908303,-0.12773717869435422
CLIP512_discarded_PC51plus_ridge,410,-0.10838694989990372,-0.1755154639175258,-0.10738129559068585
CLIP512_discarded_PC51plus_ridge,411,-0.07843885883517632,-0.020401519262072707,-0.056598480829178975
CLIP512_discarded_PC51plus_ridge,412,-0.011616096235872453,-0.18570265870862726,-0.1480119365241349
CLIP512_discarded_PC51plus_ridge,413,-0.008441444678280341,-0.013035811177428105,-0.0892168162531917
CLIP512_discarded_PC51plus_ridge,414,-0.044603411370778945,-0.26096039066739013,-0.26691950129348097
CLIP512_discarded_PC51plus_ridge,415,-0.0024363122567174766,-0.07931361909929463,-0.013549952760264952
CLIP512_discarded_PC51plus_ridge,416,0.021034308145733926,0.011285946825827457,0.14805082683146475
CLIP512_discarded_PC51plus_ridge,417,-0.0050775111746264034,-0.12117471513836137,-0.09932297619725557
CLIP512_discarded_PC51plus_ridge,418,-0.00892831832630514,-0.08326098752034725,-0.025400081223270643
CLIP512_discarded_PC51plus_ridge,419,-0.05970731186522893,-0.11969614758545848,-0.07382893207554567
CLIP512_discarded_PC51plus_ridge,420,0.012958014309554788,0.0792186652197504,0.12096989168754207
CLIP512_discarded_PC51plus_ridge,421,-0.02779118309739581,-0.0533776451437873,-0.0971617615161254
CLIP512_discarded_PC51plus_ridge,422,-0.008912086085308024,-0.13677428106348344,-0.08774971861582419
CLIP512_discarded_PC51plus_ridge,423,-0.0068129060154698,-0.08399348887683125,-0.05629463218399704
CLIP512_discarded_PC51plus_ridge,424,0.003164007182555828,-0.06694248507867606,0.0990625075180118
CLIP512_discarded_PC51plus_ridge,425,-0.13232367540211842,-0.008206728160607704,-0.0744739649722031
CLIP512_discarded_PC51plus_ridge,426,-0.05241741787893006,-0.2549511665762344,-0.3076300948949719
CLIP512_discarded_PC51plus_ridge,427,-0.04536756595666014,-0.1885512750949539,-0.28969119743557087
CLIP512_discarded_PC51plus_ridge,428,-0.0194383076461373,-0.009291915355398805,-0.009058104575163865
CLIP512_discarded_PC51plus_ridge,429,-0.016805936780625252,-0.05233315246880086,-0.026127085757510674
CLIP512_discarded_PC51plus_ridge,430,-0.021551183932333684,-0.04546934346174715,0.027063023508296265
CLIP512_discarded_PC51plus_ridge,431,-0.06586495011368254,-0.09724633749321758,-0.099189846670005
CLIP512_discarded_PC51plus_ridge,432,-0.013127265160650436,0.0200488334237656,0.0015564627459065446
CLIP512_discarded_PC51plus_ridge,433,-0.038976127835927965,-0.09320401519262074,-0.16608531721709716
CLIP512_discarded_PC51plus_ridge,434,-0.07799114771545645,-0.2548155181768855,-0.17323409030118733
CLIP512_discarded_PC51plus_ridge,435,-0.011294697303221746,0.0030792186652197503,0.01054237133826895
CLIP512_discarded_PC51plus_ridge,436,-0.06247647310319193,-0.10880358111774281,-0.09910341377319967
CLIP512_discarded_PC51plus_ridge,437,-0.0220272190127202,-0.06539609332609875,-0.056953462717066944
CLIP512_discarded_PC51plus_ridge,438,-0.06732580986695047,-0.1981551817688551,-0.1959815462697482
CLIP512_discarded_PC51plus_ridge,439,-0.07924733365224879,-0.23680141074335323,-0.17947340239953924
CLIP512_discarded_PC51plus_ridge,440,-0.013903758081677209,-0.10850515463917526,-0.14663473644279612
CLIP512_discarded_PC51plus_ridge,441,-0.048504435873620855,-0.1346852957135106,-0.14174532838015932
CLIP512_discarded_PC51plus_ridge,442,-0.010119973019548922,-0.11033640803038525,-0.02569844563708514
CLIP512_discarded_PC51plus_ridge,443,-0.030507349130906247,-0.12978838849701574,-0.09175691106398842
CLIP512_discarded_PC51plus_ridge,444,-0.03950714930328614,-0.03771025501899078,-0.04225385420651767
CLIP512_discarded_PC51plus_ridge,445,-0.09863146652624821,-0.17897449810092242,-0.17088964050605698
CLIP512_discarded_PC51plus_ridge,446,0.017782626398536228,0.17441671188279978,0.1620107867378029
CLIP512_discarded_PC51plus_ridge,447,-0.024606624085208972,-0.16275094953879543,-0.1494485553703872
CLIP512_discarded_PC51plus_ridge,448,-0.04235720390536635,-0.14850786760716225,-0.13821550101950902
CLIP512_discarded_PC51plus_ridge,449,-0.031436959386345276,-0.15474769397721105,-0.10961053773085849
CLIP512_discarded_PC51plus_ridge,450,-0.00463048292883661,0.050406945198046664,0.07804357155467351
CLIP512_discarded_PC51plus_ridge,451,-0.07402438013500712,-0.1246201844818231,-0.06114702554015694
CLIP512_discarded_PC51plus_ridge,452,0.005965056549202763,0.03785946825827455,0.08817049715662525
CLIP512_discarded_PC51plus_ridge,453,-0.01923622299138028,-0.07215138361367335,0.001197858415455784
CLIP512_discarded_PC51plus_ridge,454,-0.04369573426588946,-0.24867064568638092,-0.2793100859638017
CLIP512_discarded_PC51plus_ridge,455,-0.07071654693485852,-0.16233043950081388,-0.14627978768072128
CLIP512_discarded_PC51plus_ridge,456,-0.033161974894647006,-0.08214867064568639,-0.0055880480098894625
CLIP512_discarded_PC51plus_ridge,457,-0.10993312341482908,-0.07818773738469886,-0.08609142448647777
CLIP512_discarded_PC51plus_ridge,458,-0.04578650662603678,-0.008749321758003257,-0.017707618594693726
CLIP512_discarded_PC51plus_ridge,459,-0.05897620389299618,-0.31702387411828536,-0.32644694469832075
CLIP512_discarded_PC51plus_ridge,460,-0.00940776630573592,-0.01842105263157895,-0.0037925462024210495
CLIP512_discarded_PC51plus_ridge,461,-0.02005271809739617,-0.21576234400434077,-0.19748892654427153
CLIP512_discarded_PC51plus_ridge,462,-0.0007433503743030645,-0.022368421052631583,0.017989308045283002
CLIP512_discarded_PC51plus_ridge,463,-0.013192545467297423,-0.1106212696690179,-0.13986658296167143
CLIP512_discarded_PC51plus_ridge,464,-0.04717025055023538,-0.10462561041779707,-0.08032179737985728
CLIP512_discarded_PC51plus_ridge,465,-0.09982588603218345,-0.20984807379272924,-0.19096354040079322
CLIP512_discarded_PC51plus_ridge,466,-0.005965203593693014,-0.027170374389582204,-0.09595929117803761
CLIP512_discarded_PC51plus_ridge,467,0.01260044403371896,0.1339527943570266,0.12484120023394255
CLIP512_discarded_PC51plus_ridge,468,-0.04480403336023597,-0.307555615843733,-0.2838239629259152
CLIP512_discarded_PC51plus_ridge,469,-0.02630486789703279,-0.16566739012479656,-0.14545853641766598
CLIP512_discarded_PC51plus_ridge,470,-0.048648878990296573,-0.08407487791644058,-0.06956197326752678
CLIP512_discarded_PC51plus_ridge,471,0.002906967102776492,0.12729245794899618,0.16050266344310918
CLIP512_discarded_PC51plus_ridge,472,-0.00031066053502359914,-0.08678784590341834,0.05303056358809849
CLIP512_discarded_PC51plus_ridge,473,-0.01675879022475457,-0.011096039066739012,-0.09186999701641534
CLIP512_discarded_PC51plus_ridge,474,-0.009173803392147795,-0.0858790016277808,-0.04882337777704606
CLIP512_discarded_PC51plus_ridge,475,0.00636919796801283,0.01918068366793272,0.08015378037121204
CLIP512_discarded_PC51plus_ridge,476,-0.029857189330050993,-0.20963103635377103,-0.2318044665537793
CLIP512_discarded_PC51plus_ridge,477,-0.014317336364235267,-0.09960661964188823,-0.14211147144805003
CLIP512_discarded_PC51plus_ridge,478,-0.02181448867290947,-0.060417797069994575,-0.02167279685402433
CLIP512_discarded_PC51plus_ridge,479,-0.029693578033687773,-0.20320130222463376,-0.22600616896232015
CLIP512_discarded_PC51plus_ridge,480,-0.04346362762973066,-0.12383342376559957,-0.06418465475769387
CLIP512_discarded_PC51plus_ridge,481,-0.0831242448755487,-0.23606890938686922,-0.22414909050483278
CLIP512_discarded_PC51plus_ridge,482,-0.0406773305166368,-0.08996201844818232,-0.09698953373267369
CLIP512_discarded_PC51plus_ridge,483,-0.032619096248197144,-0.111462289744981,-0.09751175253621609
CLIP512_discarded_PC51plus_ridge,484,-0.023980106509612797,-0.17231416169289202,-0.20008000726357877
CLIP512_discarded_PC51plus_ridge,485,-0.01172195545639143,0.03440043407487792,0.004326653367777884
CLIP512_discarded_PC51plus_ridge,486,0.016764956662250863,0.08233857840477483,0.13170185597266762
CLIP512_discarded_PC51plus_ridge,487,-0.014024330671096541,-0.1361231687466088,-0.13557205216816776
CLIP512_discarded_PC51plus_ridge,488,-0.037211789106622595,-0.04704286489419425,-0.10116914685031755
CLIP512_discarded_PC51plus_ridge,489,-0.005000804152015315,-0.03095496473141617,0.07113711232249745
CLIP512_discarded_PC51plus_ridge,490,-0.02283783704856046,-0.19804666304937601,-0.19950080324755073
CLIP512_discarded_PC51plus_ridge,491,-0.10029607722700429,-0.23152468800868148,-0.2124077276612122
CLIP512_discarded_PC51plus_ridge,492,-0.07025703936856753,-0.13775094953879544,-0.19521701012253098
CLIP512_discarded_PC51plus_ridge,493,-0.014774022508882156,-0.11961475854584916,-0.14947144639667334
CLIP512_discarded_PC51plus_ridge,494,-0.01890427005109041,0.01957406402604449,-0.028319261056994074
CLIP512_discarded_PC51plus_ridge,495,-0.02651216530232192,-0.20467986977753663,-0.18778067633348083
CLIP512_discarded_PC51plus_ridge,496,0.002776755474371284,-0.012438958220292999,0.0543769252781696
CLIP512_discarded_PC51plus_ridge,497,-0.022760863866415404,-0.05269940314704286,-0.0008254508625695628
CLIP512_discarded_PC51plus_ridge,498,-0.039373544250466574,0.11040423223005968,0.027899482702528004
CLIP512_discarded_PC51plus_ridge,499,-0.022303913626086525,-0.043895822029300056,0.001586128758497507
CLIP512_discarded_PC51plus_ridge,500,-0.01039314025705873,-0.05537167661421595,-0.06275253859947409
CLIP512_discarded_PC51plus_ridge,501,-0.004941305942059548,-0.049972870320130224,0.009704279347296212
CLIP512_discarded_PC51plus_ridge,502,-0.03337037982345836,-0.21432447097124255,-0.07720640750665114
CLIP512_discarded_PC51plus_ridge,503,-0.0048748302099825835,0.05283505154639175,0.027432190777899143
CLIP512_discarded_PC51plus_ridge,504,-0.05159723760129853,-0.09617471513836139,-0.13267706303697457
CLIP512_discarded_PC51plus_ridge,505,-0.06035494806359609,-0.10035268583830712,-0.16340599057563251
CLIP512_discarded_PC51plus_ridge,506,-0.022412817752994307,-0.19401790558871407,-0.21522469943905703
CLIP512_discarded_PC51plus_ridge,507,-0.01223319867124606,0.035960390667390124,0.028840800382418832
CLIP512_discarded_PC51plus_ridge,508,-0.04364718358526187,0.06181497558328812,-0.030673915897390866
CLIP512_discarded_PC51plus_ridge,509,-0.029995389344657397,-0.16287303309820944,-0.19852074197773523
CLIP512_discarded_PC51plus_ridge,510,-0.06445735865367297,-0.24351600651112318,-0.331081664464978
CLIP512_discarded_PC51plus_ridge,511,-0.012174185701627094,-0.13228431904503526,-0.07181587440687529
CLIP512_discarded_PC51plus_ridge,512,0.012890774679562345,0.07236842105263158,0.13413333778713915
CLIP512_discarded_PC51plus_ridge,513,-0.004744025948999031,-0.022517634291915355,-0.06323421843991942
CLIP512_discarded_PC51plus_ridge,514,-0.05427222628197903,-0.09149484536082475,-0.06241366893333074
CLIP512_discarded_PC51plus_ridge,515,-0.02486068973303346,-0.12565111231687465,-0.20470726058163533
CLIP512_discarded_PC51plus_ridge,516,-0.014986903416261521,-0.1933667932718394,-0.1594973510023884
CLIP512_discarded_PC51plus_ridge,517,-0.11519655205812152,-0.23155181768855126,-0.22742606002903798
CLIP512_discarded_PC51plus_ridge,518,0.002400092851824076,0.016386326641345633,0.07702312124023651
CLIP512_discarded_PC51plus_ridge,519,-0.04143881922138948,-0.14002984264785676,-0.11916276618693519
CLIP512_discarded_PC51plus_ridge,520,-0.04301723490039988,-0.26477211068909384,-0.26707308459369483
CLIP512_discarded_PC51plus_ridge,521,-0.0186259888008391,-0.17470157352143245,-0.16179938242135627
CLIP512_discarded_PC51plus_ridge,522,-0.017353125081385867,-0.08567552902875747,-0.06913053384917524
CLIP512_discarded_PC51plus_ridge,523,-0.04189717951876548,-0.07495930548019533,-0.03818394639815077
CLIP512_discarded_PC51plus_ridge,524,-0.07221285615597028,-0.23208084644601193,-0.19321044992226738
CLIP512_discarded_PC51plus_ridge,525,-0.08573326473502796,-0.17707542051003797,-0.10151374197236816
CLIP512_discarded_PC51plus_ridge,526,-0.03849113762097267,-0.25697232772653283,-0.2590565647447333
CLIP512_discarded_PC51plus_ridge,527,-0.1356238118784434,-0.24131850244167122,-0.2566901826557829
CLIP512_discarded_PC51plus_ridge,528,-0.0816222254686878,-0.023521432447097125,-0.08466104365982605
CLIP512_discarded_PC51plus_ridge,529,-0.00018011408472884405,-0.001342919153553988,0.0766323282783426
CLIP512_discarded_PC51plus_ridge,530,-0.06111313491440362,-0.20077319587628864,-0.2591712032967828
CLIP512_discarded_PC51plus_ridge,531,-0.009044837525179483,-0.11696961475854585,-0.11689779868475518
CLIP512_discarded_PC51plus_ridge,532,-0.0268131922861663,-0.05610417797069994,-0.06635616860649188
CLIP512_discarded_PC51plus_ridge,533,-0.037994049022814336,-0.22505425935973955,-0.2623363253728904
CLIP512_discarded_PC51plus_ridge,534,-0.06618129600439904,-0.02839120998372219,-0.0030734507767838032
CLIP512_discarded_PC51plus_ridge,535,-0.0013179458006771227,-0.08125339120998373,0.02162367832303537
CLIP512_discarded_PC51plus_ridge,536,-0.07267536773188588,-0.3007867607162235,-0.2314373178062431
CLIP512_discarded_PC51plus_ridge,537,-0.0430600757509485,-0.1565382528486164,-0.07099359332804765
CLIP512_discarded_PC51plus_ridge,538,4.760447689700076e-05,-0.13421052631578947,0.08656003324430361
CLIP512_discarded_PC51plus_ridge,539,-0.0473783548994311,-0.36951980466630496,-0.288597638503881
CLIP512_discarded_PC51plus_ridge,540,-0.026807943462648476,-0.12589527943570267,-0.10466512436663303
CLIP512_discarded_PC51plus_ridge,541,-0.09824326078492862,-0.05855941399891481,-0.09082292861715158
CLIP512_discarded_PC51plus_ridge,542,-0.06447863188534853,-0.025908844275637548,-0.10024318440619145
CLIP512_discarded_PC51plus_ridge,543,0.042040848851368384,0.17386055344546936,0.20699331986187955
CLIP512_discarded_PC51plus_ridge,544,-0.022937888333609324,-0.18905317417254475,-0.13651073717884207
CLIP512_discarded_PC51plus_ridge,545,-0.044379213595024725,-0.14894194248507867,-0.10420747265135984
CLIP512_discarded_PC51plus_ridge,546,-0.004567625636626271,-0.000352685838307108,0.024768540792853136
CLIP512_discarded_PC51plus_ridge,547,-0.031915091633010206,-0.18330168204015196,-0.23137051921839585
CLIP512_discarded_PC51plus_ridge,548,-0.019278433254974692,-0.05674172544763972,-0.021296691160347977
CLIP512_discarded_PC51plus_ridge,549,-0.019506147697357257,-0.07451166576234401,-0.13982507762546137
CLIP512_discarded_PC51plus_ridge,550,-0.021553977403223845,-0.015396093326098753,-0.055719102832137636
CLIP512_discarded_PC51plus_ridge,551,-0.028056335169010627,-0.10992946283233858,-0.046701807968092
CLIP512_discarded_PC51plus_ridge,552,-0.009962526405315364,-0.10865436787845903,-0.10061695556311814
CLIP512_discarded_PC51plus_ridge,553,-0.031134496905677933,-0.09593054801953338,-0.10362584978347254
CLIP512_discarded_PC51plus_ridge,554,-0.08364786930213208,-0.22962561041779708,-0.12602808958815892
CLIP512_discarded_PC51plus_ridge,555,-0.021408418524049955,-0.1612588171459577,-0.19343879119171176
CLIP512_discarded_PC51plus_ridge,556,-0.05094038522613764,-0.22447097124253934,-0.3004015067624868
CLIP512_discarded_PC51plus_ridge,557,-0.13328433682203245,-0.10478838849701573,-0.13853505385883233
CLIP512_discarded_PC51plus_ridge,558,-0.022136462718513217,-0.18988062940857298,-0.1997092138006002
CLIP512_discarded_PC51plus_ridge,559,-0.012435424908305848,-0.08483450895279435,-0.040453667105317836
CLIP512_discarded_PC51plus_ridge,560,-0.002367349204291491,-0.007867607162235484,-0.04439419538547008
CLIP512_discarded_PC51plus_ridge,561,-0.06091956813137034,-0.2989555073250135,-0.3259991910233334
CLIP512_discarded_PC51plus_ridge,562,-0.04357220189602695,-0.2412778079218665,-0.16922472469765304
CLIP512_discarded_PC51plus_ridge,563,-0.15366412595905343,-0.17114758545849157,-0.21124945244896004
CLIP512_discarded_PC51plus_ridge,564,-0.017208718053557392,-0.20432718393922955,-0.18098887950360185
CLIP512_discarded_PC51plus_ridge,565,-0.01098704243673776,-0.055602278893109064,-0.0007156284258388358
CLIP512_discarded_PC51plus_ridge,566,-0.03380401672585931,-0.20754205100379816,-0.11218504498474435
CLIP512_discarded_PC51plus_ridge,567,-0.05626510496555159,-0.1817552902875746,-0.1251600377866477
CLIP512_discarded_PC51plus_ridge,568,-0.026589293981814643,-0.2540016277807922,-0.1998672158427987
CLIP512_discarded_PC51plus_ridge,569,-0.11466595753300357,-0.022368421052631583,-0.011873069679794998
CLIP512_discarded_PC51plus_ridge,570,-0.0787566650715732,-0.2555480195333695,-0.201811768423567
CLIP512_discarded_PC51plus_ridge,571,-0.0569880720557443,-0.13385784047748236,0.0013492690127104526
CLIP512_discarded_PC51plus_ridge,572,-0.00467883561492477,-0.12520347259902334,-0.007458584957325863
CLIP512_discarded_PC51plus_ridge,573,-0.021207641199803007,-0.17580032555615843,-0.027126069809427476
CLIP512_discarded_PC51plus_ridge,574,-0.03170791988125443,-0.1031334780249593,-0.07025342834417833
CLIP512_discarded_PC51plus_ridge,575,0.0073316397238828435,-0.005303852414541508,0.0867983280234092
CLIP512_discarded_PC51plus_ridge,576,-0.042331764867526545,-0.1068909386869235,-0.15167362451808375
CLIP512_discarded_PC51plus_ridge,577,-0.012775515640163215,-0.16091969614758547,-0.13987291250905656
CLIP512_discarded_PC51plus_ridge,578,-0.04881150854805005,-0.09553716766142159,-0.12458515506966814
CLIP512_discarded_PC51plus_ridge,579,-0.040822479175720794,-0.22635648399348887,-0.26234964161878677
CLIP512_discarded_PC51plus_ridge,580,-0.06949192767745394,-0.11192349430276723,-0.043619292898922316
CLIP512_discarded_PC51plus_ridge,581,0.023211947798499444,0.08317959848073792,0.15458179579012202
CLIP512_discarded_PC51plus_ridge,582,-0.027951201095663736,0.006809549647314161,-0.04779468451434635
CLIP512_discarded_PC51plus_ridge,583,0.008321482228704213,0.11440586001085187,0.10668778673218113
CLIP512_discarded_PC51plus_ridge,584,-0.026208535608324812,-0.25107162235485625,-0.2068922547516604
CLIP512_discarded_PC51plus_ridge,585,-0.03895085773975171,-0.07962561041779706,-0.04428707120816741
CLIP512_discarded_PC51plus_ridge,586,0.01959334953105607,0.14274281063483452,0.1656839770634464
CLIP512_discarded_PC51plus_ridge,587,-0.02877455865684264,-0.0787574606619642,-0.14168499862871523
CLIP512_discarded_PC51plus_ridge,588,-0.03664768354044634,-0.25246880086814977,-0.18658677694337433
CLIP512_discarded_PC51plus_ridge,589,-0.037511064537308014,-0.19297341291372763,-0.2411305724144513
CLIP512_discarded_PC51plus_ridge,590,-0.012312793121179721,-0.052428106348345084,0.0007874868400844365
CLIP512_discarded_PC51plus_ridge,591,-0.05485817811416327,-0.19768041237113404,-0.2058190936207527
CLIP512_discarded_PC51plus_ridge,592,-0.02390745356983426,-0.17613944655453065,-0.21723312730193978
CLIP512_discarded_PC51plus_ridge,593,-0.04314380927577832,-0.15081389039609333,-0.13198925746892556
CLIP512_discarded_PC51plus_ridge,594,-0.06345699156518925,-0.08591969614758546,-0.08080863345971842
CLIP512_discarded_PC51plus_ridge,595,-0.06880106225139992,0.07369777536625068,0.013425107449375279
CLIP512_discarded_PC51plus_ridge,596,-0.023264500591650306,-0.04868421052631578,-0.06156267017922
CLIP512_discarded_PC51plus_ridge,597,-0.004501037343708658,0.0737927292457949,0.023238498902097258
CLIP512_discarded_PC51plus_ridge,598,0.0008341919136060083,0.10219750406945198,0.07553866418222566
CLIP512_discarded_PC51plus_ridge,599,-0.06745814311260045,-0.17852685838307109,-0.16247600417101776
CLIP512_discarded_PC51plus_ridge,600,-0.06337575379051663,-0.2849837221920781,-0.2009116505404463
CLIP512_discarded_PC51plus_ridge,601,-0.041084084773429064,-0.2326234400434075,-0.20124821157546774
CLIP512_discarded_PC51plus_ridge,602,-0.013922504924049006,-0.04477753662506783,0.023690706588006614
CLIP512_discarded_PC51plus_ridge,603,-0.07345600594284662,-0.12702116115029843,-0.06413731373362908
CLIP512_discarded_PC51plus_ridge,604,-0.02331835238129698,-0.0553174172544764,0.018977040982165905
CLIP512_discarded_PC51plus_ridge,605,-0.006450861120450568,0.05756918068366794,-0.03287920414336419
CLIP512_discarded_PC51plus_ridge,606,-0.017649315313583713,-0.1305751492132393,-0.1758917372547009
CLIP512_discarded_PC51plus_ridge,607,-0.01366648874844767,-0.1572436245252306,-0.1296322255914618
CLIP512_discarded_PC51plus_ridge,608,-0.06214819431470997,-0.27486435160065115,-0.3343312766265276
CLIP512_discarded_PC51plus_ridge,609,0.0031349699560464517,0.012113402061855672,0.056488352009174674
CLIP512_discarded_PC51plus_ridge,610,-0.02088229756883453,-0.10050189907759088,-0.04086770071590788
CLIP512_discarded_PC51plus_ridge,611,-0.0321243980452397,-0.1889989148128052,-0.05043658577052096
CLIP512_discarded_PC51plus_ridge,612,0.011542278171652431,-0.05767769940314704,0.10946053377740898
CLIP512_discarded_PC51plus_ridge,613,-0.00599852260355016,-0.16526044492674985,-0.0016456892537871845
CLIP512_discarded_PC51plus_ridge,614,-0.03615447140803707,-0.12251763429191535,-0.08668176189083815
CLIP512_discarded_PC51plus_ridge,615,-0.0066179219155932945,-0.016006511123168747,-0.007806661475385911
CLIP512_discarded_PC51plus_ridge,616,-0.05182702828108732,-0.07479652740097667,-0.1300098610443335
CLIP512_discarded_PC51plus_ridge,617,-0.025405825916778424,-0.18826641345632122,-0.21205312922753408
CLIP512_discarded_PC51plus_ridge,618,-0.02279650969318614,-0.2038388497015735,-0.1683759499538927
CLIP512_discarded_PC51plus_ridge,619,-0.019808324638752595,-0.09366521975040697,-0.029220945614874764
CLIP512_discarded_PC51plus_ridge,620,0.0038975353486373487,0.016142159522517633,0.06313635433716047
CLIP512_discarded_PC51plus_ridge,621,-0.00476470966829301,-0.020062398263700487,0.004440466034046048
CLIP512_discarded_PC51plus_ridge,622,-0.028900476370740114,-0.020415084102007597,-0.11410350813009244
CLIP512_discarded_PC51plus_ridge,623,-0.09290336408351596,-0.17673629951166575,-0.09557770481810074
CLIP512_discarded_PC51plus_ridge,624,-0.009727863367915868,-0.086828540423223,-0.06975624311204545
CLIP512_discarded_PC51plus_ridge,625,-0.010868633972458408,-0.09030113944655453,-0.04617976484054953
CLIP512_discarded_PC51plus_ridge,626,-0.03909112544848603,-0.19404503526858383,-0.10973843083854008
CLIP512_discarded_PC51plus_ridge,627,-0.025485254664116663,-0.04077590884427564,-0.05534988729773194
CLIP512_discarded_PC51plus_ridge,628,-0.2500942862248914,-0.21333423765599566,-0.2658208191972391
CLIP512_discarded_PC51plus_ridge,629,-0.043385423808193435,0.07912371134020618,0.02963928358900305
CLIP512_discarded_PC51plus_ridge,630,-0.00878024620360085,0.08922951709169832,0.07154896534109828
CLIP512_discarded_PC51plus_ridge,631,-0.06360669186412271,-0.23263700488334235,-0.19616599888137767
CLIP512_discarded_PC51plus_ridge,632,-0.044580241213097116,-0.22307379272924582,-0.24368222636447848
CLIP512_discarded_PC51plus_ridge,633,-0.0870014048640011,-0.23426478567552902,-0.15712771670038503
CLIP512_discarded_PC51plus_ridge,634,-0.023127481645497383,-0.189026044492675,-0.04345881767088486
CLIP512_discarded_PC51plus_ridge,635,-0.13129300135009414,-0.06711882799782962,-0.07984527826159724
CLIP512_discarded_PC51plus_ridge,636,-0.04737105480985315,-0.1932040151926207,-0.13270273509815841
CLIP512_discarded_PC51plus_ridge,637,-0.043020456419072595,-0.22040151926207271,-0.2752690663625172
CLIP512_discarded_PC51plus_ridge,638,-0.018584330125588133,-0.17486435160065114,-0.20360168843372603
CLIP512_discarded_PC51plus_ridge,639,-0.015688003351244983,-0.14812805208898536,-0.12659684287094455
CLIP512_discarded_PC51plus_ridge,640,-0.021945211223061145,-0.22384698860553445,-0.07699156069644573
CLIP512_discarded_PC51plus_ridge,641,-0.013142370274270787,-0.059820944112859466,-0.01174350601650695
CLIP512_discarded_PC51plus_ridge,642,-0.007150842861234796,-0.06058057514921324,0.00481439909177659
CLIP512_discarded_PC51plus_ridge,643,-0.051813233421806215,0.014907759088442754,0.0049307137528140955
CLIP512_discarded_PC51plus_ridge,644,-0.03332912556397116,-0.18814432989690721,-0.22009700453752523
CLIP512_discarded_PC51plus_ridge,645,-0.09791418231969073,-0.2740504612045578,-0.28443315109744216
CLIP512_discarded_PC51plus_ridge,646,-0.01683344055258096,-0.20059685295713509,-0.16862579213576553
CLIP512_discarded_PC51plus_ridge,647,-0.026492356120414895,-0.08179598480737928,-0.07449398365918138
CLIP512_discarded_PC51plus_ridge,648,0.0013720820052398608,0.049945740640260444,0.03757048490235451
CLIP512_discarded_PC51plus_ridge,649,-0.04802701896952111,-0.05126153011394466,-0.041530333647278934
CLIP512_discarded_PC51plus_ridge,650,-0.0034416942631927405,-0.01421595225176343,-0.0879494432610193
CLIP512_discarded_PC51plus_ridge,651,-0.008928384326564398,-0.09172544763971785,-0.07150492670844
CLIP512_discarded_PC51plus_ridge,652,0.0018659835132227576,0.005995659251220836,0.04866420561416711
CLIP512_discarded_PC51plus_ridge,653,-0.0532420185871485,-0.2693705914270212,-0.2605934807983186
CLIP512_discarded_PC51plus_ridge,654,-0.07038702859733736,-0.2653282691264243,-0.2504424049825486
CLIP512_discarded_PC51plus_ridge,655,-0.03165171347514284,-0.2073928377645144,-0.20366338601321604
CLIP512_discarded_PC51plus_ridge,656,-0.0318850638662338,-0.17775366250678246,-0.190682444003754
CLIP512_discarded_PC51plus_ridge,657,-0.04975164025590817,-0.186828540423223,-0.28041277116634156
CLIP512_discarded_PC51plus_ridge,658,-0.0638832841622754,-0.24629679869777538,-0.2589847861858733
CLIP512_discarded_PC51plus_ridge,659,-0.009066695620299381,-0.14785675529028758,0.022495246152300603
CLIP512_discarded_PC51plus_ridge,660,-0.03845639339314233,-0.16093326098752034,-0.10673542259045607
CLIP512_discarded_PC51plus_ridge,661,0.008638653295450993,0.04374660879001628,0.09793247148339855
CLIP512_discarded_PC51plus_ridge,662,-0.002253550895464196,-0.050623982637004884,0.04575511036731944
CLIP512_discarded_PC51plus_ridge,663,-0.17471043523544383,-0.12265328269126424,-0.09704087644572604
CLIP512_discarded_PC51plus_ridge,664,-0.023376630505753004,-0.17124253933803582,-0.13286582539888728
CLIP512_discarded_PC51plus_ridge,665,-0.05017760288194295,-0.23905317417254476,-0.28868048341891794
CLIP512_discarded_PC51plus_ridge,666,-0.005905827675245279,0.012140531741725446,0.031519912052881766
CLIP512_discarded_PC51plus_ridge,667,-0.04575545969117756,-0.17685838307107976,-0.16998684704483552
CLIP512_discarded_PC51plus_ridge,668,-0.2385591225028243,-0.31805480195333696,-0.25865803962377665
CLIP512_discarded_PC51plus_ridge,669,-0.026913239329877214,-0.24245794899620185,-0.22567916539763228
CLIP512_discarded_PC51plus_ridge,670,0.025136518967524002,0.0020075963103635378,0.16351288237483796
CLIP512_discarded_PC51plus_ridge,671,-0.04491625591901438,-0.13507867607162236,-0.0911846490229391
CLIP512_discarded_PC51plus_ridge,672,-0.05535639117126112,-0.21153011394465546,-0.14703172789394445
CLIP512_discarded_PC51plus_ridge,673,-0.015542709829777346,-0.16756646771568096,-0.13337637024982363
CLIP512_discarded_PC51plus_ridge,674,0.011682057713316651,0.07361638632664136,0.11527624440818474
CLIP512_discarded_PC51plus_ridge,675,-0.03584751960316379,-0.1621676614215952,-0.21799531595986077
CLIP512_discarded_PC51plus_ridge,676,-0.065582248981084,-0.2813890396093326,-0.22392973660034388
CLIP512_discarded_PC51plus_ridge,677,-0.00994438586375579,0.013714053174172545,0.03748220536089128
CLIP512_discarded_PC51plus_ridge,678,-0.006574805015470142,0.018909386869234945,0.09619384984116426
CLIP512_discarded_PC51plus_ridge,679,-0.06636218374618008,-0.3503255561584373,-0.32801382782636884
CLIP512_discarded_PC51plus_ridge,680,0.006500274650522164,-0.012140531741725446,0.09038469745828823
CLIP512_discarded_PC51plus_ridge,681,-0.017792852700379447,-0.04092512208355942,-0.08422792396185834
CLIP512_discarded_PC51plus_ridge,682,-0.02127645105915743,-0.01542322300596853,-0.07615693127916925
CLIP512_discarded_PC51plus_ridge,683,-0.06281348221429295,-0.21521975040694521,-0.17944861859670133
CLIP512_discarded_PC51plus_ridge,684,-0.029049494708529577,-0.30174986435160067,-0.18445717278145315
CLIP512_discarded_PC51plus_ridge,685,-0.0356816126590902,-0.033423765599565926,-0.05281930864498338
CLIP512_discarded_PC51plus_ridge,686,-0.04232808237280339,-0.08582474226804124,-0.035595269606268146
CLIP512_discarded_PC51plus_ridge,687,-0.044940135785934476,-0.21695604991861095,-0.13790856158225107
CLIP512_discarded_PC51plus_ridge,688,-0.026572553694783396,-0.05161421595225177,0.017583159790524952
CLIP512_discarded_PC51plus_ridge,689,-0.014330466768425199,-0.1780385241454151,-0.14995411332068032
CLIP512_discarded_PC51plus_ridge,690,-0.00884091428110323,-0.13724905046120456,-0.10894807230763409
CLIP512_discarded_PC51plus_ridge,691,-0.00665707494541512,-0.10499186109603906,-0.1368846915507512
CLIP512_discarded_PC51plus_ridge,692,-0.007743065482497036,-0.03978567552902876,-0.05615905333466441
CLIP512_discarded_PC51plus_ridge,693,-0.031043712826968717,-0.13689636462289745,-0.10724379970651127
CLIP512_discarded_PC51plus_ridge,694,0.021341146630548535,0.18781877373846992,0.1478880621590041
CLIP512_discarded_PC51plus_ridge,695,-0.060982964380310145,-0.03194519804666305,-0.041285740611705306
CLIP512_discarded_PC51plus_ridge,696,-0.06917027976463141,-0.30604991861096037,-0.2666370213033758
CLIP512_discarded_PC51plus_ridge,697,-0.020918172757555586,-0.0060363537710255025,-0.08558788313805553
CLIP512_discarded_PC51plus_ridge,698,-0.00336807656889504,-0.06532826912642431,-0.06799579146846366
CLIP512_discarded_PC51plus_ridge,699,-0.017299457742775415,-0.17273467173087353,-0.1787648091748953
CLIP512_discarded_PC51plus_ridge,700,-0.10489699111134132,-0.19873846988605534,-0.11624382747351741
CLIP512_discarded_PC51plus_ridge,701,-0.03426803390971411,-0.16588442756375477,-0.24438220010423395
CLIP512_discarded_PC51plus_ridge,702,-0.024314235773911452,-0.10770482908301682,-0.13011593824530893
CLIP512_discarded_PC51plus_ridge,703,-0.016267994790867712,-0.08252848616386327,-0.15529367057793633
CLIP512_discarded_PC51plus_ridge,704,-0.04356182784582274,-0.1532555615843733,-0.12538109210206508
CLIP512_discarded_PC51plus_ridge,705,-0.0038768623069367347,-0.03572978838849702,-0.059085588917502305
CLIP512_discarded_PC51plus_ridge,706,-0.09747914630404297,-0.07065925122083559,-0.12082858811206221
CLIP512_discarded_PC51plus_ridge,707,0.001974071926213461,0.03536353771025502,0.09182806882443824
CLIP512_discarded_PC51plus_ridge,708,-0.10031230643614042,-0.33931090613130765,-0.21123398092154932
CLIP512_discarded_PC51plus_ridge,709,-0.01985497479534226,-0.015151926207270754,-0.005015917705903018
CLIP512_discarded_PC51plus_ridge,710,-0.04229868839597262,-0.20524959305480195,-0.259521152981793
CLIP512_discarded_PC51plus_ridge,711,0.02532370449063015,0.1184617471513836,0.1733989143304533
CLIP512_discarded_PC51plus_ridge,712,-0.014574251862338627,-0.17010309278350516,-0.12092580644386577
CLIP512_discarded_PC51plus_ridge,713,-0.026036132493275188,-0.21329354313619098,-0.21371765699586903
CLIP512_discarded_PC51plus_ridge,714,-0.013947733086686842,-0.17061855670103096,-0.1682015087762228
CLIP512_discarded_PC51plus_ridge,715,0.0029717885655459186,0.04801953336950624,0.0994119822114175
CLIP512_discarded_PC51plus_ridge,716,-0.007459758694021934,-0.00900705371676614,0.03050161850808308
CLIP512_discarded_PC51plus_ridge,717,-0.010211909265048114,-0.033884970157352146,-0.07004601454271871
CLIP512_discarded_PC51plus_ridge,718,-0.022853712706174978,-0.18726261530113944,-0.203764431259079
CLIP512_discarded_PC51plus_ridge,719,-0.06296816031871622,-0.07178513293543136,-0.21729283546877945
CLIP512_discarded_PC51plus_ridge,720,-0.03307078031218724,-0.25584644601193707,-0.21786103875994126
CLIP512_discarded_PC51plus_ridge,721,-0.0031410520685339893,-0.01783776451437873,0.0108020289362692
CLIP512_discarded_PC51plus_ridge,722,-0.04235425211329269,-0.3094275637547477,-0.2813181801604196
CLIP512_discarded_PC51plus_ridge,723,-0.023708911111070652,-0.09515735214324471,-0.19523266706006576
CLIP512_discarded_PC51plus_ridge,724,0.0039291955896078035,0.08292186652197504,0.09828276406073952
CLIP512_discarded_PC51plus_ridge,725,-0.0034693145429842698,-0.033640803038524146,-0.06130325432897611
CLIP512_discarded_PC51plus_ridge,726,-0.1446816021931745,-0.12356212696690178,-0.13902544045979556
CLIP512_discarded_PC51plus_ridge,727,-0.04898438474568079,-0.1287303309820944,-0.017587138488485737
CLIP512_discarded_PC51plus_ridge,728,-0.0061562520780942265,-0.02776722734671731,-0.08127199613887268
CLIP512_discarded_PC51plus_ridge,729,-0.0481275826590577,-0.1945604991861096,-0.12346462430416694
CLIP512_discarded_PC51plus_ridge,730,-0.04041333810915759,-0.26649484536082474,-0.23432020518522434
CLIP512_discarded_PC51plus_ridge,731,-0.018746759303763794,-0.14034183396635921,-0.13064877853897305
CLIP512_discarded_PC51plus_ridge,732,-0.009024099811706376,0.03941942485078676,0.06181810426295278
CLIP512_discarded_PC51plus_ridge,733,0.016129724831072,0.1608654367878459,0.1373686430566221
CLIP512_discarded_PC51plus_ridge,734,-0.007352175109250236,-0.0069045035268583835,0.0005022584080524306
CLIP512_discarded_PC51plus_ridge,735,-0.06394610965666758,-0.0846581660336408,-0.04195997387923859
CLIP512_discarded_PC51plus_ridge,736,-0.028311268147924062,-0.21456863809007057,-0.2323743908882846
CLIP512_discarded_PC51plus_ridge,737,-0.040507726713836734,-0.2600108518719479,-0.2087383836437162
CLIP512_discarded_PC51plus_ridge,738,-0.01261375803413567,-0.060661964188822574,0.0027318986813317653
CLIP512_discarded_PC51plus_ridge,739,-0.016932485464612457,0.013537710255018992,-0.06900577364532774
CLIP512_discarded_PC51plus_ridge,740,-0.03404794061897465,-0.1295849158979924,-0.1859899599550952
CLIP512_discarded_PC51plus_ridge,741,-0.002942228232010846,-0.034427563754747696,0.07276055357053678
CLIP512_discarded_PC51plus_ridge,742,-0.024485632005706526,-0.21747151383613675,-0.19703972410018383
CLIP512_discarded_PC51plus_ridge,743,-0.06417453601243905,-0.17974769397721108,-0.059982832067538114
CLIP512_discarded_PC51plus_ridge,744,0.005847108809822976,-0.045238741182854036,0.1109191931106483
CLIP512_discarded_PC51plus_ridge,745,-0.055794840412968005,-0.11923494302767226,-0.023647763537986248
CLIP512_discarded_PC51plus_ridge,746,-0.16343192448948218,-0.2986299511665762,-0.20692665449038639
CLIP512_discarded_PC51plus_ridge,747,-0.14124185851918347,-0.2445469343461747,-0.2087288942208848
CLIP512_discarded_PC51plus_ridge,748,-0.012062241186446832,-0.16810906131307654,-0.1382351959605569
CLIP512_discarded_PC51plus_ridge,749,-0.0481413270281168,-0.24171188279978298,-0.22519142052356522
CLIP512_discarded_PC51plus_ridge,750,-0.012001678615105371,-0.05150569723277265,-0.09492410994189658
CLIP512_discarded_PC51plus_ridge,751,0.01799294273612262,-0.042132392837764515,0.1491376400842082
CLIP512_discarded_PC51plus_ridge,752,-0.022947754725345382,-0.10514107433532284,-0.10366338644459938
CLIP512_discarded_PC51plus_ridge,753,-0.06953127479247967,-0.23418339663591972,-0.1829565707967304
CLIP512_discarded_PC51plus_ridge,754,-0.06662936655823404,-0.08174172544763973,-0.10012439013893744
CLIP512_discarded_PC51plus_ridge,755,-0.02949548264248647,-0.045143787303309826,-0.06435302960732692
CLIP512_discarded_PC51plus_ridge,756,-0.013792105561345913,-0.10959034183396635,-0.1445859245220245
CLIP512_discarded_PC51plus_ridge,757,-0.02073030964981748,-0.14232230059685297,-0.19630054623753318
CLIP512_discarded_PC51plus_ridge,758,-0.03717579535290394,-0.2022110689093869,-0.2546181040494858
CLIP512_discarded_PC51plus_ridge,759,-0.015512117111197155,-0.10394736842105264,-0.16024803273549362
CLIP512_discarded_PC51plus_ridge,760,-0.02730349939802834,-0.1258274552360282,-0.08863553580773238
CLIP512_discarded_PC51plus_ridge,761,-0.08436387028285464,-0.14985078676071623,-0.11740538103509787
CLIP512_discarded_PC51plus_ridge,762,-0.033227142903936135,0.005561584373304396,-0.04477741592234073
CLIP512_discarded_PC51plus_ridge,763,-0.008658811072812744,-0.09138632664134565,-0.07410343969542127
CLIP512_discarded_PC51plus_ridge,764,-0.04850149598868736,-0.0961475854584916,-0.061562590659591805
CLIP512_discarded_PC51plus_ridge,765,-0.017710176659790244,-0.12774009766684752,-0.11228367311532664
CLIP512_discarded_PC51plus_ridge,766,-0.0012811104050680644,-0.10935973955507326,0.007089415147199952
CLIP512_discarded_PC51plus_ridge,767,-0.05982863081740608,-0.33338307107976123,-0.07588982658722515
CLIP512_discarded_PC51plus_ridge,768,-0.04378672554346763,-0.19498100922409115,-0.09493971201546765
CLIP512_discarded_PC51plus_ridge,769,-0.0273070873073884,0.014039609332609875,-0.016178936600258244
CLIP512_discarded_PC51plus_ridge,770,-0.03291823247376757,-0.18533640803038523,-0.22768602448811492
CLIP512_discarded_PC51plus_ridge,771,0.01410759846984666,0.004123711340206186,0.12624307405821292
CLIP512_discarded_PC51plus_ridge,772,-0.020359404850134766,-0.05486977753662507,-0.08385078080904633
CLIP512_discarded_PC51plus_ridge,773,-0.01357284542249615,-0.1188279978296256,-0.0707604535195606
CLIP512_discarded_PC51plus_ridge,774,-0.012692900437455634,-0.08715409658166033,-0.09823227477861063
CLIP512_discarded_PC51plus_ridge,775,-0.019645583843064474,-0.16345632121540965,-0.13050279264951428
CLIP512_discarded_PC51plus_ridge,776,-0.018814135241672636,-0.1102685838307108,-0.06644899149894833
CLIP512_discarded_PC51plus_ridge,777,-0.04895398848510091,-0.2951980466630494,-0.2964061695765141
CLIP512_discarded_PC51plus_ridge,778,-0.030889581396957855,-0.23682854042322302,-0.2225675777640095
CLIP512_discarded_PC51plus_ridge,779,-0.022647542905615436,-0.11989962018448183,-0.0031054837782359124
CLIP512_discarded_PC51plus_ridge,780,-0.002708983895750139,0.0407080846446012,0.049881116076089214
CLIP512_discarded_PC51plus_ridge,781,-0.009117057074154777,-0.11612859468258273,-0.11100253101578313
CLIP512_discarded_PC51plus_ridge,782,-0.11093253640967582,-0.41043136190992946,-0.43894847619412714
CLIP512_discarded_PC51plus_ridge,783,-0.02824914761620767,-0.12498643516006512,-0.12273917993453787
CLIP512_discarded_PC51plus_ridge,784,-0.021392489412211946,-0.20137004883342377,-0.17824743013373082
CLIP512_discarded_PC51plus_ridge,785,-0.006566408419737879,-0.03613673358654368,-0.06185638940338465
CLIP512_discarded_PC51plus_ridge,786,0.025361931573956498,-0.020469343461747152,0.1601809581037012
CLIP512_discarded_PC51plus_ridge,787,0.010755393339834884,0.136096039066739,0.10466821981863865
CLIP512_discarded_PC51plus_ridge,788,-0.004515315980578416,-0.08098209441128594,-0.0714610367993755
CLIP512_discarded_PC51plus_ridge,789,-0.023398009451456758,-0.1013157894736842,-0.1921905589196096
CLIP512_discarded_PC51plus_ridge,790,-0.06895382901116287,-0.36616928920238745,-0.35594879490430276
CLIP512_discarded_PC51plus_ridge,791,-0.03348549044429072,-0.214026044492675,-0.23041593170772912
CLIP512_discarded_PC51plus_ridge,792,-0.04765674326223501,-0.19091155724362452,-0.19466846068366422
CLIP512_discarded_PC51plus_ridge,793,-0.010186895035067645,-0.08166033640803039,-0.03571243139642175
CLIP512_discarded_PC51plus_ridge,794,-0.018107649012393034,-0.09042322300596851,-0.10744320640652788
CLIP512_discarded_PC51plus_ridge,795,-0.28297255542267075,-0.1460119370591427,-0.21650544703961372
CLIP512_discarded_PC51plus_ridge,796,-0.0025595259814068516,0.05919696147585459,0.02227165427361693
CLIP512_discarded_PC51plus_ridge,797,-0.04260593579453986,-0.13048019533369506,-0.09066821747798028
CLIP512_discarded_PC51plus_ridge,798,-0.03391890118818952,-0.1951302224633749,-0.22664917120706746
CLIP512_discarded_PC51plus_ridge,799,-0.010099952347138341,0.06886869234943027,0.01206905192245701
CLIP512_discarded_PC51plus_ridge,800,-0.031074834906896998,-0.02630222463374932,-0.001811749294730186
CLIP512_discarded_PC51plus_ridge,801,-0.2004648948601977,-0.16852957135105806,-0.17549368459304346
CLIP512_discarded_PC51plus_ridge,802,-0.02048465836236324,0.05594139989148129,0.061424633924055165
CLIP512_discarded_PC51plus_ridge,803,-0.012776386009657692,-0.00430005425935974,0.009656943845605316
CLIP512_discarded_PC51plus_ridge,804,-0.053926360945697915,-0.1596717308735757,-0.17577537607506638
CLIP512_discarded_PC51plus_ridge,805,-0.021642725245843097,-0.08446825827455236,-0.16356259599325104
CLIP512_discarded_PC51plus_ridge,806,0.0023439907099773727,0.0277807921866522,0.05440706727239182
CLIP512_discarded_PC51plus_ridge,807,-0.09364889729940384,-0.1239148128052089,-0.12560238722410977
CLIP512_discarded_PC51plus_ridge,808,-0.005811832614657009,-0.039772110689093865,-0.06625216967761788
CLIP512_discarded_PC51plus_ridge,809,-0.01910985622993544,-0.12417254476397178,-0.11113712358866534
CLIP512_discarded_PC51plus_ridge,810,-0.026937448953707976,-0.15982094411285946,-0.18864407387376267
CLIP512_discarded_PC51plus_ridge,811,-0.015634846923888057,-0.174145415084102,-0.147190932123585
CLIP512_discarded_PC51plus_ridge,812,-0.013538521175714635,-0.16783776451437873,-0.12230555508106664
CLIP512_discarded_PC51plus_ridge,813,-0.014825495588952409,0.058410200759631034,0.044022099450736644
CLIP512_discarded_PC51plus_ridge,814,-0.02044942379022774,-0.01951980466630494,0.05131494896682483
CLIP512_discarded_PC51plus_ridge,815,-0.005367295803024641,-0.025352685838307108,-0.05407649712936106
CLIP512_discarded_PC51plus_ridge,816,-0.046636073317006144,-0.1517769940314704,-0.20564385817855477
CLIP512_discarded_PC51plus_ridge,817,-0.07704754010849402,-0.17295170916983182,-0.17484755800610632
CLIP512_discarded_PC51plus_ridge,818,-0.01779654638242012,-0.20486977753662508,-0.17957290317884805
CLIP512_discarded_PC51plus_ridge,819,-0.050275922290980324,-0.11433803581117744,-0.1012717642921872
CLIP512_discarded_PC51plus_ridge,820,-0.0035901218227787357,0.004001627780792187,-0.004090402188381621
CLIP512_discarded_PC51plus_ridge,821,-0.03336973799304177,-0.228784590341834,-0.2251630663285003
CLIP512_discarded_PC51plus_ridge,822,-0.09277459197564486,-0.1456592512208356,-0.12381285179328946
CLIP512_discarded_PC51plus_ridge,823,-0.04489341099799882,-0.2067688551275095,-0.17698088210913515
CLIP512_discarded_PC51plus_ridge,824,-0.09198346353962461,-0.16564026044492675,-0.017614676192344178
CLIP512_discarded_PC51plus_ridge,825,-0.029880614333831046,-0.09309549647314162,-0.10546275084520254
CLIP512_discarded_PC51plus_ridge,826,-0.015491944382889367,-0.22525773195876286,-0.18109784870543877
CLIP512_discarded_PC51plus_ridge,827,-0.046663892804796214,-0.22144601193705915,-0.2701182020775707
CLIP512_discarded_PC51plus_ridge,828,-0.03163903673431734,-0.1654503526858383,-0.22940531183106666
CLIP512_discarded_PC51plus_ridge,829,-0.05015909701261534,-0.24354313619099294,-0.22067754772266768
CLIP512_discarded_PC51plus_ridge,830,-0.0319945236464263,-0.06489419424850787,-0.021700867028639957
CLIP512_discarded_PC51plus_ridge,831,-0.036452708781947285,-0.012262615301139446,-0.013346399605658026
CLIP512_discarded_PC51plus_ridge,832,-0.012874452773104172,-0.07364351600651112,0.006489741124816248
CLIP512_discarded_PC51plus_ridge,833,-0.005845741551009143,-0.07599023331524687,0.03242686806970342
CLIP512_discarded_PC51plus_ridge,834,0.0033076328042116465,0.05170916983179599,0.06172010686265041
CLIP512_discarded_PC51plus_ridge,835,-0.025182941056567598,-0.24576776994031468,-0.23017993424387573
CLIP512_discarded_PC51plus_ridge,836,0.024514275832642873,0.2103771025501899,0.1604517448725137
CLIP512_discarded_PC51plus_ridge,837,-0.13045834809346846,-0.3524009766684753,-0.364301493684965
CLIP512_discarded_PC51plus_ridge,838,-0.048966738954156375,-0.26635919696147586,-0.2360786624997285
CLIP512_discarded_PC51plus_ridge,839,-0.0661377062425077,-0.19373304395008137,-0.14861534170369597
CLIP512_discarded_PC51plus_ridge,840,-0.00911137358659242,-0.01795984807379273,0.004329694089262898
CLIP512_discarded_PC51plus_ridge,841,-0.008898660937637137,-0.15618556701030928,-0.13695416918422781
CLIP512_discarded_PC51plus_ridge,842,-0.03519879947098126,-0.1330846446011937,-0.12825959199564446
CLIP512_discarded_PC51plus_ridge,843,-0.06700905037237215,-0.11440586001085187,-0.011492759259200347
CLIP512_discarded_PC51plus_ridge,844,-0.034761074929504865,-0.2016684753119913,-0.2466668573555886
CLIP512_discarded_PC51plus_ridge,845,-0.05225909482730562,-0.22830982094411287,-0.2211648432826136
CLIP512_discarded_PC51plus_ridge,846,-0.018718702963205436,-0.15086814975583285,-0.15655855767837956
CLIP512_discarded_PC51plus_ridge,847,0.0036272969908136554,0.05606348345089528,0.06672396359879743
CLIP512_discarded_PC51plus_ridge,848,-0.0335438412317528,-0.17445740640260446,-0.22091706774765107
CLIP512_discarded_PC51plus_ridge,849,-0.0007579191287299114,0.007189365165491047,0.05993162904220885
CLIP512_discarded_PC51plus_ridge,850,-0.0034292832220057523,-0.016196418882257188,0.00645689127009284
CLIP512_discarded_PC51plus_ridge,851,-0.0327503967161491,-0.03878187737384699,-0.09749113202302753
CLIP512_discarded_PC51plus_ridge,852,-0.0046423730051154966,-0.019831795984807377,-0.04848081981425799
CLIP512_discarded_PC51plus_ridge,853,-0.0225147280882938,-0.21060770482908303,-0.21728826978854493
CLIP512_discarded_PC51plus_ridge,854,-0.011212454408308314,0.03286760716223548,0.0018444056436425355
CLIP512_discarded_PC51plus_ridge,855,-0.07655747727405937,-0.2798426478567553,-0.37277980762680074
CLIP512_discarded_PC51plus_ridge,856,-0.008596429133610695,-0.03879544221378188,0.008501891344897178
CLIP512_discarded_PC51plus_ridge,857,-0.08299970026145109,-0.15397449810092242,-0.1578864719585501
CLIP512_discarded_PC51plus_ridge,858,-0.01604638211874443,-0.0943298969072165,-0.051305011457056446
CLIP512_discarded_PC51plus_ridge,859,-0.017266507063219194,-0.17106619641888227,-0.17336600445867467
CLIP512_discarded_PC51plus_ridge,860,-0.08188459562433548,-0.22021161150298427,-0.19380156700289355
CLIP512_discarded_PC51plus_ridge,861,-0.08131148204491434,-0.06466359196961476,-0.08966278765760421
CLIP512_discarded_PC51plus_ridge,862,-0.05341445416847801,-0.07289744981009225,-0.008186402589705783
CLIP512_discarded_PC51plus_ridge,863,-0.036139408217977786,-0.24256646771568094,-0.21850470253929924
CLIP512_discarded_PC51plus_ridge,864,-0.05102799477527031,-0.06197775366250678,-0.040300857923918104
CLIP512_discarded_PC51plus_ridge,865,-0.06376601389648218,-0.209264785675529,-0.20267658206724953
CLIP512_discarded_PC51plus_ridge,866,-0.0472954449363745,-0.299755832881172,-0.2937485153020165
CLIP512_discarded_PC51plus_ridge,867,-0.024146373126305853,-0.1808057514921324,-0.20304760726165635
CLIP512_discarded_PC51plus_ridge,868,-0.046390984657681544,-0.3124118285404232,-0.29699319608955255
CLIP512_discarded_PC51plus_ridge,869,-0.04220832804841623,-0.10870862723819859,-0.1136317856367163
CLIP512_discarded_PC51plus_ridge,870,-0.021225104626992675,-0.14419424850786758,-0.10246278703955468
CLIP512_discarded_PC51plus_ridge,871,-0.05171129316525547,-0.1547205642973413,-0.21707143317295732
CLIP512_discarded_PC51plus_ridge,872,-0.08011492958266464,-0.07360282148670645,-0.1277358830155263
CLIP512_discarded_PC51plus_ridge,873,-0.06946467711997606,-0.14485892566467717,-0.12930393528415177
CLIP512_discarded_PC51plus_ridge,874,-0.015891566024697212,-0.19593054801953333,-0.17780669211438593
CLIP512_discarded_PC51plus_ridge,875,-0.002414957812898466,-0.002156809549647314,-0.041536917739038774
CLIP512_discarded_PC51plus_ridge,876,-0.028268644705913504,-0.10162778079218666,0.01073451417175604
CLIP512_discarded_PC51plus_ridge,877,-0.05600188321156008,-0.2905724362452523,-0.2852846018514745
CLIP512_discarded_PC51plus_ridge,878,-0.0024385451419475235,-0.06709169831795984,-0.01243267040202279
CLIP512_discarded_PC51plus_ridge,879,-0.012564758675913446,-0.06710526315789474,-0.07187171176523324
CLIP512_discarded_PC51plus_ridge,880,-0.06657520427126218,-0.10322843190450354,-0.06216661280676035
CLIP512_discarded_PC51plus_ridge,881,-0.020958228629855524,-0.16520618556701028,-0.18878582531938634
CLIP512_discarded_PC51plus_ridge,882,-0.009288471896611972,-0.0834508952794357,-0.1182387021592159
CLIP512_discarded_PC51plus_ridge,883,-0.08032456984380887,-0.05309278350515463,-0.027656500787573104
CLIP512_discarded_PC51plus_ridge,884,-0.010935561563826912,-0.14234943027672273,-0.037366755514369
CLIP512_discarded_PC51plus_ridge,885,-0.10442923111672031,-0.2169153553988063,-0.26715869733204867
CLIP512_discarded_PC51plus_ridge,886,-0.009226558130976281,-0.1286218122626153,-0.12796940845628998
CLIP512_discarded_PC51plus_ridge,887,-0.007908798897852787,-0.13480737927292458,-0.13451169408228125
CLIP512_discarded_PC51plus_ridge,888,-0.010054597592002112,-0.08769669017905589,-0.12618982996974432
CLIP512_discarded_PC51plus_ridge,889,-0.004331645513584004,0.016508410200759632,-0.06788249441649252
CLIP512_discarded_PC51plus_ridge,890,-0.1145699326465881,-0.16439229517091697,-0.12168370529684619
CLIP512_discarded_PC51plus_ridge,891,-0.06036822719791113,-0.1380358111774281,-0.1485047621687291
CLIP512_discarded_PC51plus_ridge,892,-0.06868698585324418,-0.07839120998372219,-0.09903909820814848
CLIP512_discarded_PC51plus_ridge,893,-0.04365532832406771,-0.28121269669017906,-0.2851202559677956
CLIP512_discarded_PC51plus_ridge,894,-0.03089122862671334,-0.13920238741182853,-0.15194852503461256
CLIP512_discarded_PC51plus_ridge,895,-0.15160549699131365,-0.3222870320130222,-0.3033978407965043
CLIP512_discarded_PC51plus_ridge,896,-0.022490805919563206,-0.1635512750949539,-0.19859953285094342
CLIP512_discarded_PC51plus_ridge,897,-0.046029136509789126,-0.2627102550189908,-0.21812637486767109
CLIP512_discarded_PC51plus_ridge,898,-0.10015558138638347,-0.25333695062398265,-0.14342879823989416
CLIP512_discarded_PC51plus_ridge,899,0.00010008482888101966,-0.008898534997287032,0.02127549404781684
CLIP512_discarded_PC51plus_ridge,900,-0.07729689138209594,-0.2838035811177428,-0.32686079997018813
CLIP512_discarded_PC51plus_ridge,901,-0.03232781268183871,-0.210973955507325,-0.2498472419474289
CLIP512_discarded_PC51plus_ridge,902,0.0020983300390690074,0.06581660336408031,0.06138832645038833
CLIP512_discarded_PC51plus_ridge,903,-0.02728162420186009,-0.1816603364080304,-0.10505126611504648
CLIP512_discarded_PC51plus_ridge,904,-0.04387676814656505,-0.17768583830710796,-0.2352278535371937
CLIP512_discarded_PC51plus_ridge,905,-0.055587239357442586,-0.31365979381443304,-0.3166965087403586
CLIP512_discarded_PC51plus_ridge,906,-0.04008642928734507,-0.24015192620727074,-0.2291160881600617
CLIP512_discarded_PC51plus_ridge,907,-0.04947313528057884,-0.10805751492132393,-0.17844706750352185
CLIP512_discarded_PC51plus_ridge,908,-0.054726438260005006,-0.14215952251763428,-0.12240775375271763
CLIP512_discarded_PC51plus_ridge,909,-0.10469046601071841,-0.08929734129137276,-0.11412280115455614
CLIP512_discarded_PC51plus_ridge,910,-0.006244292128305462,-0.08241996744438417,0.02899102006097999
CLIP512_discarded_PC51plus_ridge,911,-0.03908265515465037,-0.17627509495387952,-0.25638053156074403
CLIP512_discarded_PC51plus_ridge,912,-0.0022259843411178704,-0.07771296798697774,0.063386143391647
CLIP512_discarded_PC51plus_ridge,913,-0.11711373459613594,-0.18916169289202386,-0.21220057126380237
CLIP512_discarded_PC51plus_ridge,914,-0.026000823831743736,-0.028106348345089526,0.0047318474663658044
CLIP512_discarded_PC51plus_ridge,915,-0.019965968822625246,-0.11968258274552361,-0.14293113387714118
CLIP512_discarded_PC51plus_ridge,916,-0.04501739784765579,-0.06657623440043407,-0.01859422972490686
CLIP512_discarded_PC51plus_ridge,917,-0.010539809268503841,-0.08829354313619099,-0.1241782880675408
CLIP512_discarded_PC51plus_ridge,918,-1.057223605238633e-05,0.05877645143787304,0.11638305078604824
CLIP512_discarded_PC51plus_ridge,919,-0.011229450380359163,-0.10535811177428106,-0.11319388202083044
CLIP512_discarded_PC51plus_ridge,920,-0.017193393057899575,-0.0909386869234943,-0.09578797479278406
CLIP512_discarded_PC51plus_ridge,921,0.0003393068751226247,0.01806836679327184,0.047634746452453004
CLIP512_discarded_PC51plus_ridge,922,-0.0731951948753764,-0.0711340206185567,-0.12186996208895552
CLIP512_discarded_PC51plus_ridge,923,-0.07860283943415936,-0.15104449267498643,-0.12848623646877488
CLIP512_discarded_PC51plus_ridge,924,-0.09126420196193363,-0.12569180683667935,-0.07703200681860743
CLIP512_discarded_PC51plus_ridge,925,-0.06759236138936675,-0.13752034725990234,-0.05736050474649176
CLIP512_discarded_PC51plus_ridge,926,-0.13658779167197177,-0.12007596310363537,-0.15667016327219127
CLIP512_discarded_PC51plus_ridge,927,-0.021533204837583364,-0.06508410200759632,-0.08700748646787534
CLIP512_discarded_PC51plus_ridge,928,0.022736507010708507,0.06705100379815518,0.16639362917685532
CLIP512_discarded_PC51plus_ridge,929,-0.13170296576085616,-0.3383478024959306,-0.3491265631152343
CLIP512_discarded_PC51plus_ridge,930,-0.014988006388384045,-0.15488334237655996,-0.1509701342866944
CLIP512_discarded_PC51plus_ridge,931,-0.025171853611822614,-0.1780113944655453,-0.2025594705339635
CLIP512_discarded_PC51plus_ridge,932,-0.015159882273034109,0.007325013564839935,0.012075667920599727
CLIP512_discarded_PC51plus_ridge,933,-0.02837386100840633,-0.2208898534997287,-0.2243964674483067
CLIP512_discarded_PC51plus_ridge,934,-0.08415247807217052,-0.11878730330982094,-0.056690205869333134
CLIP512_discarded_PC51plus_ridge,935,-0.05141848113029934,-0.1624525230602279,-0.1551323833667943
CLIP512_discarded_PC51plus_ridge,936,-0.034495230509115515,-0.17289744981009222,-0.04129267419460167
CLIP512_discarded_PC51plus_ridge,937,-0.029280500532612885,-0.1456592512208356,-0.1297716325495152
CLIP512_discarded_PC51plus_ridge,938,-0.022124041739201905,-0.12816060770482907,-0.08671144384439808
CLIP512_discarded_PC51plus_ridge,939,-0.02044011570054205,-0.1635512750949539,-0.12864845826239485
CLIP512_discarded_PC51plus_ridge,940,-0.03972524242930109,-0.13825284861638634,-0.10969856264209076
CLIP512_discarded_PC51plus_ridge,941,-0.01767348100523969,-0.04116928920238742,-0.10219051353612163
CLIP512_discarded_PC51plus_ridge,942,-0.03685409150907715,-0.10415084102007598,-0.0504642145005632
CLIP512_discarded_PC51plus_ridge,943,-0.05149596490740449,-0.16454150841020074,-0.1252476284689964
CLIP512_discarded_PC51plus_ridge,944,-0.018013448429523793,-0.16070265870862724,-0.18136204493998753
CLIP512_discarded_PC51plus_ridge,945,-0.05517676477043665,-0.18772381985892567,-0.18382505886277817
CLIP512_discarded_PC51plus_ridge,946,-0.011451187847933975,-0.08983993488876832,-0.10647195245741337
CLIP512_discarded_PC51plus_ridge,947,-0.03132526149652293,-0.1735485621269669,-0.2288916274987261
CLIP512_discarded_PC51plus_ridge,948,-0.05213054786326965,-0.04260716223548562,-0.03969052981756875
CLIP512_discarded_PC51plus_ridge,949,-0.014239150752762164,-0.041535539880629406,0.019552433252337777
CLIP512_discarded_PC51plus_ridge,950,-0.027310149901440983,-0.24138632664134566,-0.2161118679630822
CLIP512_discarded_PC51plus_ridge,951,0.0074405676920829,0.04959305480195334,0.10496329385223853
CLIP512_discarded_PC51plus_ridge,952,-0.030339404050328866,-0.2186923494302767,-0.2328065209358764
CLIP512_discarded_PC51plus_ridge,953,-0.018026360494192595,-0.1134020618556701,-0.1758564738360038
CLIP512_discarded_PC51plus_ridge,954,-0.029923506046517723,-0.020537167661421597,-0.06849831271527779
CLIP512_discarded_PC51plus_ridge,955,-0.026180120234232662,-0.10200759631036355,-0.01848847948305935
CLIP512_discarded_PC51plus_ridge,956,-0.018902850189587594,0.004259359739555073,-0.07404995273166617
CLIP512_discarded_PC51plus_ridge,957,-0.00236682941512667,-0.01970971242539338,0.050339352398140705
CLIP512_discarded_PC51plus_ridge,958,-0.02186833705534541,-0.09015192620727076,-0.14168051401197446
CLIP512_discarded_PC51plus_ridge,959,-0.05145141668720732,-0.2117335865436788,-0.16766477033463567
CLIP512_discarded_PC51plus_ridge,960,0.008013807976939513,0.057053716766142154,0.11214072580747324
CLIP512_discarded_PC51plus_ridge,961,-0.07348969079713741,-0.1799104720564297,-0.07385395539129005
CLIP512_discarded_PC51plus_ridge,962,-0.08380014235344446,-0.15805751492132392,-0.14625363609581254
CLIP512_discarded_PC51plus_ridge,963,-0.1657546430030059,-0.298901247965274,-0.3030161146823026
CLIP512_discarded_PC51plus_ridge,964,-0.37312647864558035,-0.2933667932718394,-0.2655095991578477
CLIP512_discarded_PC51plus_ridge,965,-0.0176554662992483,-0.162438958220293,-0.13015581738919657
CLIP512_discarded_PC51plus_ridge,966,-0.02683357524857488,-0.17879815518176886,-0.19135379461287816
CLIP512_discarded_PC51plus_ridge,967,-0.016539447594883905,-0.04640531741725447,-0.07936690193918483
CLIP512_discarded_PC51plus_ridge,968,-0.021327055197021716,-0.09586272381985893,-0.11037242540173825
CLIP512_discarded_PC51plus_ridge,969,-0.04048845099397136,-0.11085187194791102,0.02583756131751492
CLIP512_discarded_PC51plus_ridge,970,-0.03254062104311184,-0.11432447097124254,-0.13201726268379085
CLIP512_discarded_PC51plus_ridge,971,-0.03033838902159136,-0.08094139989148127,-0.06214438005457288
CLIP512_discarded_PC51plus_ridge,972,0.0040732217924887015,0.009508952794357026,0.07259614434821146
CLIP512_discarded_PC51plus_ridge,973,0.002313654036326107,-0.037452523060227894,0.05352523811514644
CLIP512_discarded_PC51plus_ridge,974,-0.12480497213565012,-0.2510444926749864,-0.21259213658364773
CLIP512_discarded_PC51plus_ridge,975,-0.06531141656331374,-0.33756104177970697,-0.3536316047135674
CLIP512_discarded_PC51plus_ridge,976,-0.02840960436509654,-0.03558057514921324,-0.0054030331953098115
CLIP512_discarded_PC51plus_ridge,977,-0.040666036141483675,-0.22844546934346174,-0.23933804217590166
CLIP512_discarded_PC51plus_ridge,978,-0.07573283768547001,-0.18724905046120455,-0.1524490194987097
CLIP512_discarded_PC51plus_ridge,979,-0.024250810780897858,-0.18505154639175259,-0.20184468765891475
CLIP512_discarded_PC51plus_ridge,980,-0.027540154383993487,-0.2080710797612588,-0.20926292569260452
CLIP512_discarded_PC51plus_ridge,981,-0.00617106995719463,-0.09134563212154095,-0.06812723549985861
CLIP512_discarded_PC51plus_ridge,982,0.033798235749762484,0.13045306565382528,0.18522917057303104
CLIP512_discarded_PC51plus_ridge,983,0.010013640654859546,-0.04233586543678784,0.1003253219249898
CLIP512_discarded_PC51plus_ridge,984,-0.023089366937723677,-0.22533912099837222,-0.20192200069509178
CLIP512_discarded_PC51plus_ridge,985,-0.08525579935647465,-0.11679327183939231,-0.17272210581928543
CLIP512_discarded_PC51plus_ridge,986,-0.037323578189196516,-0.08469886055344547,-0.07176797179149547
CLIP512_discarded_PC51plus_ridge,987,-0.16589481585453236,-0.30394736842105263,-0.13902928765036207
CLIP512_discarded_PC51plus_ridge,988,-0.007941741783882295,-0.12646500271296798,-0.10429097302882927
CLIP512_discarded_PC51plus_ridge,989,-0.003258886009870121,-0.046947911014650026,-0.017160591990142013
CLIP512_discarded_PC51plus_ridge,990,-0.09280427673736935,-0.17042864894194248,-0.1851378614851344
CLIP512_discarded_PC51plus_ridge,991,-0.00922862503276689,0.02425393380358112,-0.048616222511951954
CLIP512_discarded_PC51plus_ridge,992,-0.08914642929321315,-0.051682040151926206,-0.03796710312727815
CLIP512_discarded_PC51plus_ridge,993,-0.017925485326223844,-0.06502984264785676,-0.04423465166798954
CLIP512_discarded_PC51plus_ridge,994,-0.07701989176881852,-0.10405588714053174,-0.12674416739788782
CLIP512_discarded_PC51plus_ridge,995,-0.039832210007023194,-0.06275094953879545,-0.02965166342643539
CLIP512_discarded_PC51plus_ridge,996,-0.048991001025968206,-0.10889853499728704,-0.08566979934225419
CLIP512_discarded_PC51plus_ridge,997,-0.07864926677341,-0.17658708627238198,-0.12329606313334626
CLIP512_discarded_PC51plus_ridge,998,-0.017407604696965784,-0.08971785132935432,-0.027065103370436945
CLIP512_discarded_PC51plus_ridge,999,-0.006984368215046777,0.0070808464460119375,0.036671032230469275
CLIP512_discarded_PC51plus_ridge,1000,-0.009384527526015152,-0.06989962018448183,-0.00797566789939428
