pair_index,stim_i_0based,stim_j_0based,stim_i_1based,stim_j_1based,ResCLIP_RDM_absdiff,R1_Calorie_profile_residual,abs_ResCLIP_RDM_absdiff,abs_R1_Calorie_profile_residual,rank_abs_ResCLIP,rank_abs_R1_CalRes
4357,75,83,76,84,5.166730982274575,76.20873833212863,5.166730982274575,76.20873833212863,1.0,2456.0
3322,45,83,46,84,5.070761439504244,100.4344458968808,5.070761439504244,100.4344458968808,2.0,2080.0
2523,31,75,32,76,4.819441741072909,-926.2609039655674,4.819441741072909,926.2609039655674,3.0,97.0
2493,31,45,32,46,4.723472198302577,-505.86965461910006,4.723472198302577,505.86965461910006,4.0,527.0
3678,53,75,54,76,4.686973426973162,31.219171458817076,4.686973426973162,31.219171458817076,5.0,3658.0
3806,56,83,57,84,4.6517697508406295,41.79210029158594,4.6517697508406295,41.79210029158594,6.0,3349.0
3512,49,83,50,84,4.614759416908444,77.84531065682859,4.614759416908444,77.84531065682859,7.0,2426.0
3292,45,53,46,54,4.591003884202831,-15.808581509654232,4.591003884202831,15.808581509654232,8.0,4087.0
4141,66,83,67,84,4.540989922795238,8.560756851633414,4.540989922795238,8.560756851633414,9.0,4293.0
3986,61,83,62,84,4.363394390145219,45.24699312998382,4.363394390145219,45.24699312998382,10.0,3246.0
4329,74,75,75,76,4.352068035478163,46.5629150179393,4.352068035478163,46.5629150179393,11.0,3212.0
2504,31,56,32,57,4.304480509638964,-38.58141699691923,4.304480509638964,38.58141699691923,12.0,3443.0
2497,31,49,32,50,4.267470175706778,-976.541004032759,4.267470175706778,976.541004032759,13.0,81.0
3313,45,74,46,75,4.256098492707831,-7.162758195463994,4.256098492707831,7.162758195463994,14.0,4338.0
4112,65,83,66,84,4.20660767504275,3.104613173341477,4.20660767504275,3.104613173341477,15.0,4455.0
2514,31,66,32,67,4.1937006815935725,-64.44619856615827,4.1937006815935725,64.44619856615827,16.0,2720.0
3659,53,56,54,57,4.172012195539216,-59.50531961738898,4.172012195539216,59.50531961738898,17.0,2861.0
4286,72,75,73,76,4.147675613392384,110.02239899973392,4.147675613392384,110.02239899973392,18.0,1973.0
3482,49,53,50,54,4.135001861607031,46.89740758757034,4.135001861607031,46.89740758757034,19.0,3204.0
542,5,83,6,84,4.112763209150767,96.67183742821273,4.112763209150767,96.67183742821273,20.0,2130.0
4351,75,77,76,78,4.092512278764952,79.52368419097593,4.092512278764952,79.52368419097593,21.0,2390.0
4411,78,83,79,84,4.090330790528507,-31.704387648170268,4.090330790528507,31.704387648170268,22.0,3642.0
2717,34,83,35,84,4.062813130804329,-53.71350123226716,4.062813130804329,53.71350123226716,23.0,3019.0
3669,53,66,54,67,4.061232367493825,-103.39639720711466,4.061232367493825,103.39639720711466,24.0,2042.0
3311,45,72,46,73,4.051706070622053,186.03283212642145,4.051706070622053,186.03283212642145,25.0,1427.0
261,2,75,3,76,4.049199438774161,30.5120002243948,4.049199438774161,30.5120002243948,26.0,3678.0
2509,31,61,32,62,4.016105148943553,-235.27245052675607,4.016105148943553,235.27245052675607,27.0,1217.0
3316,45,77,46,78,3.99654273599462,119.67531513710856,3.99654273599462,119.67531513710856,28.0,1874.0
231,2,45,3,46,3.9532298960038292,-15.817832499144515,3.9532298960038292,15.817832499144515,29.0,4086.0
4082,64,83,65,84,3.943958259677982,78.86283660670142,3.943958259677982,78.86283660670142,30.0,2401.0
2062,24,83,25,84,3.9419494923105844,20.833764095640163,3.9419494923105844,20.833764095640163,31.0,3946.0
1061,11,83,12,84,3.9068302464226186,105.32454745749828,3.9068302464226186,105.32454745749828,32.0,2020.0
3664,53,61,54,62,3.8836368348438057,-46.40112575590456,3.8836368348438057,46.40112575590456,33.0,3217.0
4043,63,75,64,76,3.86640808381695,55.469154283142416,3.86640808381695,55.469154283142416,34.0,2975.0
2513,31,65,32,66,3.859318433841084,-327.8881565980805,3.859318433841084,327.8881565980805,35.0,909.0
4019,62,83,63,84,3.839394141407329,12.690339407193278,3.839394141407329,12.690339407193278,36.0,4168.0
3797,56,74,57,75,3.837106804044217,-49.743755880525896,3.837106804044217,49.743755880525896,37.0,3126.0
1846,21,83,22,84,3.822887032367583,33.98539504177279,3.822887032367583,33.98539504177279,38.0,3569.0
3503,49,74,50,75,3.800096470112032,36.74925435033401,3.800096470112032,36.74925435033401,39.0,3497.0
4483,83,85,84,86,3.7814960389319374,-27.191624598435737,3.7814960389319374,27.191624598435737,40.0,3775.0
3302,45,63,46,64,3.7704385410466186,63.81060227056696,3.7704385410466186,63.81060227056696,41.0,2735.0
2402,29,83,30,84,3.767064319945198,7.80253341827347,3.767064319945198,7.80253341827347,42.0,4314.0
490,5,31,6,32,3.765473967949101,-58.68227055490047,3.765473967949101,58.68227055490047,43.0,2886.0
3719,54,75,55,76,3.7430677002875488,-168.0121032784391,3.7430677002875488,168.0121032784391,44.0,1531.0
2526,31,78,32,79,3.7430415493268416,-643.8453793595253,3.7430415493268416,643.8453793595253,45.0,304.0
3668,53,65,54,66,3.7268501197413366,-58.0770663129606,3.7268501197413366,58.0770663129606,46.0,2903.0
4132,66,74,67,75,3.726326975998826,-37.19732917633337,3.726326975998826,37.19732917633337,47.0,3483.0
2482,31,34,32,35,3.7155238896026637,27.384781943229427,3.7155238896026637,27.384781943229427,48.0,3768.0
3466,48,83,49,84,3.7065744704712342,34.542186169956494,3.7065744704712342,34.542186169956494,49.0,3552.0
3293,45,54,46,55,3.6470981575172168,-336.9692573371874,3.6470981575172168,336.9692573371874,50.0,885.0
512,5,53,6,54,3.6330056538493536,101.0132854156368,3.6330056538493536,101.0132854156368,51.0,2069.0
3795,56,72,57,73,3.632714381958439,145.75391419642756,3.632714381958439,145.75391419642756,52.0,1663.0
3681,53,78,54,79,3.6105732352270943,-41.542323575349656,3.6105732352270943,41.542323575349656,53.0,3362.0
3917,59,83,60,84,3.6035201965962176,43.884678889184215,3.6035201965962176,43.884678889184215,54.0,3281.0
2512,31,64,32,65,3.5966690184763164,-143.57466768721724,3.5966690184763164,143.57466768721724,55.0,1680.0
3501,49,72,50,73,3.5957040480262537,126.83258195844246,3.5957040480262537,126.83258195844246,56.0,1807.0
2010,24,31,25,32,3.5946602511089187,-135.26660854346522,3.5946602511089187,135.26660854346522,57.0,1743.0
2687,34,53,35,54,3.5830555755029163,326.2136042863119,3.5830555755029163,326.2136042863119,58.0,914.0
3800,56,77,57,78,3.5775510473310064,92.83967478162732,3.5775510473310064,92.83967478162732,59.0,2191.0
2594,32,83,33,84,3.5691928267041155,11.055993951495113,3.5691928267041155,11.055993951495113,60.0,4213.0
1009,11,31,12,32,3.559541005220953,-332.8743144651935,3.559541005220953,332.8743144651935,61.0,896.0
3977,61,74,62,75,3.5487314433488066,-2.391874766414276,3.5487314433488066,2.391874766414276,62.0,4480.0
4491,83,93,84,94,3.546215347343706,23.9275248304366,3.546215347343706,23.9275248304366,63.0,3861.0
3506,49,77,50,78,3.540540713398821,104.44960757235776,3.540540713398821,104.44960757235776,64.0,2031.0
242,2,56,3,57,3.5342382073402154,2.7458453441345227,3.5342382073402154,2.7458453441345227,65.0,4464.0
4130,66,72,67,73,3.521934553913048,285.1302079755069,3.521934553913048,285.1302079755069,66.0,1045.0
235,2,49,3,50,3.49722787340803,91.95875550780328,3.49722787340803,91.95875550780328,67.0,2209.0
1772,20,83,21,84,3.492306885245023,29.96459749109408,3.492306885245023,29.96459749109408,68.0,3690.0
2510,31,62,32,63,3.492104900205663,-266.8743831678901,3.492104900205663,266.8743831678901,69.0,1111.0
1794,21,31,22,32,3.4755977911659173,287.37921477072484,3.4755977911659173,287.37921477072484,70.0,1040.0
3054,40,75,41,76,3.471919845335151,65.78396273659564,3.471919845335151,65.78396273659564,71.0,2687.0
4135,66,77,67,78,3.466771219285615,1575.4046721674972,3.466771219285615,1575.4046721674972,72.0,3.0
3667,53,64,54,65,3.464200704376569,-78.58621424840567,3.464200704376569,78.58621424840567,73.0,2410.0
2032,24,53,25,54,3.4621919370091714,-24.4925909190024,3.4621919370091714,24.4925909190024,74.0,3841.0
4355,75,81,76,82,3.460384905624365,63.09299790945624,3.460384905624365,63.09299790945624,75.0,2754.0
2533,31,85,32,86,3.4342067977302717,-717.6995903966836,3.4342067977302717,717.6995903966836,76.0,222.0
1031,11,53,12,54,3.4270726911212055,59.48661153031844,3.4270726911212055,59.48661153031844,77.0,2862.0
252,2,66,3,67,3.423458379294824,17.0989772981402,3.423458379294824,17.0989772981402,78.0,4049.0
3007,39,83,40,84,3.422429338991031,38.97155290888577,3.422429338991031,38.97155290888577,79.0,3432.0
2350,29,31,30,32,3.419775078743532,-253.51547793329013,3.419775078743532,253.51547793329013,80.0,1154.0
4103,65,74,66,75,3.3919447282463375,-53.518048315775104,3.3919447282463375,53.518048315775104,81.0,3025.0
3024,40,45,41,46,3.37595030256482,63.46567657424566,3.37595030256482,63.46567657424566,82.0,2746.0
3320,45,81,46,82,3.3644153628540336,75.11615973453081,3.3644153628540336,75.11615973453081,83.0,2478.0
1991,23,83,24,84,3.363944271976167,127.98337428086064,3.363944271976167,127.98337428086064,84.0,1800.0
3759,55,75,56,76,3.361636761014796,65.84183294793365,3.361636761014796,65.84183294793365,85.0,2683.0
3665,53,62,54,63,3.359636586105916,-50.517979613078296,3.359636586105916,50.517979613078296,86.0,3108.0
2496,31,48,32,49,3.3592852292695685,-180.10238630433946,3.3592852292695685,180.10238630433946,87.0,1452.0
3786,56,63,57,64,3.3514468523830043,13.341867299281148,3.3514468523830043,13.341867299281148,88.0,4151.0
4489,83,91,84,92,3.3513322240052417,-20.362870958049825,3.3513322240052417,20.362870958049825,89.0,3964.0
3975,61,72,62,73,3.344339021263029,121.89052087247546,3.344339021263029,121.89052087247546,90.0,1859.0
1816,21,53,22,54,3.34312947706617,-18.63031102955165,3.34312947706617,18.63031102955165,91.0,4005.0
3116,41,83,42,84,3.3378857113310163,32.42665185537351,3.3378857113310163,32.42665185537351,92.0,3624.0
3944,60,75,61,76,3.3286103391536406,36.41476178070116,3.3286103391536406,36.41476178070116,93.0,3504.0
1458,16,75,17,76,3.323971656837878,59.22494473941151,3.323971656837878,59.22494473941151,94.0,2870.0
3363,46,75,47,76,3.319604135078963,49.94025352882272,3.319604135078963,49.94025352882272,95.0,3117.0
3492,49,63,50,64,3.3144365184508193,61.07679150217336,3.3144365184508193,61.07679150217336,96.0,2820.0
977,10,83,11,84,3.3111870747904835,85.52591105997772,3.3111870747904835,85.52591105997772,97.0,2300.0
4363,75,89,76,90,3.3061999620554055,-631.7203879473623,3.3061999620554055,631.7203879473623,98.0,328.0
4247,70,83,71,84,3.3051978198826237,-20.48445336401346,3.3051978198826237,20.48445336401346,99.0,3956.0
3688,53,85,54,86,3.3017384836305244,-48.702023373774864,3.3017384836305244,48.702023373774864,100.0,3151.0
533,5,74,6,75,3.298100262354354,44.57578112171814,3.298100262354354,44.57578112171814,101.0,3267.0
3980,61,77,62,78,3.2891756866355957,343.0561313568883,3.2891756866355957,343.0561313568883,102.0,870.0
2372,29,53,30,54,3.287306764643785,36.91020498865328,3.287306764643785,36.91020498865328,103.0,3492.0
4486,83,88,84,89,3.2775490940339536,30.46699611683698,3.2775490940339536,30.46699611683698,104.0,3681.0
4332,74,78,75,79,3.275667843732095,-51.79348853687316,3.275667843732095,51.79348853687316,105.0,3073.0
3294,45,55,46,56,3.265667218244464,67.55248189125086,3.265667218244464,67.55248189125086,106.0,2640.0
82,0,83,1,84,3.256913370940602,144.94727764931076,3.256913370940602,144.94727764931076,107.0,1670.0
2507,31,59,32,60,3.256230955394552,-555.1138641628315,3.256230955394552,555.1138641628315,108.0,444.0
2193,26,75,27,76,3.255095754643129,62.6207852292755,3.255095754643129,62.6207852292755,109.0,2771.0
711,7,75,8,76,3.254656169446495,-249.8558811889095,3.254656169446495,249.8558811889095,110.0,1170.0
2708,34,74,35,75,3.248150184007917,104.99137443045674,3.248150184007917,104.99137443045674,111.0,2023.0
247,2,61,3,62,3.2458628466448047,-3.3687129413406183,3.2458628466448047,3.3687129413406183,112.0,4446.0
4034,63,66,64,67,3.240667024337614,-32.83160592933473,3.240667024337614,32.83160592933473,113.0,3616.0
4353,75,79,76,80,3.237381342917442,67.03512769812005,3.237381342917442,67.03512769812005,114.0,2653.0
3299,45,60,46,61,3.232640796383309,29.90436300536203,3.232640796383309,29.90436300536203,115.0,3692.0
3700,54,56,55,57,3.228106468853603,-188.1000220299445,3.228106468853603,188.1000220299445,116.0,1417.0
1428,16,45,17,46,3.2280021140675466,22.698339556789502,3.2280021140675466,22.698339556789502,117.0,3892.0
3436,48,53,49,54,3.226816915169821,-99.92654880132886,3.226816915169821,99.92654880132886,118.0,2087.0
3285,45,46,46,47,3.2236345923086316,69.71343252957058,3.2236345923086316,69.71343252957058,119.0,2593.0
3221,43,83,44,84,3.2235645450924535,210.29463632272223,3.2235645450924535,210.29463632272223,120.0,1329.0
2480,31,32,32,33,3.22190358550245,-83.31175005641543,3.22190358550245,83.31175005641543,121.0,2338.0
3328,45,89,46,90,3.210230419285074,-369.9784396239809,3.210230419285074,369.9784396239809,122.0,805.0
2541,31,93,32,94,3.19892610614204,-101.53397991227064,3.19892610614204,101.53397991227064,123.0,2064.0
3483,49,54,50,55,3.191096134921418,-154.44960757235776,3.191096134921418,154.44960757235776,124.0,1612.0
4101,65,72,66,73,3.1875523061605593,250.45878985915124,3.1875523061605593,250.45878985915124,125.0,1167.0
631,6,83,7,84,3.17903369297467,143.00160144905476,3.17903369297467,143.00160144905476,126.0,1685.0
168,1,75,2,76,3.176479242227201,70.53050220337536,3.176479242227201,70.53050220337536,127.0,2569.0
4469,82,83,83,84,3.165861827652053,210.0571760886928,3.165861827652053,210.0571760886928,128.0,1331.0
2163,26,45,27,46,3.159126211872798,92.9240471215403,3.159126211872798,92.9240471215403,129.0,2190.0
681,7,45,8,46,3.1586866266761633,-223.225082144804,3.1586866266761633,223.225082144804,130.0,1270.0
4222,69,83,70,84,3.146301531685653,316.6337887384475,3.146301531685653,316.6337887384475,131.0,938.0
1720,20,31,21,32,3.1450176440433575,-327.93566238542576,3.1450176440433575,327.93566238542576,132.0,908.0
3318,45,79,46,80,3.1414118001471105,85.94254910052041,3.1414118001471105,85.94254910052041,133.0,2296.0
4484,83,86,84,87,3.1389610815437754,58.14864125179065,3.1389610815437754,58.14864125179065,134.0,2901.0
4106,65,77,66,78,3.1323889715331266,45.91722910914177,3.1323889715331266,45.91722910914177,135.0,3224.0
4073,64,74,65,75,3.1292953128815695,-22.35821111195628,3.1292953128815695,22.35821111195628,136.0,3906.0
2053,24,74,25,75,3.1272865455141723,-56.3259357027855,3.1272865455141723,56.3259357027855,137.0,2953.0
3662,53,59,54,60,3.1237626412948045,52.583781271314365,3.1237626412948045,52.583781271314365,138.0,3053.0
3710,54,66,55,67,3.117326640808212,25.66147300422153,3.117326640808212,25.66147300422153,139.0,3810.0
3873,58,75,59,76,3.1158141190523128,-51.37455492463141,3.1158141190523128,51.37455492463141,140.0,3084.0
531,5,72,6,73,3.0937078402685767,324.5723034128223,3.0937078402685767,324.5723034128223,141.0,922.0
1052,11,74,12,75,3.092167299626206,34.2354465687954,3.092167299626206,34.2354465687954,142.0,3565.0
2564,32,53,33,54,3.0894352714027025,81.55602830284352,3.0894352714027025,81.55602830284352,143.0,2360.0
251,2,65,3,66,3.0890761315423356,-12.305069449409984,3.0890761315423356,12.305069449409984,144.0,4177.0
4442,80,83,81,84,3.0822112553001597,-185.7064771117788,3.0822112553001597,185.7064771117788,145.0,1428.0
138,1,45,2,46,3.0805096994568695,111.04903853370342,3.0805096994568695,111.04903853370342,146.0,1968.0
2487,31,39,32,40,3.0751400977893653,-331.6856795611,3.0751400977893653,331.6856795611,147.0,901.0
4289,72,78,73,79,3.0712754216463174,130.22849115100323,3.0712754216463174,130.22849115100323,148.0,1784.0
4358,75,84,76,85,3.06986077920049,-260.6012385184904,3.06986077920049,260.6012385184904,149.0,1132.0
3696,53,93,54,94,3.066457792042293,-57.23158389939044,3.066457792042293,57.23158389939044,150.0,2920.0
1621,18,83,19,84,3.0651543534436594,113.26347434805216,3.0651543534436594,113.26347434805216,151.0,1948.0
3966,61,63,62,64,3.0630714916875945,4.6810197150066415,3.0630714916875945,4.6810197150066415,152.0,4401.0
2132,25,83,26,84,3.050834087360883,40.59880554139818,3.050834087360883,40.59880554139818,153.0,3381.0
2706,34,72,35,73,3.043757761922139,255.28997647662868,3.043757761922139,255.28997647662868,154.0,1147.0
536,5,77,6,78,3.0385445056411435,484.0724064668671,3.0385445056411435,484.0724064668671,155.0,565.0
3557,50,83,51,84,3.027706115448028,-1.617513628469169,3.027706115448028,1.617513628469169,156.0,4512.0
4010,62,74,63,75,3.0247311946109163,-10.1001594353379,3.0247311946109163,10.1001594353379,157.0,4247.0
3297,45,58,46,59,3.019844576281981,-83.45670039554261,3.019844576281981,83.45670039554261,158.0,2334.0
1939,23,31,24,32,3.0166550307745013,-15.28774960762712,3.0166550307745013,15.28774960762712,159.0,4098.0
4389,77,78,78,79,3.0161120870188842,233.94386864311173,3.0161120870188842,233.94386864311173,160.0,1223.0
1742,20,53,21,54,3.01254932994361,-22.526117168067685,3.01254932994361,22.526117168067685,161.0,3901.0
1837,21,74,22,75,3.0082240855711704,-22.98448771536141,3.0082240855711704,22.98448771536141,162.0,3884.0
2539,31,91,32,92,3.004042982803576,-99.01446755283403,3.004042982803576,99.01446755283403,163.0,2099.0
191,2,5,3,6,2.9952316656503526,-6.259859233763109,2.9952316656503526,6.259859233763109,164.0,4371.0
892,9,83,10,84,2.9924818298678915,77.42317414647755,2.9924818298678915,77.42317414647755,165.0,2430.0
2489,31,41,32,42,2.9905964701293506,51.01662571913948,2.9905964701293506,51.01662571913948,166.0,3093.0
2711,34,77,35,78,2.9885944272947063,633.3293447089848,2.9885944272947063,633.3293447089848,167.0,324.0
3323,45,84,46,85,2.9738912364301586,-136.8222862371481,2.9738912364301586,136.8222862371481,168.0,1732.0
264,2,78,3,79,2.9727992470280933,17.72157008455997,2.9727992470280933,17.72157008455997,169.0,4032.0
3169,42,83,43,84,2.9711523591455173,70.93559368272872,2.9711523591455173,70.93559368272872,170.0,2558.0
2828,36,75,37,76,2.967779632384709,104.62892278426445,2.967779632384709,104.62892278426445,171.0,2029.0
4339,74,85,75,86,2.966833092135525,-2.8212415053435507,2.966833092135525,2.8212415053435507,172.0,4460.0
3264,44,75,45,76,2.965626038506352,-112.87445187058664,2.965626038506352,112.87445187058664,173.0,1951.0
1387,15,83,16,84,2.964094526171844,29.31995631410109,2.964094526171844,29.31995631410109,174.0,3706.0
925,10,31,11,32,2.9638978335888178,-12.788622582689868,2.9638978335888178,12.788622582689868,175.0,4165.0
1911,22,75,23,76,2.962881059330879,54.78744044549239,2.962881059330879,54.78744044549239,176.0,2992.0
2518,31,70,32,71,2.957908578680958,-675.7250477934558,2.957908578680958,675.7250477934558,177.0,268.0
4490,83,92,84,93,2.9570034441195587,55.7840314392929,2.9570034441195587,55.7840314392929,178.0,2967.0
3035,40,56,41,57,2.9569586139012056,62.27933724185095,2.9569586139012056,62.27933724185095,179.0,2786.0
2393,29,74,30,75,2.9524013731487857,-42.61758233116552,2.9524013731487857,42.61758233116552,180.0,3319.0
444,4,75,5,76,2.948345234614852,63.77123403820951,2.948345234614852,63.77123403820951,181.0,2736.0
361,3,83,4,84,2.9478715286409147,632.7843062500793,2.9478715286409147,632.7843062500793,182.0,326.0
3804,56,81,57,82,2.94542367419042,83.41594391789931,2.94542367419042,83.41594391789931,183.0,2335.0
220,2,34,3,35,2.9452815873039153,403.8409256215216,2.9452815873039153,403.8409256215216,184.0,729.0
2977,39,53,40,54,2.942671783689618,6.782918004792009,2.942671783689618,6.782918004792009,185.0,4351.0
3705,54,61,55,62,2.9397311081581927,912.0053539687368,2.9397311081581927,912.0053539687368,186.0,106.0
4350,75,76,76,77,2.9371222385067774,39.09995332724793,2.9371222385067774,39.09995332724793,187.0,3428.0
1218,13,75,14,76,2.932956514994646,-182.61167164517792,2.932956514994646,182.61167164517792,188.0,1443.0
2536,31,88,32,89,2.930259852832288,-72.26563251435755,2.930259852832288,72.26563251435755,189.0,2527.0
4071,64,72,65,73,2.924902890795792,326.142936673893,2.924902890795792,326.142936673893,190.0,916.0
2051,24,72,25,73,2.922894123428394,199.91131842315417,2.922894123428394,199.91131842315417,191.0,1366.0
806,8,83,9,84,2.9201002668620775,171.63024232685507,2.9201002668620775,171.63024232685507,192.0,1505.0
3028,40,49,41,50,2.91994827996902,65.87076805360084,2.91994827996902,65.87076805360084,193.0,2682.0
4161,67,75,68,76,2.9187037432961684,73.12888843291694,2.9187037432961684,73.12888843291694,194.0,2514.0
4361,75,87,76,88,2.909688510913628,57.52125121388417,2.909688510913628,57.52125121388417,195.0,2914.0
30,0,31,1,32,2.9096241297389365,37.3767817936332,2.9096241297389365,37.3767817936332,196.0,3478.0
3510,49,81,50,82,2.9084133402582344,77.70063512848719,2.9084133402582344,77.70063512848719,197.0,2427.0
4033,63,65,64,66,2.906284776585125,-4.172009184954277,2.906284776585125,4.172009184954277,198.0,4415.0
1697,19,83,20,84,2.900464693487358,-16.65229071742806,2.900464693487358,16.65229071742806,199.0,4061.0
3457,48,74,49,75,2.891911523674822,-31.364053095247076,2.891911523674822,31.364053095247076,200.0,3651.0
3644,52,83,53,84,2.8898546260868856,66.69027070449647,2.8898546260868856,66.69027070449647,201.0,2659.0
1050,11,72,12,73,2.887774877540428,320.2574262566713,2.887774877540428,320.2574262566713,202.0,931.0
1961,23,53,24,54,2.884186716674754,-315.2909525057365,2.884186716674754,315.2909525057365,203.0,945.0
2491,31,43,32,44,2.876275303890788,40.88822530077687,2.876275303890788,40.88822530077687,204.0,3375.0
2798,36,45,37,46,2.8718100896143777,54.18334963805319,2.8718100896143777,54.18334963805319,205.0,3014.0
3694,53,91,54,92,2.8715746687038286,10.303818609515927,2.8715746687038286,10.303818609515927,206.0,4241.0
4076,64,77,65,78,2.869739556168359,1458.5007284739918,2.869739556168359,1458.5007284739918,207.0,12.0
3234,44,45,45,46,2.8696564957360207,-173.31425173620346,2.8696564957360207,173.31425173620346,208.0,1491.0
2056,24,77,25,78,2.8677307888009613,51.10009073264109,2.8677307888009613,51.10009073264109,209.0,3091.0
1881,22,45,23,46,2.866911516560548,38.4761097009341,2.866911516560548,38.4761097009341,210.0,3445.0
3086,41,53,42,54,2.8581281560296032,-802.521319916581,2.8581281560296032,802.521319916581,211.0,171.0
414,4,45,5,46,2.8523756918445207,47.50156709770636,2.8523756918445207,47.50156709770636,212.0,3185.0
3740,55,56,56,57,2.84667552958085,58.655493615537125,2.84667552958085,58.655493615537125,213.0,2887.0
3045,40,66,41,67,2.8461787858558147,42.44035658286748,2.8461787858558147,42.44035658286748,214.0,3328.0
3315,45,76,46,77,2.841152695736446,1.0849290571632082,2.841152695736446,1.0849290571632082,215.0,4530.0
1188,13,45,14,46,2.8369869722243144,-173.06767791807715,2.8369869722243144,173.06767791807715,216.0,1492.0
4139,66,81,67,82,2.8346438461450285,99.35821111195628,2.8346438461450285,99.35821111195628,217.0,2091.0
1055,11,77,12,78,2.8326115429129954,313.030673960116,2.8326115429129954,313.030673960116,218.0,953.0
579,6,31,7,32,2.8317444517730044,411.31786685049263,2.8317444517730044,411.31786685049263,219.0,712.0
947,10,53,11,54,2.8314295194890704,-34.482157792314865,2.8314295194890704,34.482157792314865,220.0,3556.0
2261,27,75,28,76,2.83023840549309,62.42749047908728,2.83023840549309,62.42749047908728,221.0,2779.0
250,2,64,3,65,2.826426716177568,-84.97509932047797,2.826426716177568,84.97509932047797,222.0,2310.0
3673,53,70,54,71,2.8254402645812107,-78.54461914704825,2.8254402645812107,78.54461914704825,223.0,2411.0
210,2,24,3,25,2.8244179488101704,-27.95207490079747,2.8244179488101704,27.95207490079747,224.0,3748.0
3306,45,67,46,68,2.822734200525837,60.171734374167954,2.822734200525837,60.171734374167954,225.0,2838.0
4008,62,72,63,73,2.8203387725251385,97.12784370111194,2.8203387725251385,97.12784370111194,226.0,2125.0
2530,31,82,32,83,2.8185725864503874,-143.1821675008557,2.8185725864503874,143.1821675008557,227.0,1683.0
1536,17,75,18,76,2.817483585729547,-721.1926006275434,2.817483585729547,721.1926006275434,228.0,218.0
3326,45,87,46,88,2.8137189681432964,95.04326525310898,2.8137189681432964,95.04326525310898,229.0,2164.0
3783,56,60,57,61,2.8136491077196952,-37.69284108698139,2.8136491077196952,37.69284108698139,230.0,3472.0
522,5,63,6,64,2.812440310693142,63.96118848489459,2.812440310693142,63.96118848489459,231.0,2729.0
3484,49,55,50,56,2.809665195648665,65.92863826493704,2.809665195648665,65.92863826493704,232.0,2677.0
1439,16,56,17,57,2.8090104254039323,16.737707789145134,2.8090104254039323,16.737707789145134,233.0,4058.0
2656,33,83,34,84,2.8051811775862223,59.80364685277527,2.8051811775862223,59.80364685277527,234.0,2853.0
3344,46,56,47,57,2.804642903645018,40.2319688598991,2.804642903645018,40.2319688598991,235.0,3388.0
4493,83,95,84,96,2.8045097205379914,438.23335710518654,2.8045097205379914,438.23335710518654,236.0,663.0
1835,21,72,22,73,2.8038316634853926,223.13702598790545,2.8038316634853926,223.13702598790545,237.0,1272.0
3411,47,75,48,76,2.8006853293272704,39.29324807743433,2.8006853293272704,39.29324807743433,238.0,3419.0
2517,31,69,32,70,2.7990122904839874,-32.299296168815545,2.7990122904839874,32.299296168815545,239.0,3627.0
3691,53,88,54,89,2.7977915387325405,84.61285378237562,2.7977915387325405,84.61285378237562,240.0,2315.0
1299,14,75,15,76,2.7958572393389636,-690.3060454785177,2.7958572393389636,690.3060454785177,241.0,249.0
4492,83,94,84,95,2.792142308578055,280.1245721003056,2.792142308578055,280.1245721003056,242.0,1060.0
2534,31,86,32,87,2.7916718403421097,-476.0815200509642,2.7916718403421097,476.0815200509642,243.0,590.0
3812,56,89,57,90,2.7912387306214597,161.65931483791638,2.7912387306214597,161.65931483791638,244.0,1561.0
4046,63,78,64,79,2.790007892070883,-22.1835557461427,2.790007892070883,22.1835557461427,245.0,3912.0
197,2,11,3,12,2.7892987029222045,112.75050519022808,2.7892987029222045,112.75050519022808,246.0,1953.0
3908,59,74,60,75,2.788857249799805,-41.62571988615491,2.788857249799805,41.62571988615491,247.0,3356.0
2336,28,83,29,84,2.7874095606339897,78.3709398103424,2.7874095606339897,78.3709398103424,248.0,2414.0
2943,38,75,39,76,2.7847363565060275,-839.2921346429341,2.7847363565060275,839.2921346429341,249.0,152.0
3709,54,65,55,66,2.7829443930557236,-47.102317601642994,2.7829443930557236,47.102317601642994,250.0,3195.0
52,0,53,1,54,2.777155815639189,34.36280225535302,2.777155815639189,34.36280225535302,251.0,3561.0
3489,49,60,50,61,2.77663877378751,51.16707452807532,2.77663877378751,51.16707452807532,252.0,3090.0
1432,16,49,17,50,2.7720000914717473,49.179803226461445,2.7720000914717473,49.179803226461445,253.0,3139.0
4263,71,75,72,76,2.7696182370649396,17.781667164897954,2.7696182370649396,17.781667164897954,254.0,4030.0
4488,83,90,84,91,2.7687220062830185,14.956459936104691,2.7687220062830185,14.956459936104691,255.0,4105.0
3337,46,49,47,50,2.7676325697128323,70.84997050292213,2.7676325697128323,70.84997050292213,256.0,2560.0
4013,62,77,63,78,2.765175437897706,234.9392774997148,2.765175437897706,234.9392774997148,257.0,1218.0
2697,34,63,35,64,2.7624902323467047,-64.27947464724457,2.7624902323467047,64.27947464724457,258.0,2726.0
4296,72,85,73,86,2.762440670049747,168.84078821612866,2.762440670049747,168.84078821612866,259.0,1525.0
2769,35,75,36,76,2.7617779299884186,-29.997147711051184,2.7617779299884186,29.997147711051184,260.0,3687.0
2585,32,74,33,75,2.754529879907703,19.08611119436091,2.754529879907703,19.08611119436091,261.0,3996.0
3518,49,89,50,90,2.7542283966892747,-672.029423120222,2.7542283966892747,672.029423120222,262.0,276.0
1840,21,77,22,78,2.74866832885796,102.10356844153694,2.74866832885796,102.10356844153694,263.0,2057.0
2391,29,72,30,73,2.7480089510630075,223.21458031541988,2.7480089510630075,223.21458031541988,264.0,1271.0
3191,43,53,44,54,2.7438069897910404,-306.6486069004424,2.7438069897910404,306.6486069004424,265.0,978.0
2174,26,56,27,57,2.740134523209184,-10.656950563521605,2.740134523209184,10.656950563521605,266.0,4231.0
692,7,56,8,57,2.739694938012549,-311.07345119867136,2.739694938012549,311.07345119867136,267.0,965.0
3750,55,66,56,67,2.7358957015354592,7.163734224571726,2.7358957015354592,7.163734224571726,268.0,4337.0
2528,31,80,32,81,2.734922014098494,60.28629265964264,2.734922014098494,60.28629265964264,269.0,2834.0
2231,27,45,28,46,2.7342688627227583,17.900885296467095,2.7342688627227583,17.900885296467095,270.0,4028.0
4347,74,93,75,94,2.7315524005472938,-31.04235792669806,2.7315524005472938,31.04235792669806,271.0,3664.0
3802,56,79,57,80,2.7224201114834963,121.27126838955836,2.7224201114834963,121.27126838955836,272.0,1862.0
248,2,62,3,63,2.721862597906915,-5.530708311464423,2.721862597906915,5.530708311464423,273.0,4382.0
1506,17,45,18,46,2.721514042959215,-264.12888843291614,2.721514042959215,264.12888843291614,274.0,1122.0
1569,18,31,19,32,2.7178651122419937,4.020103428035327,2.7178651122419937,4.020103428035327,275.0,4420.0
2459,30,75,31,76,2.712008044214086,-236.7203192446658,2.712008044214086,236.7203192446658,276.0,1211.0
4396,77,85,78,86,2.7072773354223143,99.10245500703604,2.7072773354223143,99.10245500703604,277.0,2096.0
207,2,21,3,22,2.705355488867169,35.968075199989926,2.705355488867169,35.968075199989926,278.0,3516.0
3286,45,47,46,48,2.704715786556939,65.33957172758255,2.704715786556939,65.33957172758255,279.0,2704.0
2080,25,31,26,32,2.7035448461592173,-263.75273205922986,2.7035448461592173,263.75273205922986,280.0,1123.0
2167,26,49,27,50,2.7031241892769984,59.836059667339214,2.7031241892769984,59.836059667339214,281.0,2852.0
3935,60,66,61,67,2.7028692796743043,-84.76678030020685,2.7028692796743043,84.76678030020685,282.0,2313.0
685,7,49,8,50,2.702684604080364,-200.98782801886432,2.702684604080364,200.98782801886432,283.0,1358.0
1269,14,45,15,46,2.699887696568632,-340.5965099697004,2.699887696568632,340.5965099697004,284.0,877.0
601,6,53,7,54,2.699276137673257,0.5595060117393587,2.699276137673257,0.5595060117393587,285.0,4547.0
1449,16,66,17,67,2.698230597358542,-4.088544171452668,2.698230597358542,4.088544171452668,286.0,4417.0
3593,51,75,52,76,2.695034327318309,36.51777350498924,2.695034327318309,36.51777350498924,287.0,3502.0
3354,46,66,47,67,2.6938630755996265,58.87097416169058,2.6938630755996265,58.87097416169058,288.0,2881.0
2396,29,77,30,78,2.6928456164355747,103.96237062209184,2.6928456164355747,103.96237062209184,289.0,2035.0
513,5,54,6,55,2.68909992716374,120.44738070335576,2.68909992716374,120.44738070335576,290.0,1869.0
2913,38,45,39,46,2.688766813735696,-12.517773504988554,2.688766813735696,12.517773504988554,291.0,4173.0
3455,48,72,49,73,2.687519101589044,36.95075535820661,2.687519101589044,36.95075535820661,292.0,3489.0
3685,53,82,54,83,2.68610427235064,-53.56200769152747,2.68610427235064,53.56200769152747,293.0,3023.0
3508,49,79,50,80,2.6854097775513113,62.671700022820005,2.6854097775513113,62.671700022820005,294.0,2770.0
4147,66,89,67,90,2.680458902576069,-4.230924128095012,2.680458902576069,4.230924128095012,295.0,4414.0
2498,31,50,32,51,2.680416874246362,-170.45078970955524,2.680416874246362,170.45078970955524,296.0,1513.0
1763,20,74,21,75,2.677643938448611,-12.69047681258644,2.677643938448611,12.69047681258644,297.0,4167.0
3310,45,71,46,72,2.673648694294608,4.361551415458962,2.673648694294608,4.361551415458962,298.0,4411.0
4308,73,75,74,76,2.6735404791286377,57.80016914387852,2.6735404791286377,57.80016914387852,299.0,2909.0
3040,40,61,41,62,2.6685832532057954,61.93907139162548,2.6685832532057954,61.93907139162548,300.0,2795.0
3722,54,78,55,79,2.6666675085414813,780.6106956160703,2.6666675085414813,780.6106956160703,301.0,186.0
3672,53,69,54,70,2.66654397638424,239.3410286755665,2.66654397638424,239.3410286755665,302.0,1203.0
2739,35,45,36,46,2.665808387218087,-33.70084123657762,2.665808387218087,33.70084123657762,303.0,3583.0
271,2,85,3,86,2.6639644954315234,-31.00410312884287,2.6639644954315234,31.00410312884287,304.0,3666.0
149,1,56,2,57,2.6615180107932552,-44.54816555864045,2.6615180107932552,44.54816555864045,305.0,3268.0
3689,53,86,54,87,2.6592035262423623,-14.548096855944095,2.6592035262423623,14.548096855944095,306.0,4117.0
3984,61,81,62,82,2.657048313495009,-3.187033455039,2.657048313495009,3.187033455039,307.0,4450.0
215,2,29,3,30,2.649532776444784,74.5953965351996,2.649532776444784,74.5953965351996,308.0,2489.0
840,9,31,10,32,2.6451925886662258,-11.094454857439814,2.6451925886662258,11.094454857439814,309.0,4212.0
4032,63,64,64,65,2.6436353612203574,-41.7899421252805,2.6436353612203574,41.7899421252805,310.0,3350.0
2042,24,63,25,64,2.6416265938529597,34.18098536365869,2.6416265938529597,34.18098536365869,311.0,3566.0
2688,34,54,35,55,2.6391498488173033,53.1510055261856,2.6391498488173033,53.1510055261856,312.0,3038.0
3460,48,77,49,78,2.632355766961611,342.1672806361641,2.632355766961611,342.1672806361641,313.0,874.0
2184,26,66,27,67,2.629354695163793,-101.16839407066529,2.629354695163793,101.16839407066529,314.0,2066.0
702,7,66,8,67,2.628915109967158,-178.77137144360358,2.628915109967158,178.77137144360358,315.0,1464.0
2894,37,83,38,84,2.6258924324946613,53.228422448306446,2.6258924324946613,53.228422448306446,316.0,3036.0
142,1,49,2,50,2.6245076768610702,76.3406851620839,2.6245076768610702,76.3406851620839,317.0,2454.0
2490,31,42,32,43,2.6238631179438516,-914.5849634085116,2.6238631179438516,914.5849634085116,318.0,105.0
1335,15,31,16,32,2.6168052849701784,-291.4299234561797,2.6168052849701784,291.4299234561797,319.0,1029.0
2429,30,45,31,46,2.6160385014437546,-738.3500048542704,2.6160385014437546,738.3500048542704,320.0,208.0
4137,66,79,67,80,2.6116402834381054,97.27140579495152,2.6116402834381054,97.27140579495152,321.0,2118.0
4196,68,83,69,84,2.6103563101825453,50.83737920992917,2.6103563101825453,50.83737920992917,322.0,3097.0
2540,31,92,32,93,2.609714202917893,-624.6648133077244,2.609714202917893,624.6648133077244,323.0,339.0
2998,39,74,40,75,2.6077663921946184,20.924115824237106,2.6077663921946184,20.924115824237106,324.0,3945.0
1041,11,63,12,64,2.6065073479649934,89.90324957086159,2.6065073479649934,89.90324957086159,325.0,2235.0
3844,57,83,58,84,2.60345042518681,580.9382327679104,2.60345042518681,580.9382327679104,326.0,406.0
3683,53,80,54,81,2.6024536999987467,-672.7632338886142,2.6024536999987467,672.7632338886142,327.0,274.0
3781,56,58,57,59,2.600852887618367,-60.50413748019128,2.600852887618367,60.50413748019128,328.0,2828.0
309,3,31,4,32,2.600582287439249,1.7828493020956555,2.600582287439249,1.7828493020956555,329.0,4505.0
3290,45,51,46,52,2.599064784547977,-5.744938017723598,2.599064784547977,5.744938017723598,330.0,4378.0
234,2,48,3,49,2.58904292697082,-66.22862855639642,2.58904292697082,66.22862855639642,331.0,2670.0
1591,18,53,19,54,2.5853967981422463,-520.5143644987893,2.5853967981422463,520.5143644987893,332.0,503.0
3906,59,72,60,73,2.584464827714027,185.65667575273528,2.584464827714027,185.65667575273528,333.0,1429.0
1136,12,75,13,76,2.5838464197575153,59.11268202563406,2.5838464197575153,59.11268202563406,334.0,2873.0
1144,12,83,13,84,2.5828845625170596,747.2750209092408,2.5828845625170596,747.2750209092408,335.0,202.0
3312,45,73,46,74,2.577570936358306,37.617307520378745,2.577570936358306,37.617307520378745,336.0,3474.0
754,8,31,9,32,2.5728110256604118,70.27251922945243,2.5728110256604118,70.27251922945243,337.0,2577.0
2102,25,53,26,54,2.57107653205947,-59.32245799388966,2.57107653205947,59.32245799388966,338.0,2868.0
3487,49,58,50,59,2.563842553686182,-24.03081136550918,2.563842553686182,24.03081136550918,339.0,3856.0
3836,57,75,58,76,2.563280557087765,32.58837241471156,2.563280557087765,32.58837241471156,340.0,3621.0
3745,55,61,56,62,2.55830016888544,59.89392987867541,2.55830016888544,59.89392987867541,341.0,2848.0
4188,68,75,69,76,2.5563746720920295,-32.4890445074102,2.5563746720920295,32.4890445074102,342.0,3622.0
3807,56,84,57,85,2.554899547766545,-264.1752807857604,2.554899547766545,264.1752807857604,343.0,1121.0
1645,19,31,20,32,2.5531754522856924,-474.2354465687952,2.5531754522856924,474.2354465687952,344.0,596.0
159,1,66,2,67,2.5507381827478643,-128.651039877534,2.5507381827478643,128.651039877534,345.0,1793.0
2583,32,72,33,73,2.5501374578219256,267.4391057429734,2.5501374578219256,267.4391057429734,346.0,1106.0
1982,23,74,24,75,2.5492813251797544,-215.958755507803,2.5492813251797544,215.958755507803,347.0,1304.0
3527,50,53,51,54,2.5479485601466147,47.78180457029112,2.5479485601466147,47.78180457029112,348.0,3179.0
2500,31,52,32,53,2.54256538488522,-51.493498245413775,2.54256538488522,51.493498245413775,349.0,3079.0
2886,37,75,38,76,2.5408385497799135,-568.0143301474409,2.5408385497799135,568.0143301474409,350.0,424.0
3999,62,63,63,64,2.5390712429497038,11.892885146870412,2.5390712429497038,11.892885146870412,351.0,4189.0
4345,74,91,75,92,2.536669277208829,-84.03415166901186,2.536669277208829,84.03415166901186,352.0,2326.0
3911,59,77,60,78,2.5293014930865945,33.50170450309952,2.5293014930865945,33.50170450309952,353.0,3590.0
4304,72,93,73,94,2.527159978461516,162.05022067090113,2.527159978461516,162.05022067090113,354.0,1557.0
3930,60,61,61,62,2.525273747024285,13.530570906071262,2.525273747024285,13.530570906071262,355.0,4146.0
3107,41,74,42,75,2.523222764534604,-648.961119782198,2.523222764534604,648.961119782198,356.0,301.0
1826,21,63,22,64,2.522564133909958,125.5640971551361,2.522564133909958,125.5640971551361,357.0,1816.0
1444,16,61,17,62,2.5206350647085225,95.75857404252064,2.5206350647085225,95.75857404252064,358.0,2151.0
3708,54,64,55,65,2.5202949776909556,-143.91722910914177,2.5202949776909556,143.91722910914177,359.0,1677.0
2033,24,54,25,55,2.5182862103235584,-404.59539653519937,2.5182862103235584,404.59539653519937,360.0,728.0
3513,49,84,50,85,2.5178892138343594,-175.53063960876784,2.5178892138343594,175.53063960876784,361.0,1474.0
3349,46,61,47,62,2.516267542949607,27.274814801151024,2.516267542949607,27.274814801151024,362.0,3772.0
862,9,53,10,54,2.5127242745664784,-231.0941800466537,2.5127242745664784,231.0941800466537,363.0,1237.0
3044,40,65,41,66,2.511796538103326,48.77471174710627,2.511796538103326,48.77471174710627,364.0,3147.0
3992,61,89,62,90,2.5028633699260494,-24.321069748602213,2.5028633699260494,24.321069748602213,365.0,3848.0
4110,65,81,66,82,2.50026159839254,-15.184737883340404,2.50026159839254,15.184737883340404,366.0,4101.0
968,10,74,11,75,2.496524127994071,-59.92313979512937,2.496524127994071,59.92313979512937,367.0,2847.0
2588,32,77,33,78,2.4949741231944924,61.798010977573085,2.4949741231944924,61.798010977573085,368.0,2802.0
4316,73,83,74,84,2.493190503145937,521.2078997084143,2.493190503145937,521.2078997084143,369.0,501.0
3139,42,53,43,54,2.4913948038441043,17.49927152600867,2.4913948038441043,17.49927152600867,370.0,4040.0
4238,70,74,71,75,2.4905348730862116,-62.40342132760316,2.4905348730862116,62.40342132760316,371.0,2782.0
3864,58,66,59,67,2.4900730595729765,-8.968143902686279,2.4900730595729765,8.968143902686279,372.0,4283.0
1106,12,45,13,46,2.4878768769871837,39.387008812231215,2.4878768769871837,39.387008812231215,373.0,3415.0
245,2,59,3,60,2.4859886530958035,-11.39653461250782,2.4859886530958035,11.39653461250782,374.0,4202.0
1357,15,53,16,54,2.484336970870431,-83.75641587621567,2.484336970870431,83.75641587621567,375.0,2331.0
1032,11,54,12,55,2.483166964435592,-230.3314341725934,2.483166964435592,230.3314341725934,376.0,1239.0
4053,63,85,64,86,2.4811731404743123,-28.96014375309005,2.4811731404743123,28.96014375309005,377.0,3714.0
3695,53,92,54,93,2.4772458888181457,39.39632850441831,2.4772458888181457,39.39632850441831,378.0,3414.0
1761,20,72,21,73,2.4732515163628332,72.12895713561284,2.4732515163628332,72.12895713561284,379.0,2529.0
4404,77,93,78,94,2.471996643834083,146.01676312453264,2.471996643834083,146.01676312453264,380.0,1662.0
3601,51,83,52,84,2.471696654956266,407.6835900974911,2.471696654956266,407.6835900974911,381.0,721.0
331,3,53,4,54,2.4681139733395017,381.38728362301765,2.4681139733395017,381.38728362301765,382.0,768.0
3296,45,57,46,58,2.4673110143174335,21.135843850707715,2.4673110143174335,21.135843850707715,383.0,3943.0
2382,29,63,30,64,2.466741421487573,10.468040848641522,2.466741421487573,10.468040848641522,384.0,4236.0
4342,74,88,75,89,2.462886147237541,29.332753715184023,2.462886147237541,29.332753715184023,385.0,3705.0
3307,45,68,46,69,2.460405129321698,-67.33741356127757,2.460405129321698,67.33741356127757,386.0,2646.0
2481,31,33,32,34,2.4578919363845566,-1038.7365943546445,2.4578919363845566,1038.7365943546445,387.0,65.0
2543,31,95,32,96,2.4572204793363257,23.087224628861804,2.4572204793363257,23.087224628861804,388.0,3881.0
2467,30,83,31,84,2.4547229380604887,64.01892129083717,2.4547229380604887,64.01892129083717,389.0,2728.0
2809,36,56,37,57,2.4528184009507634,1.1648476590726204,2.4528184009507634,1.1648476590726204,390.0,4526.0
2179,26,61,27,62,2.4517591625137736,-8.276134343741887,2.4517591625137736,8.276134343741887,391.0,4306.0
218,2,32,3,33,2.4516612832037015,106.00973900404416,2.4516612832037015,106.00973900404416,392.0,2013.0
697,7,61,8,62,2.451319577317139,-243.2620861027649,2.451319577317139,243.2620861027649,393.0,1189.0
3245,44,56,45,57,2.4506648070724064,-235.4936356508069,2.4506648070724064,235.4936356508069,394.0,1215.0
1892,22,56,23,57,2.447919827896934,64.61501194868106,2.447919827896934,64.61501194868106,395.0,2714.0
2856,37,45,38,46,2.444869007009582,-153.24462885558887,2.444869007009582,153.24462885558887,396.0,1619.0
2542,31,94,32,95,2.444853067376389,27.7562097681257,2.444853067376389,27.7562097681257,397.0,3755.0
4142,66,84,67,85,2.4441197197211535,-119.6209226346682,2.4441197197211535,119.6209226346682,398.0,1875.0
73,0,74,1,75,2.4422504241441896,138.983168172771,2.4422504241441896,138.983168172771,399.0,1720.0
776,8,53,9,54,2.4403427115606644,-151.48779366751614,2.4403427115606644,151.48779366751614,400.0,1632.0
2284,28,31,29,32,2.440120319432324,1.8304237921374809,2.440120319432324,1.8304237921374809,401.0,4502.0
3982,61,79,62,80,2.434044750788086,211.6972261222886,2.434044750788086,211.6972261222886,402.0,1321.0
425,4,56,5,57,2.4333840031809064,43.42171719849466,2.4333840031809064,43.42171719849466,403.0,3291.0
279,2,93,3,94,2.428683803843292,40.88126988298518,2.428683803843292,40.88126988298518,404.0,3376.0
3799,56,76,57,77,2.4221610070728317,17.243515421087977,2.4221610070728317,17.243515421087977,405.0,4048.0
2538,31,90,32,91,2.4214327650813527,-174.5629150179388,2.4214327650813527,174.5629150179388,406.0,1480.0
1667,19,53,20,54,2.420707138185945,-47.95666604419421,2.420707138185945,47.95666604419421,407.0,3174.0
1766,20,77,21,78,2.4180881817354,441.9600750503937,2.4180881817354,441.9600750503937,408.0,656.0
1199,13,56,14,57,2.4179952835607006,-150.53989059825813,2.4179952835607006,150.53989059825813,409.0,1636.0
499,5,40,6,41,2.4179520722113432,220.33616272138352,2.4179520722113432,220.33616272138352,410.0,1285.0
2802,36,49,37,50,2.4158080670185784,149.03053655472286,2.4158080670185784,149.03053655472286,411.0,1648.0
3706,54,62,55,63,2.4157308594203024,-511.82458180884646,2.4157308594203024,511.82458180884646,412.0,519.0
3238,44,49,45,50,2.4136544731402214,-105.1510742288824,2.4136544731402214,105.1510742288824,413.0,2022.0
1885,22,49,23,50,2.4109094939647484,70.33720745318715,2.4109094939647484,70.33720745318715,414.0,2574.0
3614,52,53,53,54,2.4100970707854725,-21.710160928764253,2.4100970707854725,21.710160928764253,415.0,3930.0
3212,43,74,44,75,2.4089015982960413,380.0805440218563,2.4089015982960413,380.0805440218563,416.0,771.0
540,5,81,6,82,2.406417132500557,168.55609700553987,2.406417132500557,168.55609700553987,417.0,1528.0
3446,48,63,49,64,2.4062515720136095,-22.11059256202543,2.4062515720136095,22.11059256202543,418.0,3915.0
2777,35,83,36,84,2.404953052286156,25.766780300206847,2.404953052286156,25.766780300206847,419.0,3807.0
3790,56,67,57,68,2.403742511862223,64.30138563242417,2.403742511862223,64.30138563242417,420.0,2725.0
2996,39,72,40,73,2.4033739701088406,180.4252636100864,2.4033739701088406,180.4252636100864,421.0,1448.0
3749,55,65,56,66,2.4015134537829708,45.49808938881142,2.4015134537829708,45.49808938881142,422.0,3236.0
1817,21,54,22,55,2.3992237503805565,494.29929616881554,2.3992237503805565,494.29929616881554,423.0,548.0
4364,75,90,76,91,2.3980089759915564,-522.4993402287048,2.3980089759915564,522.4993402287048,424.0,497.0
4271,71,83,72,84,2.3971127452096352,196.67315697080343,2.3971127452096352,196.67315697080343,425.0,1383.0
418,4,49,5,50,2.3963736692487214,70.08952020055949,2.3963736692487214,70.08952020055949,426.0,2584.0
3057,40,78,41,79,2.395519653589084,47.20296505153419,2.395519653589084,47.20296505153419,427.0,3193.0
3810,56,87,57,88,2.3947272794796826,85.94143566601997,2.3947272794796826,85.94143566601997,428.0,2297.0
3505,49,76,50,77,2.3851506731406467,66.37309797664784,2.3851506731406467,66.37309797664784,429.0,2664.0
4409,78,81,79,82,2.3839847138782977,43.97732618948021,2.3839847138782977,43.97732618948021,430.0,3278.0
2951,38,83,39,84,2.3819946257685474,39.49579381711192,2.3819946257685474,39.49579381711192,431.0,3411.0
1192,13,49,14,50,2.380984949628515,-136.5121376297875,2.380984949628515,136.5121376297875,432.0,1737.0
2328,28,75,29,76,2.379321421640585,5.845448062221749,2.379321421640585,5.845448062221749,433.0,4377.0
206,2,20,3,21,2.374775341744609,6.99819244285527,2.374775341744609,6.99819244285527,434.0,4343.0
4368,75,94,76,95,2.37458867369652,61.53975319286474,2.37458867369652,61.53975319286474,435.0,2805.0
154,1,61,2,62,2.373142650097845,-37.2958184599197,2.373142650097845,37.2958184599197,436.0,3480.0
1307,14,83,15,84,2.3708737429356113,52.8661769102041,2.3708737429356113,52.8661769102041,437.0,3044.0
3934,60,65,61,66,2.3684870319218154,-70.0458356355939,2.3684870319218154,70.0458356355939,438.0,2586.0
2674,34,40,35,41,2.3680019938649055,200.03762937790816,2.3680019938649055,200.03762937790816,439.0,1365.0
3496,49,67,50,68,2.3667321779300377,92.40203308231504,2.3667321779300377,92.40203308231504,440.0,2198.0
3419,47,83,48,84,2.3660456529473044,287.7495291611202,2.3660456529473044,287.7495291611202,441.0,1038.0
622,6,74,7,75,2.3643707461782575,39.234264431597694,2.3643707461782575,39.234264431597694,442.0,3424.0
1448,16,65,17,66,2.363848349606053,-17.44167612545789,2.363848349606053,17.44167612545789,443.0,4042.0
4369,75,95,76,96,2.3622212617365834,68.91590956655091,2.3622212617365834,68.91590956655091,444.0,2610.0
2648,33,75,34,76,2.3615498046883525,-130.35341386046974,2.3615498046883525,130.35341386046974,445.0,1781.0
3353,46,65,47,66,2.359480827847138,34.47040512303647,2.359480827847138,34.47040512303647,446.0,3558.0
3729,54,85,55,86,2.357832756944911,299.36412179794377,2.357832756944911,299.36412179794377,447.0,1000.0
3516,49,87,50,88,2.357716945547497,94.59185012360648,2.357716945547497,94.59185012360648,448.0,2171.0
2715,34,81,35,82,2.3564670541541197,291.0260828167193,2.3564670541541197,291.0260828167193,449.0,1030.0
4336,74,82,75,83,2.351198880855641,24.418308192294266,2.351198880855641,24.418308192294266,450.0,3845.0
1544,17,83,18,84,2.349247396545028,42.23537786609813,2.349247396545028,42.23537786609813,451.0,3335.0
3001,39,77,40,78,2.348210635481408,161.15336980058055,2.348210635481408,161.15336980058055,452.0,1567.0
4118,65,89,66,90,2.3460766548235803,-347.54789074785424,2.3460766548235803,347.54789074785424,453.0,852.0
1980,23,72,24,73,2.3448889030939766,1284.4023765957986,2.3448889030939766,1284.4023765957986,454.0,27.0
2373,29,54,30,55,2.343401037958172,238.21944626960283,2.343401037958172,238.21944626960283,455.0,1205.0
2819,36,66,37,67,2.3420385729053725,70.27954334994115,2.3420385729053725,70.27954334994115,456.0,2576.0
3255,44,66,45,67,2.3398849790270155,562.7507112983177,2.3398849790270155,562.7507112983177,457.0,430.0
1902,22,66,23,67,2.337139999851543,70.44153872006473,2.337139999851543,70.44153872006473,458.0,2571.0
2269,27,83,28,84,2.336492576781485,900.1222765286072,2.336492576781485,900.1222765286072,459.0,113.0
4302,72,91,73,92,2.3322768551230517,168.66954185651457,2.3322768551230517,168.66954185651457,460.0,1526.0
4213,69,74,70,75,2.331638584889241,192.7900795306737,2.331638584889241,192.7900795306737,461.0,1399.0
2626,33,53,34,54,2.3254236222848093,15.46685871144473,2.3254236222848093,15.46685871144473,462.0,4095.0
3698,53,95,54,96,2.3247521652365783,-559.8430837878268,2.3247521652365783,559.8430837878268,463.0,434.0
4340,74,86,75,87,2.3242981347473632,-24.349028825162804,2.3242981347473632,24.349028825162804,464.0,3846.0
435,4,66,5,67,2.3226041751355155,32.872087596191705,2.3226041751355155,32.872087596191705,465.0,3613.0
3105,41,72,42,73,2.3188303424488264,825.792375102372,2.3188303424488264,825.792375102372,466.0,160.0
2242,27,56,28,57,2.315277174059144,-41.972941154172986,2.315277174059144,41.972941154172986,467.0,3346.0
3859,58,61,59,62,2.312477526922957,-21.795784108571297,2.312477526922957,21.795784108571297,468.0,3927.0
3697,53,94,54,95,2.3123847532766417,-153.04851616780138,2.3123847532766417,153.04851616780138,469.0,1620.0
4134,66,76,67,77,2.311381179027441,-8.891771712369518,2.311381179027441,8.891771712369518,470.0,4286.0
514,5,55,6,56,2.3076689878909873,133.40676163110584,2.3076689878909873,133.40676163110584,471.0,1762.0
2306,28,53,29,54,2.3076520053325766,-94.93343551642374,2.3076520053325766,94.93343551642374,472.0,2166.0
1209,13,66,14,67,2.3072154555153097,113.81080837865602,2.3072154555153097,113.81080837865602,473.0,1940.0
225,2,39,3,40,2.304897795490617,42.27829251004687,2.304897795490617,42.27829251004687,474.0,3333.0
3897,59,63,60,64,2.303197298138593,23.463381002547976,2.303197298138593,23.463381002547976,475.0,3875.0
1517,17,56,18,57,2.302522354295601,-228.04556082480752,2.302522354295601,228.04556082480752,476.0,1250.0
3329,45,90,46,91,2.302039433221225,-524.4009196478149,2.302039433221225,524.4009196478149,477.0,493.0
2183,26,65,27,66,2.294972447411304,-27.489113210106552,2.294972447411304,27.489113210106552,478.0,3765.0
701,7,65,8,66,2.2945328622146697,-483.4009883505116,2.2945328622146697,483.4009883505116,479.0,569.0
4125,66,67,67,68,2.2929626838168318,-47.86283660670142,2.2929626838168318,47.86283660670142,480.0,3176.0
966,10,72,11,73,2.292131705908293,241.7643473231151,2.292131705908293,241.7643473231151,481.0,1195.0
1985,23,77,24,78,2.289725568466544,200.91841124633947,2.289725568466544,200.91841124633947,482.0,1360.0
3693,53,90,54,91,2.2889644509816054,25.34075386478025,2.2889644509816054,25.34075386478025,483.0,3822.0
4236,70,72,71,73,2.286142451000434,86.28754349953715,2.286142451000434,86.28754349953715,484.0,2293.0
3392,47,56,48,57,2.2857240978933246,-88.1546206404746,2.2857240978933246,88.1546206404746,485.0,2266.0
3762,55,78,56,79,2.2852365692687284,34.30249906692552,2.2852365692687284,34.30249906692552,486.0,3564.0
4145,66,87,67,88,2.2839474514342917,-79.52834403706947,2.2839474514342917,79.52834403706947,487.0,2389.0
2298,28,45,29,46,2.2833518788702536,44.85240348001344,2.2833518788702536,44.85240348001344,488.0,3260.0
3437,48,54,49,55,2.282911188484208,260.26917892595,2.282911188484208,260.26917892595,489.0,1133.0
1280,14,56,15,57,2.280896007905018,47.80746807515318,2.280896007905018,47.80746807515318,490.0,3178.0
3333,45,94,46,95,2.2786191309261885,81.09647561835118,2.2786191309261885,81.09647561835118,491.0,2370.0
2485,31,37,32,38,2.2786031912929956,-779.0536983797969,2.2786031912929956,779.0536983797969,492.0,187.0
2235,27,49,28,50,2.278266840126959,53.29554364913383,2.278266840126959,53.29554364913383,493.0,3033.0
4108,65,79,66,80,2.277258035685617,64.55484616564581,2.277258035685617,64.55484616564581,494.0,2716.0
4402,77,91,78,92,2.2771135204956185,885.1580983493706,2.2771135204956185,885.1580983493706,495.0,123.0
3636,52,75,53,76,2.2768763561876892,-674.0143988501375,2.2768763561876892,674.0143988501375,496.0,271.0
519,5,60,6,61,2.2746425660298324,10.964666193790435,2.2746425660298324,10.964666193790435,497.0,4220.0
475,5,16,6,17,2.27000388371407,36.89058957517227,2.27000388371407,36.89058957517227,498.0,3495.0
2924,38,56,39,57,2.269775125072082,-238.8592214924124,2.269775125072082,238.8592214924124,499.0,1204.0
2574,32,63,33,64,2.268869928246491,72.51895564218603,2.268869928246491,72.51895564218603,500.0,2520.0
4334,74,80,75,81,2.2675483085037476,-259.8720188934951,2.2675483085037476,259.8720188934951,501.0,1134.0
3987,61,84,62,85,2.266524187071134,227.49836419959684,2.266524187071134,227.49836419959684,502.0,1255.0
1689,19,75,20,76,2.2662662887872167,-332.2470618326804,2.2662662887872167,332.2470618326804,503.0,899.0
3334,45,95,46,96,2.266251718966252,47.99346389406492,2.266251718966252,47.99346389406492,504.0,3170.0
505,5,46,6,47,2.265636361955155,229.2389929803876,2.265636361955155,229.2389929803876,505.0,1241.0
2618,33,45,34,46,2.265580261918021,-527.7446632069372,2.265580261918021,527.7446632069372,506.0,486.0
1510,17,49,18,50,2.265512020363416,-813.8361283700351,2.265512020363416,813.8361283700351,507.0,169.0
3110,41,77,42,78,2.263667007821393,199.12325255771475,2.263667007821393,199.12325255771475,508.0,1372.0
2516,31,68,32,69,2.2630670689808796,-101.86749645279497,2.2630670689808796,101.86749645279497,509.0,2061.0
4299,72,88,73,89,2.258493725151763,297.06538234637856,2.258493725151763,297.06538234637856,510.0,1006.0
2689,34,55,35,56,2.2577189095445505,89.16609849896668,2.2577189095445505,89.16609849896668,511.0,2249.0
4485,83,87,84,88,2.257042471360947,699.4833399295123,2.257042471360947,699.4833399295123,512.0,242.0
2505,31,57,32,58,2.256161183985144,-3.750711298317583,2.256161183985144,3.750711298317583,513.0,4429.0
3794,56,71,57,72,2.2546570056309942,-42.566667537621015,2.2546570056309942,42.566667537621015,514.0,3322.0
548,5,89,6,90,2.2522321889315973,-24.785282279187413,2.2522321889315973,24.785282279187413,515.0,3835.0
3947,60,78,61,79,2.2522101474075735,-59.98678328706001,2.2522101474075735,59.98678328706001,516.0,2845.0
1612,18,74,19,75,2.2504914066472472,-254.1856452097516,2.2504914066472472,254.1856452097516,517.0,1151.0
3043,40,64,41,65,2.2491471227385587,-52.00987640943731,2.2491471227385587,52.00987640943731,518.0,3068.0
3385,47,49,48,50,2.2487137639611396,65.71106825517563,2.2487137639611396,65.71106825517563,519.0,2691.0
4169,67,83,68,84,2.2480272389784064,622.1685314760583,2.2480272389784064,622.1685314760583,520.0,345.0
1461,16,78,17,79,2.247571465091811,24.067609215380344,2.247571465091811,24.067609215380344,521.0,3853.0
2019,24,40,25,41,2.2471383553711606,60.452947875859536,2.2471383553711606,60.452947875859536,522.0,2829.0
2750,35,56,36,57,2.246816698554473,-39.85476775440884,2.246816698554473,39.85476775440884,523.0,3401.0
798,8,75,9,76,2.2466307154124974,91.7342987829461,2.2466307154124974,91.7342987829461,524.0,2214.0
209,2,23,3,24,2.246412728475753,117.03310693720766,2.246412728475753,117.03310693720766,525.0,1901.0
4061,63,93,64,94,2.2458924488860816,-13.493773056200098,2.2458924488860816,13.493773056200098,526.0,4147.0
1273,14,49,15,50,2.243885673972833,-536.5861455457093,2.243885673972833,536.5861455457093,527.0,471.0
3366,46,78,47,79,2.2432039433328956,-6.287680904930312,2.2432039433328956,6.287680904930312,528.0,4370.0
71,0,72,1,73,2.237858002058412,158.35584683756133,2.237858002058412,158.35584683756133,529.0,1586.0
4080,64,81,65,82,2.2376121830277724,-31.45544955564856,2.2376121830277724,31.45544955564856,530.0,3649.0
971,10,77,11,78,2.2369683712808603,244.4832025241194,2.2369683712808603,244.4832025241194,531.0,1186.0
2123,25,74,26,75,2.2361711405644704,4.873132327995791,2.2361711405644704,4.873132327995791,532.0,4395.0
2060,24,81,25,82,2.235603415660375,60.57334814462638,2.235603415660375,60.57334814462638,533.0,2827.0
1092,12,31,13,32,2.235595321315394,58.83494623283741,2.235595321315394,58.83494623283741,534.0,2883.0
277,2,91,3,92,2.2338006805048276,75.30729631841177,2.2338006805048276,75.30729631841177,535.0,2472.0
1226,13,83,14,84,2.233774467279929,10.413717048897524,2.233774467279929,10.413717048897524,536.0,4239.0
2917,38,49,39,50,2.2327647911398967,-623.7620517514167,2.2327647911398967,623.7620517514167,537.0,342.0
4241,70,77,71,78,2.2309791163730006,181.2598592337631,2.2309791163730006,181.2598592337631,538.0,1445.0
4417,78,89,79,90,2.229799770309338,-316.54677731335323,2.229799770309338,316.54677731335323,539.0,939.0
4376,76,83,77,84,2.2296087437677974,478.31320700439926,2.2296087437677974,478.31320700439926,540.0,584.0
2694,34,60,35,61,2.224692487683395,121.21937756690636,2.224692487683395,121.21937756690636,541.0,1863.0
227,2,41,3,42,2.2203541678306022,-189.28058808174544,2.2203541678306022,189.28058808174544,542.0,1415.0
1417,16,34,17,35,2.2200538053676326,124.95548390699672,2.2200538053676326,124.95548390699672,543.0,1824.0
353,3,75,4,76,2.21885945363366,70.1092043167373,2.21885945363366,70.1092043167373,544.0,2583.0
452,4,83,5,84,2.2183857476597226,-23.11038645393569,2.2183857476597226,23.11038645393569,545.0,3880.0
3500,49,71,50,72,2.217646671698809,46.96800649729266,2.217646671698809,46.96800649729266,546.0,3200.0
158,1,65,2,66,2.216355934995376,8.127774998415134,2.216355934995376,8.127774998415134,547.0,4310.0
2680,34,46,35,47,2.2156862836087177,656.6904768125864,2.2156862836087177,656.6904768125864,548.0,294.0
3548,50,74,51,75,2.213043168651615,3.2574949593681595,2.213043168651615,3.2574949593681595,549.0,4448.0
1018,11,40,12,41,2.2120191094831947,86.2897703685394,2.2120191094831947,86.2897703685394,550.0,2292.0
2743,35,49,36,50,2.209806364622288,-14.013354118333154,2.209806364622288,14.013354118333154,551.0,4131.0
4366,75,92,76,93,2.209727538155016,-408.1498233889881,2.209727538155016,408.1498233889881,552.0,718.0
3210,43,72,44,73,2.2045091762102635,462.6198779028639,2.2045091762102635,462.6198779028639,553.0,614.0
2252,27,66,28,67,2.204497346013753,-91.91493353744364,2.204497346013753,91.91493353744364,554.0,2210.0
1919,22,83,23,84,2.2038499229436956,664.4694977966253,2.2038499229436956,664.4694977966253,555.0,287.0
4399,77,88,78,89,2.2033303905243304,1305.5608942570266,2.2033303905243304,1305.5608942570266,556.0,22.0
1379,15,75,16,76,2.2026364561027307,-254.8524034800137,2.2026364561027307,254.8524034800137,557.0,1149.0
2723,34,89,35,90,2.20228211058516,55.25283511327461,2.20228211058516,55.25283511327461,558.0,2980.0
485,5,26,6,27,2.2011279815193214,50.60471622738624,2.2011279815193214,50.60471622738624,559.0,3106.0
3272,44,83,45,84,2.2011049437682226,-46.507546486390765,2.2011049437682226,46.507546486390765,560.0,3214.0
466,5,7,6,8,2.2006883963226866,516.2309928307916,2.2006883963226866,516.2309928307916,561.0,511.0
1059,11,81,12,82,2.200484169772409,181.0641315064845,2.200484169772409,181.0641315064845,562.0,1446.0
2836,36,83,37,84,2.1989513498898656,302.4520405494493,2.1989513498898656,302.4520405494493,563.0,994.0
2440,30,56,31,57,2.1970468127801404,-1109.36739339875,2.1970468127801404,1109.36739339875,564.0,49.0
3161,42,75,43,76,2.1955786231290575,-326.7978735721801,2.1955786231290575,326.7978735721801,565.0,910.0
196,2,10,3,11,2.1936555312900694,-15.854836457105192,2.1936555312900694,15.854836457105192,566.0,4084.0
1752,20,63,21,64,2.1919839867873985,71.51436449878929,2.1919839867873985,71.51436449878929,567.0,2541.0
1527,17,66,18,67,2.19174252625021,-5.102455007036042,2.19174252625021,5.102455007036042,568.0,4387.0
256,2,70,3,71,2.1876662763822097,-61.78882869077961,2.1876662763822097,61.78882869077961,569.0,2803.0
538,5,79,6,80,2.183413569793634,146.49822679420367,2.183413569793634,146.49822679420367,570.0,1658.0
76,0,77,1,78,2.182694667430979,592.5723721155186,2.182694667430979,592.5723721155186,571.0,391.0
3291,45,52,46,53,2.1809068134173577,-251.1960783364393,2.1809068134173577,251.1960783364393,572.0,1162.0
3574,51,56,52,57,2.1800730958843633,-55.15232506877646,2.1800730958843633,55.15232506877646,573.0,2982.0
3703,54,59,55,60,2.179856914609191,-258.40328392221,2.179856914609191,258.40328392221,574.0,1140.0
2196,26,78,27,79,2.178695562897062,8.264381674463493,2.178695562897062,8.264381674463493,575.0,4308.0
714,7,78,8,79,2.1782559777004273,-368.77944029589617,2.1782559777004273,368.77944029589617,576.0,810.0
883,9,74,10,75,2.1778188830714793,323.4567690982392,2.1778188830714793,323.4567690982392,577.0,925.0
3402,47,66,48,67,2.1749442698479338,-47.17764506015556,2.1749442698479338,47.17764506015556,578.0,3194.0
884,9,75,10,76,2.1742491524066834,44.66244903332881,2.1742491524066834,44.66244903332881,579.0,3264.0
1659,19,45,20,46,2.170296746016885,-280.8859297290787,2.170296746016885,280.8859297290787,580.0,1057.0
1290,14,66,15,67,2.170116179859627,-35.05383578519013,2.170116179859627,35.05383578519013,581.0,3535.0
2814,36,61,37,62,2.164443040255353,60.16255208737448,2.164443040255353,60.16255208737448,582.0,2839.0
3250,44,61,45,62,2.162289446376996,-39.55380143384173,2.162289446376996,39.55380143384173,583.0,3407.0
4407,78,79,79,80,2.1609811511713746,81.77478044980262,2.1609811511713746,81.77478044980262,584.0,2353.0
2433,30,49,31,50,2.1600364788479554,-83.378871257242,2.1600364788479554,83.378871257242,585.0,2336.0
274,2,88,3,89,2.1600175505335395,11.876747442284795,2.1600175505335395,11.876747442284795,586.0,4191.0
620,6,72,7,73,2.1599783240924797,346.3557781348645,2.1599783240924797,346.3557781348645,587.0,856.0
1897,22,61,23,62,2.1595444672015236,131.33032073809227,2.1595444672015236,131.33032073809227,588.0,1776.0
2934,38,66,39,67,2.1589952970266912,2.0422205213048983,2.1589952970266912,2.0422205213048983,589.0,4490.0
3796,56,73,57,74,2.158579247694692,17.479587409830856,2.158579247694692,17.479587409830856,590.0,4041.0
3160,42,74,43,75,2.1564894123491047,33.190236353148066,2.1564894123491047,33.190236353148066,591.0,3597.0
3863,58,65,59,66,2.1556908118204876,-35.97635016037248,2.1556908118204876,35.97635016037248,592.0,3515.0
2152,26,34,27,35,2.1511779031728837,95.04924464179317,2.1511779031728837,95.04924464179317,593.0,2163.0
670,7,34,8,35,2.1507383179762494,72.50288664029722,2.1507383179762494,72.50288664029722,594.0,2521.0
768,8,45,9,46,2.150661172642166,97.77366701530173,2.150661172642166,97.77366701530173,595.0,2112.0
1378,15,74,16,75,2.149431579375432,-28.02030953612484,2.149431579375432,28.02030953612484,596.0,3745.0
3215,43,77,44,78,2.1493458415828304,431.1800093345505,2.1493458415828304,431.1800093345505,597.0,674.0
4293,72,82,73,83,2.146806458769863,210.8743144651935,2.146806458769863,210.8743144651935,598.0,1327.0
2864,37,53,38,54,2.1461348771932482,-4.6546549918230085,2.1461348771932482,4.6546549918230085,599.0,4403.0
2521,31,73,32,74,2.1459012619442714,15.305976775820454,2.1459012619442714,15.305976775820454,600.0,4097.0
2565,32,54,33,55,2.145529544717089,-640.9935325967622,2.145529544717089,640.9935325967622,601.0,307.0
430,4,61,5,62,2.145008642485496,64.41017063730533,2.145008642485496,64.41017063730533,602.0,2722.0
3041,40,62,41,63,2.144583004467905,88.45072100685866,2.144583004467905,88.45072100685866,603.0,2260.0
4129,66,71,67,72,2.1438771775856034,-66.2389929803876,2.1438771775856034,66.2389929803876,604.0,2669.0
3480,49,51,50,52,2.1430627619521783,47.47263199203917,2.1430627619521783,47.47263199203917,605.0,3186.0
4346,74,92,75,93,2.1423404973231466,-65.73909603443235,2.1423404973231466,65.73909603443235,606.0,2689.0
1,0,2,1,3,2.139381827440188,107.03178739461691,2.139381827440188,107.03178739461691,607.0,2005.0
3549,50,75,51,76,2.139024866826547,-49.64526659693957,2.139024866826547,49.64526659693957,608.0,3130.0
3748,55,64,56,65,2.1388640384182027,10.626695915262644,2.1388640384182027,10.626695915262644,609.0,4232.0
2034,24,55,25,56,2.1368552710508055,68.82910424954753,2.1368552710508055,68.82910424954753,610.0,2612.0
2760,35,66,36,67,2.136036870509082,998.3375509666704,2.136036870509082,998.3375509666704,611.0,74.0
3979,61,76,62,77,2.1337856463774214,-7.346733253464208,2.1337856463774214,7.346733253464208,612.0,4330.0
2713,34,79,35,80,2.1334634914471966,98.85247218271024,2.1334634914471966,98.85247218271024,613.0,2102.0
352,3,74,4,75,2.133208581844502,596.3271178399829,2.133208581844502,596.3271178399829,614.0,381.0
4017,62,81,63,82,2.1330480647571193,75.57459898452043,2.1330480647571193,75.57459898452043,615.0,2467.0
3671,53,68,54,69,2.1305987548811323,-91.85935889780558,2.1305987548811323,91.85935889780558,616.0,2212.0
1204,13,61,14,62,2.1296199228652903,133.73443618833903,2.1296199228652903,133.73443618833903,617.0,1759.0
1803,21,40,22,41,2.128075895428159,70.41128407180622,2.128075895428159,70.41128407180622,618.0,2572.0
4211,69,72,70,73,2.127246162803463,889.251859084167,2.127246162803463,889.251859084167,619.0,119.0
2499,31,51,32,52,2.1244074137546,-0.2680654914488514,2.1244074137546,0.2680654914488514,620.0,4556.0
3660,53,57,54,58,2.1236928698853967,-515.8407195134318,2.1236928698853967,515.8407195134318,621.0,512.0
323,3,45,4,46,2.1228899108633286,89.32218318310333,2.1228899108633286,89.32218318310333,622.0,2246.0
3737,54,93,55,94,2.12255206535668,191.18355574614293,2.12255206535668,191.18355574614293,623.0,1407.0
98,1,5,2,6,2.122511469103393,16.05147151079518,2.122511469103393,16.05147151079518,624.0,4080.0
2987,39,63,40,64,2.122106440533406,-54.50761518908712,2.122106440533406,54.50761518908712,625.0,3002.0
3502,49,73,50,74,2.121568913762507,56.17632551756469,2.121568913762507,56.17632551756469,626.0,2962.0
4297,72,86,73,87,2.1199057126615855,254.74702748133225,2.1199057126615855,254.74702748133225,627.0,1150.0
1844,21,81,22,82,2.1165409557173733,7.464563139745678,2.1165409557173733,7.464563139745678,628.0,4328.0
2124,25,75,26,76,2.115896894913692,-925.8905208724756,2.115896894913692,925.8905208724756,629.0,98.0
3970,61,67,62,68,2.1153671511668124,99.711136957872,2.1153671511668124,99.711136957872,630.0,2089.0
3331,45,92,46,93,2.1137579953846846,-594.0456295275042,2.1137579953846846,594.0456295275042,631.0,387.0
4113,65,84,66,85,2.109737471968665,-602.4866115303184,2.109737471968665,602.4866115303184,632.0,369.0
2415,30,31,31,32,2.107433696858823,-1116.193782764741,2.107433696858823,1116.193782764741,633.0,47.0
1349,15,45,16,46,2.106666913332399,-227.59776080959452,2.106666913332399,227.59776080959452,634.0,1253.0
3990,61,87,62,88,2.1063519187842723,69.8430837878268,2.1063519187842723,69.8430837878268,635.0,2591.0
229,2,43,3,44,2.1060330015920394,543.0562687622815,2.1060330015920394,543.0562687622815,636.0,462.0
3933,60,64,61,65,2.105837616557048,-158.8119218131569,2.105837616557048,158.8119218131569,637.0,1583.0
797,8,74,9,75,2.105437320065665,41.029560525615125,2.105437320065665,41.029560525615125,638.0,3369.0
625,6,77,7,78,2.104814989465047,179.58273653950982,2.104814989465047,179.58273653950982,639.0,1456.0
2039,24,60,25,61,2.10382884918965,-56.737982599931456,2.10382884918965,56.737982599931456,640.0,2943.0
1114,12,53,13,54,2.1031270072156465,-350.23537786609864,2.1031270072156465,350.23537786609864,641.0,848.0
1033,11,55,12,56,2.101736025162839,150.3314341725927,2.101736025162839,150.3314341725927,642.0,1639.0
1613,18,75,19,76,2.1015766288309154,52.10572660784237,2.1015766288309154,52.10572660784237,643.0,3066.0
1447,16,64,17,65,2.1011989342412853,-52.10475057873464,2.1011989342412853,52.10475057873464,644.0,3067.0
171,1,78,2,79,2.1000790504811335,-10.784237547382872,2.1000790504811335,10.784237547382872,645.0,4228.0
3131,42,45,43,46,2.099609080358726,-536.3742801138452,2.099609080358726,536.3742801138452,646.0,472.0
1407,16,24,17,25,2.0991901668738877,5.634696064858872,2.0991901668738877,5.634696064858872,647.0,4380.0
4482,83,84,84,85,2.0968702030740847,1.1104551566322698,2.0968702030740847,1.1104551566322698,648.0,4529.0
3352,46,64,47,65,2.0968314124823704,105.44967627505412,2.0968314124823704,105.44967627505412,649.0,2018.0
2025,24,46,25,47,2.0948226451149727,70.15789224128093,2.0948226451149727,70.15789224128093,650.0,2581.0
4393,77,82,78,83,2.09164312414243,287.86631431559726,2.09164312414243,287.86631431559726,651.0,1037.0
3064,40,85,41,86,2.0866849019925136,16.153232395187388,2.0866849019925136,16.153232395187388,652.0,4073.0
2450,30,66,31,67,2.0862669847347495,17.94498207761262,2.0862669847347495,17.94498207761262,653.0,4025.0
1688,19,74,20,75,2.085801746690946,20.12666156391424,2.085801746690946,20.12666156391424,654.0,3973.0
4354,75,80,76,81,2.084519726974415,63.49461167991467,2.084519726974415,63.49461167991467,655.0,2745.0
4088,64,89,65,90,2.0834272394588127,-115.1568475094764,2.0834272394588127,115.1568475094764,656.0,1923.0
2068,24,89,25,90,2.081418472091415,-78.80016914387849,2.081418472091415,78.80016914387849,657.0,2403.0
854,9,45,10,46,2.078279609636352,45.45760772195399,2.078279609636352,45.45760772195399,658.0,3237.0
3635,52,74,53,75,2.0751916792904734,11.38589537773032,2.0751916792904734,11.38589537773032,659.0,4203.0
4458,81,85,82,86,2.0751499622817278,31.634764767555225,2.0751499622817278,31.634764767555225,660.0,3643.0
127,1,34,2,35,2.0725613907569556,54.3929882009154,2.0725613907569556,54.3929882009154,661.0,3006.0
2359,29,40,30,41,2.072253183005774,94.2538798450787,2.072253183005774,94.2538798450787,662.0,2178.0
4216,69,77,70,78,2.07208282817603,218.99944328274955,2.07208282817603,218.99944328274955,663.0,1290.0
3584,51,66,52,67,2.0692932678389724,-9.300340900620084,2.0692932678389724,9.300340900620084,664.0,4268.0
1117,12,56,13,57,2.0688851883235695,24.095362183851197,2.0688851883235695,24.095362183851197,665.0,3852.0
1038,11,60,12,61,2.0687096033016843,41.07108692427619,2.0687096033016843,41.07108692427619,666.0,3368.0
1743,20,54,21,55,2.068643603257997,1002.6303797322482,2.068643603257997,1002.6303797322482,667.0,73.0
4397,77,86,78,87,2.0647423780341523,70.99596557385394,2.0647423780341523,70.99596557385394,668.0,2555.0
994,11,16,12,17,2.0640709209859214,125.125479426717,2.0640709209859214,125.125479426717,669.0,1822.0
1971,23,63,24,64,2.063621373518542,-48.74348106973963,2.063621373518542,48.74348106973963,670.0,3149.0
4291,72,80,73,81,2.0631558864179693,568.3282312744838,2.0631558864179693,568.3282312744838,671.0,423.0
517,5,58,6,59,2.0618463459285046,97.44501642896056,2.0618463459285046,97.44501642896056,672.0,2114.0
192,2,6,3,7,2.061502149474256,-2.6974322303781264,2.061502149474256,2.6974322303781264,673.0,4468.0
2400,29,81,30,82,2.060718243294988,142.5421174672597,2.060718243294988,142.5421174672597,674.0,1686.0
1024,11,46,12,47,2.059703399227007,184.74125420073776,2.059703399227007,184.74125420073776,675.0,1436.0
2483,31,35,32,36,2.0576638110844905,-88.91263796574503,2.0576638110844905,88.91263796574503,676.0,2253.0
4059,63,91,64,92,2.051009325547617,-33.13139011270414,2.051009325547617,33.13139011270414,677.0,3600.0
3881,58,83,59,84,2.050916863222262,-21.284065790641307,2.050916863222262,21.284065790641307,678.0,3938.0
2519,31,71,32,72,2.0498235040079695,-33.76921327729815,2.0498235040079695,33.76921327729815,679.0,3580.0
268,2,82,3,83,2.048330284151639,-31.790010827977312,2.048330284151639,31.790010827977312,680.0,3639.0
3780,56,57,57,58,2.0483193256538197,-31.51923045297235,2.0483193256538197,31.51923045297235,681.0,3645.0
4131,66,73,67,74,2.047799419649301,-45.01217198113591,2.047799419649301,45.01217198113591,682.0,3256.0
1067,11,89,12,90,2.0462992262034487,-409.5757124190213,2.0462992262034487,409.5757124190213,683.0,714.0
1610,18,72,19,73,2.0460989845614694,890.6129911877687,2.0460989845614694,890.6129911877687,684.0,117.0
3289,45,50,46,51,2.0430553240562155,-38.370939810342406,2.0430553240562155,38.370939810342406,685.0,3451.0
3791,56,68,57,69,2.0414134406580837,-75.69388581878593,2.0414134406580837,75.69388581878593,686.0,2463.0
3876,58,78,59,79,2.0394139273062457,-47.58976065999832,2.0394139273062457,47.58976065999832,687.0,3183.0
3096,41,63,42,64,2.037562812873392,309.2692476286465,2.037562812873392,309.2692476286465,688.0,970.0
2486,31,38,32,39,2.0347053845668817,-382.309454484717,2.0347053845668817,382.309454484717,689.0,765.0
3746,55,62,56,63,2.0342999201475496,95.18682734694904,2.0342999201475496,95.18682734694904,690.0,2162.0
2182,26,64,27,65,2.032323032046537,-59.32927600628818,2.032323032046537,59.32927600628818,691.0,2867.0
700,7,64,8,65,2.031883446849902,-33.66835971931687,2.031883446849902,33.66835971931687,692.0,3585.0
1110,12,49,13,50,2.0318748543913845,86.15434582968919,2.0318748543913845,86.15434582968919,693.0,2295.0
2121,25,72,26,73,2.0317787184786926,125.647424763245,2.0317787184786926,125.647424763245,694.0,1815.0
2005,24,26,25,27,2.030314264679139,6.702999402882597,2.030314264679139,6.702999402882597,695.0,4356.0
660,7,24,8,25,2.0298746794825044,-348.5236841909759,2.0298746794825044,348.5236841909759,696.0,849.0
255,2,69,3,70,2.028769988185239,218.24149466017585,2.028769988185239,218.24149466017585,697.0,1293.0
4360,75,86,76,87,2.0277699007307994,-414.6845661265991,2.0277699007307994,414.6845661265991,698.0,708.0
2247,27,61,28,62,2.0269018133637338,-30.778464266788436,2.0269018133637338,30.778464266788436,699.0,3672.0
2867,37,56,38,57,2.025877318345968,-710.6034653874922,2.025877318345968,710.6034653874922,700.0,230.0
1255,14,31,15,32,2.0235845017339456,-81.65549361553762,2.0235845017339456,81.65549361553762,701.0,2357.0
272,2,86,3,87,2.0214295380433613,-41.02378724502114,2.0214295380433613,41.02378724502114,702.0,3370.0
4214,69,75,70,76,2.0204294505889218,35.35111828877052,2.0204294505889218,35.35111828877052,703.0,3531.0
2094,25,45,26,46,2.0199273521433607,-236.1034310361439,2.0199273521433607,236.1034310361439,704.0,1214.0
2495,31,47,32,48,2.0187564117456387,8.671768725516358,2.0187564117456387,8.671768725516358,705.0,4290.0
1818,21,55,22,56,2.0177928111078036,56.98998618516998,2.0177928111078036,56.98998618516998,706.0,2931.0
543,5,84,6,85,2.015893006076682,107.9369819280164,2.015893006076682,107.9369819280164,707.0,1992.0
4078,64,79,65,80,2.0146086203208493,-101.5711899783214,2.0146086203208493,101.5711899783214,708.0,2063.0
1522,17,61,18,62,2.014146993600191,-292.53057090607126,2.014146993600191,292.53057090607126,709.0,1023.0
3676,53,73,54,74,2.013432947844524,-578.1451635428948,2.013432947844524,578.1451635428948,710.0,410.0
2058,24,79,25,80,2.0125998529534517,81.42867261628544,2.0125998529534517,81.42867261628544,711.0,2362.0
2692,34,58,35,59,2.0118962675820673,443.05738219678256,2.0118962675820673,443.05738219678256,712.0,655.0
3027,40,48,41,49,2.0117633335318104,-35.01919610162395,2.0117633335318104,35.01919610162395,713.0,3536.0
3486,49,57,50,58,2.0113089917216342,58.36962026775109,2.0113089917216342,58.36962026775109,714.0,2895.0
957,10,63,11,64,2.0108641763328583,24.220353596013865,2.0108641763328583,24.220353596013865,715.0,3851.0
3546,50,72,51,73,2.008650746565838,220.25401725047232,2.008650746565838,220.25401725047232,716.0,1286.0
4391,77,80,78,81,2.0079925517905366,144.50865992089166,2.0079925517905366,144.50865992089166,717.0,1674.0
2818,36,65,37,66,2.007656325152884,83.86624561290091,2.007656325152884,83.86624561290091,718.0,2328.0
1583,18,45,19,46,2.005607086060584,54.08374691996505,2.005607086060584,54.08374691996505,719.0,3015.0
3254,44,65,45,66,2.005502731274527,-210.99478343665623,2.005502731274527,210.99478343665623,720.0,1325.0
4038,63,70,64,71,2.004874921424999,-28.079361884658734,2.004874921424999,28.079361884658734,721.0,3743.0
3497,49,68,50,69,2.0044031067258987,-1.7946019713740498,2.0044031067258987,1.7946019713740498,722.0,4504.0
1901,22,65,23,66,2.002757752099054,-27.55164326753629,2.002757752099054,27.55164326753629,723.0,3763.0
1492,17,31,18,32,2.0019581553433623,-312.55366402844857,2.0019581553433623,312.55366402844857,724.0,957.0
3931,60,62,61,63,2.0012734982863947,-42.59553394059276,2.0012734982863947,42.59553394059276,725.0,3320.0
4356,75,82,76,83,2.0008691546225217,-536.0468116647016,2.0008691546225217,536.0468116647016,726.0,473.0
3464,48,81,49,82,2.0002283938210246,-56.66035956972064,2.0002283938210246,56.66035956972064,727.0,2946.0
2978,39,54,40,55,1.9987660570040044,1082.3502796650566,1.9987660570040044,1082.3502796650566,728.0,52.0
3397,47,61,48,62,1.9973487371979144,-7.703205510972566,1.9973487371979144,7.703205510972566,729.0,4317.0
1445,16,62,17,63,1.996634815970632,2.590805391802405,1.996634815970632,2.590805391802405,730.0,4473.0
1004,11,26,12,27,1.995195018791173,58.29331678013159,1.995195018791173,58.29331678013159,731.0,2898.0
647,7,11,8,12,1.994755433594538,-79.66369987322355,1.994755433594538,79.66369987322355,732.0,2386.0
4412,78,84,79,85,1.993460587454423,15.984487715361524,1.993460587454423,15.984487715361524,733.0,4082.0
1285,14,61,15,62,1.9925206472096075,-357.6324004931604,1.9925206472096075,357.6324004931604,734.0,829.0
3350,46,62,47,63,1.992267294211717,74.55957471443617,1.992267294211717,74.55957471443617,735.0,2491.0
3571,51,53,52,54,1.991939099654853,-433.55714173734447,1.991939099654853,433.55714173734447,736.0,670.0
1615,18,77,19,78,1.9909356499340365,92.953119632602,1.9909356499340365,92.953119632602,737.0,2189.0
2647,33,74,34,75,1.99051823078981,30.984212904575543,1.99051823078981,30.984212904575543,738.0,3667.0
176,1,83,2,84,1.9902517400473738,540.9961029792468,1.9902517400473738,540.9961029792468,739.0,465.0
4349,74,95,75,96,1.9898467737415793,-505.7041815400803,1.9898467737415793,505.7041815400803,740.0,528.0
2217,27,31,28,32,1.9892033355798193,10.853448211817977,1.9892033355798193,10.853448211817977,741.0,4225.0
2860,37,49,38,50,1.9888669844137827,-601.9344802482283,1.9888669844137827,601.9344802482283,742.0,371.0
3319,45,80,46,81,1.9885501842040836,53.32447875480102,1.9885501842040836,53.32447875480102,743.0,3031.0
434,4,65,5,66,1.988221927383027,24.804828989972066,1.988221927383027,24.804828989972066,744.0,3834.0
623,6,75,7,76,1.9876972892999047,-832.7759625870003,1.9876972892999047,832.7759625870003,745.0,158.0
1823,21,60,22,61,1.9847663892466487,-16.193988872830687,1.9847663892466487,16.193988872830687,746.0,4070.0
2929,38,61,39,62,1.9813997643766716,-566.7493230530306,1.9813997643766716,566.7493230530306,747.0,427.0
1404,16,21,17,22,1.980127706930886,118.23656000329628,1.980127706930886,118.23656000329628,748.0,1888.0
4025,62,89,63,90,1.978863121188159,-162.86165446950395,1.978863121188159,162.86165446950395,749.0,1554.0
1057,11,79,12,80,1.9774806070654853,70.86158576680737,1.9774806070654853,70.86158576680737,750.0,2559.0
4348,74,94,75,95,1.9774793617816424,-237.8002378465751,1.9774793617816424,237.8002378465751,751.0,1206.0
4056,63,88,64,89,1.9772261955763286,9.785282279186958,1.9772261955763286,9.785282279186958,752.0,4259.0
4105,65,76,66,77,1.9769989312749523,-30.472906802824586,1.9769989312749523,30.472906802824586,753.0,3680.0
2126,25,77,26,78,1.9766153838512597,75.11281943102722,1.9766153838512597,75.11281943102722,754.0,2479.0
3769,55,85,56,86,1.976401817672158,-33.73450489103561,1.976401817672158,33.73450489103561,755.0,3581.0
1809,21,46,22,47,1.975760185171971,16.74354977243638,1.975760185171971,16.74354977243638,756.0,4057.0
2437,30,53,31,54,1.9749653827590756,33.071018221578925,1.9749653827590756,33.071018221578925,757.0,3602.0
881,9,72,10,73,1.9734264609857013,862.1315275180974,1.9734264609857013,862.1315275180974,758.0,141.0
1208,13,65,14,66,1.9728332077628208,-70.66488201042102,1.9728332077628208,70.66488201042102,759.0,2563.0
2327,28,74,29,75,1.9727466138375773,156.26563251435755,1.9727466138375773,156.26563251435755,760.0,1601.0
3974,61,71,62,72,1.9662816449355838,45.07456463317203,1.9662816449355838,45.07456463317203,761.0,3252.0
2718,34,84,35,85,1.9659429277302447,71.50518221199536,1.9659429277302447,71.50518221199536,762.0,2542.0
266,2,80,3,81,1.9646797117997457,-165.30374990681935,1.9646797117997457,165.30374990681935,763.0,1543.0
1852,21,89,22,90,1.9623560121484132,512.9220263606284,1.9623560121484132,512.9220263606284,764.0,516.0
2374,29,55,30,56,1.9619700986854187,73.06406280378724,1.9619700986854187,73.06406280378724,765.0,2516.0
4096,65,67,66,68,1.9585804360643433,22.58496340851161,1.9585804360643433,22.58496340851161,766.0,3898.0
2755,35,61,36,62,1.9584413378590626,18.15914308117499,1.9584413378590626,18.15914308117499,767.0,4018.0
1127,12,66,13,67,1.9581053602781786,-6.7922376969791,1.9581053602781786,6.7922376969791,768.0,4350.0
62,0,63,1,64,1.9565904724829775,107.26556381166074,1.9565904724829775,107.26556381166074,769.0,2001.0
4344,74,90,75,91,1.9540590594866063,9.986577178970036,1.9540590594866063,9.986577178970036,770.0,4250.0
157,1,64,2,65,1.9537065196306083,-102.60937607347978,1.9537065196306083,102.60937607347978,771.0,2050.0
3551,50,77,51,78,1.9534874119384047,422.3200937194945,1.9534874119384047,422.3200937194945,772.0,691.0
3158,42,72,43,73,1.952096990263327,136.31522776531165,1.952096990263327,136.31522776531165,773.0,1740.0
117,1,24,2,25,1.9516977522632106,35.66710887942281,1.9516977522632106,35.66710887942281,774.0,3526.0
4116,65,87,66,88,1.9495652036818027,-25.803921663560686,1.9495652036818027,25.803921663560686,775.0,3806.0
204,2,18,3,19,1.9476228099432455,-41.6081252335855,1.9476228099432455,41.6081252335855,776.0,3357.0
1376,15,72,16,73,1.945039157289654,26.352369128665487,1.945039157289654,26.352369128665487,777.0,3795.0
3954,60,85,61,86,1.9433753958110032,-62.91152453124414,1.9433753958110032,62.91152453124414,778.0,2759.0
3213,43,75,44,76,1.9431664371821213,23.93100253933244,1.9431664371821213,23.93100253933244,779.0,3860.0
1962,23,54,24,55,1.9402809899891404,-1.9543704724960664,1.9402809899891404,1.9543704724960664,780.0,4492.0
1468,16,85,17,86,1.9387367134952405,-52.60944477617613,1.9387367134952405,52.60944477617613,781.0,3052.0
4303,72,92,73,93,1.9379480752373688,336.42755918178455,1.9379480752373688,336.42755918178455,782.0,887.0
3827,57,66,58,67,1.9375394976084286,-87.6221047718659,1.9375394976084286,87.6221047718659,783.0,2272.0
3373,46,85,47,86,1.9343691917363255,12.6232182063668,1.9343691917363255,12.6232182063668,784.0,4169.0
211,2,25,3,26,1.9333025438604687,30.928706967633843,1.9333025438604687,30.928706967633843,785.0,3669.0
3325,45,86,46,87,1.9318003579604677,-212.88940743797457,1.9318003579604677,212.88940743797457,786.0,1318.0
4126,66,68,67,69,1.9306336126126928,1281.2125595545076,1.9306336126126928,1281.2125595545076,787.0,28.0
4427,79,83,80,84,1.9293496393571328,1313.8236744824353,1.9293496393571328,1313.8236744824353,788.0,20.0
2379,29,60,30,61,1.9289436768242636,15.738889926342836,1.9289436768242636,15.738889926342836,789.0,4088.0
350,3,72,4,73,1.9288161597587243,1644.447518108749,1.9288161597587243,1644.447518108749,790.0,1.0
2180,26,62,27,63,1.9277589137758833,-44.07122432966935,1.9277589137758833,44.07122432966935,791.0,3276.0
3735,54,91,55,92,1.9276689420182154,37.697363527681546,1.9276689420182154,37.697363527681546,792.0,3471.0
698,7,62,8,63,1.9273193285792485,174.92550406952432,1.9273193285792485,174.92550406952432,793.0,1476.0
2747,35,53,36,54,1.9251954969847431,-55.66954185651412,1.9251954969847431,55.66954185651412,794.0,2972.0
3308,45,69,46,70,1.9244599078185902,6.368506833250649,1.9244599078185902,6.368506833250649,795.0,4368.0
1412,16,29,17,30,1.9243049945085011,158.16943880246936,1.9243049945085011,158.16943880246936,796.0,1588.0
3201,43,63,44,64,1.9232416466348288,309.84440333041744,1.9232416466348288,309.84440333041744,797.0,967.0
4508,85,89,86,90,1.9209650187127676,-380.2239000076065,1.9209650187127676,380.2239000076065,798.0,770.0
2365,29,46,30,47,1.9199374727495861,151.83383279833652,1.9199374727495861,151.83383279833652,799.0,1631.0
886,9,77,10,78,1.9182631263582683,248.52952617426672,1.9182631263582683,248.52952617426672,800.0,1176.0
3674,53,71,54,72,1.9173551899082222,-42.02239899973367,1.9173551899082222,42.02239899973367,801.0,3345.0
104,1,11,2,12,1.9165785063752443,49.27363266395378,1.9165785063752443,49.27363266395378,802.0,3137.0
2877,37,66,38,67,1.915097490300577,4.4148991860952265,1.915097490300577,4.4148991860952265,803.0,4407.0
3087,41,54,42,55,1.9142224293439902,88.87083675629765,1.9142224293439902,88.87083675629765,804.0,2254.0
495,5,36,6,37,1.913811859260901,274.2008068852292,1.913811859260901,274.2008068852292,805.0,1080.0
719,7,83,8,84,1.91207481282808,-4.3710085130392144,1.91207481282808,4.3710085130392144,806.0,4409.0
503,5,44,6,45,1.911658265382544,689.4023078931021,1.911658265382544,689.4023078931021,807.0,250.0
2201,26,83,27,84,1.9116352276314454,443.3456198189633,1.9116352276314454,443.3456198189633,808.0,654.0
1789,21,26,22,27,1.9112518047361373,43.18912291864763,1.9112518047361373,43.18912291864763,809.0,3305.0
657,7,21,8,22,1.9108122195395025,-199.27251922945263,1.9108122195395025,199.27251922945263,810.0,1370.0
236,2,50,3,51,1.9101745719476138,-10.78069113579022,1.9101745719476138,10.78069113579022,811.0,4229.0
4015,62,79,63,80,1.9100445020501957,31.343118139175203,1.9100445020501957,31.343118139175203,812.0,3653.0
74,0,75,1,76,1.9098176113339727,17.825832648740516,1.9098176113339727,17.825832648740516,813.0,4029.0
2535,31,87,32,88,1.9097532301592812,27.70995482067474,1.9097532301592812,27.70995482067474,814.0,3757.0
481,5,22,6,23,1.9089132862070712,94.42415017558552,1.9089132862070712,94.42415017558552,815.0,2174.0
3038,40,59,41,60,1.9087090596567937,67.43674146857848,1.9087090596567937,67.43674146857848,816.0,2642.0
2445,30,61,31,62,1.9086714520847303,-480.3558468375613,1.9086714520847303,480.3558468375613,817.0,578.0
2408,29,89,30,90,1.9065332997260285,-234.4645631397456,1.9065332997260285,234.4645631397456,818.0,1221.0
3321,45,82,46,83,1.90489961185219,-615.69493055059,1.90489961185219,615.69493055059,819.0,351.0
2921,38,53,39,54,1.9022370704671343,34.384713240533074,1.9022370704671343,34.384713240533074,820.0,3559.0
3438,48,55,49,56,1.901480249211455,-8.427765289874515,1.901480249211455,8.427765289874515,821.0,4296.0
795,8,72,9,73,1.901044897979887,211.0388115151054,1.901044897979887,211.0388115151054,822.0,1324.0
2515,31,67,32,68,1.9007379977767407,50.09883989274704,1.9007379977767407,50.09883989274704,823.0,3113.0
3915,59,81,60,82,1.897174119946008,105.76893846651184,1.897174119946008,105.76893846651184,824.0,2016.0
3163,42,77,43,78,1.896933655635894,95.19266933023982,1.896933655635894,95.19266933023982,825.0,2161.0
374,4,5,5,6,1.894377461491044,133.870905458994,1.894377461491044,133.870905458994,826.0,1757.0
1842,21,79,22,80,1.8935373930104498,186.1752120830638,1.8935373930104498,186.1752120830638,827.0,1426.0
3862,58,64,59,65,1.89304139645572,-129.38944178932297,1.89304139645572,129.38944178932297,828.0,1788.0
593,6,45,7,46,1.8917277465295732,-267.0120345757425,1.8917277465295732,267.0120345757425,829.0,1110.0
3579,51,61,52,62,1.891697735188953,-39.26340564535576,1.891697735188953,39.26340564535576,830.0,3422.0
2831,36,78,37,79,1.8913794406386417,-5.5156840413797,1.8913794406386417,5.5156840413797,831.0,4383.0
1277,14,53,15,54,1.8911161876341984,-10.460178104438455,1.8911161876341984,10.460178104438455,832.0,4237.0
2037,24,58,25,59,1.8910326290883224,-76.75182473281848,1.8910326290883224,76.75182473281848,833.0,2445.0
1381,15,77,16,78,1.889875822662221,178.22167313860473,1.889875822662221,178.22167313860473,834.0,1467.0
3267,44,78,45,79,1.8892258467602847,-191.97162161158235,1.8892258467602847,191.97162161158235,835.0,1403.0
4362,75,88,76,89,1.8891818882406215,33.45656299014945,1.8891818882406215,33.45656299014945,836.0,3592.0
948,10,54,11,55,1.887523792803457,496.11643454531634,1.887523792803457,496.11643454531634,837.0,544.0
1174,13,31,14,32,1.8864852260782632,-164.74243633793526,1.8864852260782632,164.74243633793526,838.0,1544.0
1914,22,78,23,79,1.8864808675848121,32.378939959938634,1.8864808675848121,32.378939959938634,839.0,3626.0
3389,47,53,48,54,1.8862880976458916,68.39889888690283,1.8862880976458916,68.39889888690283,840.0,2622.0
535,5,76,6,77,1.8831544653829693,19.199624748031965,1.8831544653829693,19.199624748031965,841.0,3995.0
3813,56,90,57,91,1.8830477445576106,75.95791688408838,1.8830477445576106,75.95791688408838,842.0,2459.0
4403,77,92,78,93,1.8827847406099358,184.94039093421588,1.8827847406099358,184.94039093421588,843.0,1434.0
2524,31,76,32,77,1.8823195025661317,-29.01690052992581,1.8823195025661317,29.01690052992581,844.0,3712.0
3714,54,70,55,71,1.8815345378955977,355.47408894002217,1.8815345378955977,355.47408894002217,845.0,836.0
1686,19,72,20,73,1.8814093246051682,86.65674445543164,1.8814093246051682,86.65674445543164,846.0,2288.0
472,5,13,6,14,1.8789887418708378,623.9323907846197,1.8789887418708378,623.9323907846197,847.0,341.0
611,6,63,7,64,1.8787107945170454,63.60923866808662,1.8787107945170454,63.60923866808662,848.0,2740.0
195,2,9,3,10,1.8749502863674774,475.2588145019588,1.8749502863674774,475.2588145019588,849.0,594.0
2551,32,40,33,41,1.8743816897646919,71.61382981148381,1.8743816897646919,71.61382981148381,850.0,2538.0
355,3,77,4,78,1.8736528251312914,63.583918676707526,1.8736528251312914,63.583918676707526,851.0,2742.0
447,4,78,5,79,1.8719450428687847,-68.80162609186254,1.8719450428687847,68.80162609186254,852.0,2614.0
400,4,31,5,32,1.871096506458057,48.16130124748088,1.871096506458057,48.16130124748088,853.0,3165.0
3633,52,72,53,73,1.8707992572046956,242.3337984469881,1.8707992572046956,242.3337984469881,854.0,1191.0
3976,61,73,62,74,1.8702038869992819,33.61271637698246,1.8702038869992819,33.61271637698246,855.0,3587.0
2251,27,65,28,66,1.8701150982612647,8.81873982555544,1.8701150982612647,8.81873982555544,856.0,4287.0
2203,26,85,27,86,1.8698608113004918,-38.76337129400736,1.8698608113004918,38.76337129400736,857.0,3440.0
1514,17,53,18,54,1.8694898412436152,-7.222923978498784,1.8694898412436152,7.222923978498784,858.0,4333.0
721,7,85,8,86,1.869421226103857,-148.9182738409462,1.869421226103857,148.9182738409462,859.0,1649.0
3443,48,60,49,61,1.8684538273503,-33.85942760050193,1.8684538273503,33.85942760050193,860.0,3575.0
4050,63,82,64,83,1.8655389291944287,45.75161862472896,1.8655389291944287,45.75161862472896,861.0,3230.0
526,5,67,6,68,1.8647359701723603,-1.7714401462999376,1.8647359701723603,1.7714401462999376,862.0,4506.0
2309,28,56,29,57,1.8643601902066396,-36.93809536251729,1.8643601902066396,36.93809536251729,863.0,3490.0
2670,34,36,35,37,1.8638617809144638,681.9161843773375,1.8638617809144638,681.9161843773375,864.0,263.0
1431,16,48,17,49,1.8638151450345375,-13.55734784543438,1.8638151450345375,13.55734784543438,865.0,4142.0
2592,32,81,33,82,1.8628467500539059,109.79557800048178,1.8628467500539059,109.79557800048178,866.0,1976.0
2678,34,44,35,45,1.8617081870361067,189.66265514141924,1.8617081870361067,189.66265514141924,867.0,1411.0
4239,70,75,71,76,1.861533162391951,-368.8037842581675,1.861533162391951,368.8037842581675,868.0,809.0
4371,76,78,77,79,1.86072204676071,8.4541987157545,1.86072204676071,8.4541987157545,869.0,4294.0
4487,83,89,84,90,1.8605310202191694,55.26779068066208,1.8605310202191694,55.26779068066208,870.0,2978.0
3817,56,94,57,95,1.8596274422625745,32.814079979461894,1.8596274422625745,32.814079979461894,871.0,3617.0
3336,46,48,47,49,1.8594476232756225,-24.99367000215534,1.8594476232756225,24.99367000215534,872.0,3827.0
1870,22,34,23,35,1.858963207860634,150.38603278312348,1.858963207860634,150.38603278312348,873.0,1638.0
1526,17,65,18,66,1.8573602784977215,-594.4680408486415,1.8573602784977215,594.4680408486415,874.0,385.0
2239,27,53,28,54,1.856735021480072,-568.4715185575375,1.856735021480072,568.4715185575375,875.0,422.0
1867,22,31,23,32,1.8565606817420297,47.41246620900347,1.8565606817420297,47.41246620900347,876.0,3190.0
1221,13,78,14,79,1.8565563232485789,11.506433051889644,1.8565563232485789,11.506433051889644,877.0,4198.0
1036,11,58,12,59,1.8559133832003563,2.468109551337875,1.8559133832003563,2.468109551337875,878.0,4477.0
546,5,87,6,88,1.8557207377898197,-26.263336942658952,1.8557207377898197,26.263336942658952,879.0,3798.0
969,10,75,11,76,1.8555439074840916,-554.4449477262642,1.8555439074840916,554.4449477262642,880.0,445.0
2147,26,29,27,30,1.8554290923137524,38.46922298583877,1.8554290923137524,38.46922298583877,881.0,3446.0
665,7,29,8,30,1.8549895071171179,-158.12436599221587,1.8549895071171179,158.12436599221587,882.0,1589.0
3732,54,88,55,89,1.853885812046927,47.23092412809501,1.853885812046927,47.23092412809501,883.0,3192.0
2492,31,44,32,45,1.853815702566557,-149.78298670748882,1.853815702566557,149.78298670748882,884.0,1644.0
228,2,42,3,43,1.853620815645103,31.09765775554933,1.853620815645103,31.09765775554933,885.0,3661.0
4429,79,85,80,86,1.8521463995748042,38.46115413354619,1.8521463995748042,38.46115413354619,886.0,3448.0
2484,31,36,32,37,1.8516621086882,102.99123702506358,1.8516621086882,102.99123702506358,887.0,2046.0
3072,40,93,41,94,1.8514042104042825,58.35341386047003,1.8514042104042825,58.35341386047003,888.0,2897.0
155,1,62,2,63,1.8491424013599547,-52.50872862358801,1.8491424013599547,52.50872862358801,889.0,3055.0
3818,56,95,57,96,1.8472600303026376,43.26083526287039,1.8472600303026376,43.26083526287039,890.0,3298.0
3183,43,45,44,46,1.8471968944117898,46.93566238542553,1.8471968944117898,46.93566238542553,891.0,3201.0
3371,46,83,47,84,1.8471268471956117,398.2275151218955,1.8471268471956117,398.2275151218955,892.0,738.0
4083,64,84,65,85,1.8470880566038974,67.77144014629994,1.8470880566038974,67.77144014629994,893.0,2636.0
2629,33,56,34,57,1.846588573254407,-982.0548805169944,1.846588573254407,982.0548805169944,894.0,80.0
201,2,15,3,16,1.84656298267143,-24.942755208610837,1.84656298267143,24.942755208610837,895.0,3829.0
3472,48,89,49,90,1.8460434502520648,-133.11859271162166,1.8460434502520648,133.11859271162166,896.0,1764.0
3519,49,90,50,91,1.8460374106254254,-385.3002721979233,1.8460374106254254,385.3002721979233,897.0,763.0
4037,63,69,64,70,1.8459786332280284,118.44397169715648,1.8459786332280284,118.44397169715648,898.0,1883.0
800,8,77,9,78,1.8458815633524543,812.6256511834583,1.8458815633524543,812.6256511834583,899.0,170.0
2063,24,84,25,85,1.8450792892364998,-369.2204222987107,1.8450792892364998,369.2204222987107,900.0,808.0
403,4,34,5,35,1.8444273831446067,-23.733185348444977,1.8444273831446067,23.733185348444977,901.0,3866.0
1466,16,83,17,84,1.8427593254366967,771.9903296986524,1.8427593254366967,771.9903296986524,902.0,191.0
4164,67,78,68,79,1.8423035515501012,56.512068927090695,1.8423035515501012,56.512068927090695,903.0,2948.0
3401,47,65,48,66,1.840562022095445,-6.523821596369089,1.840562022095445,6.523821596369089,904.0,4360.0
4466,81,93,82,94,1.8398692706934965,100.40669292840904,1.8398692706934965,100.40669292840904,905.0,2081.0
278,2,92,3,93,1.839471900619145,11.39980621331415,1.839471900619145,11.39980621331415,906.0,4201.0
4054,63,86,64,87,1.838638183086151,-32.38839705751843,1.838638183086151,32.38839705751843,907.0,3625.0
3952,60,83,61,84,1.8381206431209343,293.22758382459216,1.8381206431209343,293.22758382459216,908.0,1018.0
2398,29,79,30,80,1.837714680588065,134.28170151624636,1.837714680588065,134.28170151624636,909.0,1750.0
1289,14,65,15,66,1.8357339321071382,-164.53745762116648,1.8357339321071382,164.53745762116648,910.0,1547.0
4415,78,87,79,88,1.8332883191675609,92.6150806513774,1.8332883191675609,92.6150806513774,911.0,2195.0
53,0,54,1,55,1.8332500889535759,284.3432555445684,1.8332500889535759,284.3432555445684,912.0,1046.0
2710,34,76,35,77,1.833204387036532,170.15225636607963,1.833204387036532,170.15225636607963,913.0,1517.0
114,1,21,2,22,1.8326352923202087,102.03749197251454,1.8326352923202087,102.03749197251454,914.0,2060.0
189,2,3,3,4,1.8303399851405004,381.566667537621,1.8303399851405004,381.566667537621,915.0,767.0
1177,13,34,14,35,1.8290386635244005,-75.2621548054617,1.8290386635244005,75.2621548054617,916.0,2474.0
3108,41,75,42,76,1.8288452709435583,69.71336382687332,1.8288452709435583,69.71336382687332,917.0,2594.0
2302,28,49,29,50,1.8273498562744543,91.59776080959456,1.8273498562744543,91.59776080959456,918.0,2217.0
1691,19,77,20,78,1.8262459899777352,379.4427208572624,1.8262459899777352,379.4427208572624,919.0,773.0
2933,38,65,39,66,1.8246130492742023,-594.3106366219145,1.8246130492742023,594.3106366219145,920.0,386.0
3523,49,94,50,95,1.8226171083303893,64.9737797778871,1.8226171083303893,64.9737797778871,921.0,2711.0
3638,52,77,53,78,1.8156359225772627,183.74709618402855,1.8156359225772627,183.74709618402855,922.0,1440.0
4365,75,91,76,92,1.8153987582693332,-29.04806250459569,1.8153987582693332,29.04806250459569,923.0,3711.0
2701,34,67,35,68,1.814785891825923,346.2101265774161,1.814785891825923,346.2101265774161,924.0,857.0
44,0,45,1,46,1.8138480685636411,-20.54336830715397,1.8138480685636411,20.54336830715397,925.0,3955.0
2885,37,74,38,75,1.811229485698249,-10.413923156987948,1.811229485698249,10.413923156987948,926.0,4238.0
3524,49,95,50,96,1.8102496963704524,66.29206594023708,1.8102496963704524,66.29206594023708,927.0,2668.0
1062,11,84,12,85,1.8099600433485337,706.0134228210297,1.8099600433485337,706.0134228210297,928.0,237.0
2622,33,49,34,50,1.8095782393222217,-300.4923161082163,1.8095782393222217,300.4923161082163,929.0,998.0
4100,65,71,66,72,1.8094949298331144,-57.34095997286977,1.8094949298331144,57.34095997286977,930.0,2917.0
2721,34,87,35,88,1.8057706594433824,338.2552680903664,1.8057706594433824,338.2552680903664,931.0,880.0
3767,55,83,56,84,1.8050942212597791,-375.2424019865871,1.8050942212597791,375.2424019865871,932.0,785.0
1983,23,75,24,76,1.802786710298408,48.790918154389146,1.802786710298408,48.790918154389146,933.0,3146.0
194,2,8,3,9,1.8025687233616634,-81.48431595862007,1.8025687233616634,81.48431595862007,934.0,2361.0
2759,35,65,36,66,1.8016546227565935,-102.09549958924435,1.8016546227565935,102.09549958924435,935.0,2058.0
3192,43,54,44,55,1.7999012631054272,45.703068105579405,1.7999012631054272,45.703068105579405,936.0,3231.0
3743,55,59,56,60,1.7984259753364382,65.52354678558368,1.7984259753364382,65.52354678558368,937.0,2701.0
1729,20,40,21,41,1.7974957483055998,98.24810656448426,1.7974957483055998,98.24810656448426,938.0,2106.0
4187,68,74,69,75,1.7956933633861332,19.96355275928954,1.7956933633861332,19.96355275928954,939.0,3978.0
2166,26,48,27,49,1.7949392428397888,-43.27724777824278,1.7949392428397888,43.27724777824278,940.0,3296.0
684,7,48,8,49,1.7944996576431542,477.3028425804081,1.7944996576431542,477.3028425804081,941.0,587.0
3327,45,88,46,89,1.79321234547029,-10.99944328274978,1.79321234547029,10.99944328274978,942.0,4218.0
178,1,85,2,86,1.7912442988845632,-11.737913897235105,1.7912442988845632,11.737913897235105,943.0,4195.0
3835,57,74,58,75,1.7887874783903974,185.17319132215172,1.7887874783903974,185.17319132215172,944.0,1431.0
3860,58,62,59,63,1.7884772781850666,-69.25060824427283,1.7884772781850666,69.25060824427283,945.0,2600.0
2645,33,72,34,73,1.7861258087040321,109.44369688637016,1.7861258087040321,109.44369688637016,946.0,1980.0
1770,20,81,21,82,1.7859608085948135,57.76205175141649,1.7859608085948135,57.76205175141649,947.0,2910.0
4306,72,95,73,96,1.7854543516558015,821.5412101408488,1.7854543516558015,821.5412101408488,948.0,163.0
205,2,19,3,20,1.7829331499869443,14.509773355392554,1.7829331499869443,14.509773355392554,949.0,4118.0
4048,63,80,64,81,1.781888356842535,11.049313344489748,1.781888356842535,11.049313344489748,950.0,4214.0
1122,12,61,13,62,1.7805098276281592,-32.89997797005526,1.7805098276281592,32.89997797005526,951.0,3611.0
3690,53,87,54,88,1.7772849160595339,325.1384829358892,1.7772849160595339,325.1384829358892,952.0,920.0
3462,48,79,49,80,1.7772248311141015,97.22390000760652,1.7772248311141015,97.22390000760652,953.0,2120.0
122,1,29,2,30,1.776812579897824,35.91250056035187,1.776812579897824,35.91250056035187,954.0,3517.0
486,5,27,6,28,1.7762706323692816,121.97739489217656,1.7762706323692816,121.97739489217656,955.0,1857.0
4305,72,94,73,95,1.7730869396958646,984.6639059813132,1.7730869396958646,984.6639059813132,956.0,78.0
238,2,52,3,53,1.7723230825864718,11.119706146122551,1.7723230825864718,11.119706146122551,957.0,4209.0
4148,66,90,67,91,1.7722679165122197,64.55727914273757,1.7722679165122197,64.55727914273757,958.0,2715.0
1821,21,58,22,59,1.7719701691453207,-14.9057512506497,1.7719701691453207,14.9057512506497,959.0,4108.0
2325,28,72,29,73,1.7683541917517995,86.88252072287924,1.7683541917517995,86.88252072287924,960.0,2284.0
3670,53,67,54,68,1.7682696836769933,420.0319935027068,1.7682696836769933,420.0319935027068,961.0,695.0
1135,12,74,13,75,1.7682216157206474,909.1708957504534,1.7682216157206474,909.1708957504534,962.0,107.0
3309,45,70,46,71,1.7655636196216196,-450.11163729382974,1.7655636196216196,450.11163729382974,963.0,641.0
3894,59,60,60,61,1.7653995534752833,3.470336420339663,1.7653995534752833,3.470336420339663,964.0,4441.0
1601,18,63,19,64,1.7648314549860349,288.8456541703116,1.7648314549860349,288.8456541703116,965.0,1036.0
2566,32,55,33,56,1.7640986054443364,78.25040213618377,1.7640986054443364,78.25040213618377,966.0,2416.0
476,5,17,6,18,1.7635158126057384,116.4010570532082,1.7635158126057384,116.4010570532082,967.0,1909.0
3617,52,56,53,57,1.7619151247537435,-343.1752120830639,1.7619151247537435,343.1752120830639,968.0,869.0
1442,16,59,17,60,1.7607608711595208,56.408988500108535,1.7607608711595208,56.408988500108535,969.0,2951.0
3822,57,61,58,62,1.7599439649584092,-4.266883354251604,1.7599439649584092,4.266883354251604,970.0,4413.0
939,10,45,11,46,1.75957436471376,-688.8997718619657,1.75957436471376,688.8997718619657,971.0,251.0
3347,46,59,47,60,1.7563933494006059,145.30834105021586,1.7563933494006059,145.30834105021586,972.0,1665.0
602,6,54,7,55,1.7553704109876438,460.1129568364204,1.7553704109876438,460.1129568364204,973.0,619.0
1196,13,53,14,54,1.7540169119785158,-2.1128881337240277,1.7540169119785158,2.1128881337240277,974.0,4487.0
2264,27,78,28,79,1.7538382137470225,-48.70090993927397,1.7538382137470225,48.70090993927397,975.0,3152.0
2319,28,66,29,67,1.7535803621612487,1295.6627925468124,1.7535803621612487,1295.6627925468124,976.0,25.0
3971,61,68,62,69,1.7530380799626735,-38.795715405874944,1.7530380799626735,38.795715405874944,977.0,3438.0
2449,30,65,31,66,1.751884736982261,-1011.5352307521646,1.751884736982261,1011.5352307521646,978.0,70.0
1670,19,56,20,57,1.751305057353271,-965.8303550894408,1.751305057353271,965.8303550894408,979.0,85.0
2112,25,63,26,64,1.750511188903258,38.85922149241196,1.750511188903258,38.85922149241196,980.0,3436.0
3679,53,76,54,77,1.7498511884663843,197.742642446025,1.7498511884663843,197.742642446025,981.0,1379.0
4301,72,90,73,91,1.7496666374008285,293.1080908822373,1.7496666374008285,293.1080908822373,982.0,1020.0
2532,31,84,32,85,1.749580961872419,-189.34889141976944,1.749580961872419,189.34889141976944,983.0,1414.0
4152,66,94,67,95,1.7488476142171836,36.43806101116888,1.7488476142171836,36.43806101116888,984.0,3503.0
506,5,47,6,48,1.746717556203462,89.37671309093685,1.746717556203462,89.37671309093685,985.0,2245.0
2817,36,64,37,65,1.7450069097881165,173.82931035763636,1.7450069097881165,173.82931035763636,986.0,1485.0
2999,39,75,40,76,1.744301643283544,-244.98664588166685,1.744301643283544,244.98664588166685,987.0,1184.0
2015,24,36,25,37,1.7429981424207188,65.0329008291178,1.7429981424207188,65.0329008291178,988.0,2709.0
3923,59,89,60,90,1.742989176377048,-408.2515842733807,1.742989176377048,408.2515842733807,989.0,716.0
3253,44,64,45,65,1.7428533159097594,678.2044219995183,1.7428533159097594,678.2044219995183,990.0,265.0
4020,62,84,63,85,1.742523938333244,357.1511429315788,1.742523938333244,357.1511429315788,991.0,832.0
3726,54,82,55,83,1.742198545665027,424.0018762598411,1.742198545665027,424.0018762598411,992.0,686.0
473,5,14,6,15,1.7418894662151552,52.94157307141313,1.7418894662151552,52.94157307141313,993.0,3042.0
3777,55,93,56,94,1.741121126083927,57.90318086816478,1.741121126083927,57.90318086816478,994.0,2906.0
1539,17,78,18,79,1.7410833939834793,-950.7111369578722,1.7410833939834793,950.7111369578722,995.0,91.0
2023,24,44,25,45,1.7408445485423618,-159.7702580091027,1.7408445485423618,159.7702580091027,996.0,1573.0
1900,22,64,23,65,1.7401083367342867,-114.74827832122628,1.7401083367342867,114.74827832122628,997.0,1927.0
422,4,53,5,54,1.7386281923583096,-396.31877417690384,1.7386281923583096,396.31877417690384,998.0,740.0
1860,22,24,23,25,1.738099569366889,2.627740647067185,1.738099569366889,2.627740647067185,999.0,4470.0
2872,37,61,38,62,1.7375019576505577,-365.8338327983368,1.7375019576505577,365.8338327983368,1000.0,816.0
4153,66,95,67,96,1.7364802022572468,-81.3177294450993,1.7364802022572468,81.3177294450993,1001.0,2365.0
2639,33,66,34,67,1.735808745209016,-16.357097677455386,1.735808745209016,16.357097677455386,1002.0,4063.0
3583,51,65,52,66,1.7349110200864837,-36.15809834937045,1.7349110200864837,36.15809834937045,1003.0,3511.0
3078,41,45,42,46,1.7328757281732268,64.38582667503397,1.7328757281732268,64.38582667503397,1004.0,2723.0
779,8,56,9,57,1.731669483978552,46.35932454645717,1.731669483978552,46.35932454645717,1005.0,3218.0
2571,32,60,33,61,1.7310721835831813,32.93448024822828,1.7310721835831813,32.93448024822828,1006.0,3609.0
2650,33,77,34,78,1.7309624740765992,86.97391718328072,1.7309624740765992,86.97391718328072,1007.0,2282.0
497,5,38,6,39,1.7307685833822193,54.690408109890086,1.7307685833822193,54.690408109890086,1008.0,2996.0
3883,58,85,59,86,1.7305791757096751,-38.30270517501504,1.7305791757096751,38.30270517501504,1009.0,3452.0
4406,77,95,78,96,1.7302910170283685,156.93343551642374,1.7302910170283685,156.93343551642374,1010.0,1597.0
2964,39,40,40,41,1.727618202051607,116.68908856729922,1.727618202051607,116.68908856729922,1011.0,1904.0
3537,50,63,51,64,1.727383216990403,27.58503211120842,1.727383216990403,27.58503211120842,1012.0,3761.0
1415,16,32,17,33,1.7264335012674188,94.53863975836384,1.7264335012674188,94.53863975836384,1013.0,2172.0
2220,27,34,28,35,1.7263205540228443,138.12909454100577,1.7263205540228443,138.12909454100577,1014.0,1723.0
1847,21,84,22,85,1.726016829293498,-129.8373105072326,1.726016829293498,129.8373105072326,1015.0,1787.0
433,4,64,5,65,1.7255725120182595,-61.144118811090266,1.7255725120182595,61.144118811090266,1016.0,2819.0
3481,49,52,50,53,1.7249047908215582,-356.16255208737425,1.7249047908215582,356.16255208737425,1017.0,833.0
3414,47,78,48,79,1.724285137581203,-6.757598013412917,1.724285137581203,6.757598013412917,1018.0,4353.0
1889,22,53,23,54,1.7240923676422824,-407.787509148189,1.7240923676422824,407.787509148189,1019.0,719.0
393,4,24,5,25,1.7235637446508618,22.2319001572032,1.7235637446508618,22.2319001572032,1020.0,3911.0
3713,54,69,55,70,1.722638249698627,34.53523075216481,1.722638249698627,34.53523075216481,1021.0,3553.0
2557,32,46,33,47,1.7220659795085038,273.66947315381776,1.7220659795085038,273.66947315381776,1022.0,1081.0
3242,44,53,45,54,1.7213473884668096,-155.95659734149783,1.7213473884668096,155.95659734149783,1023.0,1602.0
1302,14,78,15,79,1.719457047592896,-311.91597826924783,1.719457047592896,311.91597826924783,1024.0,962.0
3330,45,91,46,92,1.7194292154990016,-41.545732581549146,1.7194292154990016,41.545732581549146,1025.0,3361.0
2806,36,53,37,54,1.7191937945884526,-36.0282409830246,1.7191937945884526,36.0282409830246,1026.0,3514.0
4405,77,94,78,95,1.7179236050684317,-41.33970913297571,1.7179236050684317,41.33970913297571,1027.0,3363.0
141,1,48,2,49,1.7163227304238604,-27.743687177829543,1.7163227304238604,27.743687177829543,1028.0,3756.0
2377,29,58,30,59,1.7161474567229358,-1.8444033304176628,1.7161474567229358,1.8444033304176628,1029.0,4501.0
3005,39,81,40,82,1.716083262340821,161.6822018522039,1.716083262340821,161.6822018522039,1030.0,1559.0
530,5,71,6,72,1.7156504639411314,12.939208797018182,1.7156504639411314,12.939208797018182,1031.0,4162.0
3730,54,86,55,87,1.7152977995567493,1014.6743391080008,1.7152977995567493,1014.6743391080008,1032.0,69.0
4075,64,76,65,77,1.7143495159101847,-134.02371854232433,1.7143495159101847,134.02371854232433,1033.0,1753.0
1663,19,49,20,50,1.7142947234210857,-245.20539802862615,1.7142947234210857,245.20539802862615,1034.0,1182.0
1495,17,34,18,35,1.7135657342593011,103.52597976267452,1.7135657342593011,103.52597976267452,1035.0,2040.0
4102,65,73,66,74,1.7134171718968125,21.94950451831255,1.7134171718968125,21.94950451831255,1036.0,3920.0
2330,28,77,29,78,1.7131908571243666,1604.2854540359283,1.7131908571243666,1604.2854540359283,1037.0,2.0
2055,24,76,25,77,1.712340748542787,-22.454404823844012,1.712340748542787,22.454404823844012,1038.0,3903.0
1207,13,64,14,65,1.7101837923980532,59.68233925759705,1.7101837923980532,59.68233925759705,1039.0,2854.0
2600,32,89,33,90,1.7086618064849461,-201.62426293817103,1.7086618064849461,201.62426293817103,1040.0,1357.0
2946,38,78,39,79,1.7083361647599602,-668.1034997388404,1.7083361647599602,668.1034997388404,1041.0,282.0
1167,13,24,14,25,1.7081750250306555,-311.9322533792265,1.7081750250306555,311.9322533792265,1042.0,961.0
3962,60,93,61,94,1.708094704222772,-22.280794189834975,1.708094704222772,22.280794189834975,1043.0,3909.0
1014,11,36,12,37,1.7078788965327525,94.5132510642884,1.7078788965327525,94.5132510642884,1044.0,2173.0
494,5,35,6,36,1.7078101568646105,345.0018075571445,1.7078101568646105,345.0018075571445,1045.0,860.0
1953,23,45,24,46,1.7068171675280766,22.56987043573099,1.7068171675280766,22.56987043573099,1046.0,3899.0
4456,81,83,82,84,1.7063460766502097,1077.5632585314215,1.7063460766502097,1077.5632585314215,1047.0,55.0
1022,11,44,12,45,1.7057253026543955,-46.91375140024593,1.7057253026543955,46.91375140024593,1048.0,3203.0
334,3,56,4,57,1.7038982221997148,88.07220035877708,1.7038982221997148,88.07220035877708,1049.0,2267.0
2506,31,58,32,59,1.7036276220205964,-19.648813008532212,1.7036276220205964,19.648813008532212,1050.0,3983.0
1476,16,93,17,94,1.7034560219070094,28.149754686291544,1.7034560219070094,28.149754686291544,1051.0,3740.0
1000,11,22,12,23,1.702980323478923,90.43681017127484,1.702980323478923,90.43681017127484,1052.0,2227.0
3381,46,93,47,94,1.6990885001480944,-20.314320438900268,1.6990885001480944,20.314320438900268,1053.0,3968.0
2681,34,47,35,48,1.6967674778570248,253.7957841085713,1.6967674778570248,253.7957841085713,1054.0,1153.0
4066,64,67,65,68,1.6959310206995757,-88.96584833098814,1.6959310206995757,88.96584833098814,1055.0,2252.0
3062,40,83,41,84,1.6948111369394236,-120.238924277691,1.6948111369394236,120.238924277691,1056.0,1871.0
3815,56,92,57,93,1.6947663067210703,-512.3465271453745,1.6947663067210703,512.3465271453745,1057.0,518.0
772,8,49,9,50,1.6946591500463666,150.26785938335934,1.6946591500463666,150.26785938335934,1058.0,1640.0
4401,77,90,78,91,1.6945033027733956,123.07463333586884,1.6945033027733956,123.07463333586884,1059.0,1840.0
2046,24,67,25,68,1.693922253332178,49.57453028182408,1.693922253332178,49.57453028182408,1060.0,3131.0
4266,71,78,72,79,1.6932180453188723,-29.12450339760926,1.6932180453188723,29.12450339760926,1061.0,3710.0
872,9,63,10,64,1.6921589314102667,375.4937730562001,1.6921589314102667,375.4937730562001,1062.0,784.0
1258,14,34,15,35,1.691939387868718,53.03756067521135,1.691939387868718,53.03756067521135,1063.0,3039.0
2177,26,59,27,60,1.691884968964772,25.461085430849835,1.691884968964772,25.461085430849835,1064.0,3817.0
695,7,59,8,60,1.6914453837681374,-199.48549809581755,1.6914453837681374,199.48549809581755,1065.0,1368.0
380,4,11,5,12,1.6884444987628955,28.227309013806007,1.6884444987628955,28.227309013806007,1066.0,3736.0
1360,15,56,16,57,1.6876752246687852,-489.3720532448433,1.6876752246687852,489.3720532448433,1067.0,555.0
219,2,33,3,34,1.6876496340858083,48.20992046932588,1.6876496340858083,48.20992046932588,1068.0,3164.0
1744,20,55,21,56,1.6872126639852443,89.72379695356176,1.6872126639852443,89.72379695356176,1069.0,2241.0
281,2,95,3,96,1.6869781770375776,-211.6602221643277,1.6869781770375776,211.6602221643277,1070.0,1322.0
4086,64,87,65,88,1.6869157883170351,-48.74709618402858,1.6869157883170351,48.74709618402858,1071.0,3148.0
4542,89,93,90,94,1.6856843271245365,134.00883167763288,1.6856843271245365,134.00883167763288,1072.0,1755.0
2772,35,78,36,79,1.6853777382423512,-24.010989843938205,1.6853777382423512,24.010989843938205,1073.0,3857.0
2066,24,87,25,88,1.6849070209496375,72.18564520975133,1.6849070209496375,72.18564520975133,1074.0,2528.0
4494,84,85,85,86,1.6846258358578525,205.03547121160267,1.6846258358578525,205.03547121160267,1075.0,1343.0
2672,34,38,35,39,1.680818505035782,96.8442659250245,1.680818505035782,96.8442659250245,1076.0,2129.0
3142,42,56,43,57,1.6806173916951122,-876.9032495708616,1.6806173916951122,876.9032495708616,1077.0,126.0
4307,73,74,74,75,1.6785275563495248,-850.3245474574982,1.6785275563495248,850.3245474574982,1078.0,147.0
1054,11,76,12,77,1.6772215026548207,78.4831338214226,1.6772215026548207,78.4831338214226,1079.0,2412.0
280,2,94,3,95,1.6746107650776407,-63.88822530077709,1.6746107650776407,63.88822530077709,1080.0,2732.0
1764,20,75,21,76,1.6744240970295516,-306.2852479278388,1.6744240970295516,306.2852479278388,1081.0,979.0
3913,59,79,60,80,1.6741705572390846,124.62426293817045,1.6741705572390846,124.62426293817045,1082.0,1829.0
991,11,13,12,14,1.6730557791426897,-326.46463184244226,1.6730557791426897,326.46463184244226,1083.0,913.0
3149,42,63,43,64,1.6708294606878924,47.08026921107012,1.6708294606878924,47.08026921107012,1084.0,3196.0
2403,29,84,30,85,1.6701941168711132,-76.70188596838193,1.6701941168711132,76.70188596838193,1085.0,2447.0
214,2,28,3,29,1.6698780171335756,9.706614517172056,1.6698780171335756,9.706614517172056,1086.0,4261.0
1948,23,40,24,41,1.669133135036743,-650.3326850124874,1.669133135036743,650.3326850124874,1087.0,297.0
327,3,49,4,50,1.6668878882675295,69.86151706411147,1.6668878882675295,69.86151706411147,1088.0,2589.0
2705,34,71,35,72,1.6657003855946941,173.66035956972064,1.6657003855946941,173.66035956972064,1089.0,1488.0
1367,15,63,16,64,1.6637716277142194,-8.390692629217028,1.6637716277142194,8.390692629217028,1090.0,4298.0
865,9,56,10,57,1.6592879209727378,-33.00764954043552,1.6592879209727378,33.00764954043552,1091.0,3605.0
1045,11,67,12,68,1.658803007444212,205.5410040327588,1.658803007444212,205.5410040327588,1092.0,1342.0
3724,54,80,55,81,1.6585479733131334,125.16596109357351,1.6585479733131334,125.16596109357351,1093.0,1819.0
489,5,30,6,31,1.658040271090278,69.39639720711466,1.658040271090278,69.39639720711466,1094.0,2597.0
2669,34,35,35,36,1.6578600785181732,400.0816574563573,1.6578600785181732,400.0816574563573,1095.0,732.0
3521,49,92,50,93,1.657755972788885,-365.41371704889775,1.657755972788885,365.41371704889775,1096.0,817.0
1989,23,81,24,82,1.657598195325957,389.2599966391562,1.657598195325957,389.2599966391562,1097.0,753.0
2150,26,32,27,33,1.65755759907267,125.1439814056971,1.65755759907267,125.1439814056971,1098.0,1820.0
668,7,32,8,33,1.6571180138760355,-91.5491415877484,1.6571180138760355,91.5491415877484,1099.0,2218.0
3592,51,74,52,75,1.6570337081598536,184.9938074075484,1.6570337081598536,184.9938074075484,1100.0,1433.0
4060,63,92,64,93,1.6566805456619342,58.42060376399286,1.6566805456619342,58.42060376399286,1101.0,2893.0
3070,40,91,41,92,1.656521087065818,10.88363415738013,1.656521087065818,10.88363415738013,1102.0,4224.0
3441,48,58,49,59,1.6556576072489722,-130.6881125381915,1.6556576072489722,130.6881125381915,1103.0,1778.0
1749,20,60,21,61,1.6541862421240892,17.000488014553866,1.6541862421240892,17.000488014553866,1104.0,4053.0
276,2,90,3,91,1.6511904627826046,52.93914009432183,1.6511904627826046,52.93914009432183,1105.0,3043.0
3627,52,66,53,67,1.6511352967083526,-120.17534948845696,1.6511352967083526,120.17534948845696,1106.0,1872.0
1353,15,49,16,50,1.6506648907366,-200.92648009863208,1.6506648907366,200.92648009863208,1107.0,1359.0
1065,11,87,12,88,1.6497877750616716,166.6440157570455,1.6497877750616716,166.6440157570455,1108.0,1537.0
1403,16,20,17,21,1.6495475598083265,127.85233477731708,1.6495475598083265,127.85233477731708,1109.0,1802.0
2969,39,45,40,46,1.6483321005132126,-22.654448883733263,1.6483321005132126,22.654448883733263,1110.0,3895.0
341,3,63,4,64,1.6475486301832898,246.99958068814271,1.6475486301832898,246.99958068814271,1111.0,1178.0
1735,20,46,21,47,1.6451800380494115,59.98894145336544,1.6451800380494115,59.98894145336544,1112.0,2844.0
4464,81,91,82,92,1.644986147355032,73.46351840794114,1.644986147355032,73.46351840794114,1113.0,2511.0
3135,42,49,43,50,1.643607057762927,-499.0235811369312,1.643607057762927,499.0235811369312,1114.0,537.0
3020,40,41,41,42,1.6430745743915929,-375.2412198493894,1.6430745743915929,375.2412198493894,1115.0,786.0
124,1,31,2,32,1.642962498845708,14.162483384677673,1.642962498845708,14.162483384677673,1116.0,4129.0
1592,18,54,19,55,1.6414910714566333,50.23774214049354,1.6414910714566333,50.23774214049354,1117.0,3111.0
510,5,51,6,52,1.6410665541945006,98.2412885520862,1.6410665541945006,98.2412885520862,1118.0,2107.0
1680,19,66,20,67,1.64052522930788,-25.582736539509824,1.64052522930788,25.582736539509824,1119.0,3812.0
2815,36,62,37,63,1.6404427915174629,-21.91611567464088,1.6404427915174629,21.91611567464088,1120.0,3923.0
2458,30,74,31,75,1.6400599912640763,45.03860540701498,1.6400599912640763,45.03860540701498,1121.0,3254.0
2590,32,79,33,80,1.6398431873469828,124.62196736647276,1.6398431873469828,124.62196736647276,1122.0,1830.0
3251,44,62,45,63,1.6382891976391059,97.40342132760316,1.6382891976391059,97.40342132760316,1123.0,2115.0
2462,30,78,31,79,1.6356078524680189,-666.4461298634617,1.6356078524680189,666.4461298634617,1124.0,284.0
1898,22,62,23,63,1.6355442184636333,1.818808528252248,1.6355442184636333,1.818808528252248,1125.0,4503.0
2211,26,93,27,94,1.6345801197122607,-22.926617504025216,1.6345801197122607,22.926617504025216,1126.0,3885.0
729,7,93,8,94,1.634140534515626,-311.3303894407891,1.634140534515626,311.3303894407891,1127.0,964.0
1778,20,89,21,90,1.6317758650258538,-41.071086924276415,1.6317758650258538,41.071086924276415,1128.0,3367.0
3114,41,81,42,82,1.6315396346808069,332.06322418007335,1.6315396346808069,332.06322418007335,1129.0,900.0
2103,25,54,26,55,1.6271708053738565,-176.25165297607714,1.6271708053738565,176.25165297607714,1130.0,1470.0
3530,50,56,51,57,1.6240636353926015,-53.2771790755462,1.6240636353926015,53.2771790755462,1131.0,3034.0
1799,21,36,22,37,1.623935682477717,105.96577962829132,1.623935682477717,105.96577962829132,1132.0,2014.0
1126,12,65,13,66,1.62372311252569,7.089588903256754,1.62372311252569,7.089588903256754,1133.0,4341.0
858,9,49,10,50,1.6222775870405526,54.704112837383946,1.6222775870405526,54.704112837383946,1134.0,2995.0
1807,21,44,22,45,1.62178208859936,-85.77950899859297,1.62178208859936,85.77950899859297,1135.0,2299.0
431,4,62,5,63,1.6210083937476059,-22.358279814653088,1.6210083937476059,22.358279814653088,1136.0,3905.0
789,8,66,9,67,1.6208896559331611,109.6927723842848,1.6208896559331611,109.6927723842848,1137.0,1978.0
4367,75,93,76,94,1.6205156349308687,-599.4414700173684,1.6205156349308687,599.4414700173684,1138.0,374.0
786,8,63,9,64,1.6197773684044527,-15.99360129945876,1.6197773684044527,15.99360129945876,1139.0,4081.0
532,5,73,6,74,1.6195727060048295,96.01558098733494,1.6195727060048295,96.01558098733494,1140.0,2145.0
1785,21,22,22,23,1.6190371094238873,89.80830669886791,1.6190371094238873,89.80830669886791,1141.0,2238.0
3596,51,78,52,79,1.6186341355722416,-52.83863004982322,1.6186341355722416,52.83863004982322,1142.0,3045.0
2979,39,55,40,56,1.6173351177312516,37.45413001305769,1.6173351177312516,37.45413001305769,1143.0,3476.0
3687,53,84,54,85,1.6171126477726716,-19.80503509806158,1.6171126477726716,19.80503509806158,1144.0,3979.0
4437,79,93,80,94,1.6168657079865731,117.1173418717276,1.6168657079865731,117.1173418717276,1145.0,1898.0
934,10,40,11,41,1.6163759378510596,65.54323090176149,1.6163759378510596,65.54323090176149,1146.0,2700.0
152,1,59,2,60,1.6132684565488435,46.64394705434916,1.6132684565488435,46.64394705434916,1147.0,3209.0
3049,40,70,41,71,1.6103866829432003,45.07567806767338,1.6103866829432003,45.07567806767338,1148.0,3250.0
4012,62,76,63,77,1.609785397639531,8.436878873971636,1.609785397639531,8.436878873971636,1149.0,4295.0
3467,48,84,49,85,1.6097042673971496,467.19051116393473,1.6097042673971496,467.19051116393473,1150.0,608.0
2418,30,34,31,35,1.6080901927438407,80.11622843722671,1.6080901927438407,80.11622843722671,1151.0,2379.0
2250,27,64,28,65,1.607465682896497,-94.87326973338897,1.607465682896497,94.87326973338897,1152.0,2168.0
2883,37,72,38,73,1.6068370636124711,163.174029945867,1.6068370636124711,163.174029945867,1153.0,1553.0
1205,13,62,14,63,1.6056196741274,476.0806127245529,1.6056196741274,476.0806127245529,1154.0,591.0
2006,24,27,25,28,1.6054569155290994,10.95298222720885,1.6054569155290994,10.95298222720885,1155.0,4221.0
975,10,81,11,82,1.6048409981402736,96.12081958062343,1.6048409981402736,96.12081958062343,1156.0,2143.0
390,4,21,5,22,1.60450128470786,43.16477895637581,1.60450128470786,43.16477895637581,1157.0,3306.0
3528,50,54,51,55,1.6040428334610015,82.76566686570573,1.6040428334610015,82.76566686570573,1158.0,2345.0
3826,57,65,58,66,1.6031572498559399,-61.84328989591677,1.6031572498559399,61.84328989591677,1159.0,2800.0
2105,25,56,26,57,1.6009356634797465,-251.0131480102434,1.6009356634797465,251.0131480102434,1160.0,1163.0
1677,19,63,20,64,1.6001417950297336,15.839606078930956,1.6001417950297336,15.839606078930956,1161.0,4085.0
4245,70,81,71,82,1.598851743232414,26.313000896309404,1.598851743232414,26.313000896309404,1162.0,3797.0
2586,32,75,33,76,1.5975381555704593,-506.859290195109,1.5975381555704593,506.859290195109,1163.0,525.0
4311,73,78,74,79,1.5971402873825704,-50.6858856691897,1.5971402873825704,50.6858856691897,1164.0,3103.0
4097,65,68,66,69,1.5962513648602044,-166.96355275928954,1.5962513648602044,166.96355275928954,1165.0,1534.0
1525,17,64,18,65,1.5947108631329538,-192.7679624374041,1.5947108631329538,192.7679624374041,1166.0,1400.0
3993,61,90,62,91,1.5946723838622003,420.2009442906224,1.5946723838622003,420.2009442906224,1167.0,694.0
1839,21,76,22,77,1.5932782885997852,18.03171869192056,1.5932782885997852,18.03171869192056,1168.0,4022.0
344,3,66,4,67,1.5931183941543239,-15.55150586214313,1.5931183941543239,15.55150586214313,1169.0,4093.0
1485,17,24,18,25,1.5927020957655562,-275.59185012360695,1.5927020957655562,275.59185012360695,1170.0,1075.0
4003,62,67,63,68,1.5913669024289223,54.46581397963973,1.5913669024289223,54.46581397963973,1171.0,3003.0
4185,68,72,69,73,1.5913009413003554,296.43576543947074,1.5913009413003554,296.43576543947074,1172.0,1010.0
2685,34,51,35,52,1.5911164758480634,121.91729781183837,1.5911164758480634,121.91729781183837,1173.0,1858.0
2768,35,74,36,75,1.590290105489744,22.269110223253392,1.590290105489744,22.269110223253392,1174.0,3910.0
3624,52,63,53,64,1.589531727629261,14.413648346201173,1.589531727629261,14.413648346201173,1175.0,4123.0
1164,13,21,14,22,1.589112565087654,-94.30493204401682,1.589112565087654,94.30493204401682,1176.0,2177.0
3479,49,50,50,51,1.5870533014604162,-10.227446419199168,1.5870533014604162,10.227446419199168,1177.0,4244.0
1594,18,56,19,57,1.5866153973969697,24.4251949073896,1.5866153973969697,24.4251949073896,1178.0,3844.0
3833,57,72,58,73,1.5843950563046196,1437.4151052941847,1.5843950563046196,1437.4151052941847,1179.0,16.0
2984,39,60,40,61,1.5843086958700967,-16.67427040530447,1.5843086958700967,16.67427040530447,1180.0,4060.0
4150,66,92,67,93,1.5839864786756794,37.133685684402735,1.5839864786756794,37.133685684402735,1181.0,3485.0
3067,40,88,41,89,1.5827379570945297,55.14752781728976,1.5827379570945297,55.14752781728976,1182.0,2983.0
2838,36,85,37,86,1.5825446890420714,63.82924165493978,1.5825446890420714,63.82924165493978,1183.0,2734.0
4262,71,74,72,75,1.5824497984132229,380.5146393095755,1.5824497984132229,380.5146393095755,1184.0,769.0
4023,62,87,63,88,1.582351670046382,4.916046971944525,1.582351670046382,4.916046971944525,1185.0,4394.0
2527,31,79,32,80,1.582060398155467,75.12659286121789,1.582060398155467,75.12659286121789,1186.0,2477.0
2876,37,65,38,66,1.5807152425480884,-864.1671432307712,1.5807152425480884,864.1671432307712,1187.0,138.0
1715,20,26,21,27,1.580671657613578,1.3673933987497549,1.580671657613578,1.3673933987497549,1188.0,4519.0
3274,44,85,45,86,1.5803910951637143,-236.30840975291267,1.5803910951637143,236.30840975291267,1189.0,1213.0
656,7,20,8,21,1.5802320724169432,-267.0236498396277,1.5802320724169432,267.0236498396277,1190.0,1109.0
1422,16,39,17,40,1.579670013554334,33.090771040454456,1.579670013554334,33.090771040454456,1191.0,3601.0
125,1,32,2,33,1.5789410866567417,38.021285565232574,1.5789410866567417,38.021285565232574,1192.0,3462.0
1734,20,45,21,46,1.57845455425922,-350.7921689942823,1.57845455425922,350.7921689942823,1193.0,846.0
3400,47,64,48,65,1.5779126067306775,-3.5410727354556,1.5779126067306775,3.5410727354556,1194.0,4437.0
1921,22,85,23,86,1.5776461159882418,-35.80273952636344,1.5776461159882418,35.80273952636344,1195.0,3522.0
1370,15,66,16,67,1.5768953966233943,-99.31188746180852,1.5768953966233943,99.31188746180852,1196.0,2094.0
2314,28,61,29,62,1.5759848295112293,120.728594205048,1.5759848295112293,120.728594205048,1197.0,1865.0
2026,24,47,25,48,1.5759038393632798,6.800237846574873,1.5759038393632798,6.800237846574873,1198.0,4349.0
2970,39,46,40,47,1.575302491795419,-22.35480210575679,1.575302491795419,22.35480210575679,1199.0,3907.0
1830,21,67,22,68,1.5748597933891764,141.1763942202615,1.5748597933891764,141.1763942202615,1200.0,1696.0
1288,14,64,15,65,1.5730845167423706,-102.15336980058056,1.5730845167423706,102.15336980058056,1201.0,2056.0
3997,61,94,62,95,1.5712520815671642,122.57105257292824,1.5712520815671642,122.57105257292824,1202.0,1845.0
4461,81,88,82,89,1.5712030173837437,14.23551527149175,1.5712030173837437,14.23551527149175,1203.0,4128.0
3661,53,58,54,59,1.571159307920849,-584.1242972895193,1.571159307920849,584.1242972895193,1204.0,402.0
1248,14,24,15,25,1.571075749374973,-112.73304794305191,1.571075749374973,112.73304794305191,1205.0,1954.0
1005,11,27,12,28,1.5703376696411333,107.32802516639411,1.5703376696411333,107.32802516639411,1206.0,2000.0
3152,42,66,43,67,1.5698375636497213,-9.13834553049628,1.5698375636497213,9.13834553049628,1207.0,4277.0
2707,34,73,35,74,1.5696226276583922,10.353619968559542,1.5696226276583922,10.353619968559542,1208.0,4240.0
3803,56,80,57,81,1.5695584955404696,62.43096818798404,1.5695584955404696,62.43096818798404,1209.0,2778.0
863,9,54,10,55,1.5688185478808652,43.19378276474072,1.5688185478808652,43.19378276474072,1210.0,3304.0
2355,29,36,30,37,1.5681129700553322,54.20073818253286,1.5681129700553322,54.20073818253286,1211.0,3013.0
2942,38,74,39,75,1.567331678972135,5.233082294399992,1.567331678972135,5.233082294399992,1212.0,4386.0
2363,29,44,30,45,1.5659593761769752,27.339709132975717,1.5659593761769752,27.339709132975717,1213.0,3769.0
1850,21,87,22,88,1.565844561006636,106.01898999353445,1.565844561006636,106.01898999353445,1214.0,2012.0
667,7,31,8,32,1.5647855716264143,-196.16025651567588,1.5647855716264143,196.16025651567588,1215.0,1385.0
2149,26,31,27,32,1.5643459864297797,-26.85949630319874,1.5643459864297797,26.85949630319874,1216.0,3784.0
2098,25,49,26,50,1.5639253295475612,-908.707659248976,1.5639253295475612,908.707659248976,1217.0,108.0
1133,12,72,13,73,1.5638291936348696,1109.359530654547,1.5638291936348696,1109.359530654547,1218.0,50.0
1865,22,29,23,30,1.5632143970015024,114.05947166039095,1.5632143970015024,114.05947166039095,1219.0,1937.0
3909,59,75,60,76,1.5632107856783573,-684.3592558437606,1.5632107856783573,684.3592558437606,1220.0,259.0
454,4,85,5,86,1.5631102912722143,-23.024969382218387,1.5631102912722143,23.024969382218387,1221.0,3882.0
1768,20,79,21,80,1.5629572458878904,224.58844111740743,1.5629572458878904,224.58844111740743,1222.0,1262.0
39,0,40,1,41,1.5621022340011785,148.50163580040316,1.5621022340011785,148.50163580040316,1223.0,1651.0
2932,38,64,39,65,1.5619636339094347,-22.39180606371792,1.5619636339094347,22.39180606371792,1224.0,3904.0
3013,39,89,40,90,1.5618983187718611,-95.37087110764584,1.5618983187718611,95.37087110764584,1225.0,2158.0
2017,24,38,25,39,1.559954866542037,-269.43444589687994,1.559954866542037,269.43444589687994,1226.0,1100.0
3998,61,95,62,96,1.5588846696072274,76.79905570937763,1.5588846696072274,76.79905570937763,1227.0,2442.0
1963,23,55,24,56,1.5588500507163876,-709.7412542007378,1.5588500507163876,709.7412542007378,1228.0,233.0
2634,33,61,34,62,1.5582132125589967,-601.4229680383878,1.5582132125589967,601.4229680383878,1229.0,372.0
995,11,17,12,18,1.55758284987759,-889.7400720635403,1.55758284987759,889.7400720635403,1230.0,118.0
1298,14,74,15,75,1.556210796139199,27.272450526756074,1.556210796139199,27.272450526756074,1231.0,3773.0
186,1,93,2,94,1.555963607296332,11.921751549842156,1.555963607296332,11.921751549842156,1232.0,4188.0
3857,58,59,59,60,1.5526033333739555,-45.91966208623353,1.5526033333739555,45.91966208623353,1233.0,3223.0
4378,76,85,77,86,1.5518872951641396,-20.42887872437541,1.5518872951641396,20.42887872437541,1234.0,3960.0
2888,37,77,38,78,1.5516737289850382,33.948459786508465,1.5516737289850382,33.948459786508465,1235.0,3570.0
3410,47,74,48,75,1.5513827061508922,0.8479497420099733,1.5513827061508922,0.8479497420099733,1236.0,4536.0
80,0,81,1,82,1.5505672942903925,135.80260212096982,1.5505672942903925,135.80260212096982,1237.0,1741.0
1587,18,49,19,50,1.5496050634647844,59.56868829853374,1.5496050634647844,59.56868829853374,1238.0,2857.0
398,4,29,5,30,1.5486785722854752,35.82103539725404,1.5486785722854752,35.82103539725404,1239.0,3520.0
875,9,66,10,67,1.548508092927347,-6.184600477947242,1.548508092927347,6.184600477947242,1240.0,4373.0
1228,13,85,14,86,1.5477215716520085,454.82708348863457,1.5477215716520085,454.82708348863457,1241.0,633.0
3140,42,54,43,55,1.5474890771584908,-197.6741329999113,1.5474890771584908,197.6741329999113,1242.0,1380.0
4070,64,71,65,72,1.5468455144683468,-152.48668023301525,1.5468455144683468,152.48668023301525,1243.0,1624.0
3775,55,91,56,92,1.5462380027454625,-8.248312672574684,1.5462380027454625,8.248312672574684,1244.0,4309.0
2050,24,71,25,72,1.5448367471009492,-36.40926331089395,1.5448367471009492,36.40926331089395,1245.0,3505.0
1025,11,47,12,48,1.5407845934753137,108.30027219792328,1.5407845934753137,108.30027219792328,1246.0,1987.0
1358,15,54,16,55,1.5404312441848178,134.1349365242968,1.5404312441848178,134.1349365242968,1247.0,1752.0
2758,35,64,36,65,1.539005207391826,920.6940232241787,1.539005207391826,920.6940232241787,1248.0,99.0
2395,29,76,30,77,1.5374555761774005,11.22501344210741,1.5374555761774005,11.22501344210741,1249.0,4206.0
2014,24,35,25,36,1.5369964400244283,-51.24713053537698,1.5369964400244283,51.24713053537698,1250.0,3087.0
4190,68,77,69,78,1.5361376066729222,1487.771577551693,1.5361376066729222,1487.771577551693,1251.0,10.0
992,11,14,12,15,1.5359565034870069,-254.08958890325687,1.5359565034870069,254.08958890325687,1252.0,1152.0
1535,17,74,18,75,1.5345844497486159,-12.14307407928618,1.5345844497486159,12.14307407928618,1253.0,4181.0
4171,67,85,68,86,1.5334687999535308,-55.39994361870731,1.5334687999535308,55.39994361870731,1254.0,2976.0
3736,54,92,55,93,1.5333401621325327,876.3977167497053,1.5333401621325327,876.3977167497053,1255.0,128.0
1172,13,29,14,30,1.533289852665269,-258.4171947577936,1.533289852665269,258.4171947577936,1256.0,1139.0
3088,41,55,42,56,1.5327914900712374,-281.78173586759453,1.5327914900712374,281.78173586759453,1257.0,1053.0
3509,49,80,50,81,1.5325481616082843,65.58141699691987,1.5325481616082843,65.58141699691987,1258.0,2697.0
471,5,12,6,13,1.5298786466337069,112.86513217839956,1.5298786466337069,112.86513217839956,1259.0,1952.0
3838,57,77,58,78,1.5292317216771867,166.74480061233044,1.5292317216771867,166.74480061233044,1260.0,1536.0
3022,40,43,41,44,1.5287534081530298,-114.716978941163,1.5287534081530298,114.716978941163,1261.0,1929.0
1968,23,60,24,61,1.5258236288552327,-32.002714883555726,1.5258236288552327,32.002714883555726,1262.0,3636.0
1016,11,38,12,39,1.524835620654071,213.8386300498232,1.524835620654071,213.8386300498232,1263.0,1312.0
3332,45,93,46,94,1.5245460921605372,-395.3719845421467,1.5245460921605372,395.3719845421467,1264.0,744.0
4506,85,87,86,88,1.5244535675709905,-36.891840415066326,1.5244535675709905,36.891840415066326,1265.0,3494.0
332,3,54,4,55,1.5242082466538882,111.79794227487672,1.5242082466538882,111.79794227487672,1266.0,1961.0
2260,27,74,28,75,1.5218296299850727,-51.44487902356764,1.5218296299850727,51.44487902356764,1267.0,3082.0
1406,16,23,17,24,1.52118494653947,333.48570420390735,1.52118494653947,333.48570420390735,1268.0,891.0
2386,29,67,30,68,1.5190370809667915,152.39862407611645,1.5190370809667915,152.39862407611645,1269.0,1625.0
2569,32,58,33,59,1.5182759634818535,-15.066633186272613,1.5182759634818535,15.066633186272613,1270.0,4102.0
3219,43,81,44,82,1.5172184684422438,-154.99471473395965,1.5172184684422438,154.99471473395965,1271.0,1610.0
1954,23,46,24,47,1.516817424780555,-56.92293368703963,1.516817424780555,56.92293368703963,1272.0,2936.0
3540,50,66,51,67,1.5132838073472106,272.67427040530447,1.5132838073472106,272.67427040530447,1273.0,1087.0
2537,31,89,32,90,1.5132417790175037,-185.08026921107003,1.5132417790175037,185.08026921107003,1274.0,1432.0
3960,60,91,61,92,1.5132115808843074,-133.34318684187156,1.5132115808843074,133.34318684187156,1275.0,1763.0
3809,56,86,57,87,1.5128086692968536,-547.9368445226232,1.5128086692968536,547.9368445226232,1276.0,453.0
2157,26,39,27,40,1.5107941113595853,-1.0469490700947972,1.5107941113595853,1.0469490700947972,1277.0,4533.0
146,1,53,2,54,1.5104941847459608,-63.89858972476827,1.5104941847459608,63.89858972476827,1278.0,2731.0
675,7,39,8,40,1.5103545261629505,-249.49238481091288,1.5103545261629505,249.49238481091288,1279.0,1173.0
2406,29,87,30,88,1.510021848584251,172.24121984938938,1.510021848584251,172.24121984938938,1280.0,1501.0
1049,11,71,12,72,1.509717501212983,21.90443170805929,1.509717501212983,21.90443170805929,1281.0,3924.0
516,5,57,6,58,1.5093127839639568,20.08040661646328,1.5093127839639568,20.08040661646328,1282.0,3976.0
1138,12,77,13,78,1.5086658590074367,498.9218889552353,1.5086658590074367,498.9218889552353,1283.0,539.0
1474,16,91,17,92,1.508572898568545,-65.83856134712687,1.508572898568545,65.83856134712687,1284.0,2684.0
223,2,37,3,38,1.5083608889942473,5.654380181036686,1.5083608889942473,5.654380181036686,1285.0,4379.0
2801,36,48,37,49,1.5076231205813686,18.588509820104264,1.5076231205813686,18.588509820104264,1286.0,4008.0
1139,12,78,13,79,1.5074462280114478,1.7273433651539565,1.5074462280114478,1.7273433651539565,1287.0,4508.0
3918,59,84,60,85,1.506649993522133,-352.14057239949784,1.506649993522133,352.14057239949784,1288.0,843.0
949,10,55,11,56,1.506092853530704,70.26660854346483,1.506092853530704,70.26660854346483,1289.0,2578.0
3237,44,48,45,49,1.5054695267030116,-56.38478194322943,1.5054695267030116,56.38478194322943,1290.0,2952.0
3792,56,69,57,70,1.505468219154976,12.932184676529689,1.505468219154976,12.932184676529689,1291.0,4163.0
2636,33,63,34,64,1.5048582791285976,52.94832238111485,1.5048582791285976,52.94832238111485,1292.0,3040.0
3379,46,91,47,92,1.50420537680963,-29.991305727759936,1.50420537680963,29.991305727759936,1293.0,3689.0
4063,63,95,64,96,1.504186822080367,-222.72150138186328,1.504186822080367,222.72150138186328,1294.0,1275.0
1997,23,89,24,90,1.5034132517569971,14.82451310614988,1.5034132517569971,14.82451310614988,1295.0,4111.0
2248,27,62,28,63,1.5029015646258437,22.70654581447525,1.5029015646258437,22.70654581447525,1296.0,3891.0
1884,22,48,23,49,1.5027245475275388,-0.2714744976483416,1.5027245475275388,0.2714744976483416,1297.0,4555.0
527,5,68,6,69,1.5024068989682213,489.5261171680677,1.5024068989682213,489.5261171680677,1298.0,554.0
113,1,20,2,21,1.5020551451976494,9.174098648562904,1.5020551451976494,9.174098648562904,1299.0,4275.0
1013,11,35,12,36,1.501877194136462,129.19155589573893,1.501877194136462,129.19155589573893,1300.0,1789.0
2556,32,45,33,46,1.5015686128001278,-223.62892278426443,1.5015686128001278,223.62892278426443,1301.0,1268.0
3754,55,70,56,71,1.5001035986228448,-20.812059218550075,1.5001035986228448,20.812059218550075,1302.0,3947.0
2494,31,46,32,47,1.499837605993946,62.02942312022196,1.499837605993946,62.02942312022196,1303.0,2792.0
3093,41,60,42,61,1.4997650682100825,-370.5455951761559,1.4997650682100825,370.5455951761559,1304.0,803.0
777,8,54,9,55,1.496436984875051,7.530639608767615,1.496436984875051,7.530639608767615,1305.0,4323.0
1414,16,31,17,32,1.495470084235031,14.477291838131803,1.495470084235031,14.477291838131803,1306.0,4119.0
3891,58,93,59,94,1.495298484121444,-13.96362146198635,1.495298484121444,13.96362146198635,1307.0,4132.0
1424,16,41,17,42,1.4951263858943198,84.11413897361786,1.4951263858943198,84.11413897361786,1308.0,2324.0
3003,39,79,40,80,1.4930796996338978,110.47965611252675,1.4930796996338978,110.47965611252675,1309.0,1971.0
254,2,68,3,69,1.4928247666821313,-106.42185460388691,1.4928247666821313,106.42185460388691,1310.0,2011.0
4062,63,94,64,95,1.49181941012043,141.88036255657408,1.49181941012043,141.88036255657408,1311.0,1694.0
2508,31,60,32,61,1.4908314019192686,-63.95325703799517,1.4908314019192686,63.95325703799517,1312.0,2730.0
4540,89,91,90,92,1.4908012037860723,-58.45197184675271,1.4908012037860723,58.45197184675271,1313.0,2891.0
3079,41,46,42,47,1.4907588641354048,-20.07226906147389,1.4907588641354048,20.07226906147389,1314.0,3977.0
2115,25,66,26,67,1.4901558354343556,-71.44967627505412,1.4901558354343556,71.44967627505412,1315.0,2544.0
1523,17,62,18,63,1.4901467448623005,-260.7910555597814,1.4901467448623005,260.7910555597814,1316.0,1130.0
2448,30,64,31,65,1.4892353216174934,-43.4601094017421,1.4892353216174934,43.4601094017421,1317.0,3290.0
417,4,48,5,49,1.4881887228115116,14.811853110460106,1.4881887228115116,14.811853110460106,1318.0,4112.0
2009,24,30,25,31,1.4872265542500958,-1098.698408259486,1.4872265542500958,1098.698408259486,1319.0,51.0
2316,28,63,29,64,1.487086662176365,95.94964192370573,1.487086662176365,95.94964192370573,1320.0,2146.0
3839,57,78,58,79,1.4868803653416978,-6.755302441714775,1.4868803653416978,6.755302441714775,1321.0,4354.0
496,5,37,6,38,1.4868707766561053,-38.721638787256325,1.4868707766561053,38.721638787256325,1322.0,3441.0
1790,21,27,22,28,1.4863944555860977,45.69952169398675,1.4863944555860977,45.69952169398675,1323.0,3232.0
243,2,57,3,58,1.4859188816863957,-485.8638813385057,1.4859188816863957,485.8638813385057,1324.0,560.0
3805,56,82,57,83,1.485907923188576,-191.7192058101649,1.485907923188576,191.7192058101649,1325.0,1404.0
588,6,40,7,41,1.4842225560352464,80.00619259245104,1.4842225560352464,80.00619259245104,1326.0,2381.0
4191,68,78,69,79,1.479974480345962,-61.93691322531959,1.479974480345962,61.93691322531959,1327.0,2797.0
1095,12,34,13,35,1.4799285682872696,252.3385956984748,1.4799285682872696,252.3385956984748,1328.0,1158.0
3122,41,89,42,90,1.477354691111847,70.57912142522036,1.477354691111847,70.57912142522036,1329.0,2566.0
3459,48,76,49,77,1.4769657267034368,-57.85594989160609,1.4769657267034368,57.85594989160609,1330.0,2908.0
1668,19,54,20,55,1.476801411500332,1046.250745649666,1.476801411500332,1046.250745649666,1331.0,62.0
1604,18,66,19,67,1.4758355693515788,-56.240175117585295,1.4758355693515788,56.240175117585295,1332.0,2958.0
3515,49,86,50,87,1.4757983353646684,-329.5560970055401,1.4757983353646684,329.5560970055401,1333.0,905.0
4284,72,73,73,74,1.474135134263747,887.5446878497446,1.474135134263747,887.5446878497446,1334.0,121.0
1482,17,21,18,22,1.4736396358225545,-272.33261630979086,1.4736396358225545,272.33261630979086,1335.0,1088.0
3622,52,61,53,62,1.4735397640583332,506.33407325777466,1.4735397640583332,506.33407325777466,1336.0,526.0
3398,47,62,48,63,1.473348488460024,-10.096681726441602,1.473348488460024,10.096681726441602,1337.0,4248.0
954,10,60,11,61,1.4730664316695492,0.3465271453746936,1.4730664316695492,0.3465271453746936,1338.0,4552.0
1191,13,48,14,49,1.4728000031913053,1140.1928754383298,1.4728000031913053,1140.1928754383298,1339.0,42.0
604,6,56,7,57,1.4727360578659592,460.7808285411834,1.4727360578659592,460.7808285411834,1340.0,617.0
629,6,81,7,82,1.4726876163244604,92.68331528670478,1.4726876163244604,92.68331528670478,1341.0,2192.0
3772,55,88,56,89,1.4724548727741742,69.18919162134398,1.4724548727741742,69.18919162134398,1342.0,2602.0
2595,32,84,33,85,1.4723226236300309,114.14648308548544,1.4723226236300309,114.14648308548544,1343.0,1935.0
3582,51,64,52,65,1.472261604721716,-141.34548241357015,1.472261604721716,141.34548241357015,1344.0,1695.0
3061,40,82,41,83,1.4710506907126297,82.54670861065642,1.4710506907126297,82.54670861065642,1345.0,2349.0
2030,24,51,25,52,1.4702528373543184,-40.9949208420494,1.4702528373543184,40.9949208420494,1346.0,3371.0
1286,14,62,15,63,1.4685203984717172,-279.25053954157625,1.4685203984717172,279.25053954157625,1347.0,1061.0
3498,49,69,50,70,1.468457885222791,50.74000336084282,1.468457885222791,50.74000336084282,1348.0,3100.0
910,10,16,11,17,1.4684277493537865,97.89281644417406,1.4684277493537865,97.89281644417406,1349.0,2111.0
4058,63,90,64,91,1.468399107825394,79.535162049468,1.468399107825394,79.535162049468,1350.0,2388.0
3298,45,59,46,60,1.4672412429080257,56.968350010776106,1.4672412429080257,56.968350010776106,1351.0,2933.0
3939,60,70,61,71,1.4670771767616897,-74.4358341421671,1.4670771767616897,74.4358341421671,1352.0,2493.0
3615,52,54,53,55,1.4661913440998595,591.5157527440764,1.4661913440998595,591.5157527440764,1353.0,393.0
198,2,12,3,13,1.4653530190166457,-325.5640971551363,1.4653530190166457,325.5640971551363,1354.0,918.0
2889,37,78,38,79,1.4644383580338463,-658.911387125851,1.4644383580338463,658.911387125851,1355.0,292.0
940,10,46,11,47,1.4640602275948715,3.1810540663545908,1.4640602275948715,3.1810540663545908,1356.0,4451.0
1675,19,61,20,62,1.4629296966578607,-538.0756780676732,1.4629296966578607,538.0756780676732,1357.0,469.0
1453,16,70,17,71,1.462438494445927,-14.104819281430991,1.462438494445927,14.104819281430991,1358.0,4130.0
3458,48,75,49,76,1.4601565118033406,-252.7112056605688,1.4601565118033406,252.7112056605688,1359.0,1157.0
4455,81,82,82,83,1.4595157510018437,70.79676013767903,1.4595157510018437,70.79676013767903,1360.0,2561.0
2691,34,57,35,58,1.4593627056175196,126.4219233065835,1.4593627056175196,126.4219233065835,1361.0,1809.0
4138,66,80,67,81,1.4587786674950787,53.36050668365488,1.4587786674950787,53.36050668365488,1362.0,3028.0
3450,48,67,49,68,1.4585472314928278,-4.798079680269893,1.4585472314928278,4.798079680269893,1363.0,4399.0
3358,46,70,47,71,1.458070972687012,-23.16150735556994,1.458070972687012,23.16150735556994,1364.0,3877.0
2503,31,55,32,56,1.4578049800581134,65.59762340420093,1.4578049800581134,65.59762340420093,1365.0,2696.0
2930,38,62,39,63,1.4573995156387813,-134.55957471443594,1.4573995156387813,134.55957471443594,1366.0,1748.0
1810,21,47,22,48,1.4568413794202781,61.807193264367015,1.4568413794202781,61.807193264367015,1367.0,2801.0
3590,51,72,52,73,1.4526412860740758,920.4498136804474,1.4526412860740758,920.4498136804474,1368.0,100.0
2702,34,68,35,69,1.452456820621784,454.3837372114251,1.452456820621784,454.3837372114251,1369.0,634.0
1934,23,26,24,27,1.4523090443447213,-1.1323661418120423,1.4523090443447213,1.1323661418120423,1370.0,4527.0
1008,11,30,12,31,1.4521073083621296,-312.47506496913,1.4521073083621296,312.47506496913,1371.0,959.0
1245,14,21,15,22,1.4520132894319713,420.61417332496615,1.4520132894319713,420.61417332496615,1372.0,693.0
659,7,23,8,24,1.4518694591480865,-66.33859569847482,1.4518694591480865,66.33859569847482,1373.0,2666.0
54,0,55,1,56,1.451819149680823,294.4402878801707,1.451819149680823,294.4402878801707,1374.0,1014.0
3048,40,69,41,70,1.4514903947462297,-319.15677880678004,1.4514903947462297,319.15677880678004,1375.0,932.0
4072,64,73,65,74,1.450767756532045,-147.08624859975407,1.450767756532045,147.08624859975407,1376.0,1655.0
983,10,89,11,90,1.4506560545713136,14.349097527859158,1.4506560545713136,14.349097527859158,1377.0,4125.0
3682,53,79,54,80,1.4495920840557197,438.4219920092801,1.4495920840557197,438.4219920092801,1378.0,661.0
3470,48,87,49,88,1.4495319991102873,-4.289976476628908,1.4495319991102873,4.289976476628908,1379.0,4412.0
4502,84,93,85,94,1.4493451442696215,-388.9241158242371,1.4493451442696215,388.9241158242371,1380.0,754.0
3511,49,82,50,83,1.4488975892563907,-432.455380852952,1.4488975892563907,432.455380852952,1381.0,672.0
2052,24,73,25,74,1.4487589891646473,24.31870547420658,1.4487589891646473,24.31870547420658,1382.0,3849.0
2271,27,85,28,86,1.4450034621504522,-12.320093719494707,1.4450034621504522,12.320093719494707,1383.0,4176.0
4253,70,89,71,90,1.4446667996634543,-387.10468187603806,1.4446667996634543,387.10468187603806,1384.0,760.0
3065,40,86,41,87,1.444149944604352,86.66363117052697,1.444149944604352,86.66363117052697,1385.0,2287.0
784,8,61,9,62,1.4432941232831418,-27.29922746611919,1.4432941232831418,27.29922746611919,1386.0,3771.0
4341,74,87,75,88,1.4423795245645343,1008.5563031136298,1.4423795245645343,1008.5563031136298,1387.0,72.0
4007,62,71,63,72,1.4422813961976935,-56.93927749971499,1.4422813961976935,56.93927749971499,1388.0,2935.0
1747,20,58,21,59,1.4413900220227611,-41.13952766769353,1.4413900220227611,41.13952766769353,1389.0,3366.0
1801,21,38,22,39,1.4408924065990354,-120.37775782274105,1.4408924065990354,120.37775782274105,1390.0,1870.0
4220,69,81,70,82,1.4399554550354434,-603.8581080579114,1.4399554550354434,603.8581080579114,1391.0,368.0
2209,26,91,27,92,1.4396969963737962,-1.9473463520075711,1.4396969963737962,1.9473463520075711,1392.0,4493.0
3957,60,88,61,89,1.4394284509130193,-5.092021880348511,1.4394284509130193,5.092021880348511,1393.0,4389.0
727,7,91,8,92,1.4392574111771617,21.55734784543415,1.4392574111771617,21.55734784543415,1394.0,3934.0
4119,65,90,66,91,1.437885668759731,33.31209356989831,1.437885668759731,33.31209356989831,1395.0,3595.0
2671,34,37,35,38,1.436920698309668,78.64286797119621,1.436920698309668,78.64286797119621,1396.0,2409.0
597,6,49,7,50,1.435725723933774,-485.4322190278781,1.435725723933774,485.4322190278781,1397.0,561.0
2456,30,72,31,73,1.4356675691782985,104.91938727544766,1.4356675691782985,104.91938727544766,1398.0,2025.0
1029,11,51,12,52,1.4351335914663523,-4.809694944155126,1.4351335914663523,4.809694944155126,1399.0,4398.0
1471,16,88,17,89,1.4347897685972566,181.7019546710785,1.4347897685972566,181.7019546710785,1400.0,1444.0
1987,23,79,24,80,1.4345946326190337,608.7680998427973,1.4345946326190337,608.7680998427973,1401.0,362.0
2756,35,62,36,63,1.4344410891211723,104.2448349636786,1.4344410891211723,104.2448349636786,1402.0,2034.0
4160,67,74,68,75,1.433364292181994,741.778532969485,1.433364292181994,741.778532969485,1403.0,203.0
4459,81,86,82,87,1.432615004893566,68.94609551211352,1.432615004893566,68.94609551211352,1404.0,2609.0
689,7,53,8,54,1.432317257526667,-100.8686785899922,1.432317257526667,100.8686785899922,1405.0,2073.0
1546,17,85,18,86,1.432248642386909,-449.6035340901888,1.432248642386909,449.6035340901888,1406.0,644.0
132,1,39,2,40,1.4321775989436567,3.4993402287045683,1.4321775989436567,3.4993402287045683,1407.0,4440.0
2171,26,53,27,54,1.4318776723300324,-82.76893846651194,1.4318776723300324,82.76893846651194,1408.0,2344.0
2215,27,29,28,30,1.4305717431637128,77.63240049316028,1.4305717431637128,77.63240049316028,1409.0,2429.0
3376,46,88,47,89,1.4304222468383416,281.9832368754676,1.4304222468383416,281.9832368754676,1410.0,1051.0
3194,43,56,44,57,1.4282052057481758,52.00396572344971,1.4282052057481758,52.00396572344971,1411.0,3069.0
2159,26,41,27,42,1.426250483699571,-330.13473041620705,1.426250483699571,330.13473041620705,1412.0,904.0
677,7,41,8,42,1.4258108985029363,-9.246017100876088,1.4258108985029363,9.246017100876088,1413.0,4269.0
1834,21,71,22,72,1.4257742871579475,-1.5469834214432012,1.4257742871579475,1.5469834214432012,1414.0,4514.0
3727,54,83,55,84,1.4236632819870263,122.48890710201704,1.4236632819870263,122.48890710201704,1415.0,1847.0
4435,79,91,80,92,1.421982584648109,-23.681157120399803,1.421982584648109,23.681157120399803,1416.0,3870.0
2318,28,65,29,66,1.41919811440876,6.387146217624377,1.41919811440876,6.387146217624377,1417.0,4367.0
1217,13,74,14,75,1.4191115204835163,-31.43465200496985,1.4191115204835163,31.43465200496985,1418.0,3650.0
4310,73,77,74,78,1.418971799636314,130.49940893140138,1.418971799636314,130.49940893140138,1419.0,1779.0
59,0,60,1,61,1.418792727819668,131.71927451286138,1.418792727819668,131.71927451286138,1420.0,1774.0
3193,43,55,44,56,1.4184703238326744,-106.90679598245424,1.4184703238326744,106.90679598245424,1421.0,2006.0
1798,21,35,22,36,1.4179339800814263,-105.6776794115035,1.4179339800814263,105.6776794115035,1422.0,2017.0
1490,17,29,18,30,1.4178169234001696,-299.240037712192,1.4178169234001696,299.240037712192,1423.0,1001.0
4532,88,89,89,90,1.4170180738147837,-75.58739638560337,1.4170180738147837,75.58739638560337,1424.0,2465.0
339,3,61,4,62,1.4155228615043045,203.17987192915731,1.4155228615043045,203.17987192915731,1425.0,1351.0
3421,47,85,48,86,1.4154503859846326,-23.541141438151957,1.4154503859846326,23.541141438151957,1426.0,3874.0
4330,74,76,75,77,1.4149457969713852,94.9232084978259,1.4149457969713852,94.9232084978259,1427.0,2167.0
4123,65,94,66,95,1.414465366464695,-9.947483757400732,1.414465366464695,9.947483757400732,1428.0,4251.0
15,0,16,1,17,1.4141540455039054,98.93454895092464,1.4141540455039054,98.93454895092464,1429.0,2101.0
1051,11,73,12,74,1.4136397432766812,43.37198454214695,1.4136397432766812,43.37198454214695,1430.0,3293.0
1309,14,85,15,86,1.4106222959963257,-443.3650978270516,1.4106222959963257,443.3650978270516,1431.0,653.0
45,0,46,1,47,1.4097865237449905,115.32461616019464,1.4097865237449905,115.32461616019464,1432.0,1921.0
3112,41,79,42,80,1.4085360719738835,945.4683156594278,1.4085360719738835,945.4683156594278,1433.0,93.0
3995,61,92,62,93,1.40639094602566,671.5921936370898,1.40639094602566,671.5921936370898,1434.0,277.0
2812,36,59,37,60,1.4045688467063517,116.54677731335325,1.4045688467063517,116.54677731335325,1435.0,1906.0
443,4,74,5,75,1.4037228008633105,-323.64283361984803,1.4037228008633105,323.64283361984803,1436.0,924.0
3248,44,59,45,60,1.4024152528279947,-101.69040810988965,1.4024152528279947,101.69040810988965,1437.0,2062.0
4124,65,95,66,96,1.402097954504758,28.759687477021544,1.402097954504758,28.759687477021544,1438.0,3718.0
4144,66,86,67,87,1.4020288412514628,-71.88481629457783,1.4020288412514628,71.88481629457783,1439.0,2535.0
2638,33,65,34,66,1.4014264974565274,-1039.209989172023,1.4014264974565274,1039.209989172023,1440.0,64.0
2366,29,47,30,48,1.4010186669978932,-14.420809872082827,1.4010186669978932,14.420809872082827,1441.0,4122.0
1895,22,59,23,60,1.399670273652522,69.18675864425313,1.399670273652522,69.18675864425313,1442.0,2603.0
2394,29,75,30,76,1.399666662329377,-500.75050519022807,1.399666662329377,500.75050519022807,1443.0,534.0
920,10,26,11,27,1.3995518471590378,37.16366552187537,1.3995518471590378,37.16366552187537,1444.0,3484.0
2953,38,85,39,86,1.3995014131633898,-570.1695075051662,1.3995014131633898,570.1695075051662,1445.0,417.0
1365,15,61,16,62,1.399299863973375,-311.5734168473232,1.399299863973375,311.5734168473232,1446.0,963.0
646,7,10,8,11,1.399112261962403,-169.71927451286138,1.399112261962403,169.71927451286138,1447.0,1519.0
3595,51,77,52,78,1.3974779514466429,304.38485064592624,1.3974779514466429,304.38485064592624,1448.0,988.0
88,0,89,1,90,1.3963823507214326,13.534186020360266,1.3963823507214326,13.534186020360266,1449.0,4144.0
1253,14,29,15,30,1.3961905770095864,-26.10690874503979,1.3961905770095864,26.10690874503979,1450.0,3801.0
1773,20,84,21,85,1.3954366821709385,495.95903031858927,1.3954366821709385,495.95903031858927,1451.0,545.0
55,0,56,1,57,1.394856379900027,41.57932753331056,1.394856379900027,41.57932753331056,1452.0,3359.0
4127,66,69,67,70,1.394688391109585,73.88022515118064,1.394688391109585,73.88022515118064,1453.0,2507.0
2188,26,70,27,71,1.3935625922511785,-66.34555111626696,1.3935625922511785,66.34555111626696,1454.0,2665.0
706,7,70,8,71,1.3931230070545437,-537.2307867227019,1.3931230070545437,537.2307867227019,1455.0,470.0
3147,42,61,43,62,1.392242030999702,-669.3616201181555,1.392242030999702,669.3616201181555,1456.0,279.0
3187,43,49,44,50,1.3911948718159906,76.30368120412277,1.3911948718159906,76.30368120412277,1457.0,2455.0
1910,22,74,23,75,1.389186976147283,274.42546971817603,1.389186976147283,274.42546971817603,1458.0,1079.0
3059,40,80,41,81,1.387400118360736,-635.2562441194741,1.387400118360736,635.2562441194741,1459.0,316.0
3263,44,74,45,75,1.3864419969718105,-112.23669740868944,1.3864419969718105,112.23669740868944,1460.0,1959.0
2766,35,72,36,73,1.3858976834039662,264.365166529748,1.3858976834039662,264.365166529748,1461.0,1117.0
3198,43,60,44,61,1.3854439019715195,-151.0872933315584,1.3854439019715195,151.0872933315584,1462.0,1633.0
4359,75,85,76,86,1.3852349433426376,-346.58850982010426,1.3852349433426376,346.58850982010426,1463.0,855.0
428,4,59,5,60,1.3851344489364947,61.27008625236158,1.3851344489364947,61.27008625236158,1464.0,2814.0
2357,29,38,30,39,1.3850696941766505,-484.08263348546507,1.3850696941766505,484.08263348546507,1465.0,564.0
2446,30,62,31,63,1.38467120334684,-213.49940893140135,1.38467120334684,213.49940893140135,1466.0,1315.0
4273,71,85,72,86,1.384383293722302,-63.83397020372968,1.384383293722302,63.83397020372968,1467.0,2733.0
2827,36,74,37,75,1.3842884030934535,313.7877152562787,1.3842884030934535,313.7877152562787,1468.0,949.0
973,10,79,11,80,1.3818374354333502,172.86040362960966,1.3818374354333502,172.86040362960966,1469.0,1494.0
2627,33,54,34,55,1.381517895599196,-190.9090915541526,1.381517895599196,190.9090915541526,1470.0,1408.0
3739,54,95,55,96,1.3808464385509653,50.1729165113652,1.3808464385509653,50.1729165113652,1471.0,3112.0
1426,16,43,17,44,1.3808052196557568,-392.33845829308166,1.3808052196557568,392.33845829308166,1472.0,749.0
3692,53,89,54,90,1.3807734649177563,109.20185161703375,1.3807734649177563,109.20185161703375,1473.0,1982.0
2461,30,77,31,78,1.3805042345508656,77.6521533120349,1.3805042345508656,77.6521533120349,1474.0,2428.0
4260,71,72,72,73,1.378057376327445,647.481044357814,1.378057376327445,647.481044357814,1475.0,303.0
2779,35,85,36,86,1.3765429866457808,-173.44731200065917,1.3765429866457808,173.44731200065917,1476.0,1489.0
3184,43,46,44,47,1.3764376978968418,1114.1477339253795,1.3764376978968418,1114.1477339253795,1477.0,48.0
4440,80,81,81,82,1.37586517864995,-436.243515421088,1.37586517864995,436.243515421088,1478.0,666.0
4243,70,79,71,80,1.375848180525491,115.16832536796846,1.375848180525491,115.16832536796846,1479.0,1922.0
259,2,73,3,74,1.375658959645523,-455.7886912853865,1.375658959645523,455.7886912853865,1480.0,629.0
4140,66,82,67,83,1.375128095143185,-26.91145582854733,1.375128095143185,26.91145582854733,1481.0,3781.0
3811,56,88,57,89,1.374220656806676,34.8211728026472,1.374220656806676,34.8211728026472,1482.0,3543.0
603,6,55,7,56,1.373939471714891,74.5848947058148,1.373939471714891,74.5848947058148,1483.0,2490.0
3910,59,76,60,77,1.37391145282842,0.5930322608041934,1.37391145282842,0.5930322608041934,1484.0,4545.0
116,1,23,2,24,1.3736925319287927,281.7368691654307,1.3736925319287927,281.7368691654307,1485.0,1056.0
2982,39,58,40,59,1.3715124757687687,25.545663878852334,1.3715124757687687,25.545663878852334,1486.0,3814.0
870,9,61,10,62,1.3709125602773276,-21.945119483005783,1.3709125602773276,21.945119483005783,1487.0,3922.0
1578,18,40,19,41,1.370343216504236,-530.6243316408677,1.370343216504236,530.6243316408677,1488.0,479.0
2547,32,36,33,37,1.37024147681425,91.80489769266842,1.37024147681425,91.80489769266842,1489.0,2213.0
2234,27,48,28,49,1.3700818936897492,-72.32586700008869,1.3700818936897492,72.32586700008869,1490.0,2524.0
2390,29,71,30,72,1.3699515747355626,60.646311328744105,1.3699515747355626,60.646311328744105,1491.0,2826.0
1202,13,59,14,60,1.3697457293162887,-228.2412885520862,1.3697457293162887,228.2412885520862,1492.0,1248.0
3738,54,94,55,95,1.3684790265910285,71.26319953726579,1.3684790265910285,71.26319953726579,1493.0,2551.0
1793,21,30,22,31,1.368164094307094,-547.0398562469097,1.368164094307094,547.0398562469097,1494.0,455.0
2555,32,44,33,45,1.368087882935893,-67.08506646255637,1.368087882935893,67.08506646255637,1495.0,2651.0
3580,51,62,52,63,1.3676974864510627,-62.463587110637945,1.3676974864510627,62.463587110637945,1496.0,2776.0
3341,46,53,47,54,1.3673692918941986,210.96946344527703,1.3673692918941986,210.96946344527703,1497.0,1326.0
2206,26,88,27,89,1.365913866402508,64.47742924352497,1.365913866402508,64.47742924352497,1498.0,2719.0
724,7,88,8,89,1.365474281205873,111.016831827229,1.365474281205873,111.016831827229,1499.0,1969.0
1868,22,32,23,33,1.3653429037604201,34.90784071425833,1.3653429037604201,34.90784071425833,1500.0,3540.0
3287,45,48,46,49,1.364186969033009,-282.1093417221314,1.364186969033009,282.1093417221314,1501.0,1050.0
2307,28,54,29,55,1.3637462786469634,-49.743618475132735,1.3637462786469634,49.743618475132735,1502.0,3127.0
3227,43,89,44,90,1.363033524873284,124.21924016151296,1.363033524873284,124.21924016151296,1503.0,1831.0
1436,16,53,17,54,1.3630017701352837,-351.0791557765691,1.3630017701352837,351.0791557765691,1504.0,845.0
2940,38,72,39,73,1.3629392568863572,202.9784396239811,1.3629392568863572,202.9784396239811,1505.0,1353.0
2354,29,35,30,36,1.3621112676590417,140.32579829739234,1.3621112676590417,140.32579829739234,1506.0,1706.0
614,6,66,7,67,1.3619562298205683,0.8917717123695184,1.3619562298205683,0.8917717123695184,1507.0,4535.0
184,1,91,2,92,1.3610804839578678,-96.28531663053536,1.3610804839578678,96.28531663053536,1508.0,2139.0
1125,12,64,13,65,1.3610736971609223,-100.75057389292442,1.3610736971609223,100.75057389292442,1509.0,2074.0
3766,55,82,56,83,1.3607676063922742,94.35689156936496,1.3607676063922742,94.35689156936496,1510.0,2176.0
1085,12,24,13,25,1.3590649297935247,29.19489619924161,1.3590649297935247,29.19489619924161,1511.0,3708.0
2529,31,81,32,82,1.359056835448544,97.21339817822218,1.359056835448544,97.21339817822218,1512.0,2121.0
1619,18,81,19,82,1.35880827679345,591.1604626237656,1.35880827679345,591.1604626237656,1513.0,394.0
3663,53,60,54,61,1.3583630878195212,-323.30368120412265,1.3583630878195212,323.30368120412265,1514.0,926.0
48,0,49,1,50,1.3578460459678419,26.751756030122124,1.3578460459678419,26.751756030122124,1515.0,3786.0
1509,17,48,18,49,1.357327073926206,-286.6718374282127,1.357327073926206,286.6718374282127,1516.0,1041.0
2089,25,40,26,41,1.3560229504214592,62.85803935521472,1.3560229504214592,62.85803935521472,1517.0,2762.0
3901,59,67,60,68,1.3554929576178112,39.65090247214084,1.3554929576178112,39.65090247214084,1518.0,3403.0
237,2,51,3,52,1.354165111455852,-10.11734187172749,1.354165111455852,10.11734187172749,1519.0,4246.0
1296,14,72,15,73,1.3518183740534213,205.74118549804095,1.3518183740534213,205.74118549804095,1520.0,1340.0
1814,21,51,22,52,1.3511903774113168,-13.537732431952918,1.3511903774113168,13.537732431952918,1521.0,4143.0
401,4,32,5,33,1.350807079044393,76.00389702075336,1.350807079044393,76.00389702075336,1522.0,2458.0
4432,79,88,80,89,1.3481994546768203,130.1197748488189,1.3481994546768203,130.1197748488189,1523.0,1785.0
134,1,41,2,42,1.3476339712836425,117.10718355582604,1.3476339712836425,117.10718355582604,1524.0,1900.0
2488,31,40,32,41,1.347521895737758,60.19253192484757,1.347521895737758,60.19253192484757,1525.0,2837.0
2846,36,93,37,94,1.3472639974538403,27.87897431128704,1.3472639974538403,27.87897431128704,1526.0,3753.0
3408,47,72,48,73,1.3469902840651145,702.3097292955033,1.3469902840651145,702.3097292955033,1527.0,240.0
3793,56,70,57,71,1.3465719309580053,-933.5803722651148,1.3465719309580053,933.5803722651148,1528.0,96.0
3921,59,87,60,88,1.3464777252352707,74.0884067660595,1.3464777252352707,74.0884067660595,1529.0,2505.0
4009,62,73,63,74,1.3462036382613916,9.670655291015464,1.3462036382613916,9.670655291015464,1530.0,4262.0
25,0,26,1,27,1.3452781433091567,32.0410383841072,1.3452781433091567,32.0410383841072,1531.0,3634.0
3282,44,93,45,94,1.3451104035754833,-241.953119632602,1.3451104035754833,241.953119632602,1532.0,1193.0
3734,54,90,55,91,1.3450587242959924,-706.7585740425208,1.3450587242959924,706.7585740425208,1533.0,236.0
6,0,7,1,8,1.344838558112522,667.0840904334489,1.344838558112522,667.0840904334489,1534.0,283.0
2130,25,81,26,82,1.3444880107106731,67.222649167712,1.3444880107106731,67.222649167712,1535.0,2650.0
549,5,90,6,91,1.344041202867748,46.98671458436343,1.344041202867748,46.98671458436343,1536.0,3197.0
1838,21,75,22,76,1.343843949906992,-790.5282753343729,1.343843949906992,790.5282753343729,1537.0,181.0
1929,22,93,23,94,1.3423654244000107,80.75043648753126,1.3423654244000107,80.75043648753126,1538.0,2375.0
3753,55,69,56,70,1.3412073104258742,-140.79682884037584,1.3412073104258742,140.79682884037584,1539.0,1699.0
608,6,60,7,61,1.3409130498537358,2.735412217446992,1.3409130498537358,2.735412217446992,1540.0,4465.0
950,10,56,11,57,1.340582676050146,-265.29672578633085,1.340582676050146,265.29672578633085,1541.0,1116.0
3384,47,48,48,49,1.3405288175239296,-37.82353707704215,1.3405288175239296,37.82353707704215,1542.0,3467.0
3825,57,64,58,65,1.3405078344911723,-149.58044096781168,1.3405078344911723,149.58044096781168,1543.0,1645.0
2587,32,76,33,77,1.3395840829363181,96.30486334132002,1.3395840829363181,96.30486334132002,1544.0,2138.0
2036,24,57,25,58,1.3384990671237746,-24.275020909240997,1.3384990671237746,24.275020909240997,1545.0,3850.0
3517,49,88,50,89,1.3372103228744907,68.0931353148494,1.3372103228744907,68.0931353148494,1546.0,2630.0
216,2,30,3,31,1.3371913945600746,84.07449593047568,1.3371913945600746,84.07449593047568,1547.0,2325.0
564,6,16,7,17,1.3362743675379734,18.25276641057826,1.3362743675379734,18.25276641057826,1548.0,4016.0
1272,14,48,15,49,1.3357007275356227,-192.6521533120349,1.3357007275356227,192.6521533120349,1549.0,1401.0
3535,50,61,51,62,1.3356882746971912,-8.964666193790435,1.3356882746971912,8.964666193790435,1550.0,4284.0
1175,13,32,14,33,1.3354183594241866,-232.7841001419897,1.3354183594241866,232.7841001419897,1551.0,1228.0
3770,55,86,56,87,1.3338668602839965,-30.600262489382654,1.3338668602839965,30.600262489382654,1552.0,3677.0
4067,64,68,65,69,1.3336019494954368,-24.836059667338475,1.3336019494954368,24.836059667338475,1553.0,3833.0
3029,40,50,41,51,1.3328949785086042,48.81533081935595,1.3328949785086042,48.81533081935595,1554.0,3145.0
594,6,46,7,47,1.3319068457790584,66.04910723639978,1.3319068457790584,66.04910723639978,1555.0,2673.0
2047,24,68,25,69,1.3315931821280391,-87.97050817708123,1.3315931821280391,87.97050817708123,1556.0,2270.0
2771,35,77,36,78,1.330734348776533,1462.5597808225257,1.330734348776533,1462.5597808225257,1557.0,11.0
1533,17,72,18,73,1.330192027662838,172.54441303895828,1.330192027662838,172.54441303895828,1558.0,1497.0
1836,21,73,22,74,1.3296965292216456,45.3383895903853,1.3296965292216456,45.3383895903853,1559.0,3241.0
462,4,93,5,94,1.3278295996839833,12.07797363937152,1.3278295996839833,12.07797363937152,1560.0,4185.0
3951,60,82,61,83,1.3277411845311193,-0.5435057125473577,1.3277411845311193,0.5435057125473577,1561.0,4548.0
78,0,79,1,80,1.3275637315834692,128.68686169829743,1.3275637315834692,128.68686169829743,1562.0,1792.0
4011,62,75,63,76,1.3273368408672461,-167.7725535808013,1.3273368408672461,167.7725535808013,1563.0,1532.0
2469,30,85,31,86,1.3267731008714485,-342.6336513330544,1.3267731008714485,342.6336513330544,1564.0,871.0
2874,37,63,38,64,1.3255695340370366,72.48883839932023,1.3255695340370366,72.48883839932023,1565.0,2522.0
3008,39,84,40,85,1.325559135916946,-203.69256627619507,1.325559135916946,203.69256627619507,1566.0,1348.0
487,5,28,6,29,1.325353648516777,229.61640019396805,1.325353648516777,229.61640019396805,1567.0,1240.0
3658,53,55,54,56,1.325336665958366,-305.9542330671027,1.325336665958366,305.9542330671027,1568.0,982.0
2916,38,48,39,49,1.3245798447026869,-259.4114214771992,1.3245798447026869,259.4114214771992,1569.0,1136.0
990,11,12,12,13,1.3239456839055586,115.7852135764906,1.3239456839055586,115.7852135764906,1570.0,1917.0
1465,16,82,17,83,1.3231025022153566,-8.315502576097515,1.3231025022153566,8.315502576097515,1571.0,4302.0
4265,71,77,72,78,1.3228940417000121,155.73554962284015,1.3228940417000121,155.73554962284015,1572.0,1605.0
4418,78,90,79,91,1.3216087842454889,-221.417126055097,1.3216087842454889,221.417126055097,1573.0,1279.0
3555,50,81,51,82,1.3213600387978182,35.29568105452654,1.3213600387978182,35.29568105452654,1574.0,3532.0
2578,32,67,33,68,1.3211655877257091,135.39166865832476,1.3211655877257091,135.39166865832476,1575.0,1742.0
103,1,10,2,11,1.3209353347431092,75.57800799071993,1.3209353347431092,75.57800799071993,1576.0,2466.0
553,5,94,6,95,1.3206209005727119,48.49474908530783,1.3206209005727119,48.49474908530783,1577.0,3161.0
3370,46,82,47,83,1.3187349804564417,37.94032223151908,1.3187349804564417,37.94032223151908,1578.0,3463.0
637,6,89,7,90,1.3185026727555005,522.6291975950508,1.3185026727555005,522.6291975950508,1579.0,496.0
2875,37,64,38,65,1.3180658271833208,-55.07699761026379,1.3180658271833208,55.07699761026379,1580.0,2987.0
2258,27,72,28,73,1.3174372078992949,1173.6755212451983,1.3174372078992949,1173.6755212451983,1581.0,36.0
3204,43,66,44,67,1.317425377702785,21.713569934963743,1.317425377702785,21.713569934963743,1582.0,3929.0
3626,52,65,53,66,1.3167530489558639,-78.27356396125703,1.3167530489558639,78.27356396125703,1583.0,2415.0
4386,76,93,77,94,1.3166066035759085,39.91597826924772,1.3166066035759085,39.91597826924772,1584.0,3399.0
2016,24,37,25,38,1.3160570598159231,-686.715728101269,1.3160570598159231,686.715728101269,1585.0,254.0
163,1,70,2,71,1.31494607983525,-31.23328840248996,1.31494607983525,31.23328840248996,1586.0,3657.0
3089,41,56,42,57,1.3138840395096127,26.132366141811872,1.3138840395096127,26.132366141811872,1587.0,3800.0
1966,23,58,24,59,1.3130274087539047,-635.2030337542312,1.3130274087539047,635.2030337542312,1588.0,317.0
2110,25,61,26,62,1.3125603027843362,-534.1220017178209,1.3125603027843362,534.1220017178209,1589.0,475.0
1236,13,93,14,94,1.3124408800637775,-57.36280225535302,1.3124408800637775,57.36280225535302,1590.0,2916.0
2349,29,30,30,31,1.3123413818847092,-814.5514371594468,1.3123413818847092,814.5514371594468,1591.0,167.0
2598,32,87,33,88,1.3121503553431686,158.88704316357962,1.3121503553431686,158.88704316357962,1592.0,1581.0
2161,26,43,27,44,1.311929317461008,36.167349338860845,1.311929317461008,36.167349338860845,1593.0,3510.0
679,7,43,8,44,1.3114897322643735,-57.890658277868624,1.3114897322643735,57.890658277868624,1594.0,2907.0
4036,63,68,64,69,1.3100334117249206,-76.78646441638466,1.3100334117249206,76.78646441638466,1595.0,2443.0
3603,51,85,52,86,1.3097993839756712,-40.0978638636393,1.3097993839756712,40.0978638636393,1596.0,3391.0
3499,49,70,50,71,1.3095615970258203,-265.7621204541133,1.3095615970258203,265.7621204541133,1597.0,1114.0
3454,48,71,49,72,1.309461725261599,-57.00062541994703,1.309461725261599,57.00062541994703,1598.0,2929.0
554,5,95,6,96,1.308253488612775,126.39173736102111,1.308253488612775,126.39173736102111,1599.0,1810.0
3938,60,69,61,70,1.308180888564719,-2.410170637305214,1.308180888564719,2.410170637305214,1600.0,4478.0
2945,38,77,39,78,1.3077759222589243,2.720456650059077,1.3077759222589243,2.720456650059077,1601.0,4466.0
492,5,33,6,34,1.3075820315645443,48.53182174596532,1.3075820315645443,48.53182174596532,1602.0,3158.0
1679,19,65,20,66,1.3061429815553913,-548.3118187591122,1.3061429815553913,548.3118187591122,1603.0,452.0
4475,82,89,83,90,1.3053308074328838,-47.73888992634284,1.3053308074328838,47.73888992634284,1604.0,3181.0
2364,29,45,30,46,1.3036971195590454,-113.14745911459318,1.3036971195590454,113.14745911459318,1605.0,1949.0
943,10,49,11,50,1.3035723421179608,-538.3905552238239,1.3035723421179608,538.3905552238239,1606.0,468.0
1452,16,69,17,70,1.3035422062489563,55.87222500158475,1.3035422062489563,55.87222500158475,1607.0,2965.0
1035,11,57,12,58,1.3033798212358085,102.33150287528996,1.3033798212358085,102.33150287528996,1608.0,2054.0
3824,57,63,58,64,1.303127526729185,85.18244231164198,1.303127526729185,85.18244231164198,1609.0,2307.0
2331,28,78,29,79,1.3029212298945179,-42.1811227690514,1.3029212298945179,42.1811227690514,1610.0,3338.0
2742,35,48,36,49,1.301621418185078,-79.49822679420367,1.301621418185078,79.49822679420367,1611.0,2391.0
3955,60,86,61,87,1.3008404384228414,-69.38144163972675,1.3008404384228414,69.38144163972675,1612.0,2598.0
3814,56,91,57,92,1.3004375268353876,-83.8987271301612,1.3004375268353876,83.8987271301612,1613.0,2327.0
3889,58,91,59,92,1.3004153607829796,-59.09083974315081,1.3004153607829796,59.09083974315081,1614.0,2874.0
4051,63,83,64,84,1.3003228984576247,444.0262202221125,1.3003228984576247,444.0262202221125,1615.0,652.0
3357,46,69,47,70,1.2991746844900414,759.9602124557869,1.2991746844900414,759.9602124557869,1616.0,195.0
1599,18,61,19,62,1.2982400367015594,90.05369837979697,1.2982400367015594,90.05369837979697,1617.0,2231.0
4422,78,94,79,95,1.2981884819504528,51.35925584376082,1.2981884819504528,51.35925584376082,1618.0,3085.0
4179,67,93,68,94,1.2981881083652997,125.11852400892484,1.2981881083652997,125.11852400892484,1619.0,1823.0
849,9,40,10,41,1.2976706929284678,-394.2493574043788,1.2976706929284678,394.2493574043788,1620.0,745.0
1301,14,77,15,78,1.2966550394259884,136.34777798526875,1.2966550394259884,136.34777798526875,1621.0,1739.0
1046,11,68,12,69,1.2964739362400728,-27.90797811965149,1.2964739362400728,27.90797811965149,1622.0,3751.0
1469,16,86,17,87,1.2962017561070789,10.23892427769124,1.2962017561070789,10.23892427769124,1623.0,4243.0
2370,29,51,30,52,1.2953676649889319,8.655562318234388,1.2953676649889319,8.655562318234388,1624.0,4291.0
3217,43,79,44,80,1.2942149057353207,259.86060973769963,1.2942149057353207,259.86060973769963,1625.0,1135.0
2724,34,90,35,91,1.2940911245213107,61.93802665982048,1.2940911245213107,61.93802665982048,1626.0,2796.0
1725,20,36,21,37,1.2933555353551576,24.05028937359748,1.2933555353551576,24.05028937359748,1627.0,3855.0
3374,46,86,47,87,1.291834234348164,-33.685816966492894,1.291834234348164,33.685816966492894,1628.0,3584.0
3413,47,77,48,78,1.2918269494376815,252.97050817708143,1.2918269494376815,252.97050817708143,1629.0,1155.0
1733,20,44,21,45,1.2912019414768006,-42.52138861927756,1.2912019414768006,42.52138861927756,1630.0,3323.0
3324,45,85,46,86,1.289265400572306,-269.4623362707439,1.289265400572306,269.4623362707439,1631.0,1099.0
4529,87,93,88,94,1.2891728759827594,91.96111978219778,1.2891728759827594,91.96111978219778,1632.0,2208.0
1711,20,22,21,23,1.288456962301328,126.25047083887966,1.288456962301328,126.25047083887966,1633.0,1813.0
4318,73,85,74,86,1.288305535786,1.061835934785904,1.288305535786,1.061835934785904,1634.0,4532.0
1964,23,56,24,57,1.2878254788644625,-43.11413897361808,1.2878254788644625,43.11413897361808,1635.0,3308.0
221,2,35,3,36,1.2874215087857421,-67.94268650591403,1.2874215087857421,67.94268650591403,1636.0,2634.0
181,1,88,2,89,1.2872973539865793,-86.91841124633947,1.2872973539865793,86.91841124633947,1637.0,2283.0
3091,41,58,42,59,1.2869688481087544,-343.3940329327197,1.2869688481087544,343.3940329327197,1638.0,867.0
788,8,65,9,66,1.2865074081806722,8.275996938348726,1.2865074081806722,8.275996938348726,1639.0,4307.0
890,9,81,10,82,1.2861357532176818,339.58405608210046,1.2861357532176818,339.58405608210046,1640.0,878.0
4423,78,95,79,96,1.285821069990516,-9.412741019789792,1.285821069990516,9.412741019789792,1641.0,4266.0
4228,69,89,70,90,1.2857705114664837,-2.3317089833794853,1.2857705114664837,2.3317089833794853,1642.0,4483.0
2651,33,78,34,79,1.2851496129422852,-736.0792244792656,1.2851496129422852,736.0792244792656,1643.0,210.0
65,0,66,1,67,1.2840765518546362,102.63372003575093,1.2840765518546362,102.63372003575093,1644.0,2049.0
1124,12,63,13,64,1.282561664059435,633.2877496076269,1.282561664059435,633.2877496076269,1645.0,325.0
4338,74,84,75,85,1.2822072562776723,-0.7506425956212297,1.2822072562776723,0.7506425956212297,1646.0,4540.0
3983,61,80,62,81,1.2811831348450593,36.24233328389028,1.2811831348450593,36.24233328389028,1647.0,3508.0
1015,11,37,12,38,1.280937813927957,-232.94032223151908,1.280937813927957,232.94032223151908,1648.0,1227.0
257,2,71,3,72,1.2795812017092212,375.5748050926103,1.2795812017092212,375.5748050926103,1649.0,783.0
4517,86,89,87,90,1.278430061324606,-275.20073818253263,1.278430061324606,275.20073818253263,1650.0,1077.0
3764,55,80,56,81,1.2771170340403806,-530.1601878129793,1.2771170340403806,530.1601878129793,1651.0,481.0
3082,41,49,42,50,1.2768737055774275,68.0605850948923,1.2768737055774275,68.0605850948923,1652.0,2631.0
3021,40,42,41,43,1.2763412222060935,65.69715741959226,1.2763412222060935,65.69715741959226,1653.0,2693.0
2287,28,34,29,35,1.2754035701703397,281.77262228349764,1.2754035701703397,281.77262228349764,1654.0,1054.0
1538,17,77,18,78,1.2750286930354051,103.4311055933772,1.2750286930354051,103.4311055933772,1655.0,2041.0
389,4,20,5,21,1.2739211375853006,-4.161576058266746,1.2739211375853006,4.161576058266746,1656.0,4416.0
2392,29,73,30,74,1.2738738167992607,29.936775819926424,1.2738738167992607,29.936775819926424,1657.0,3691.0
2728,34,94,35,95,1.2706708222262746,54.97746359487314,1.2706708222262746,54.97746359487314,1658.0,2988.0
1344,15,40,16,41,1.2692833892324205,128.6104208052839,1.2692833892324205,128.6104208052839,1659.0,1794.0
574,6,26,7,27,1.2673984653432246,88.29213464293389,1.2673984653432246,88.29213464293389,1660.0,2263.0
1992,23,84,24,85,1.267074068902082,-15.406899036499,1.267074068902082,15.406899036499,1661.0,4096.0
2245,27,59,28,60,1.2670276198147323,68.52472892278092,1.2670276198147323,68.52472892278092,1662.0,2620.0
555,6,7,7,8,1.2669588801465899,-206.8512213428162,1.2669588801465899,206.8512213428162,1663.0,1339.0
0,0,1,1,2,1.2666616308932281,70.77714472419757,1.2666616308932281,70.77714472419757,1664.0,2562.0
3167,42,81,43,82,1.2648062824953075,68.81985326005633,1.2648062824953075,68.81985326005633,1665.0,2613.0
224,2,38,3,39,1.2644630822681333,-13.711343065961955,1.2644630822681333,13.711343065961955,1666.0,4140.0
4146,66,88,67,89,1.263440828761285,917.1535072059736,1.263440828761285,917.1535072059736,1667.0,102.0
3520,49,91,50,92,1.2634271929032024,-39.2378795458867,1.2634271929032024,39.2378795458867,1668.0,3423.0
1765,20,76,21,77,1.2626981414772258,15.528275334372664,1.2626981414772258,15.528275334372664,1669.0,4094.0
2263,27,77,28,78,1.262273873271862,292.4230367410846,1.262273873271862,292.4230367410846,1670.0,1025.0
3071,40,92,41,93,1.2621923071801353,103.67865544061168,1.2621923071801353,103.67865544061168,1671.0,2038.0
952,10,58,11,59,1.2602702115682212,-29.46824695673104,1.2602702115682212,29.46824695673104,1672.0,3701.0
1593,18,55,19,56,1.2600601321838805,-668.3963285044181,1.2600601321838805,668.3963285044181,1673.0,280.0
1053,11,75,12,76,1.2599007358519565,-109.1533010978842,1.2599007358519565,109.1533010978842,1674.0,1983.0
343,3,65,4,66,1.2587361464018352,24.661335598828373,1.2587361464018352,24.661335598828373,1675.0,3838.0
1163,13,20,14,21,1.2585324179650945,-47.5641658578329,1.2585324179650945,47.5641658578329,1676.0,3184.0
2729,34,95,35,96,1.2583034102663377,73.81658165925023,1.2583034102663377,73.81658165925023,1677.0,2509.0
1385,15,81,16,82,1.2577484495216344,57.05954036308776,1.2577484495216344,57.05954036308776,1678.0,2926.0
2607,33,34,34,35,1.257631953218107,80.22271787040881,1.257631953218107,80.22271787040881,1679.0,2377.0
1123,12,62,13,63,1.256509578890269,1.304932044016823,1.256509578890269,1.304932044016823,1680.0,4523.0
4500,84,91,85,92,1.254462020931157,-50.46929168853558,1.254462020931157,50.46929168853558,1681.0,3110.0
3868,58,70,59,71,1.2542809566603617,-79.20317115962416,1.2542809566603617,79.20317115962416,1682.0,2395.0
1520,17,59,18,60,1.2542728000511891,-134.57564371632492,1.2542728000511891,134.57564371632492,1683.0,1747.0
2200,26,82,27,83,1.254226600020608,-12.552756702037186,1.254226600020608,12.552756702037186,1684.0,4172.0
718,7,82,8,83,1.2537870148239731,-378.6255137780652,1.2537870148239731,378.6255137780652,1685.0,775.0
200,2,14,3,15,1.2533421994351974,-7.151142931578761,1.2533421994351974,7.151142931578761,1686.0,4339.0
318,3,40,4,41,1.2530603917014909,-66.11393286552811,1.2530603917014909,66.11393286552811,1687.0,2672.0
2432,30,48,31,49,1.2518515324107455,-232.52486632817363,1.2518515324107455,232.52486632817363,1688.0,1230.0
1957,23,49,24,50,1.2508151449322773,46.51429579609248,1.2508151449322773,46.51429579609248,1689.0,3213.0
4465,81,92,82,93,1.2506573674693493,153.55255059394767,1.2506573674693493,153.55255059394767,1690.0,1616.0
627,6,79,7,80,1.249684053617537,123.50970465269576,1.249684053617537,123.50970465269576,1691.0,1838.0
4121,65,92,66,93,1.2496042309231907,9.799330520163949,1.2496042309231907,9.799330520163949,1692.0,4257.0
233,2,47,3,48,1.2485141094468906,448.18362444883945,1.2485141094468906,448.18362444883945,1693.0,646.0
1808,21,45,22,46,1.2478744071366605,-251.48772496481945,1.2478744071366605,251.48772496481945,1694.0,1161.0
2104,25,55,26,56,1.2457398661011037,60.26313083456989,1.2457398661011037,60.26313083456989,1695.0,2836.0
1756,20,67,21,68,1.2442796462666168,136.58614554570931,1.2442796462666168,136.58614554570931,1696.0,1736.0
3949,60,80,61,81,1.2440906121792255,-704.3858953777303,1.2440906121792255,704.3858953777303,1697.0,238.0
1369,15,65,16,66,1.2425131488709056,-251.81533081935615,1.2425131488709056,251.81533081935615,1698.0,1160.0
359,3,81,4,82,1.2415254519907049,1185.060928608375,1.2415254519907049,1185.060928608375,1699.0,35.0
3117,41,84,42,85,1.2410155082569319,62.13243484450868,1.2410155082569319,62.13243484450868,1700.0,2791.0
1082,12,21,13,22,1.240002469850523,14.65208460933809,1.240002469850523,14.65208460933809,1701.0,4114.0
1463,16,80,17,81,1.239451929863463,-273.11852400892496,1.239451929863463,273.11852400892496,1702.0,1085.0
4298,72,87,73,88,1.2379871024787565,1208.146551788182,1.2379871024787565,1208.146551788182,1703.0,32.0
3395,47,59,48,60,1.237474543648913,18.76086961421925,1.237474543648913,18.76086961421925,1704.0,4001.0
4426,79,82,80,83,1.2365121882949204,156.62314950367,1.2365121882949204,156.62314950367,1705.0,1599.0
3872,58,74,59,75,1.2362539164258497,-663.1057953105388,1.2362539164258497,663.1057953105388,1706.0,289.0
3823,57,62,58,63,1.235943716220519,-1.4797935179199158,1.235943716220519,1.4797935179199158,1707.0,4518.0
4128,66,70,67,71,1.2357921029126144,-114.41837689499108,1.2357921029126144,114.41837689499108,1708.0,1933.0
3151,42,65,43,66,1.2354553158972326,-1077.2481752671813,1.2354553158972326,1077.2481752671813,1709.0,56.0
1776,20,87,21,88,1.2352644138840765,133.77596258700032,1.2352644138840765,133.77596258700032,1710.0,1758.0
3368,46,80,47,81,1.235084408104548,-87.05028937359748,1.235084408104548,87.05028937359748,1711.0,2281.0
3434,48,51,49,52,1.2348778155149682,-87.58280524220663,1.2348778155149682,87.58280524220663,1712.0,2274.0
2187,26,69,27,70,1.2346663040542079,-150.0652449409855,1.2346663040542079,150.0652449409855,1713.0,1643.0
705,7,69,8,70,1.234226718857573,-50.64992644303311,1.234226718857573,50.64992644303311,1714.0,3104.0
136,1,43,2,44,1.2333128050450797,371.1731226194552,1.2333128050450797,371.1731226194552,1715.0,801.0
2218,27,32,28,33,1.2327002499226305,136.97266634338666,1.2327002499226305,136.97266634338666,1716.0,1729.0
1283,14,59,15,60,1.232646453660606,-450.5803035624183,1.232646453660606,450.5803035624183,1717.0,639.0
203,2,17,3,18,1.2317158530446142,55.76782503201093,1.2317158530446142,55.76782503201093,1718.0,2968.0
3301,45,62,46,63,1.2313672980969146,-126.5468460160498,1.2313672980969146,126.5468460160498,1719.0,1808.0
960,10,66,11,67,1.2298028480047551,32.67649727430626,1.2298028480047551,32.67649727430626,1720.0,3619.0
2980,39,56,40,57,1.2293404118495985,-559.4831338214226,1.2293404118495985,559.4831338214226,1721.0,436.0
4004,62,68,63,69,1.2290378312247832,67.40571689930152,1.2290378312247832,67.40571689930152,1722.0,2643.0
4158,67,72,68,73,1.2289718700962162,1391.687067806387,1.2289718700962162,1391.687067806387,1723.0,17.0
2204,26,86,27,87,1.2273258539123302,-43.29115861382616,1.2273258539123302,43.29115861382616,1724.0,3295.0
1598,18,60,19,61,1.2270337103227253,-549.6381737737547,1.2270337103227253,549.6381737737547,1725.0,451.0
722,7,86,8,87,1.2268862687156954,-137.6463113287441,1.2268862687156954,137.6463113287441,1726.0,1725.0
3886,58,88,59,89,1.2266322308116913,61.20198902242669,1.2266322308116913,61.20198902242669,1727.0,2817.0
3684,53,81,54,82,1.2265885213487966,-554.3175920397064,1.2265885213487966,554.3175920397064,1728.0,446.0
763,8,40,9,41,1.2252891299226536,45.844334627720855,1.2252891299226536,45.844334627720855,1729.0,3226.0
2054,24,75,25,76,1.2247814899639904,-964.8523347773172,1.2247814899639904,964.8523347773172,1730.0,87.0
3989,61,86,62,87,1.2244333086014434,-107.98309947007432,1.2244333086014434,107.98309947007432,1731.0,1991.0
2792,36,39,37,40,1.223477989101165,34.67761070880715,1.223477989101165,34.67761070880715,1732.0,3546.0
511,5,52,6,53,1.2229085830638808,-58.92300238973621,1.2229085830638808,58.92300238973621,1733.0,2879.0
4074,64,75,65,76,1.2227727225965928,-26.386032783123483,1.2227727225965928,26.386032783123483,1734.0,3794.0
3529,50,55,51,56,1.2226118941882487,38.885929729078725,1.2226118941882487,38.885929729078725,1735.0,3434.0
1401,16,18,17,19,1.2223950280069629,-373.2677906806627,1.2223950280069629,373.2677906806627,1736.0,794.0
4448,80,89,81,90,1.2216802350809903,74.24115114669257,1.2216802350809903,74.24115114669257,1737.0,2500.0
2927,38,59,39,60,1.2215255708276702,-158.84878836572463,1.2215255708276702,158.84878836572463,1738.0,1582.0
2968,39,44,40,45,1.221324395222808,-149.48897580471362,1.221324395222808,149.48897580471362,1739.0,1647.0
1493,17,32,18,33,1.2199454301590873,-449.6763598689131,1.2199454301590873,449.6763598689131,1740.0,643.0
1820,21,57,22,58,1.219436607180773,16.066427078183096,1.219436607180773,16.066427078183096,1741.0,4078.0
213,2,27,3,28,1.218961033281071,-341.6972261222885,1.218961033281071,341.6972261222885,1742.0,876.0
1875,22,39,23,40,1.2185794160473353,107.76552946031234,1.2185794160473353,107.76552946031234,1743.0,1994.0
1584,18,46,19,47,1.218027506248048,-81.64749346594158,1.218027506248048,81.64749346594158,1744.0,2358.0
3972,61,69,62,70,1.2170928584595657,-0.6453352996363719,1.2170928584595657,0.6453352996363719,1745.0,4543.0
4218,69,79,70,80,1.2169518923285203,173.7368004627341,1.2169518923285203,173.7368004627341,1746.0,1486.0
3032,40,53,41,54,1.2150535816380106,-416.2563128221707,1.2150535816380106,416.2563128221707,1747.0,705.0
1215,13,72,14,73,1.2147190983977385,83.76441602581144,1.2147190983977385,83.76441602581144,1748.0,2330.0
978,10,84,11,85,1.2143168717163986,-0.0942487493502994,1.2143168717163986,0.0942487493502994,1749.0,4560.0
874,9,65,10,66,1.2141258451748582,-13.89768239835712,1.2141258451748582,13.89768239835712,1750.0,4136.0
804,8,81,9,82,1.2137541902118678,-62.51443320148587,1.2137541902118678,62.51443320148587,1751.0,2774.0
2873,37,62,38,63,1.2135017089126674,-207.1868960496456,1.2135017089126674,207.1868960496456,1752.0,1336.0
3456,48,73,49,74,1.213383967325297,-9.130276678203243,1.213383967325297,9.130276678203243,1753.0,4278.0
2109,25,60,26,61,1.2127134442399488,-42.56784967481872,1.2127134442399488,42.56784967481872,1754.0,3321.0
1831,21,68,22,69,1.2125307221850372,-36.950824060903415,1.2125307221850372,36.950824060903415,1755.0,3488.0
478,5,19,6,20,1.2122985156634083,241.8559498916061,1.2122985156634083,241.8559498916061,1756.0,1194.0
4287,72,76,73,77,1.2105533748856074,1293.8028082290598,1.2105533748856074,1293.8028082290598,1757.0,26.0
2279,27,93,28,94,1.209722770562221,-71.35834851734944,1.209722770562221,71.35834851734944,1758.0,2548.0
4430,79,86,80,87,1.2096114421866426,95.85929019510876,1.2096114421866426,95.85929019510876,1759.0,2148.0
4248,70,84,71,85,1.208327616808539,268.9394149051079,1.208327616808539,268.9394149051079,1760.0,1102.0
1408,16,25,17,26,1.208074761924186,3.5154779332901853,1.208074761924186,3.5154779332901853,1761.0,4439.0
3905,59,71,60,72,1.2064074513865823,4.811784407763753,1.2064074513865823,4.811784407763753,1762.0,4397.0
57,0,58,1,59,1.20599650771834,34.63017362415849,1.20599650771834,34.63017362415849,1763.0,3549.0
1654,19,40,20,41,1.2056535565479347,40.0363098353173,1.2056535565479347,40.0363098353173,1764.0,3393.0
1627,18,89,19,90,1.20462333322449,68.58259913411712,1.20462333322449,68.58259913411712,1765.0,2619.0
408,4,39,5,40,1.204043591331308,3.2666772461616347,1.204043591331308,3.2666772461616347,1766.0,4447.0
2095,25,46,26,47,1.203707240165271,-2.106001418628693,1.203707240165271,2.106001418628693,1767.0,4488.0
2558,32,47,33,48,1.203147173756811,50.877792174089336,1.203147173756811,50.877792174089336,1768.0,3096.0
3099,41,66,42,67,1.2031042114642219,-78.18578261514494,1.2031042114642219,78.18578261514494,1769.0,2417.0
2865,37,54,38,55,1.202229150507635,-216.56764356672875,1.202229150507635,216.56764356672875,1770.0,1301.0
3639,52,78,53,79,1.2004761644416218,-296.0976577555496,1.2004761644416218,296.0976577555496,1771.0,1011.0
441,4,72,5,73,1.1993303787775327,557.3421421100674,1.1993303787775327,557.3421421100674,1772.0,439.0
1146,12,85,13,86,1.1986114764148774,-7.618695765666416,1.1986114764148774,7.618695765666416,1773.0,4319.0
2753,35,59,36,60,1.1985671443100612,-26.932322081922848,1.1985671443100612,26.932322081922848,1774.0,3780.0
1256,14,32,15,33,1.198319083768504,-49.96105107950143,1.198319083768504,49.96105107950143,1775.0,3115.0
3985,61,82,62,83,1.1975325624931656,507.9521436034941,1.1975325624931656,507.9521436034941,1776.0,523.0
1800,21,37,22,38,1.1969945998729214,-664.4819516842251,1.1969945998729214,664.4819516842251,1777.0,286.0
1554,17,93,18,94,1.196967950798678,-393.2458109927864,1.196967950798678,393.2458109927864,1778.0,748.0
3031,40,52,41,53,1.1950434891474622,76.67517773171494,1.1950434891474622,76.67517773171494,1779.0,2450.0
1695,19,81,20,82,1.1941186168371487,27.05835822589006,1.1941186168371487,27.05835822589006,1780.0,3778.0
4041,63,73,64,74,1.1928676046883124,-214.9495045183128,1.1928676046883124,214.9495045183128,1781.0,1307.0
3000,39,76,40,77,1.1928205952232331,56.31647860520525,1.1928205952232331,56.31647860520525,1782.0,2954.0
467,5,8,6,9,1.1926629422886892,200.6556997236273,1.1926629422886892,200.6556997236273,1783.0,1363.0
2973,39,49,40,50,1.1923300779174133,-193.82924165493975,1.1923300779174133,193.82924165493975,1784.0,1397.0
2138,25,89,26,90,1.1903030671417132,172.79126166787114,1.1903030671417132,172.79126166787114,1785.0,1495.0
1692,19,78,20,79,1.1898660970411492,-441.6890885672992,1.1898660970411492,441.6890885672992,1786.0,657.0
4149,66,91,67,92,1.1896576987899967,580.2426080946767,1.1896576987899967,580.2426080946767,1787.0,408.0
3534,50,60,51,61,1.1895854723270936,-25.353619968559546,1.1895854723270936,25.353619968559546,1788.0,3821.0
99,1,6,2,7,1.188781952927296,180.90902285145603,1.188781952927296,180.90902285145603,1789.0,1447.0
1182,13,39,14,40,1.188654871711102,422.5747363899136,1.188654871711102,422.5747363899136,1790.0,690.0
864,9,55,10,56,1.1873876086081123,-386.9762127549791,1.1873876086081123,386.9762127549791,1791.0,761.0
2549,32,38,33,39,1.1871982009355682,-277.4321503251815,1.1871982009355682,277.4321503251815,1792.0,1065.0
3712,54,68,55,69,1.1866930281955193,-82.70195467107851,1.1866930281955193,82.70195467107851,1793.0,2347.0
1433,16,50,17,51,1.184946790011331,4.601238518490391,1.184946790011331,4.601238518490391,1794.0,4406.0
1908,22,72,23,73,1.1847945540615052,1021.1373007986916,1.1847945540615052,1021.1373007986916,1795.0,67.0
609,6,61,7,62,1.184360697170549,496.81205921855,1.184360697170549,496.81205921855,1796.0,540.0
1090,12,29,13,30,1.184179757428138,96.10579531053872,1.184179757428138,96.10579531053872,1797.0,2144.0
3642,52,81,53,82,1.1835085494366762,113.2851792251422,1.1835085494366762,113.2851792251422,1798.0,1947.0
4398,77,87,78,88,1.1828237678513238,227.53300388316256,1.1828237678513238,227.53300388316256,1799.0,1254.0
3261,44,72,45,73,1.1820495748860327,58.49593122250553,1.1820495748860327,58.49593122250553,1800.0,2890.0
4497,84,88,85,89,1.1806788909598687,24.324684862891218,1.1806788909598687,24.324684862891218,1801.0,3847.0
3338,46,50,47,51,1.180579268252416,120.57348555001954,1.180579268252416,120.57348555001954,1802.0,1868.0
3429,47,93,48,94,1.1801696943964015,-28.250676946969637,1.1801696943964015,28.250676946969637,1803.0,3735.0
2825,36,72,37,73,1.1798959810076757,29.83515234092738,1.1798959810076757,29.83515234092738,1804.0,3695.0
3701,54,57,55,58,1.1797871431997835,78.8141486821587,1.1797871431997835,78.8141486821587,1805.0,2402.0
3539,50,65,51,66,1.1789015595947219,-96.24476626098205,1.1789015595947219,96.24476626098205,1806.0,2140.0
3846,57,85,58,86,1.1780456137451274,-62.708978791567006,1.1780456137451274,62.708978791567006,1807.0,2768.0
1974,23,66,24,67,1.1770456508190716,-65.36168882085212,1.1770456508190716,65.36168882085212,1808.0,2703.0
175,1,82,2,83,1.1756100876046793,27.601169815793583,1.1756100876046793,27.601169815793583,1809.0,3759.0
167,1,74,2,75,1.1755887932509617,293.08638600514723,1.1755887932509617,293.08638600514723,1810.0,1021.0
1317,14,93,15,94,1.1753416044080947,331.67204353630257,1.1753416044080947,331.67204353630257,1811.0,902.0
4089,64,90,65,91,1.1752362533949634,-209.6869304009938,1.1752362533949634,209.6869304009938,1812.0,1332.0
2991,39,67,40,68,1.1744021000126244,63.34541371087335,1.1744021000126244,63.34541371087335,1813.0,2750.0
4163,67,77,68,78,1.1738085354687833,224.1695762078625,1.1738085354687833,224.1695762078625,1814.0,1266.0
2069,24,90,25,91,1.1732274860275658,-335.52472892278035,1.1732274860275658,335.52472892278035,1815.0,888.0
2686,34,52,35,53,1.1729585047174436,110.82576394604392,1.1729585047174436,110.82576394604392,1816.0,1970.0
3196,43,58,44,59,1.1726476818701914,519.2287659617897,1.1726476818701914,519.2287659617897,1817.0,505.0
2582,32,71,33,72,1.1720800814944803,7.5236154882795745,1.1720800814944803,7.5236154882795745,1818.0,4324.0
3581,51,63,52,64,1.1713737564986413,-43.10113546444552,1.1713737564986413,43.10113546444552,1819.0,3309.0
4198,68,85,69,86,1.1711397287493917,-169.11281943102722,1.1711397287493917,169.11281943102722,1820.0,1522.0
2198,26,80,27,81,1.1705760276687143,-93.95882421049964,1.1705760276687143,93.95882421049964,1821.0,2181.0
801,8,78,9,79,1.1702305236664303,23.716978941163237,1.1702305236664303,23.716978941163237,1822.0,3867.0
716,7,80,8,81,1.1701364424720797,-9.236766111385805,1.1701364424720797,9.236766111385805,1823.0,4271.0
3563,50,89,51,90,1.1671750952288584,-153.32232058849604,1.1671750952288584,153.32232058849604,1824.0,1618.0
3141,42,55,43,56,1.166058137885738,65.72609252525945,1.166058137885738,65.72609252525945,1825.0,2690.0
3011,39,87,40,88,1.165386867630084,73.82458180884623,1.165386867630084,73.82458180884623,1826.0,2508.0
1944,23,36,24,37,1.164992922086301,150.0828395935548,1.164992922086301,150.0828395935548,1827.0,1641.0
283,3,5,4,6,1.1648916805098521,11.688043835494682,1.1648916805098521,11.688043835494682,1828.0,4196.0
2546,32,35,33,36,1.1642397744179593,61.9299578075279,1.1642397744179593,61.9299578075279,1829.0,2798.0
2961,38,93,39,94,1.1642207215751588,-92.31988761140474,1.1642207215751588,92.31988761140474,1830.0,2199.0
1023,11,45,12,46,1.163931193081625,-348.0363785380139,1.163931193081625,348.0363785380139,1831.0,850.0
2376,29,57,30,58,1.163613894758388,77.97037077168807,1.163613894758388,77.97037077168807,1832.0,2424.0
1952,23,44,24,45,1.162839328207944,-241.1406411021944,1.162839328207944,241.1406411021944,1833.0,1197.0
1648,19,34,20,35,1.162348437316971,45.34082256747661,1.162348437316971,45.34082256747661,1834.0,3240.0
1859,22,23,23,24,1.1600943490324713,56.64192629343688,1.1600943490324713,56.64192629343688,1835.0,2947.0
83,0,84,1,85,1.1600431678665175,860.0041718315395,1.1600431678665175,860.0041718315395,1836.0,145.0
1220,13,77,14,78,1.1595557637703058,161.980941303769,1.1595557637703058,161.980941303769,1837.0,1558.0
1745,20,56,21,57,1.1594628655956059,-582.3280251663941,1.1594628655956059,582.3280251663941,1838.0,405.0
1115,12,54,13,55,1.1592212805300335,93.38359980603173,1.1592212805300335,93.38359980603173,1839.0,2187.0
1359,15,55,16,56,1.159000304912065,74.52013777938373,1.159000304912065,74.52013777938373,1840.0,2492.0
2387,29,68,30,69,1.1567080097626525,117.11052385932862,1.1567080097626525,117.11052385932862,1841.0,1899.0
2317,28,64,29,65,1.1565486990439924,1503.8815446937715,1.1565486990439924,1503.8815446937715,1842.0,8.0
162,1,69,2,70,1.1560497916382793,183.9081155250448,1.1560497916382793,183.9081155250448,1843.0,1439.0
1716,20,27,21,28,1.1558143084635382,-3.7136386376600967,1.1558143084635382,3.7136386376600967,1844.0,4430.0
2114,25,65,26,66,1.1557735876818669,-578.0594716603912,1.1557735876818669,578.0594716603912,1845.0,411.0
551,5,92,6,93,1.1557597650312077,84.42769658717793,1.1557597650312077,84.42769658717793,1846.0,2318.0
2896,37,85,38,86,1.1556036064372759,-475.4368788739714,1.1556036064372759,475.4368788739714,1847.0,593.0
4370,76,77,77,78,1.1553900402581743,203.11170599652635,1.1553900402581743,203.11170599652635,1848.0,1352.0
2007,24,28,25,29,1.1545399316765947,9.75634717351886,1.1545399316765947,9.75634717351886,1849.0,4260.0
2447,30,63,31,64,1.154400039602864,55.13466171350956,1.154400039602864,55.13466171350956,1850.0,2985.0
869,9,60,10,61,1.1543611867469574,79.71718504925275,1.1543611867469574,79.71718504925275,1851.0,2385.0
1564,18,26,19,27,1.1535191258122142,-388.3013856324243,1.1535191258122142,388.3013856324243,1852.0,755.0
654,7,18,8,19,1.1530795406155794,-42.77957770128933,1.1530795406155794,42.77957770128933,1853.0,3315.0
4424,79,80,80,81,1.152861615943027,303.0458356355938,1.152861615943027,303.0458356355938,1854.0,991.0
2844,36,91,37,92,1.152380874115376,105.89643155846306,1.152380874115376,105.89643155846306,1855.0,2015.0
3776,55,92,56,93,1.1519092228597798,81.69138413899782,1.1519092228597798,81.69138413899782,1856.0,2355.0
4093,64,94,65,95,1.1518159510999273,-8.722820924454027,1.1518159510999273,8.722820924454027,1857.0,4289.0
3280,44,91,45,92,1.150227280237019,642.5343234257534,1.150227280237019,642.5343234257534,1858.0,305.0
2073,24,94,25,95,1.1498071837325297,44.59532783250325,1.1498071837325297,44.59532783250325,1859.0,3266.0
825,9,16,10,17,1.1497225044311947,373.0701795978652,1.1497225044311947,373.0701795978652,1860.0,796.0
4281,71,93,72,94,1.149102602134071,-18.633788738447493,1.149102602134071,18.633788738447493,1861.0,4004.0
2443,30,59,31,60,1.1487972585357287,-756.3083410502161,1.1487972585357287,756.3083410502161,1862.0,196.0
179,1,86,2,87,1.1487093414964016,0.8211040999503894,1.1487093414964016,0.8211040999503894,1863.0,4537.0
474,5,15,6,16,1.1486686829789226,326.5839873794039,1.1486686829789226,326.5839873794039,1864.0,911.0
1927,22,91,23,92,1.1474823010615463,-2.610558210677027,1.1474823010615463,2.610558210677027,1865.0,4472.0
392,4,23,5,24,1.145558524316444,-461.2111026065238,1.145558524316444,461.2111026065238,1866.0,616.0
855,9,46,10,47,1.1453549826722798,172.31550257609763,1.1453549826722798,172.31550257609763,1867.0,1500.0
446,4,77,5,78,1.1441670441500995,140.38366850872853,1.1441670441500995,140.38366850872853,1868.0,1704.0
1481,17,20,18,21,1.1430594886999952,-558.2643816744635,1.1430594886999952,558.2643816744635,1869.0,438.0
333,3,55,4,56,1.1427773073811354,-225.43569673677396,1.1427773073811354,225.43569673677396,1870.0,1259.0
757,8,34,9,35,1.142712863942252,1536.0829082962514,1.142712863942252,1536.0829082962514,1871.0,6.0
356,3,78,4,79,1.142459261887593,70.3731666793442,1.142459261887593,70.3731666793442,1872.0,2573.0
501,5,42,6,43,1.1416108500052495,116.79571540587494,1.1416108500052495,116.79571540587494,1873.0,1903.0
1603,18,65,19,66,1.14145332159909,-54.77039541449585,1.14145332159909,54.77039541449585,1874.0,2993.0
2787,35,93,36,94,1.1412622950575497,-75.73554962284015,1.1412622950575497,75.73554962284015,1875.0,2462.0
2356,29,37,30,38,1.1411718874505365,-638.2863613623397,1.1411718874505365,638.2863613623397,1876.0,310.0
3199,43,61,44,62,1.1398298450527655,94.79912441207398,1.1398298450527655,94.79912441207398,1877.0,2169.0
273,2,87,3,88,1.1395109278605329,112.38846576021513,1.1395109278605329,112.38846576021513,1878.0,1958.0
4094,64,95,65,96,1.1394485391399904,-132.4786113807222,1.1394485391399904,132.4786113807222,1879.0,1771.0
2075,25,26,26,27,1.1391988597294374,-22.040062354999463,1.1391988597294374,22.040062354999463,1880.0,3918.0
2794,36,41,37,42,1.1389343614411507,-75.00514786064741,1.1389343614411507,75.00514786064741,1881.0,2481.0
2637,33,64,34,65,1.1387770820917598,-43.8200593681463,1.1387770820917598,43.8200593681463,1882.0,3282.0
661,7,25,8,26,1.1387592745328026,-412.22160443590815,1.1387592745328026,412.22160443590815,1883.0,710.0
1068,11,90,12,91,1.1381082401395997,-610.5328664777696,1.1381082401395997,610.5328664777696,1884.0,360.0
2074,24,95,25,96,1.1374397717725928,33.92634269323935,1.1374397717725928,33.92634269323935,1885.0,3572.0
3077,41,44,42,45,1.1367807675627937,-43.22167313860473,1.1367807675627937,43.22167313860473,1886.0,3302.0
2012,24,33,25,34,1.1367683147243621,-989.6173762230758,1.1367683147243621,989.6173762230758,1887.0,76.0
1617,18,79,19,80,1.1358047140865266,364.3051381521065,1.1358047140865266,364.3051381521065,1888.0,820.0
1984,23,76,24,77,1.1343355282083691,325.356052945651,1.1343355282083691,325.356052945651,1889.0,919.0
1877,22,41,23,42,1.134035788387321,496.6523594201246,1.134035788387321,496.6523594201246,1890.0,542.0
4420,78,92,79,93,1.1333273464089486,3.395421178006927,1.1333273464089486,3.395421178006927,1891.0,4444.0
3146,42,60,43,61,1.133031716024583,33.447174595266915,1.133031716024583,33.447174595266915,1892.0,3593.0
460,4,91,5,92,1.132946476345519,5.096613023745249,1.132946476345519,5.096613023745249,1893.0,4388.0
898,9,89,10,90,1.131950809648722,81.13354827900957,1.131950809648722,81.13354827900957,1894.0,2368.0
3577,51,59,52,60,1.1318235416399514,48.676359868913096,1.1318235416399514,48.676359868913096,1895.0,3153.0
253,2,67,3,68,1.1304956954779923,-174.8048289899719,1.1304956954779923,174.8048289899719,1896.0,1477.0
1166,13,23,14,24,1.130169804696238,-1.495999925201886,1.130169804696238,1.495999925201886,1897.0,4517.0
1913,22,77,23,78,1.1296312194340723,113.40335262490636,1.1296312194340723,113.40335262490636,1898.0,1943.0
2024,24,45,25,46,1.1288119471936588,-501.6184896575767,1.1288119471936588,501.6184896575767,1899.0,533.0
1425,16,42,17,43,1.1283930337088204,41.720319244665006,1.1283930337088204,41.720319244665006,1900.0,3353.0
606,6,58,7,59,1.128116829752408,-13.426583152676812,1.128116829752408,13.426583152676812,1901.0,4148.0
3266,44,77,45,78,1.1268862402585995,872.5215260246707,1.1268862402585995,872.5215260246707,1902.0,132.0
3303,45,64,46,65,1.1268031798262612,-104.3212071539956,1.1268031798262612,104.3212071539956,1903.0,2033.0
3222,43,84,44,85,1.1266943420183688,34.33386714968492,1.1266943420183688,34.33386714968492,1904.0,3562.0
1736,20,47,21,48,1.1262612322977188,46.57689455621903,1.1262612322977188,46.57689455621903,1905.0,3211.0
1382,15,78,16,79,1.1262362643566635,-400.01669442183584,1.1262362643566635,400.01669442183584,1906.0,733.0
1364,15,60,16,61,1.12597388305091,-39.34207340737066,1.12597388305091,39.34207340737066,1907.0,3416.0
2830,36,77,37,78,1.1247326463802425,617.7170476438596,1.1247326463802425,617.7170476438596,1908.0,349.0
4109,65,80,66,81,1.12439641974259,28.45065230416185,1.12439641974259,28.45065230416185,1909.0,3725.0
3132,42,46,43,47,1.1240255119499054,37.74466320693728,1.1240255119499054,37.74466320693728,1910.0,3469.0
1109,12,48,13,49,1.1236899079541744,-87.07470203856565,1.1236899079541744,87.07470203856565,1911.0,2279.0
1738,20,49,21,50,1.1224525316634208,-166.83849264443006,1.1224525316634208,166.83849264443006,1912.0,1535.0
4384,76,91,77,92,1.1217234802374443,26.24247068928344,1.1217234802374443,26.24247068928344,1913.0,3799.0
2128,25,79,26,80,1.1214844480037498,65.99116832236723,1.1214844480037498,65.99116832236723,1914.0,2675.0
1244,14,20,15,21,1.121433142309412,-308.97732618948,1.121433142309412,308.97732618948,1915.0,972.0
1320,15,16,16,17,1.1213352007351474,-9.1267989693074,1.1213352007351474,9.1267989693074,1916.0,4279.0
468,5,9,6,10,1.1202813792828752,99.32809386909048,1.1202813792828752,99.32809386909048,1917.0,2093.0
410,4,41,5,42,1.1194999636712937,372.5053883200853,1.1194999636712937,372.5053883200853,1918.0,797.0
1006,11,28,12,29,1.1194206857886286,22.8478123366167,1.1194206857886286,22.8478123366167,1919.0,3887.0
3164,42,78,43,79,1.1191784313829904,-813.8732010306926,1.1191784313829904,813.8732010306926,1920.0,168.0
3961,60,92,61,93,1.1188828009986247,-42.72984504494252,1.1188828009986247,42.72984504494252,1921.0,3316.0
2990,39,66,40,67,1.1185605838042076,-104.95889291319622,1.1185605838042076,104.95889291319622,1922.0,2024.0
1234,13,91,14,92,1.1175577567253128,232.47402023732548,1.1175577567253128,232.47402023732548,1923.0,1231.0
269,2,83,3,84,1.117531543500414,393.3409599728699,1.117531543500414,393.3409599728699,1924.0,747.0
1350,15,46,16,47,1.1169676789762324,-8.286498767733065,1.1169676789762324,8.286498767733065,1925.0,4304.0
199,2,13,3,14,1.1162429237795148,38.04799380189888,1.1162429237795148,38.04799380189888,1926.0,3460.0
2168,26,50,27,51,1.1160708878165824,31.286430065036257,1.1160708878165824,31.286430065036257,1927.0,3654.0
1975,23,67,24,68,1.1159170329977603,686.0667018889692,1.1159170329977603,686.0667018889692,1928.0,255.0
686,7,50,8,51,1.1156313026199478,431.2147864235094,1.1156313026199478,431.2147864235094,1929.0,673.0
778,8,55,9,56,1.115006045602298,66.3200250167979,1.115006045602298,66.3200250167979,1930.0,2667.0
3880,58,82,59,83,1.1149449644297913,-54.332822417880834,1.1149449644297913,54.332822417880834,1931.0,3009.0
312,3,34,4,35,1.1149416021634149,100.49252221630604,1.1149416021634149,100.49252221630604,1932.0,2078.0
1072,11,94,12,95,1.1146879378445635,137.417126055097,1.1146879378445635,137.417126055097,1933.0,1727.0
4333,74,79,75,80,1.1146866925607206,521.5933070715907,1.1146866925607206,521.5933070715907,1934.0,500.0
2416,30,32,31,33,1.1144698886436268,-629.1104551566323,1.1144698886436268,629.1104551566323,1935.0,332.0
1475,16,92,17,93,1.1142441186828622,118.49815809150732,1.1142441186828622,118.49815809150732,1936.0,1882.0
930,10,36,11,37,1.1122357249006174,70.49008923921429,1.1122357249006174,70.49008923921429,1937.0,2570.0
262,2,76,3,77,1.1120772002673833,-391.8916343069764,1.1120772002673833,391.8916343069764,1938.0,750.0
3175,42,89,43,90,1.1106213389263477,-708.6231495036701,1.1106213389263477,708.6231495036701,1939.0,235.0
2613,33,40,34,41,1.1103700406467987,65.75502763092845,1.1103700406467987,65.75502763092845,1940.0,2688.0
3907,59,73,60,74,1.1103296934502802,51.327956463697774,1.1103296934502802,51.327956463697774,1941.0,3086.0
1727,20,38,21,39,1.110312259476476,-258.5699391384271,1.110312259476476,258.5699391384271,1942.0,1138.0
938,10,44,11,45,1.1100821310222604,-101.3130695990062,1.1100821310222604,101.3130695990062,1943.0,2065.0
3380,46,92,47,93,1.1098765969239472,22.15907437847818,1.1098765969239472,22.15907437847818,1944.0,3914.0
338,3,60,4,61,1.1097508855199805,62.19635314722558,1.1097508855199805,62.19635314722558,1945.0,2789.0
3074,40,95,41,96,1.109698583598568,-413.4981580915072,1.109698583598568,413.4981580915072,1946.0,709.0
3109,41,76,42,77,1.108276967563219,34.60137592388355,1.108276967563219,34.60137592388355,1947.0,3551.0
916,10,22,11,23,1.1073371518467878,98.01433014744087,1.1073371518467878,98.01433014744087,1948.0,2110.0
1995,23,87,24,88,1.10690180061522,523.7866018217777,1.10690180061522,523.7866018217777,1949.0,494.0
60,0,61,1,62,1.1064810192046168,78.39069262921703,1.1064810192046168,78.39069262921703,1950.0,2413.0
2823,36,70,37,71,1.106246469992758,5.04451609300304,1.106246469992758,5.04451609300304,1951.0,4390.0
2726,34,92,35,93,1.1058096866847704,92.08965760595356,1.1058096866847704,92.08965760595356,1952.0,2204.0
3816,56,93,57,94,1.1055544034969231,-292.98421290457526,1.1055544034969231,292.98421290457526,1953.0,1022.0
294,3,16,4,17,1.1051122032042178,16.257701067457845,1.1051122032042178,16.257701067457845,1954.0,4069.0
2757,35,63,36,64,1.1046301538285315,-45.88599843177508,1.1046301538285315,45.88599843177508,1955.0,3225.0
1184,13,41,14,42,1.1041112440510878,76.39403293271971,1.1041112440510878,76.39403293271971,1956.0,2452.0
3259,44,70,45,71,1.104092876114401,-213.97739489217656,1.104092876114401,213.97739489217656,1957.0,1311.0
2709,34,75,35,76,1.1039178514702455,140.17757635745875,1.1039178514702455,140.17757635745875,1958.0,1709.0
1393,15,89,16,90,1.1035635059526747,-130.06997348977552,1.1035635059526747,130.06997348977552,1959.0,1786.0
4177,67,91,68,92,1.1033049850268353,27.300340900620085,1.1033049850268353,27.300340900620085,1960.0,3770.0
3440,48,57,49,58,1.1031240452844244,-51.71475207216099,1.1031240452844244,51.71475207216099,1961.0,3075.0
1073,11,95,12,96,1.1023205258846267,30.616194085878305,1.1023205258846267,30.616194085878305,1962.0,3676.0
1011,11,33,12,34,1.101649068836396,-356.137094690602,1.101649068836396,356.137094690602,1963.0,834.0
1906,22,70,23,71,1.1013478969389285,5.02017213073168,1.1013478969389285,5.02017213073168,1964.0,4392.0
190,2,4,3,5,1.1008542041593086,-28.020172130731908,1.1008542041593086,28.020172130731908,1965.0,3746.0
324,3,46,4,47,1.1007446814453028,372.35021096236005,1.1007446814453028,372.35021096236005,1966.0,799.0
2654,33,81,34,82,1.0988351009360127,69.65897132443388,1.0988351009360127,69.65897132443388,1967.0,2595.0
1338,15,34,16,35,1.0987186046324853,-11.793419834176348,1.0987186046324853,11.793419834176348,1968.0,4193.0
3553,50,79,51,80,1.098356476090895,56.208875737521794,1.098356476090895,56.208875737521794,1969.0,2960.0
4468,81,95,82,96,1.098163643887782,642.0435400638954,1.098163643887782,642.0435400638954,1970.0,306.0
887,9,78,10,79,1.097848960660616,-59.60714920447799,1.097848960660616,59.60714920447799,1971.0,2856.0
2562,32,51,33,52,1.0974961717478495,54.61967179477415,1.0974961717478495,54.61967179477415,1972.0,2999.0
710,7,74,8,75,1.0974118660316678,-32.21937756690613,1.0974118660316678,32.21937756690613,1973.0,3628.0
3073,40,94,41,95,1.0973311716386311,-246.43103689068064,1.0973311716386311,246.43103689068064,1974.0,1181.0
2192,26,74,27,75,1.096972280835033,315.2160372634036,1.096972280835033,315.2160372634036,1975.0,946.0
4039,63,71,64,72,1.0967898467520105,127.85949630319864,1.0967898467520105,127.85949630319864,1976.0,1801.0
4541,89,92,90,93,1.0964724239003893,-428.5687570012296,1.0964724239003893,428.5687570012296,1977.0,680.0
3451,48,68,49,69,1.096218160288689,-154.16373422457173,1.096218160288689,154.16373422457173,1978.0,1613.0
3867,58,69,59,70,1.095384668463391,-242.10461317334136,1.095384668463391,242.10461317334136,1979.0,1192.0
1669,19,55,20,56,1.0953704722275792,17.68561085840338,1.0953704722275792,17.68561085840338,1980.0,4033.0
1760,20,71,21,72,1.0951941400353882,5.0074434323455534,1.0951941400353882,5.0074434323455534,1981.0,4393.0
4527,87,91,88,92,1.0942897526442947,-19.538777163757004,1.0942897526442947,19.538777163757004,1982.0,3985.0
379,4,10,5,11,1.0928013271307604,-7.629197595050755,1.0928013271307604,7.629197595050755,1983.0,4318.0
2293,28,40,29,41,1.092598423694566,58.78757785088556,1.092598423694566,58.78757785088556,1984.0,2884.0
173,1,80,2,81,1.091959515252786,137.20901314291518,1.091959515252786,137.20901314291518,1985.0,1728.0
2676,34,42,35,43,1.0916607716588123,117.42874131898223,1.0916607716588123,117.42874131898223,1986.0,1896.0
2477,30,93,31,94,1.0914924092832174,-1054.9819860355735,1.0914924092832174,1054.9819860355735,1987.0,61.0
3100,41,67,42,68,1.0898584723526101,143.4567003955426,1.0898584723526101,143.4567003955426,1988.0,1681.0
3884,58,86,59,87,1.0880442183215135,-39.52493503086998,1.0880442183215135,39.52493503086998,1989.0,3409.0
1724,20,35,21,36,1.087353832958867,95.23669740868944,1.087353832958867,95.23669740868944,1990.0,2159.0
367,3,89,4,90,1.0873405084217451,68.60576095919032,1.0873405084217451,68.60576095919032,1991.0,2618.0
439,4,70,5,71,1.086812072222901,-40.08631730245088,1.086812072222901,40.08631730245088,1992.0,3392.0
208,2,22,3,23,1.0863183794432814,-31.620853931971624,1.0863183794432814,31.620853931971624,1993.0,3644.0
2225,27,39,28,40,1.0859367622095457,-20.590942797195567,1.0859367622095457,20.590942797195567,1994.0,3954.0
3991,61,88,62,89,1.0858452961112657,-53.81769509375136,1.0858452961112657,53.81769509375136,1995.0,3017.0
4467,81,94,82,95,1.0857962319278451,593.8768848476782,1.0857962319278451,593.8768848476782,1996.0,388.0
509,5,50,6,51,1.0850570937027388,1127.5181170184717,1.0850570937027388,1127.5181170184717,1997.0,44.0
3616,52,55,53,56,1.0847604048271067,55.196009633742506,1.0847604048271067,55.196009633742506,1998.0,2981.0
230,2,44,3,45,1.0835734002678086,36.07581547306654,1.0835734002678086,36.07581547306654,1999.0,3512.0
2567,32,56,33,57,1.0825769241365137,21.94866589459815,1.0825769241365137,21.94866589459815,2000.0,3921.0
632,6,84,7,85,1.0821634899005854,-178.82110409995062,1.0821634899005854,178.82110409995062,2001.0,1463.0
783,8,60,9,61,1.0819796237411432,-6.800306549271681,1.0819796237411432,6.800306549271681,2002.0,4348.0
2931,38,63,39,64,1.0816717273109226,31.929820402134283,1.0816717273109226,31.929820402134283,2003.0,3637.0
970,10,76,11,77,1.0815783310226856,-26.99373870485169,1.0815783310226856,26.99373870485169,2004.0,3779.0
222,2,36,3,37,1.0814198063894516,821.110661264722,1.0814198063894516,821.110661264722,2005.0,164.0
2334,28,81,29,82,1.08106348398378,83.02371854232433,1.08106348398378,83.02371854232433,2006.0,2341.0
835,9,26,10,27,1.080846602236446,46.28315846423013,1.080846602236446,46.28315846423013,2007.0,3220.0
3120,41,87,42,88,1.0808432399700698,271.48215779231487,1.0808432399700698,271.48215779231487,2008.0,1091.0
2859,37,48,38,49,1.080682037976573,-201.8940672840681,1.080682037976573,201.8940672840681,2009.0,1356.0
645,7,9,8,10,1.0804070170398115,-84.43812971386569,1.0804070170398115,84.43812971386569,2010.0,2317.0
2841,36,88,37,89,1.0785977441440875,354.3918060637179,1.0785977441440875,354.3918060637179,2011.0,840.0
4295,72,84,73,85,1.0778148341918945,167.08499775986002,1.0778148341918945,167.08499775986002,2012.0,1533.0
907,10,13,11,14,1.0774126075105546,0.1036371442335166,1.0774126075105546,0.1036371442335166,2013.0,4559.0
739,8,16,9,17,1.0773409414253807,72.41496788879181,1.0773409414253807,72.41496788879181,2014.0,2523.0
3277,44,88,45,89,1.0764441502657305,1346.2762030464382,1.0764441502657305,1346.2762030464382,2015.0,19.0
4352,75,78,76,79,1.0764001917460673,-674.0954308865478,1.0764001917460673,674.0954308865478,2016.0,270.0
2502,31,54,32,55,1.0763740407853606,-185.3893730866264,1.0763740407853606,185.3893730866264,2017.0,1430.0
2584,32,73,33,74,1.0760023235581784,87.14857254909475,1.0760023235581784,87.14857254909475,2018.0,2277.0
4240,70,76,71,77,1.0755890761148263,-21.98212344096646,1.0755890761148263,21.98212344096646,2019.0,3919.0
111,1,18,2,19,1.0749026133962856,258.07247516956363,1.0749026133962856,258.07247516956363,2020.0,1141.0
3611,51,93,52,94,1.0745186923874401,-73.62453774895721,1.0745186923874401,73.62453774895721,2021.0,2510.0
4394,77,83,78,84,1.0742187035096231,62.78298670748882,1.0742187035096231,62.78298670748882,2022.0,2764.0
3069,40,90,41,91,1.073910869343595,59.382348966137215,1.073910869343595,59.382348966137215,2023.0,2865.0
1924,22,88,23,89,1.073699171090258,47.82694608324118,1.073699171090258,47.82694608324118,2024.0,3177.0
1500,17,39,18,40,1.0731819424460025,-161.22967328820096,1.0731819424460025,161.22967328820096,2025.0,1564.0
769,8,46,9,47,1.0729734196664658,376.3490288251626,1.0729734196664658,376.3490288251626,2026.0,780.0
1213,13,70,14,71,1.071423352602695,197.76225785950635,1.071423352602695,197.76225785950635,2027.0,1378.0
4026,62,90,63,91,1.07067213512431,-313.6104895079807,1.07067213512431,313.6104895079807,2028.0,951.0
1287,14,63,15,64,1.0705508444779868,91.35807370656312,1.0705508444779868,91.35807370656312,2029.0,2219.0
843,9,34,10,35,1.070331300936438,27.061973340179293,1.070331300936438,27.061973340179293,2030.0,3777.0
3717,54,73,55,74,1.0695272211589109,63.36273355265666,1.0695272211589109,63.36273355265666,2031.0,2749.0
4470,82,84,83,85,1.0689916245779687,-92.14168583399896,1.0689916245779687,92.14168583399896,2032.0,2203.0
3522,49,93,50,94,1.068544069564738,-875.2713370922552,1.068544069564738,875.2713370922552,2033.0,130.0
4115,65,86,66,87,1.067646593498974,-508.4634497052448,1.067646593498974,508.4634497052448,2034.0,521.0
3399,47,63,48,64,1.06572275448968,-379.469222985839,1.06572275448968,379.469222985839,2035.0,772.0
961,10,67,11,68,1.0631598358120768,116.0930666121526,1.0631598358120768,116.0930666121526,2036.0,1913.0
888,9,79,10,80,1.0631321905107587,194.29470502541875,1.0631321905107587,194.29470502541875,2037.0,1396.0
3552,50,78,51,79,1.0626246750804798,-8.324616160194637,1.0626246750804798,8.324616160194637,2038.0,4300.0
4463,81,90,82,91,1.062375929632809,74.43562803407758,1.062375929632809,74.43562803407758,2039.0,2494.0
1674,19,60,20,61,1.062344050366424,-21.24024382028165,1.062344050366424,21.24024382028165,2040.0,3940.0
484,5,25,6,26,1.0619291217898839,62.93809536251729,1.0619291217898839,62.93809536251729,2041.0,2758.0
118,1,25,2,26,1.0605823473135088,25.54789074785413,1.0605823473135088,25.54789074785413,2042.0,3813.0
4098,65,69,66,70,1.0603061433570966,-38.465951385032895,1.0603061433570966,38.465951385032895,2043.0,3447.0
812,8,89,9,90,1.0595692466429079,80.05376708249332,1.0595692466429079,80.05376708249332,2044.0,2380.0
2160,26,42,27,43,1.0595171315140717,60.27704167015327,1.0595171315140717,60.27704167015327,2045.0,2835.0
457,4,88,5,89,1.0591633463742305,46.44731200065917,1.0591633463742305,46.44731200065917,2046.0,3215.0
678,7,42,8,43,1.0590775463174371,-246.4762471063275,1.0590775463174371,246.4762471063275,2047.0,1180.0
3973,61,70,62,71,1.058196570262595,-690.5722347101256,1.058196570262595,690.5722347101256,2048.0,248.0
35,0,36,1,37,1.0579620210507363,134.87786087678614,1.0579620210507363,134.87786087678614,2049.0,1745.0
1402,16,19,17,20,1.0577053680506616,7.466927414140628,1.0577053680506616,7.466927414140628,2050.0,4327.0
4156,67,70,68,71,1.0571705809042173,-13.953188335298364,1.0571705809042173,13.953188335298364,2051.0,4134.0
2971,39,47,40,48,1.0563836860437261,-36.17194048225747,1.0563836860437261,36.17194048225747,2052.0,3509.0
43,0,44,1,45,1.0558084271723793,262.1071148531296,1.0558084271723793,262.1071148531296,2053.0,1128.0
1853,21,90,22,91,1.054165026084564,775.1002968407308,1.054165026084564,775.1002968407308,2054.0,188.0
981,10,87,11,88,1.0541446034295365,187.81992196275317,1.0541446034295365,187.81992196275317,2055.0,1419.0
3625,52,64,53,65,1.0541036335910963,-77.24594839817973,1.0541036335910963,77.24594839817973,2056.0,2435.0
534,5,75,6,76,1.0539677731238082,22.689225972692384,1.0539677731238082,22.689225972692384,2057.0,3893.0
1660,19,46,20,47,1.0533378462917466,-16.09438615474346,1.0533378462917466,16.09438615474346,2058.0,4076.0
21,0,22,1,23,1.0530634479969068,140.13361698170593,1.0530634479969068,140.13361698170593,2059.0,1710.0
4326,73,93,74,94,1.053024844197769,-2.748415726618987,1.053024844197769,2.748415726618987,2060.0,4463.0
1330,15,26,16,27,1.0524592985403987,-67.99137443045674,1.0524592985403987,67.99137443045674,2061.0,2633.0
955,10,61,11,62,1.0522073153547358,-387.9078407142584,1.0522073153547358,387.9078407142584,2062.0,757.0
2031,24,52,25,53,1.0520948662236986,-237.17868979195973,1.0520948662236986,237.17868979195973,2063.0,1209.0
651,7,15,8,16,1.052019713343764,-147.39625980172156,1.052019713343764,147.39625980172156,2064.0,1654.0
2315,28,62,29,63,1.051984580773339,-315.9252979614346,1.051984580773339,315.9252979614346,2065.0,942.0
3621,52,60,53,61,1.0517339829659516,-56.25763236476132,1.0517339829659516,56.25763236476132,2066.0,2956.0
1263,14,39,15,40,1.0515555960554193,107.33052684618224,1.0515555960554193,107.33052684618224,2067.0,1999.0
4223,69,84,70,85,1.0494313286115684,54.55839257723847,1.0494313286115684,54.55839257723847,2068.0,3001.0
1524,17,63,18,64,1.0489244980874035,63.55366402844811,1.0489244980874035,63.55366402844811,2069.0,2743.0
1755,20,66,21,67,1.048683037550215,-12.296863191724242,1.048683037550215,12.296863191724242,2070.0,4178.0
3782,56,59,57,60,1.048249554244412,-444.4032152195134,1.048249554244412,444.4032152195134,2071.0,651.0
4251,70,87,71,88,1.048155348521677,17.32343402299739,1.048155348521677,17.32343402299739,2072.0,4047.0
3572,51,54,52,55,1.0480333729692397,-17.037698080604514,1.0480333729692397,17.037698080604514,2073.0,4051.0
4381,76,88,77,89,1.0479403502661557,-95.41955903218876,1.0479403502661557,95.41955903218876,2074.0,2156.0
477,5,18,6,19,1.047608855707107,53.65563102093074,1.047608855707107,53.65563102093074,2075.0,3020.0
4030,62,94,63,95,1.047251832829274,2.2076936003245464,1.047251832829274,2.2076936003245464,2076.0,4484.0
1435,16,52,17,53,1.047095300650189,-17.971759016975284,1.047095300650189,17.971759016975284,2077.0,4024.0
4343,74,89,75,90,1.0458680734227572,-28.77616869508984,1.0458680734227572,28.77616869508984,2078.0,3717.0
2560,32,49,33,50,1.0455665902043285,-445.4287413189823,1.0455665902043285,445.4287413189823,2079.0,650.0
2210,26,92,27,93,1.0453682164881135,16.318774176903844,1.0453682164881135,16.318774176903844,2080.0,4064.0
728,7,92,8,93,1.0449286312914787,49.47749794622155,1.0449286312914787,49.47749794622155,2081.0,3132.0
1231,13,88,14,89,1.0437746267540247,199.2228552758022,1.0437746267540247,199.2228552758022,2082.0,1371.0
1678,19,64,20,65,1.0434935661906237,-94.36398439255072,1.0434935661906237,94.36398439255072,2083.0,2175.0
3340,46,52,47,53,1.042727778891274,16.27133709225518,1.042727778891274,16.27133709225518,2084.0,4067.0
4495,84,86,85,87,1.042090878469691,113.09911470353336,1.042090878469691,113.09911470353336,2085.0,1950.0
3165,42,79,43,80,1.0418027197883843,55.73304794305113,1.0418027197883843,55.73304794305113,2086.0,2970.0
1638,19,24,20,25,1.041484798823226,-545.4704051230365,1.041484798823226,545.4704051230365,2087.0,457.0
4111,65,82,66,83,1.0407458473906963,-117.83376409564003,1.0407458473906963,117.83376409564003,2088.0,1892.0
2907,38,39,39,40,1.0404347132224834,-324.73777649184194,1.0404347132224834,324.73777649184194,2089.0,921.0
1703,19,89,20,90,1.0399336732681888,-90.89170300967294,1.0399336732681888,90.89170300967294,2090.0,2224.0
2127,25,78,26,79,1.0394967031676248,-984.9553465016036,1.0394967031676248,984.9553465016036,2091.0,77.0
3,0,4,1,5,1.0385276232808793,112.21694458981484,1.0385276232808793,112.21694458981484,2092.0,1960.0
1719,20,30,21,31,1.0375839471845345,-318.6359469047529,1.0375839471845345,318.6359469047529,2093.0,935.0
143,1,50,2,51,1.037454375400654,-39.29574975722335,1.037454375400654,39.29574975722335,2094.0,3418.0
304,3,26,4,27,1.036236301009469,335.09563699463746,1.036236301009469,335.09563699463746,2095.0,889.0
2249,27,63,28,64,1.0361696783238603,-71.37309797664767,1.0361696783238603,71.37309797664767,2096.0,2547.0
285,3,7,4,8,1.0357967158128345,-1.846698902115804,1.0357967158128345,1.846698902115804,2097.0,4500.0
1791,21,28,22,29,1.035477471733593,65.83390150103332,1.035477471733593,65.83390150103332,2098.0,2685.0
2684,34,50,35,51,1.0351070153563016,191.18926032404056,1.0351070153563016,191.18926032404056,2099.0,1406.0
4031,62,95,63,96,1.034884420869337,5.3072276157149645,1.034884420869337,5.3072276157149645,2100.0,4385.0
1383,15,79,16,80,1.0347448868147113,65.00167015175157,1.0347448868147113,65.00167015175157,2101.0,2710.0
2635,33,62,34,63,1.0342129638211064,-234.4380610111693,1.0342129638211064,234.4380610111693,2102.0,1222.0
3362,46,74,47,75,1.0324639003991993,302.74027817163005,1.0324639003991993,302.74027817163005,2103.0,992.0
3870,58,72,59,73,1.031861494340072,318.7228896271504,1.031861494340072,318.7228896271504,2104.0,934.0
3878,58,80,59,81,1.0312943920778976,-343.54566387885234,1.0312943920778976,343.54566387885234,2105.0,865.0
2438,30,54,31,55,1.0310596560734624,-197.2181267270123,1.0310596560734624,197.2181267270123,2106.0,1381.0
1857,21,94,22,95,1.030744723789528,113.35459599766727,1.030744723789528,113.35459599766727,2107.0,1944.0
539,5,80,6,81,1.030551953850607,198.0699734897753,1.030551953850607,198.0699734897753,2108.0,1376.0
4174,67,88,68,89,1.029521855055547,99.66724628481596,1.029521855055547,99.66724628481596,2109.0,2090.0
3650,52,89,53,90,1.0293236058677162,209.21019528011263,1.0293236058677162,209.21019528011263,2110.0,1333.0
1457,16,74,17,75,1.0280963786402844,312.6581327007189,1.0280963786402844,312.6581327007189,2111.0,956.0
4436,79,92,80,93,1.027653804762426,172.35000485427054,1.027653804762426,172.35000485427054,2112.0,1499.0
613,6,65,7,66,1.0275739820680796,478.4891819128033,1.0275739820680796,478.4891819128033,2113.0,583.0
1935,23,27,24,28,1.0274516951946817,90.20908184561172,1.0274516951946817,90.20908184561172,2114.0,2229.0
75,0,76,1,77,1.0273046271728046,100.46233627074388,1.0273046271728046,100.46233627074388,2115.0,2079.0
3094,41,61,42,62,1.0255086788142025,-10.90811552504465,1.0255086788142025,10.90811552504465,2116.0,4223.0
2995,39,71,40,72,1.0253165937813955,11.027127548523822,1.0253165937813955,11.027127548523822,2117.0,4216.0
1616,18,78,19,79,1.025176437084848,-32.78194197568428,1.025176437084848,32.78194197568428,2118.0,3618.0
2796,36,43,37,44,1.0246131952025879,1202.1546893431714,1.0246131952025879,1202.1546893431714,2119.0,33.0
787,8,64,9,65,1.0238579928159046,276.67656597700284,1.0238579928159046,276.67656597700284,2120.0,1069.0
3943,60,74,61,75,1.0234576963245217,-269.3765756855436,1.0234576963245217,269.3765756855436,2121.0,1101.0
12,0,13,1,14,1.0231389036606733,1308.1025924124292,1.0231389036606733,1308.1025924124292,2122.0,21.0
4395,77,84,78,85,1.0226514995644616,79.91263796574503,1.0226514995644616,79.91263796574503,2123.0,2383.0
3182,43,44,44,45,1.0224596013242309,-62.49593122250553,1.0224596013242309,62.49593122250553,2124.0,2775.0
747,8,24,9,25,1.021849225448507,71.79335113148,1.021849225448507,71.79335113148,2125.0,2536.0
1120,12,59,13,60,1.0206356340791578,84.98191733287695,1.0206356340791578,84.98191733287695,2126.0,2309.0
1740,20,51,21,52,1.0206102302887574,-34.61987790286412,1.0206102302887574,34.61987790286412,2127.0,3550.0
4524,87,88,88,89,1.0205066226730066,50.71238779776604,1.0205066226730066,50.71238779776604,2128.0,3101.0
1879,22,43,23,44,1.019714622148758,-295.70884138617384,1.019714622148758,295.70884138617384,2129.0,1012.0
4294,72,83,73,84,1.0190553688821902,1211.218332835102,1.0190553688821902,1211.218332835102,2130.0,31.0
357,3,79,4,80,1.0185218892837817,711.5979669176842,1.0185218892837817,711.5979669176842,2131.0,228.0
1858,21,95,22,96,1.0183773118295911,87.06176723208955,1.0183773118295911,87.06176723208955,2132.0,2280.0
1796,21,33,22,34,1.0177058547813604,-636.1486412517907,1.0177058547813604,636.1486412517907,2133.0,313.0
2733,35,39,36,40,1.0174762867048743,-16.570007841123697,1.0174762867048743,16.570007841123697,2134.0,4062.0
1030,11,52,12,53,1.0169756203357325,890.7576667161095,1.0169756203357325,890.7576667161095,2135.0,116.0
2277,27,91,28,92,1.0148396472237566,-53.57814539611309,1.0148396472237566,53.57814539611309,2136.0,3021.0
1484,17,23,18,24,1.0146968754311385,-27.236834814082613,1.0146968754311385,27.236834814082613,2137.0,3774.0
1596,18,58,19,59,1.0142374902213975,-330.6220360691691,1.0142374902213975,330.6220360691691,2138.0,903.0
4509,85,90,86,91,1.0127740326489185,-457.2458796954829,1.0127740326489185,457.2458796954829,2139.0,624.0
3994,61,91,62,92,1.0120621661399773,-35.75634717351886,1.0120621661399773,35.75634717351886,2140.0,3524.0
2083,25,34,26,35,1.0119790434434466,78.0630180719836,1.0119790434434466,78.0630180719836,2141.0,2423.0
3488,49,59,50,60,1.0112392203122265,-571.0027835862523,1.0112392203122265,571.0027835862523,2142.0,416.0
66,0,67,1,68,1.0088861319621958,240.54914158774815,1.0088861319621958,240.54914158774815,2143.0,1199.0
749,8,26,9,27,1.0084650392306318,-113.94150436871656,1.0084650392306318,113.94150436871656,2144.0,1938.0
4408,78,80,79,81,1.0081195352283479,-25.44863154325003,1.0081195352283479,25.44863154325003,2145.0,3818.0
644,7,8,8,9,1.0080254540339972,-145.7378451945383,1.0080254540339972,145.7378451945383,2146.0,1664.0
2679,34,45,35,46,1.007948308699914,152.37782652543774,1.007948308699914,152.37782652543774,2147.0,1626.0
997,11,19,12,20,1.00636555293526,751.3687816440372,1.00636555293526,751.3687816440372,2148.0,198.0
412,4,43,5,44,1.0051787974327309,-123.61278507967904,1.0051787974327309,123.61278507967904,2149.0,1836.0
102,1,9,2,10,1.0022300898205176,456.09334142293903,1.0022300898205176,456.09334142293903,2150.0,627.0
1552,17,91,18,92,1.0020848274602134,-111.77373571799852,1.0020848274602134,111.77373571799852,2151.0,1962.0
2227,27,41,28,42,1.0013931345495315,-273.43562803407747,1.0013931345495315,273.43562803407747,2152.0,1082.0
2628,33,55,34,56,1.0000869563264432,65.81289784226465,1.0000869563264432,65.81289784226465,2153.0,2686.0
3820,57,59,58,60,1.0000697714094078,41.70181726568535,1.0000697714094078,41.70181726568535,2154.0,3354.0
2107,25,58,26,59,0.9999172241386207,-22.0446534983962,0.9999172241386207,22.0446534983962,2155.0,3917.0
86,0,87,1,88,0.9998708995796552,94.08617989705726,0.9998708995796552,94.08617989705726,2156.0,2180.0
1969,23,61,24,62,0.9994501181690523,-24.948597191901627,0.9994501181690523,24.948597191901627,2157.0,3828.0
3779,55,95,56,96,0.9994154992782125,-189.48890710201704,0.9994154992782125,189.48890710201704,2158.0,1412.0
1762,20,73,21,74,0.999116382099086,45.01203457574229,0.999116382099086,45.01203457574229,2159.0,3257.0
2409,29,90,30,91,0.9983423136621792,214.85838286869773,0.9983423136621792,214.85838286869773,2160.0,1308.0
1955,23,47,24,48,0.9978986190288621,-176.16596109357363,0.9978986190288621,176.16596109357363,2161.0,1471.0
1572,18,34,19,35,0.9976587773606698,10.93579979081892,0.9976587773606698,10.93579979081892,2162.0,4222.0
342,3,64,4,65,0.9960867310370675,-15.71238779776604,0.9960867310370675,15.71238779776604,2163.0,4089.0
4151,66,93,67,94,0.9947745754515323,-112.47165596293053,0.9947745754515323,112.47165596293053,2164.0,1956.0
2338,28,85,29,86,0.9940864782979475,-132.8651321783998,0.9940864782979475,132.8651321783998,2165.0,1769.0
302,3,24,4,25,0.9940779636696698,20.11386416283176,0.9940779636696698,20.11386416283176,2166.0,3974.0
3214,43,76,44,77,0.9939558013246561,295.546983421443,0.9939558013246561,295.546983421443,2167.0,1013.0
3902,59,68,60,69,0.993163886413672,-30.626764617959,0.993163886413672,30.626764617959,2168.0,3674.0
1247,14,23,15,24,0.9930705290405553,17.902067433663888,0.9930705290405553,17.902067433663888,2169.0,4027.0
802,8,79,9,80,0.9907506275049445,219.3698263758415,0.9907506275049445,219.3698263758415,2170.0,1287.0
3758,55,74,56,75,0.9904312744633668,-436.471587260234,0.9904312744633668,436.471587260234,2171.0,665.0
1186,13,43,14,44,0.9897900778125248,-44.81658165925046,0.9897900778125248,44.81658165925046,2172.0,3261.0
4513,85,94,86,95,0.9893537303538823,-34.66154170691834,0.9893537303538823,34.66154170691834,2173.0,3547.0
1640,19,26,20,27,0.9888294658559129,-0.8154682247495657,0.9888294658559129,0.8154682247495657,2174.0,4538.0
1502,17,41,18,42,0.9886383147859883,56.765460757615074,0.9886383147859883,56.765460757615074,2175.0,2942.0
655,7,19,8,20,0.9883898806592781,-223.1162284372267,0.9883898806592781,223.1162284372267,2176.0,1273.0
3778,55,94,56,95,0.9870480873182758,-709.0583582258903,0.9870480873182758,709.0583582258903,2177.0,234.0
4091,64,92,65,93,0.9869548155584231,-33.850107908315294,0.9869548155584231,33.850107908315294,2178.0,3576.0
734,8,11,9,12,0.986729979560541,63.74591404683133,0.986729979560541,63.74591404683133,2179.0,2738.0
1093,12,32,13,33,0.9863082641870559,136.78055373039706,0.9863082641870559,136.78055373039706,2180.0,1733.0
4443,80,84,81,85,0.985341052226075,17.617376223075553,0.985341052226075,17.617376223075553,2181.0,4034.0
3427,47,91,48,92,0.985286571057937,-15.940390934215884,0.985286571057937,15.940390934215884,2182.0,4083.0
2071,24,92,25,93,0.9849460481910255,-539.610420805284,0.9849460481910255,539.610420805284,2183.0,466.0
3203,43,65,44,66,0.9830431299502962,28.444947726264218,0.9830431299502962,28.444947726264218,2184.0,3727.0
2308,28,55,29,56,0.9823153393742106,42.45308528125361,0.9823153393742106,42.45308528125361,2185.0,3327.0
1946,23,38,24,39,0.9819496462076194,48.31293219361305,0.9819496462076194,48.31293219361305,2186.0,3163.0
2748,35,54,36,55,0.98128977029913,140.99248786495764,0.98128977029913,140.99248786495764,2187.0,1697.0
135,1,42,2,43,0.9809006190981432,71.50504480660311,0.9809006190981432,71.50504480660311,2188.0,2543.0
2714,34,80,35,81,0.9806018755041697,81.29227204832728,0.9806018755041697,81.29227204832728,2189.0,2366.0
1315,14,91,15,92,0.9804584810696302,-17.506364349193063,0.9804584810696302,17.506364349193063,2190.0,4039.0
3317,45,78,46,79,0.9804306489757357,-598.0074434323458,0.9804306489757357,598.0074434323458,2191.0,378.0
584,6,36,7,37,0.9800823430848042,155.213466880919,0.9800823430848042,155.213466880919,2192.0,1609.0
1368,15,64,16,65,0.9798637335061379,48.08047531915963,0.9798637335061379,48.08047531915963,2193.0,3168.0
2282,28,29,29,30,0.9796547593112082,155.69270368158823,0.9796547593112082,155.69270368158823,2194.0,1606.0
270,2,84,3,85,0.9793386595736706,1.8639500412023156,0.9793386595736706,1.8639500412023156,2195.0,4499.0
2170,26,52,27,53,0.9782193984554403,48.47270069473507,0.9782193984554403,48.47270069473507,2196.0,3162.0
592,6,44,7,45,0.9779287492064472,-56.44501642896103,0.9779287492064472,56.44501642896103,2197.0,2950.0
1328,15,24,16,25,0.9778549661387402,-415.56187028613454,0.9778549661387402,415.56187028613454,2198.0,706.0
688,7,52,8,53,0.9777798132588056,-205.6000563812929,0.9777798132588056,205.6000563812929,2199.0,1341.0
2870,37,59,38,60,0.9776277641015562,-298.08722462886186,0.9776277641015562,298.08722462886186,2200.0,1003.0
4514,85,95,86,96,0.9769863183939456,-20.127981106505104,0.9769863183939456,20.127981106505104,2201.0,3972.0
3532,50,58,51,59,0.9767892522257657,46.92418452693346,0.9767892522257657,46.92418452693346,2202.0,3202.0
3875,58,77,59,78,0.976698159712639,241.52723060256855,0.976698159712639,241.52723060256855,2203.0,1196.0
2658,33,85,34,86,0.9763148613457149,-382.1382768277995,0.9763148613457149,382.1382768277995,2204.0,766.0
3205,43,67,44,68,0.9755373061140471,214.6627238441157,0.9755373061140471,214.6627238441157,2205.0,1309.0
570,6,22,7,23,0.9751837700309747,52.258539691172246,0.9751837700309747,52.258539691172246,2206.0,3060.0
2413,29,94,30,95,0.974922011367143,72.03978754421314,0.974922011367143,72.03978754421314,2207.0,2531.0
921,10,27,11,28,0.9746944980089982,-74.67315697080357,0.9746944980089982,74.67315697080357,2208.0,2488.0
108,1,15,2,16,0.9738427861244703,-40.28420319603447,0.9738427861244703,40.28420319603447,2209.0,3385.0
545,5,86,6,87,0.973802127606991,133.00410312884287,0.973802127606991,133.00410312884287,2210.0,1767.0
3715,54,71,55,72,0.973449463222609,1.647493465941352,0.973449463222609,1.647493465941352,2211.0,4510.0
3150,42,64,43,65,0.972805900532465,-84.60130722118674,0.972805900532465,84.60130722118674,2212.0,2316.0
3080,41,47,42,48,0.9718400583837119,-505.5826678368133,0.9718400583837119,505.5826678368133,2213.0,529.0
2577,32,66,33,67,0.9717970960911229,107.13598125610088,0.9717970960911229,107.13598125610088,2214.0,2003.0
165,1,72,2,73,0.9711963711651838,1300.5019106111895,0.9711963711651838,1300.5019106111895,2215.0,24.0
1693,19,79,20,80,0.9711150541302254,157.88474759188102,0.9711150541302254,157.88474759188102,2216.0,1590.0
2021,24,42,25,43,0.9707971331650673,-864.4946803826113,0.9707971331650673,864.4946803826113,2217.0,137.0
2959,38,91,39,92,0.9693375982366943,2.718161078360481,0.9693375982366943,2.718161078360481,2218.0,4467.0
2256,27,70,28,71,0.9687052431011387,-47.9890788587586,0.9687052431011387,47.9890788587586,2219.0,3171.0
1622,18,84,19,85,0.9682841503695749,-20.748347023922637,0.9682841503695749,20.748347023922637,2220.0,3950.0
2423,30,39,31,40,0.967706400930542,-342.5109554925898,0.967706400930542,342.5109554925898,2221.0,873.0
2633,33,60,34,61,0.9670605344652882,29.8649947730064,0.9670605344652882,29.8649947730064,2222.0,3694.0
1265,14,41,15,42,0.967011968395405,48.61153423978431,0.967011968395405,48.61153423978431,2223.0,3154.0
2835,36,82,37,83,0.9669104777621876,41.77018930640588,0.9669104777621876,41.77018930640588,2224.0,3352.0
1979,23,71,24,72,0.9668315267665315,-365.2839970879447,0.9668315267665315,365.2839970879447,2225.0,818.0
185,1,92,2,93,0.966751704072185,73.35696027206222,0.966751704072185,73.35696027206222,2226.0,2512.0
3225,43,87,44,88,0.9665220737315068,2.753006870016179,0.9665220737315068,2.753006870016179,2227.0,4462.0
528,5,69,6,70,0.9664616774651135,77.40564819660494,0.9664616774651135,77.40564819660494,2228.0,2431.0
3964,60,95,61,96,0.9663890774170575,-664.1439814056973,0.9663890774170575,664.1439814056973,2229.0,288.0
2568,32,57,33,58,0.9657424015173057,97.07915577656922,0.9657424015173057,97.07915577656922,2230.0,2126.0
3271,44,82,45,83,0.9647568838838306,-90.03296953181462,0.9647568838838306,90.03296953181462,2231.0,2232.0
3774,55,90,56,91,0.9636277850232395,84.96105107950098,0.9636277850232395,84.96105107950098,2232.0,2311.0
1154,12,93,13,94,0.9633307848266465,67.5652792923338,0.9633307848266465,67.5652792923338,2233.0,2639.0
2414,29,95,30,96,0.9625545994072062,91.86269920130826,0.9625545994072062,91.86269920130826,2234.0,2211.0
1416,16,33,17,34,0.9624218521495256,54.96452878839773,0.9624218521495256,54.96452878839773,2235.0,2989.0
1918,22,82,23,83,0.962011904708358,44.42985475348314,0.962011904708358,44.42985475348314,2236.0,3270.0
911,10,17,11,18,0.961939678245455,-405.3974419389191,0.961939678245455,405.3974419389191,2237.0,727.0
2352,29,33,30,34,0.9618831423589755,-788.0525849452958,0.9618831423589755,788.0525849452958,2238.0,182.0
1478,16,95,17,96,0.9617503951012949,-399.1948961992418,0.9617503951012949,399.1948961992418,2239.0,734.0
375,4,6,5,7,0.9606479453149472,96.38353110333536,0.9606479453149472,96.38353110333536,2240.0,2135.0
3640,52,79,53,80,0.9605049867297528,168.11156859113316,0.9605049867297528,168.11156859113316,2241.0,1530.0
4104,65,75,66,76,0.9601233072318252,-973.9079094169552,0.9601233072318252,973.9079094169552,2242.0,82.0
1943,23,35,24,36,0.9589912196900104,-95.21353558361534,0.9589912196900104,95.21353558361534,2243.0,2160.0
289,3,11,4,12,0.9589587177817037,143.4310368906804,0.9589587177817037,143.4310368906804,2244.0,1682.0
2579,32,68,33,69,0.9588365165215701,-65.99596557385348,0.9588365165215701,65.99596557385348,2245.0,2674.0
2922,38,54,39,55,0.9583313437815211,111.54232357534966,0.9583313437815211,111.54232357534966,2246.0,1965.0
2619,33,46,34,47,0.9580543303906106,27.522433351081872,0.9580543303906106,27.522433351081872,2247.0,3764.0
504,5,45,6,46,0.9579982303534766,133.07929318196238,0.9579982303534766,133.07929318196238,2248.0,1766.0
96,1,3,2,4,0.9576197885935407,1126.9648723018802,0.9576197885935407,1126.9648723018802,2249.0,45.0
3383,46,95,47,96,0.9573828733423799,-200.9148648347468,0.9573828733423799,200.9148648347468,2250.0,1361.0
4055,63,87,64,88,0.9567195729033221,385.409263310894,0.9567195729033221,385.409263310894,2251.0,762.0
1531,17,70,18,71,0.9559504233375956,-592.3975106416156,0.9559504233375956,592.3975106416156,2252.0,392.0
2909,38,41,39,42,0.9558910855624692,58.17055223697025,0.9558910855624692,58.17055223697025,2253.0,2900.0
4279,71,91,72,92,0.9542194787956064,-142.22049100140703,0.9542194787956064,142.22049100140703,2254.0,1690.0
3963,60,94,61,95,0.9540216654571207,-479.76086961421913,0.9540216654571207,479.76086961421913,2255.0,579.0
2133,25,84,26,85,0.9539638842867981,-280.80260212097005,0.9539638842867981,280.80260212097005,2256.0,1058.0
2511,31,63,32,64,0.953033657255959,7.168256665272111,0.953033657255959,7.168256665272111,2257.0,4336.0
873,9,64,10,65,0.9514764298100905,-74.20080688522921,0.9514764298100905,74.20080688522921,2258.0,2501.0
4414,78,86,79,87,0.9513697089847319,-280.45183444135944,0.9513697089847319,280.45183444135944,2259.0,1059.0
2975,39,51,40,52,0.9507326840347647,-19.005285266040573,0.9507326840347647,19.005285266040573,2260.0,3999.0
1070,11,92,12,93,0.9498268023030594,750.3086158610024,0.9498268023030594,750.3086158610024,2261.0,199.0
64,0,65,1,66,0.9496943041021475,93.2517903814703,0.9496943041021475,93.2517903814703,2262.0,2188.0
3623,52,62,53,63,0.949539515320443,-63.76441602581167,0.949539515320443,63.76441602581167,2263.0,2737.0
833,9,24,10,25,0.9494676624426929,-18.618764468363224,0.9494676624426929,18.618764468363224,2264.0,4007.0
624,6,76,7,77,0.9494249492068725,45.27940594454776,0.9494249492068725,45.27940594454776,2265.0,3243.0
1477,16,94,17,95,0.9493829831413582,-416.81178440776375,0.9493829831413582,416.81178440776375,2266.0,704.0
2313,28,60,29,61,0.9492889175130556,-16.188078186843086,0.9492889175130556,16.188078186843086,2267.0,4071.0
4035,63,67,64,68,0.9477043405207817,216.26806549144897,0.9477043405207817,216.26806549144897,2268.0,1302.0
451,4,82,5,83,0.9474760799923306,113.59650996970048,0.9474760799923306,113.59650996970048,2269.0,1942.0
2822,36,69,37,70,0.9473501817957874,835.2229239784988,0.9473501817957874,835.2229239784988,2270.0,156.0
1278,14,54,15,55,0.9472104609485852,-367.2284911510035,0.9472104609485852,367.2284911510035,2271.0,813.0
541,5,82,6,83,0.9469013814987133,56.06426891187766,0.9469013814987133,56.06426891187766,2272.0,2963.0
2785,35,91,36,92,0.9463791717190854,355.1037058469302,0.9463791717190854,355.1037058469302,2273.0,839.0
561,6,13,7,14,0.9452592256947412,-7.086179897057491,0.9452592256947412,7.086179897057491,2274.0,4342.0
3258,44,69,45,70,0.9451965879174304,41.85706332610698,0.9451965879174304,41.85706332610698,2275.0,3348.0
3439,48,56,49,57,0.945195280369395,-378.9287756703304,0.945195280369395,378.9287756703304,2276.0,774.0
941,10,47,11,48,0.9451414218431786,42.984281607271896,0.9451414218431786,42.984281607271896,2277.0,3312.0
3382,46,94,47,95,0.9450154613824432,172.406899036499,0.9450154613824432,172.406899036499,2278.0,1498.0
1411,16,28,17,29,0.944650235197293,-19.48090695242081,0.944650235197293,19.48090695242081,2279.0,3987.0
2662,33,89,34,90,0.9446501573670528,-654.7169102384664,0.9446501573670528,654.7169102384664,2280.0,296.0
4217,69,78,70,79,0.9440292588428544,45.329207303591375,0.9440292588428544,45.329207303591375,2281.0,3242.0
4544,89,95,90,96,0.9439787003188221,61.244628855589326,0.9439787003188221,61.244628855589326,2282.0,2815.0
3657,53,54,54,55,0.9439057266856132,25.43221902787809,0.9439057266856132,25.43221902787809,2283.0,3819.0
2548,32,37,33,38,0.9433003942094542,-590.2180580243157,0.9433003942094542,590.2180580243157,2284.0,395.0
3854,57,93,58,94,0.9427649221568963,3.9796217611783504,0.9427649221568963,3.9796217611783504,2285.0,4421.0
993,11,15,12,16,0.9427357202507741,134.01224068383226,0.9427357202507741,134.01224068383226,2286.0,1754.0
1905,22,69,23,70,0.9424516087419578,-140.03867410971225,0.9424516087419578,140.03867410971225,2287.0,1712.0
3390,47,54,48,55,0.9423823709602783,30.47736054082816,0.9423823709602783,30.47736054082816,2288.0,3679.0
867,9,58,10,59,0.9415649666456295,-359.2701549550577,0.9415649666456295,359.2701549550577,2289.0,828.0
2274,27,88,28,89,0.9410565172524683,25.817695093751357,0.9410565172524683,25.817695093751357,2290.0,3805.0
2985,39,61,40,62,0.9409650511541883,184.618764468363,0.9409650511541883,184.618764468363,2291.0,1438.0
3104,41,71,42,72,0.9407729661213813,-237.1833496380532,0.9407729661213813,237.1833496380532,2292.0,1208.0
908,10,14,11,15,0.9403133318548718,481.56207639422416,0.9403133318548718,481.56207639422416,2293.0,573.0
2299,28,46,29,47,0.940282713438378,84.21819542970889,0.940282713438378,84.21819542970889,2294.0,2319.0
2839,36,86,37,87,0.9400097316539098,86.60701179908483,0.9400097316539098,86.60701179908483,2295.0,2290.0
3406,47,70,48,71,0.9391521669353193,-60.152256366079655,0.9391521669353193,60.152256366079655,2296.0,2840.0
1676,19,62,20,63,0.9389294479199704,-70.16832536796869,0.9389294479199704,70.16832536796869,2297.0,2580.0
3275,44,86,45,87,0.9378561377755528,-178.29915876342238,0.9378561377755528,178.29915876342238,2298.0,1466.0
3473,48,90,49,91,0.9378524641882156,-96.21464901811623,0.9378524641882156,96.21464901811623,2299.0,2141.0
3900,59,66,60,67,0.9374697261990209,-28.002920991645624,0.9374697261990209,28.002920991645624,2300.0,3747.0
4375,76,82,77,83,0.9362530838842559,6.637060339253821,0.9362530838842559,6.637060339253821,2301.0,4358.0
4206,68,93,69,94,0.9358590371611607,-19.00869427223961,0.9358590371611607,19.00869427223961,2302.0,3998.0
1020,11,42,12,43,0.9356778872771012,-304.9310712420288,0.9356778872771012,304.9310712420288,2303.0,987.0
1922,22,86,23,87,0.9351111586000802,53.76900716920864,0.9351111586000802,53.76900716920864,2304.0,3018.0
1294,14,70,15,71,0.9343240769470125,-387.5062956464965,0.9343240769470125,387.5062956464965,2305.0,758.0
465,5,6,6,7,0.9337295161760966,114.72629863334988,0.9337295161760966,114.72629863334988,2306.0,1928.0
1206,13,63,14,64,0.9334515688223041,51.7609383169156,0.9334515688223041,51.7609383169156,2307.0,3074.0
244,2,58,3,59,0.933385319721848,-194.9853950417728,0.933385319721848,194.9853950417728,2308.0,1392.0
1815,21,52,22,53,0.9330324062806971,18.45906466993756,0.9330324062806971,18.45906466993756,2309.0,4011.0
2735,35,41,36,42,0.9329326590448602,29.875565305087548,0.9329326590448602,29.875565305087548,2310.0,3693.0
1225,13,82,14,83,0.9320873603721246,-47.42644574728388,0.9320873603721246,47.42644574728388,2311.0,3189.0
4543,89,94,90,95,0.9316112883588854,61.0582895231928,0.9316112883588854,61.0582895231928,2312.0,2821.0
2851,37,40,38,41,0.9310812955552377,65.63928720825606,0.9310812955552377,65.63928720825606,2313.0,2695.0
615,6,67,7,68,0.9310064539962637,-23.66272384411559,0.9310064539962637,23.66272384411559,2314.0,3871.0
3558,50,84,51,85,0.9308359123739431,95.63142446405254,0.9308359123739431,95.63142446405254,2315.0,2154.0
3959,60,90,61,91,0.9306013631620845,7.748140915833119,0.9306013631620845,7.748140915833119,2316.0,4316.0
101,1,8,2,9,0.9298485268147034,-159.65563102093074,0.9298485268147034,159.65563102093074,2317.0,1574.0
4044,63,76,64,77,0.9292858453101728,53.35487080845349,0.9292858453101728,53.35487080845349,2318.0,3029.0
2997,39,73,40,74,0.9292388358450936,-21.64651743683362,0.9292388358450936,21.64651743683362,2319.0,3933.0
932,10,38,11,39,0.9291924490219359,-74.38471324053285,0.9291924490219359,74.38471324053285,2320.0,2495.0
4117,65,88,66,89,0.9290585810087963,-41.59316966619781,0.9290585810087963,41.59316966619781,2321.0,3358.0
1549,17,88,18,89,0.9283016974889251,-9.111705996526323,0.9283016974889251,9.111705996526323,2322.0,4282.0
438,4,69,5,70,0.9279157840259304,-91.32225188579967,0.9279157840259304,91.32225188579967,2323.0,2220.0
2342,28,89,29,90,0.9268785404148202,63.19037375854168,0.9268785404148202,63.19037375854168,2324.0,2752.0
1473,16,90,17,91,0.9259626808463219,77.20762489762774,0.9259626808463219,77.20762489762774,2325.0,2436.0
1515,17,54,18,55,0.9255841145580019,-712.1231838550184,0.9255841145580019,712.1231838550184,2326.0,227.0
4410,78,82,79,83,0.9244689628764542,657.7229583298471,0.9244689628764542,657.7229583298471,2327.0,293.0
2720,34,86,35,87,0.9238520492605538,100.27022365775429,0.9238520492605538,100.27022365775429,2328.0,2083.0
2938,38,70,39,71,0.9232031941140766,-520.9924191622611,0.9232031941140766,520.9924191622611,2329.0,502.0
1635,19,21,20,22,0.9224223388802244,-366.76552946031256,0.9224223388802244,366.76552946031256,2330.0,815.0
635,6,87,7,88,0.9219912216137232,74.15093682348925,0.9219912216137232,74.15093682348925,2331.0,2503.0
3378,46,90,47,91,0.921595159087407,252.71461466676783,0.921595159087407,252.71461466676783,2332.0,1156.0
455,4,86,5,87,0.9205753338840528,44.09654432104844,0.9205753338840528,44.09654432104844,2333.0,3275.0
26,0,27,1,28,0.920420794159117,103.02135426792938,0.920420794159117,103.02135426792938,2334.0,2044.0
2904,37,93,38,94,0.9203229148490448,-621.3951463672206,0.9203229148490448,621.3951463672206,2335.0,347.0
3144,42,58,43,59,0.920235495923255,-33.512275035180664,0.920235495923255,33.512275035180664,2336.0,3589.0
2892,37,81,38,82,0.9195463558444517,68.02587670862886,0.9195463558444517,68.02587670862886,2337.0,2632.0
785,8,62,9,63,0.9192938745452514,14.42651444998046,0.9192938745452514,14.42651444998046,2338.0,4120.0
2301,28,48,29,49,0.9191649098372445,66.62099133736479,0.9191649098372445,66.62099133736479,2339.0,2660.0
432,4,63,5,64,0.918062849202098,84.76114442500545,0.918062849202098,84.76114442500545,2340.0,2314.0
4168,67,82,68,83,0.917834588673647,45.75280076192621,0.917834588673647,45.75280076192621,2341.0,3229.0
4215,69,76,70,77,0.9166927879178557,-171.40898850010768,0.9166927879178557,171.40898850010768,2342.0,1507.0
2703,34,69,35,70,0.9165115991186762,218.8536543199077,0.9165115991186762,218.8536543199077,2343.0,1291.0
3538,50,64,51,65,0.9162521442299543,202.05390448788648,0.9162521442299543,202.05390448788648,2344.0,1355.0
170,1,77,2,78,0.9160330365377508,262.7158655066619,0.9160330365377508,262.7158655066619,2345.0,1126.0
3047,40,68,41,69,0.9155451732431218,-34.96473489648724,0.9155451732431218,34.96473489648724,2346.0,3539.0
3477,48,94,49,95,0.9144321618931793,39.46463184244203,0.9144321618931793,39.46463184244203,2347.0,3413.0
820,9,11,10,12,0.9143484165547268,17.42178590119056,0.9143484165547268,17.42178590119056,2348.0,4043.0
2029,24,50,25,51,0.9142433768625566,-89.69847696218267,0.9142433768625566,89.69847696218267,2349.0,2242.0
965,10,71,11,72,0.914074329580848,74.16714323077122,0.914074329580848,74.16714323077122,2350.0,2502.0
1362,15,58,16,59,0.9131776629495821,-87.98094130376921,0.9131776629495821,87.98094130376921,2351.0,2269.0
2240,27,54,28,55,0.9128292947944587,89.78173586759476,0.9128292947944587,89.78173586759476,2352.0,2240.0
1212,13,69,14,70,0.9125270644057244,-29.63372003575114,0.9125270644057244,29.63372003575114,2353.0,3697.0
3424,47,88,48,89,0.9115034410866487,170.54225487265285,0.9115034410866487,170.54225487265285,2354.0,1512.0
626,6,78,7,79,0.9112970975538375,-225.83494623283752,0.9112970975538375,225.83494623283752,2355.0,1257.0
4290,72,79,73,80,0.9102942704749427,1533.1766690310476,0.9102942704749427,1533.1766690310476,2356.0,7.0
112,1,19,2,20,0.9102129534399843,-1.1823736089454542,0.9102129534399843,1.1823736089454542,2357.0,4525.0
1081,12,20,13,21,0.9094223227279636,-25.198580016227424,0.9094223227279636,25.198580016227424,2358.0,3826.0
4379,76,86,77,87,0.909352337775978,-42.98560114986231,0.909352337775978,42.98560114986231,2359.0,3311.0
1938,23,30,24,31,0.909221333915678,46.687906430101066,0.909221333915678,46.687906430101066,2360.0,3208.0
4473,82,87,83,88,0.9088193562911066,-29.49140878180515,0.9088193562911066,29.49140878180515,2361.0,3700.0
3036,40,57,41,58,0.9086392882473862,-635.8697233217968,0.9086392882473862,635.8697233217968,2362.0,314.0
4539,89,90,90,91,0.9081909860638492,-292.02010342803527,0.9081909860638492,292.02010342803527,2363.0,1027.0
3432,48,49,49,50,0.9081849464372098,-221.8720875961917,0.9081849464372098,221.8720875961917,2364.0,1276.0
4235,70,71,71,72,0.9080850746729887,-68.38721492032118,0.9080850746729887,68.38721492032118,2365.0,2623.0
16,0,17,1,18,0.907665974395574,27.95200619810089,0.907665974395574,27.95200619810089,2366.0,3750.0
1312,14,88,15,89,0.9066753510983419,-62.844334627720855,0.9066753510983419,62.844334627720855,2367.0,2763.0
929,10,35,11,36,0.9062340225043269,6.730889776746608,0.9062340225043269,6.730889776746608,2368.0,4355.0
3890,58,92,59,93,0.9060865808972969,-8.05620005958508,0.9060865808972969,8.05620005958508,2369.0,4311.0
1229,13,86,14,87,0.9051866142638467,374.71016092876425,0.9051866142638467,374.71016092876425,2370.0,788.0
4194,68,81,69,82,0.9040102335323358,-103.36516652974797,0.9040102335323358,103.36516652974797,2371.0,2043.0
1899,22,63,23,64,0.9035270244860707,495.10954783022106,0.9035270244860707,495.10954783022106,2372.0,546.0
744,8,21,9,22,0.9027867655055054,94.97043947438488,0.9027867655055054,94.97043947438488,2373.0,2165.0
3478,48,95,49,96,0.9020647499332426,19.44842543516006,0.9020647499332426,19.44842543516006,2374.0,3989.0
4099,65,70,66,71,0.9014098551601258,-864.1521189606865,0.9014098551601258,864.1521189606865,2375.0,139.0
2621,33,48,34,49,0.9013932928850119,-232.28990777393236,0.9013932928850119,232.28990777393236,2376.0,1232.0
3252,44,63,45,64,0.900782045310598,-100.27606564104508,0.900782045310598,100.27606564104508,2377.0,2082.0
2764,35,70,36,71,0.9002447675964675,-89.31884287960042,0.9002447675964675,89.31884287960042,2378.0,2247.0
145,1,52,2,53,0.8996028860395118,17.002783586252463,0.8996028860395118,17.002783586252463,2379.0,4052.0
2816,36,63,37,64,0.898628451432241,170.94393734580808,0.898628451432241,170.94393734580808,2380.0,1510.0
4155,67,69,68,70,0.8982742927072468,874.7935572395695,0.8982742927072468,874.7935572395695,2381.0,131.0
3842,57,81,58,82,0.8971043485366001,-78.78514487379397,0.8971043485366001,78.78514487379397,2382.0,2404.0
336,3,58,4,59,0.8969546654186525,139.09904600083678,0.8969546654186525,139.09904600083678,2383.0,1719.0
2716,34,82,35,83,0.896951303152276,111.7551650363216,0.896951303152276,111.7551650363216,2384.0,1963.0
2475,30,91,31,92,0.896609285944753,-27.09320401754576,0.896609285944753,27.09320401754576,2385.0,3776.0
893,9,84,10,85,0.8956116267938069,56.2331509970968,0.8956116267938069,56.2331509970968,2386.0,2959.0
2956,38,88,39,89,0.895554468265406,-0.5908740944992132,0.895554468265406,0.5908740944992132,2387.0,4546.0
959,10,65,11,66,0.8954206002522664,312.8526095881034,0.8954206002522664,312.8526095881034,2388.0,954.0
2151,26,33,27,34,0.8935459499547769,13.01314801024273,0.8935459499547769,13.01314801024273,2389.0,4159.0
2113,25,64,26,65,0.8931241723170993,-113.2887943394312,0.8931241723170993,113.2887943394312,2390.0,1946.0
669,7,33,8,34,0.8931063647581422,-271.37671309093685,0.8931063647581422,271.37671309093685,2391.0,1093.0
708,7,72,8,73,0.89301944394589,60.06649578087945,0.89301944394589,60.06649578087945,2392.0,2842.0
2213,26,95,27,96,0.8928744929065462,-327.96459749109385,0.8928744929065462,327.96459749109385,2393.0,907.0
2190,26,72,27,73,0.8925798587492553,1164.6616104096147,0.8925798587492553,1164.6616104096147,2394.0,37.0
731,7,95,8,96,0.8924349077099115,-8.377963930830902,0.8924349077099115,8.377963930830902,2395.0,4299.0
1959,23,51,24,52,0.8922476170199007,-174.3152277653113,0.8922476170199007,174.3152277653113,2396.0,1481.0
4335,74,81,75,82,0.8916831298537973,529.9115932339407,0.8916831298537973,529.9115932339407,2397.0,482.0
3646,52,85,53,86,0.8916414128450515,-844.6729508627138,0.8916414128450515,844.6729508627138,2398.0,149.0
340,3,62,4,63,0.8915226127664141,-3.7853509818837674,0.8915226127664141,3.7853509818837674,2399.0,4427.0
2004,24,25,25,26,0.8911154049497017,-150.93559368272915,0.8911154049497017,150.93559368272915,2400.0,1634.0
4172,67,86,68,87,0.8909338425653692,-36.89879583285801,0.8909338425653692,36.89879583285801,2401.0,3493.0
46,0,47,1,48,0.8908677179932976,92.63942461364876,0.8908677179932976,92.63942461364876,2402.0,2194.0
4226,69,87,70,88,0.8892590603247064,33.044722201092895,0.8892590603247064,33.044722201092895,2403.0,3603.0
502,5,43,6,44,0.8891986640583132,140.9820547382701,0.8891986640583132,140.9820547382701,2404.0,1698.0
1746,20,57,21,58,0.8888564600582135,38.203033754231,0.8888564600582135,38.203033754231,2405.0,3455.0
1101,12,40,13,41,0.888073425577636,-309.4970446570062,0.888073425577636,309.4970446570062,2406.0,968.0
2229,27,43,28,44,0.8870719683109685,159.15343850327713,0.8870719683109685,159.15343850327713,2407.0,1577.0
13,0,14,1,15,0.8860396280049907,-78.17298521406201,0.8860396280049907,78.17298521406201,2408.0,2419.0
2375,29,56,30,57,0.8847054308954314,-338.16825666527205,0.8847054308954314,338.16825666527205,2409.0,882.0
582,6,34,7,35,0.8837794378296593,175.61974049747096,0.8837794378296593,175.61974049747096,2410.0,1473.0
2833,36,80,37,81,0.883259905410294,14.611740347874502,0.883259905410294,14.611740347874502,2411.0,4115.0
2425,30,41,31,42,0.8831627732705278,66.14739041189569,0.8831627732705278,66.14739041189569,2412.0,2671.0
4028,62,92,63,93,0.8823906972877698,-0.3107053246110354,0.8823906972877698,0.3107053246110354,2413.0,4554.0
1757,20,68,21,69,0.8819505750624779,16.310774027307616,0.8819505750624779,16.310774027307616,2414.0,4065.0
4515,86,87,87,88,0.8819186101828287,-7.564303263226066,0.8819186101828287,7.564303263226066,2415.0,4322.0
3269,44,80,45,81,0.881106311531937,-28.196215741832475,0.881106311531937,28.196215741832475,2416.0,3738.0
1699,19,85,20,86,0.8810313454445788,-504.23656000329606,0.8810313454445788,504.23656000329606,2417.0,531.0
2212,26,94,27,95,0.8805070809466095,-13.060653797588657,0.8805070809466095,13.060653797588657,2418.0,4158.0
4276,71,88,72,89,0.8804363488243181,100.11747927712076,0.8804363488243181,100.11747927712076,2419.0,2085.0
3053,40,74,41,75,0.8801481901430113,-217.0340829663155,0.8801481901430113,217.0340829663155,2420.0,1298.0
730,7,94,8,95,0.8800674957499748,22.551437159446778,0.8800674957499748,22.551437159446778,2421.0,3900.0
3609,51,91,52,92,0.8796355690489757,7.181122769051399,0.8796355690489757,7.181122769051399,2422.0,4335.0
1028,11,50,12,51,0.8791241309745905,68.70431894547346,0.8791241309745905,68.70431894547346,2423.0,2615.0
1602,18,64,19,65,0.8788039062343225,-86.19851131353107,0.8788039062343225,86.19851131353107,2424.0,2294.0
1916,22,80,23,81,0.8783613323564643,-455.873132327996,0.8783613323564643,455.873132327996,2425.0,628.0
2371,29,52,30,53,0.8772096938583122,831.8618605775937,0.8772096938583122,831.8618605775937,2426.0,159.0
1562,18,24,19,25,0.8767951388669248,2.206442760430946,0.8767951388669248,2.206442760430946,2427.0,4485.0
1142,12,81,13,82,0.87653848586685,-488.3615514154591,0.87653848586685,488.3615514154591,2428.0,557.0
2652,33,79,34,80,0.8758315382290894,66.57216600742868,0.8758315382290894,66.57216600742868,2429.0,2661.0
2146,26,28,27,29,0.8757743330025443,-76.67649727430626,0.8757743330025443,76.67649727430626,2430.0,2449.0
664,7,28,8,29,0.8753347478059096,-74.35007355696689,0.8753347478059096,74.35007355696689,2431.0,2497.0
1366,15,62,16,63,0.8752996152354845,-157.55484616564604,0.8752996152354845,157.55484616564604,2432.0,1594.0
4439,79,95,80,96,0.8751600811808588,74.24608580357267,0.8751600811808588,74.24608580357267,2433.0,2499.0
299,3,21,4,22,0.8750155037266681,161.5131823615916,0.8750155037266681,161.5131823615916,2434.0,1562.0
37,0,38,1,39,0.8749187451720548,-4.816512956553652,0.8749187451720548,4.816512956553652,2435.0,4396.0
1504,17,43,18,44,0.8743171485474253,20.360437980958068,0.8743171485474253,20.360437980958068,2436.0,3965.0
3170,42,84,43,85,0.8742821560714324,-289.4530852812536,0.8742821560714324,289.4530852812536,2437.0,1035.0
95,1,2,2,3,0.8727201965469599,214.99144313315333,0.8727201965469599,214.99144313315333,2438.0,1306.0
2782,35,88,36,89,0.872596041747797,870.4486315432498,0.872596041747797,870.4486315432498,2439.0,133.0
1750,20,61,21,62,0.8710875049001957,-312.84301508513033,0.8710875049001957,312.84301508513033,2440.0,955.0
1981,23,73,24,74,0.8707537688302296,-561.0953621838512,0.8707537688302296,561.0953621838512,2441.0,431.0
3808,56,85,57,86,0.8702737119086921,-586.5838499740107,0.8702737119086921,586.5838499740107,2442.0,399.0
781,8,58,9,59,0.8691834036398153,72.2657012170539,0.8691834036398153,72.2657012170539,2443.0,2526.0
3098,41,65,42,66,0.8687219637117332,3.6022832502944766,0.8687219637117332,3.6022832502944766,2444.0,4436.0
3148,42,62,43,63,0.8682417822618116,-136.65333544923237,0.8682417822618116,136.65333544923237,2445.0,1734.0
1388,15,84,16,85,0.8672243230977595,249.162758195464,0.8672243230977595,249.162758195464,2446.0,1174.0
3216,43,78,44,79,0.8667662454360541,40.1208882833198,0.8667662454360541,40.1208882833198,2447.0,3390.0
1643,19,29,20,30,0.8665996264578395,-76.01898999353432,0.8665996264578395,76.01898999353432,2448.0,2457.0
1726,20,37,21,38,0.866414452750362,-559.8118531104603,0.866414452750362,559.8118531104603,2449.0,435.0
1574,18,36,19,37,0.8662030035537938,91.96939474258032,0.8662030035537938,91.96939474258032,2450.0,2206.0
3084,41,51,42,52,0.8661890563747505,-607.0733824959748,0.8661890563747505,607.0733824959748,2451.0,365.0
1855,21,92,22,93,0.8658835882480238,-326.16248338467767,0.8658835882480238,326.16248338467767,2452.0,915.0
3304,45,65,46,66,0.8641537644614936,-625.7967601376791,0.8641537644614936,625.7967601376791,2453.0,337.0
1582,18,44,19,45,0.8640494096754368,-157.29227204832705,0.8640494096754368,157.29227204832705,2454.0,1595.0
449,4,80,5,81,0.863825507640437,-290.2805193790488,0.863825507640437,290.2805193790488,2455.0,1031.0
4438,79,94,80,95,0.862792669220922,611.2530412213645,0.862792669220922,611.2530412213645,2456.0,359.0
4079,64,80,65,81,0.8617470043778224,-47.97398588597707,0.8617470043778224,47.97398588597707,2457.0,3173.0
808,8,85,9,86,0.8613957720698598,71.97509932047797,0.8613957720698598,71.97509932047797,2458.0,2532.0
1560,18,22,19,23,0.8613044304999642,35.373441490130546,0.8613044304999642,35.373441490130546,2459.0,3529.0
4501,84,92,85,93,0.8601332410454743,272.7460514522245,0.8601332410454743,272.7460514522245,2460.0,1086.0
70,0,71,1,72,0.8598006257309669,78.17298521406201,0.8598006257309669,78.17298521406201,2461.0,2420.0
2059,24,80,25,81,0.8597382370104247,36.9228649843426,0.8597382370104247,36.9228649843426,2462.0,3491.0
1325,15,21,16,22,0.8587925061957385,-175.6579265926291,0.8587925061957385,175.6579265926291,2463.0,1472.0
4324,73,91,74,92,0.8581417208593045,-58.84551676491856,0.8581417208593045,58.84551676491856,2464.0,2882.0
2332,28,79,29,80,0.8580599212768568,228.8790430139834,0.8580599212768568,228.8790430139834,2465.0,1244.0
3185,43,47,44,48,0.857518892145149,567.1395963703901,0.857518892145149,567.1395963703901,2466.0,426.0
2208,26,90,27,91,0.8570867786515732,89.13125270731098,0.8570867786515732,89.13125270731098,2467.0,2250.0
726,7,90,8,91,0.8566471934549386,-163.30145433512098,0.8566471934549386,163.30145433512098,2468.0,1551.0
924,10,30,11,31,0.8564641367299946,-637.1880094841465,0.8564641367299946,637.1880094841465,2469.0,312.0
1003,11,25,12,26,0.8559961590617355,-346.9842816072719,0.8559961590617355,346.9842816072719,2470.0,854.0
4,0,5,1,6,0.8558498382101645,773.9254353668277,0.8558498382101645,773.9254353668277,2471.0,189.0
4120,65,91,66,92,0.855275451037508,-120.13945896499716,0.855275451037508,120.13945896499716,2472.0,1873.0
4390,77,79,78,80,0.8551309358475098,142.46470054513884,0.8551309358475098,142.46470054513884,2473.0,1687.0
1267,14,43,15,44,0.8526908021568421,13.280588081745464,0.8526908021568421,13.280588081745464,2474.0,4153.0
4373,76,80,77,81,0.8526025115323622,-228.62780934976357,0.8526025115323622,228.62780934976357,2475.0,1245.0
34,0,35,1,36,0.8519603186544458,74.96473489648702,0.8519603186544458,74.96473489648702,2476.0,2484.0
2085,25,36,26,37,0.8518827374710171,70.53752632386295,0.8518827374710171,70.53752632386295,2477.0,2568.0
1805,21,42,22,43,0.8517346732220656,-451.2736326639536,0.8517346732220656,451.2736326639536,2478.0,637.0
362,3,84,4,85,0.85100132556683,-9.828196923135692,0.85100132556683,9.828196923135692,2479.0,4254.0
2454,30,70,31,71,0.850474881822135,-369.6174449257724,0.850474881822135,369.6174449257724,2480.0,806.0
2093,25,44,26,45,0.84972914359266,-267.29456762002565,0.84972914359266,267.29456762002565,2481.0,1108.0
1672,19,58,20,59,0.8495478302650963,-28.251790381470528,0.8495478302650963,28.251790381470528,2482.0,3734.0
1223,13,80,14,81,0.8484367880202309,65.25860839386905,0.8484367880202309,65.25860839386905,2483.0,2706.0
2368,29,49,30,50,0.8476950969632462,-400.7539828991239,0.8476950969632462,400.7539828991239,2484.0,731.0
1861,22,25,23,26,0.8469841644171874,32.98769061347048,0.8469841644171874,32.98769061347048,2485.0,3607.0
752,8,29,9,30,0.8469640530831205,123.72622993065306,0.8469640530831205,123.72622993065306,2486.0,1834.0
871,9,62,10,63,0.8469123115394371,-72.318911582297,0.8469123115394371,72.318911582297,2487.0,2525.0
387,4,18,5,19,0.8467686057839368,-96.44717459526606,0.8467686057839368,96.44717459526606,2488.0,2132.0
3106,41,73,42,74,0.8446952081850794,256.65006384842616,0.8446952081850794,256.65006384842616,2489.0,1144.0
1973,23,65,24,66,0.8426634030665829,-79.43819841656205,0.8426634030665829,79.43819841656205,2490.0,2392.0
575,6,27,7,28,0.842541116193185,41.68679299560063,0.842541116193185,41.68679299560063,2491.0,3355.0
996,11,18,12,19,0.8416758929789587,43.27592823565192,0.8416758929789587,43.27592823565192,2492.0,3297.0
2911,38,43,39,44,0.8415699193239062,83.67872414330805,0.8415699193239062,83.67872414330805,2493.0,2333.0
4300,72,89,73,90,0.8414756513369793,308.4032152195132,0.8414756513369793,308.4032152195132,2494.0,973.0
1100,12,39,13,40,0.8395447764739711,128.38707751492802,0.8395447764739711,128.38707751492802,2495.0,1797.0
945,10,51,11,52,0.8394904198342172,-54.59212493439327,0.8394904198342172,54.59212493439327,2496.0,3000.0
4434,79,90,80,91,0.8393723669258858,114.1462769773957,0.8393723669258858,114.1462769773957,2497.0,1936.0
2677,34,43,35,44,0.8392485857118759,528.2761343437417,0.8392485857118759,528.2761343437417,2498.0,484.0
3619,52,58,53,59,0.8389377628646236,-23.886067134471887,0.8389377628646236,23.886067134471887,2499.0,3863.0
713,7,77,8,78,0.837856109318457,160.25408595316867,0.837856109318457,160.25408595316867,2500.0,1569.0
2195,26,77,27,78,0.8374165241218223,217.5746676872168,0.8374165241218223,217.5746676872168,2501.0,1296.0
1614,18,76,19,77,0.835545609675862,273.3189802849936,0.835545609675862,273.3189802849936,2502.0,1083.0
547,5,88,6,89,0.8352141151168133,677.321275856692,0.8352141151168133,677.321275856692,2503.0,267.0
3924,59,90,60,91,0.8347981903131988,-465.558323874542,0.8347981903131988,465.558323874542,2504.0,609.0
3449,48,66,49,67,0.8344154523240042,22.05501792238738,0.8344154523240042,22.05501792238738,2505.0,3916.0
4166,67,80,68,81,0.8341840163217533,71.28538533323194,0.8341840163217533,71.28538533323194,2506.0,2550.0
363,3,85,4,86,0.8336245102910226,-57.01453625553086,0.8336245102910226,57.01453625553086,2507.0,2928.0
3588,51,70,52,71,0.8335011649263578,-67.50643305188987,0.8335011649263578,67.50643305188987,2508.0,2641.0
77,0,78,1,79,0.8334174195879054,357.6129224850722,0.8334174195879054,357.6129224850722,2509.0,830.0
3731,54,87,55,88,0.8333791893739205,119.41601262059612,0.8333791893739205,119.41601262059612,2510.0,1878.0
3514,49,85,50,86,0.8332633779765068,-236.80726196706337,0.8332633779765068,236.80726196706337,2511.0,1210.0
394,4,25,5,26,0.8324483397011601,20.360369278261714,0.8324483397011601,20.360369278261714,2512.0,3966.0
1161,13,18,14,19,0.8313798861637307,6.831537226638375,0.8313798861637307,6.831537226638375,2513.0,4346.0
830,9,21,10,22,0.8304052024996912,-14.277316480939136,0.8304052024996912,14.277316480939136,2514.0,4127.0
565,6,17,7,18,0.8297862964296419,-99.85692592071392,0.8297862964296419,99.85692592071392,2515.0,2088.0
2268,27,82,28,83,0.8293692508705683,-2.794670674070403,0.8293692508705683,2.794670674070403,2516.0,4461.0
1819,21,56,22,57,0.8288827184730465,65.90004667275201,0.8288827184730465,65.90004667275201,2517.0,2680.0
2803,36,50,37,51,0.8287547655581621,283.6799749832021,0.8287547655581621,283.6799749832021,2518.0,1048.0
3360,46,72,47,73,0.8280714783134215,585.0608599056784,0.8280714783134215,585.0608599056784,2519.0,400.0
3239,44,50,45,51,0.8266011716798051,518.2449036663752,0.8266011716798051,518.2449036663752,2520.0,507.0
3209,43,71,44,72,0.8264517998828184,-547.5814856996158,0.8264517998828184,547.5814856996158,2521.0,454.0
4446,80,87,81,88,0.8251687839392129,21.70320551097257,0.8251687839392129,21.70320551097257,2522.0,3931.0
1058,11,80,12,81,0.8246189911224586,114.58030356241808,0.8246189911224586,114.58030356241808,2523.0,1931.0
4511,85,92,86,93,0.8244925948123782,-49.33150287528997,0.8244925948123782,49.33150287528997,2524.0,3135.0
3711,54,67,55,68,0.8243639569913801,119.3419360019775,0.8243639569913801,119.3419360019775,2525.0,1879.0
1886,22,50,23,51,0.8238561925043324,-10.77839556409208,0.8238561925043324,10.77839556409208,2526.0,4230.0
1455,16,72,17,73,0.8237039565545066,1454.7206627581486,0.8237039565545066,1454.7206627581486,2527.0,13.0
807,8,84,9,85,0.8232300637879927,67.33504928688262,0.8232300637879927,67.33504928688262,2528.0,2647.0
2472,30,88,31,89,0.8228261559734646,45.237810843190346,0.8228261559734646,45.237810843190346,2529.0,3248.0
2125,25,76,26,77,0.8212253435930853,52.65785788993253,0.8212253435930853,52.65785788993253,2530.0,3051.0
2866,37,55,38,56,0.8207982112348822,65.66822231392325,0.8207982112348822,65.66822231392325,2531.0,2694.0
3666,53,63,54,64,0.8205653431562117,77.12916324370246,0.8205653431562117,77.12916324370246,2532.0,2437.0
307,3,29,4,30,0.8191927913042832,165.4749962664332,0.8191927913042832,165.4749962664332,2533.0,1542.0
3941,60,72,61,73,0.819065274238744,1545.762326562203,0.819065274238744,1545.762326562203,2534.0,4.0
2981,39,57,40,58,0.8189789138042209,48.55721044004122,0.8189789138042209,48.55721044004122,2535.0,3156.0
2737,35,43,36,44,0.8186114928062973,-69.21235344641786,0.8186114928062973,69.21235344641786,2536.0,2601.0
967,10,73,11,74,0.8179965716445461,-21.51345717237791,0.8179965716445461,21.51345717237791,2537.0,3935.0
1389,15,85,16,86,0.817401512760093,398.7356870282332,0.817401512760093,398.7356870282332,2538.0,737.0
3996,61,93,62,94,0.8171790428015129,-429.8279908150457,0.8171790428015129,429.8279908150457,2539.0,676.0
1605,18,67,19,68,0.8171271144652532,88.23217496798895,0.8171271144652532,88.23217496798895,2540.0,2265.0
1168,13,25,14,26,0.817059620080954,-212.89058957517204,0.817059620080954,212.89058957517204,2541.0,1317.0
3435,48,52,49,53,0.8167198443843485,-211.5421861699565,0.8167198443843485,211.5421861699565,2542.0,1323.0
1543,17,82,18,83,0.8166144311070251,-207.17987192915723,0.8166144311070251,207.17987192915723,2543.0,1337.0
2312,28,59,29,60,0.8161106359622278,-2.3501422596636985,0.8161106359622278,2.3501422596636985,2544.0,4482.0
126,1,33,2,34,0.8149294375388484,53.98073519567879,0.8149294375388484,53.98073519567879,2545.0,3016.0
4337,74,83,75,84,0.8146629467964124,-199.56757486403217,0.8146629467964124,199.56757486403217,2546.0,1367.0
188,1,95,2,96,0.8142579804906177,144.5956026432891,0.8142579804906177,144.5956026432891,2547.0,1673.0
595,6,47,7,48,0.8129880400273655,45.14168583399896,0.8129880400273655,45.14168583399896,2548.0,3249.0
4416,78,88,79,89,0.8127816964945542,18.61980920016731,0.8127816964945542,18.61980920016731,2549.0,4006.0
3785,56,62,57,63,0.8123756094333006,-234.72970763954916,0.8123756094333006,234.72970763954916,2550.0,1220.0
2992,39,68,40,69,0.8120730288084853,6.7644847285082506,0.8120730288084853,6.7644847285082506,2551.0,4352.0
4237,70,73,71,74,0.8120073167366866,-37.91270666844184,0.8120073167366866,37.91270666844184,2552.0,3465.0
265,2,79,3,80,0.8118180958567188,611.6175823311655,0.8118180958567188,611.6175823311655,2553.0,357.0
3536,50,62,51,63,0.8116880259593009,551.6592461352197,0.8116880259593009,551.6592461352197,2554.0,449.0
3928,59,94,60,95,0.8113778880181626,44.80712456167021,0.8113778880181626,44.80712456167021,2555.0,3262.0
3171,42,85,43,86,0.8103436797864201,-395.3824863715311,0.8103436797864201,395.3824863715311,2556.0,743.0
1197,13,54,14,55,0.8101111852929025,-532.2134668809188,0.8101111852929025,532.2134668809188,2557.0,477.0
2411,29,92,30,93,0.8100608758256389,179.54239227804618,0.8100608758256389,179.54239227804618,2558.0,1459.0
2255,27,69,28,70,0.809808954904168,128.4798622206165,0.809808954904168,128.4798622206165,2559.0,1796.0
419,4,50,5,51,0.8093203677883051,62.552619296644025,0.8093203677883051,62.552619296644025,2560.0,2773.0
562,6,14,7,15,0.8081599500390586,738.5817605104021,0.8081599500390586,738.5817605104021,2561.0,207.0
1625,18,87,19,88,0.8081118820827127,-184.7713027409069,0.8081118820827127,184.7713027409069,2562.0,1435.0
529,5,70,6,71,0.8075653892681428,189.4288787243754,0.8075653892681428,189.4288787243754,2563.0,1413.0
1662,19,48,20,49,0.8061097769838759,-690.9136826975493,0.8061097769838759,690.9136826975493,2564.0,246.0
3720,54,76,55,77,0.8059454617807712,87.25513068497321,0.8059454617807712,87.25513068497321,2565.0,2276.0
33,0,34,1,35,0.8058997598637272,131.9369132253196,0.8058997598637272,131.9369132253196,2566.0,1773.0
3606,51,88,52,89,0.8058524390776873,76.34548241357015,0.8058524390776873,76.34548241357015,2567.0,2453.0
3752,55,68,56,69,0.8052620889227663,-12.241357254782542,0.8052620889227663,12.241357254782542,2568.0,4180.0
4085,64,86,65,87,0.8049971781342065,-146.49245351360946,0.8049971781342065,146.49245351360946,2569.0,1659.0
1698,19,84,20,85,0.8035944904132737,467.91507094283656,0.8035944904132737,467.91507094283656,2570.0,606.0
3978,61,75,62,76,0.8033365921293558,-433.4102393400017,0.8033365921293558,433.4102393400017,2571.0,671.0
2065,24,86,25,87,0.8029884107668088,-475.6926349788917,0.8029884107668088,475.6926349788917,2572.0,592.0
1333,15,29,16,30,0.8029697937733536,-427.7991244120742,0.8029697937733536,427.7991244120742,2573.0,682.0
2116,25,67,26,68,0.8028068483824764,103.71572810126872,0.8028068483824764,103.71572810126872,2574.0,2037.0
2272,27,86,28,87,0.8024685047622905,-30.327049137286394,0.8024685047622905,30.327049137286394,2575.0,3684.0
29,0,30,1,31,0.8021904328801134,-45.07463333586884,0.8021904328801134,45.07463333586884,2576.0,3251.0
187,1,94,2,95,0.801890568530681,-91.96341535389638,0.801890568530681,91.96341535389638,2577.0,2207.0
469,5,10,6,11,0.8015761343602834,217.17653162565443,0.8015761343602834,217.17653162565443,2578.0,1297.0
2601,32,90,33,91,0.8004708204210969,-136.6138298114833,0.8004708204210969,136.6138298114833,2579.0,1735.0
3418,47,82,48,83,0.7998161747047488,-35.893022552263574,0.7998161747047488,35.893022552263574,2580.0,3518.0
3929,59,95,60,96,0.7990104760582258,59.87772347139253,0.7990104760582258,59.87772347139253,2581.0,2849.0
3052,40,73,41,74,0.7983793662065135,-353.0514028080984,0.7983793662065135,353.0514028080984,2582.0,842.0
3741,55,57,56,58,0.7983562039270307,-635.5387084610607,0.7983562039270307,635.5387084610607,2583.0,315.0
2632,33,59,34,60,0.7983390190099952,-672.7029994028828,0.7983390190099952,672.7029994028828,2584.0,275.0
3550,50,76,51,77,0.7980973716802303,-11.118661414318012,0.7980973716802303,11.118661414318012,2585.0,4210.0
4068,64,69,65,70,0.7976567279923289,-116.4832025241194,0.7976567279923289,116.4832025241194,2586.0,1908.0
121,1,28,2,29,0.7971578205866158,-60.07233776417024,0.7971578205866158,60.07233776417024,2587.0,2841.0
1530,17,69,18,70,0.797054135140625,22.925229258738,0.797054135140625,22.925229258738,2588.0,3886.0
586,6,38,7,39,0.7970390672061227,143.09793256633588,0.7970390672061227,143.09793256633588,2589.0,1684.0
4052,63,84,64,85,0.79654730461646,-42.45551825834491,0.79654730461646,42.45551825834491,2590.0,3326.0
2850,37,39,38,40,0.7965369064963694,-178.16602979627032,0.7965369064963694,178.16602979627032,2591.0,1468.0
2361,29,42,30,43,0.7959119607996807,-526.8014199837726,0.7959119607996807,526.8014199837726,2592.0,489.0
2048,24,69,25,70,0.7956479606249313,-43.14189194208848,0.7956479606249313,43.14189194208848,2593.0,3307.0
1813,21,50,22,51,0.795180916919555,-22.6660641476185,0.795180916919555,22.6660641476185,2594.0,3894.0
1306,14,82,15,83,0.7949880847164419,-207.5421174672599,0.7949880847164419,207.5421174672599,2595.0,1335.0
423,4,54,5,55,0.7947224656726964,75.16018781297907,0.7947224656726964,75.16018781297907,2596.0,2475.0
193,2,7,3,8,0.7945432693276661,-12.141823239392124,0.7945432693276661,12.141823239392124,2597.0,4182.0
2572,32,61,33,62,0.7942015634411035,315.4000123214038,0.7942015634411035,315.4000123214038,2598.0,944.0
212,2,26,3,27,0.7941036841310314,13.394239040809452,0.7941036841310314,13.394239040809452,2599.0,4149.0
1193,13,50,14,51,0.793931648168099,601.9740545886739,0.793931648168099,601.9740545886739,2600.0,370.0
2136,25,87,26,88,0.793791615999936,63.52938876887356,0.793791615999936,63.52938876887356,2601.0,2744.0
845,9,36,10,37,0.7935304799780258,261.9578481813919,0.7935304799780258,261.9578481813919,2602.0,1129.0
3645,52,84,53,85,0.792984423012801,-895.2192401615132,0.792984423012801,895.2192401615132,2603.0,115.0
1812,21,49,22,50,0.7918723845408613,-559.3292073035916,0.7918723845408613,559.3292073035916,2604.0,437.0
853,9,44,10,45,0.7913768860996688,-130.8478123366167,0.7913768860996688,130.8478123366167,2605.0,1777.0
1547,17,86,18,87,0.7897136849987474,-276.2331509970968,0.7897136849987474,276.2331509970968,2606.0,1070.0
894,9,85,10,86,0.7890142090640456,-49.92425322963027,0.7890142090640456,49.92425322963027,2607.0,3118.0
831,9,22,10,23,0.7886319069241962,139.1558027776722,0.7886319069241962,139.1558027776722,2608.0,1716.0
2111,25,62,26,63,0.7885600540464459,-290.1672119334678,0.7885600540464459,290.1672119334678,2609.0,1032.0
2871,37,60,38,61,0.7877717893737272,-1.896568963855316,0.7877717893737272,1.896568963855316,2610.0,4496.0
4314,73,81,74,82,0.7868444264957275,600.1048879841277,0.7868444264957275,600.1048879841277,2611.0,373.0
771,8,48,9,49,0.7864742036091569,-143.82465051154304,0.7864742036091569,143.82465051154304,2612.0,1678.0
4400,77,89,78,90,0.7863123167095464,40.476247106327264,0.7863123167095464,40.476247106327264,2613.0,3384.0
3756,55,72,56,73,0.786038852377589,268.7089787915668,0.786038852377589,268.7089787915668,2614.0,1103.0
2722,34,88,35,89,0.785264036770376,297.7240030616515,0.785264036770376,297.7240030616515,2615.0,1004.0
50,0,51,1,52,0.7852167159843362,4.648675603139054,0.7852167159843362,4.648675603139054,2616.0,4405.0
4242,70,78,71,79,0.7851329706458837,-677.9703707716882,0.7851329706458837,677.9703707716882,2617.0,266.0
4321,73,88,74,89,0.7843585908880162,13.534117317663911,0.7843585908880162,13.534117317663911,2618.0,4145.0
2989,39,65,40,66,0.7841783360517189,-438.4727006947351,0.7841783360517189,438.4727006947351,2619.0,659.0
2950,38,82,39,83,0.783867201883506,-90.45649428745288,0.783867201883506,90.45649428745288,2620.0,2226.0
1420,16,37,17,38,0.7831331070579646,62.868472481903154,0.7831331070579646,62.868472481903154,2621.0,2761.0
619,6,71,7,72,0.7819209477650348,12.61389851417971,0.7819209477650348,12.61389851417971,2622.0,4170.0
2285,28,32,29,33,0.7817832660701258,49.673019565410414,0.7817832660701258,49.673019565410414,2623.0,3129.0
1084,12,23,13,24,0.7810597094591071,530.4787487861156,0.7810597094591071,530.4787487861156,2624.0,480.0
3405,47,69,48,70,0.7802558787383487,840.1871021577354,0.7802558787383487,840.1871021577354,2625.0,151.0
1890,22,54,23,55,0.7801866409566691,43.31181875911216,0.7801866409566691,43.31181875911216,2626.0,3294.0
3541,50,67,51,68,0.7796788764696214,1.9102736913500848,0.7796788764696214,1.9102736913500848,2627.0,4495.0
972,10,78,11,79,0.7791437157380243,-605.2944302146325,0.7791437157380243,605.2944302146325,2628.0,366.0
2857,37,46,38,47,0.7787655852990496,113.80948883606516,0.7787655852990496,113.80948883606516,2629.0,1941.0
183,1,90,2,91,0.7784702662356447,50.95068665551025,0.7784702662356447,50.95068665551025,2630.0,3094.0
4081,64,82,65,83,0.7780964320259287,-14.982054738270108,0.7780964320259287,14.982054738270108,2631.0,4104.0
1116,12,55,13,56,0.7777903412572805,-169.02135426792938,0.7777903412572805,169.02135426792938,2632.0,1524.0
4547,90,93,91,94,0.7774933410606875,688.0424266293945,0.7774933410606875,688.0424266293945,2633.0,253.0
3243,44,54,45,55,0.7774416617811964,-94.21583115531394,0.7774416617811964,94.21583115531394,2634.0,2179.0
2605,32,94,33,95,0.7770505181260606,20.48306511872579,0.7770505181260606,20.48306511872579,2635.0,3958.0
3030,40,51,41,52,0.7768855180168424,-569.0178765590335,0.7768855180168424,569.0178765590335,2636.0,420.0
2061,24,82,25,83,0.7760876646585311,-526.6937484133927,0.7760876646585311,526.6937484133927,2637.0,490.0
1293,14,69,15,70,0.7754277887500418,-81.05160891618834,0.7754277887500418,81.05160891618834,2638.0,2371.0
3491,49,62,50,63,0.7753652755011153,-93.64408445974232,0.7753652755011153,93.64408445974232,2639.0,2182.0
2807,36,54,37,55,0.7752880679028394,7.124365992216099,0.7752880679028394,7.124365992216099,2640.0,4340.0
500,5,41,6,42,0.7748774978197501,187.8130352476578,0.7748774978197501,187.8130352476578,2641.0,1420.0
838,9,29,10,30,0.7745824900773063,23.829172952243425,0.7745824900773063,23.829172952243425,2642.0,3864.0
1600,18,62,19,63,0.7742397879636691,-48.862905309397775,0.7742397879636691,48.862905309397775,2643.0,3144.0
378,4,9,5,10,0.7740960822081688,-730.0444473903066,0.7740960822081688,730.0444473903066,2644.0,214.0
583,6,35,7,36,0.7740806406885137,-112.4299921588763,0.7740806406885137,112.4299921588763,2645.0,1957.0
2385,29,66,30,67,0.7739256028500405,140.18460047794724,0.7739256028500405,140.18460047794724,2646.0,1708.0
3422,47,86,48,87,0.772915428596471,-47.44508513165738,0.772915428596471,47.44508513165738,2647.0,3187.0
3365,46,77,47,78,0.7729081436859886,382.3374135612773,0.7729081436859886,382.3374135612773,2648.0,764.0
3937,60,68,61,69,0.7722356670616113,-140.5480281532473,0.7722356670616113,140.5480281532473,2649.0,1702.0
2795,36,42,37,43,0.7722010092556514,123.54907288505184,0.7722010092556514,123.54907288505184,2650.0,1837.0
1788,21,25,22,26,0.7720529450067,-300.06872264988147,0.7720529450067,300.06872264988147,2651.0,999.0
3561,50,87,51,88,0.770663644087081,-82.75523373901797,0.770663644087081,82.75523373901797,2652.0,2346.0
217,2,31,3,32,0.7702423022987483,-19.51457060687881,0.7702423022987483,19.51457060687881,2653.0,3986.0
3130,42,44,43,45,0.7700474153772944,-179.58162310500893,0.7700474153772944,179.58162310500893,2654.0,1457.0
2427,30,43,31,44,0.7688416070319648,55.67983757780894,0.7688416070319648,55.67983757780894,2655.0,2971.0
4270,71,82,72,83,0.7687490824424181,-16.057382196782328,0.7687490824424181,16.057382196782328,2656.0,4079.0
1460,16,77,17,78,0.7685406219270736,218.10475057873464,0.7685406219270736,218.10475057873464,2657.0,1294.0
1152,12,91,13,92,0.768447661488182,51.60242065568764,0.768447661488182,51.60242065568764,2658.0,3077.0
1310,14,86,15,87,0.7680873386081641,18.079361884658734,0.7680873386081641,18.079361884658734,2659.0,4020.0
1064,11,86,12,87,0.7678691648788427,795.6060357699769,0.7678691648788427,795.6060357699769,2660.0,177.0
1451,16,68,17,69,0.7675969847458487,-60.98553244716595,0.7675969847458487,60.98553244716595,2661.0,2823.0
1878,22,42,23,43,0.7673024362018217,54.63003621876487,0.7673024362018217,54.63003621876487,2662.0,2998.0
2900,37,89,38,90,0.7653614122754918,-470.98887275066863,0.7653614122754918,470.98887275066863,2663.0,600.0
3599,51,81,52,82,0.7653505783060564,56.24956351246851,0.7653505783060564,56.24956351246851,2664.0,2957.0
3821,57,60,58,61,0.7653297820658757,35.3896478974126,0.7653297820658757,35.3896478974126,2665.0,3528.0
1340,15,36,16,37,0.7651431762819785,-63.58857852280062,0.7651431762819785,63.58857852280062,2666.0,2741.0
612,6,64,7,65,0.764924566703312,-38.41030804269849,0.764924566703312,38.41030804269849,2667.0,3450.0
2606,32,95,33,96,0.7646831061661239,86.8430150851309,0.7646831061661239,86.8430150851309,2668.0,2285.0
2937,38,69,39,70,0.7643069059171059,37.53286647776986,0.7643069059171059,37.53286647776986,2669.0,3475.0
2544,32,33,33,34,0.7640116491178932,-468.5085912181949,0.7640116491178932,468.5085912181949,2670.0,605.0
3946,60,77,61,78,0.763901939611311,43.6001250839895,0.763901939611311,43.6001250839895,2671.0,3287.0
72,0,73,1,74,0.7637228677946649,145.24587969548293,0.7637228677946649,145.24587969548293,2672.0,1667.0
3356,46,68,47,69,0.7632294629869337,92.46588268233631,0.7632294629869337,92.46588268233631,2673.0,2197.0
1348,15,44,16,45,0.7629895824036215,-87.11511500272559,0.7629895824036215,87.11511500272559,2674.0,2278.0
572,6,24,7,25,0.7629157993359144,131.38498805131917,0.7629157993359144,131.38498805131917,2675.0,1775.0
885,9,76,10,77,0.7628730861000941,629.7137073403569,0.7628730861000941,629.7137073403569,2676.0,330.0
550,5,91,6,92,0.761430985145525,690.8236057797386,0.761430985145525,690.8236057797386,2677.0,247.0
2776,35,82,36,83,0.7609087753658971,-42.03067396011602,0.7609087753658971,42.03067396011602,2678.0,3343.0
1440,16,57,17,58,0.7606910997501131,43.23801695127992,0.7606910997501131,43.23801695127992,2679.0,3301.0
1047,11,69,12,70,0.7605287147369652,9.358142409259472,0.7605287147369652,9.358142409259472,2680.0,4267.0
1965,23,57,24,58,0.7604938467893569,359.7079340597625,0.7604938467893569,359.7079340597625,2681.0,826.0
1326,15,22,16,23,0.7602446032281488,23.419490329491964,0.7602446032281488,23.419490329491964,2682.0,3876.0
2424,30,40,31,41,0.759911801121065,65.89970315926985,0.759911801121065,65.89970315926985,2683.0,2681.0
3895,59,61,60,62,0.7598741935490015,-315.1740986485629,0.7598741935490015,315.1740986485629,2684.0,947.0
4143,66,85,67,86,0.7594938838633012,-125.51791091038172,0.7594938838633012,125.51791091038172,2685.0,1817.0
2346,28,93,29,94,0.7588057867097164,-11.223968710303325,0.7588057867097164,11.223968710303325,2686.0,4207.0
822,9,13,10,14,0.7587073625879628,-43.71127436326515,0.7587073625879628,43.71127436326515,2687.0,3285.0
326,3,48,4,49,0.7587029418303196,57.09543088654755,0.7587029418303196,57.09543088654755,2688.0,2925.0
2845,36,92,37,93,0.7580520942296932,95.9310712420288,0.7580520942296932,95.9310712420288,2689.0,2147.0
1559,18,21,19,22,0.7577326789239232,42.50274923490406,0.7577326789239232,42.50274923490406,2690.0,3325.0
2704,34,70,35,71,0.7576153109217055,56.765598163009145,0.7576153109217055,56.765598163009145,2691.0,2941.0
4016,62,80,63,81,0.757182886107169,42.33268501248722,0.757182886107169,42.33268501248722,2692.0,3330.0
2954,38,86,39,87,0.7569664557752283,-447.8280595177423,0.7569664557752283,447.8280595177423,2693.0,647.0
3345,46,57,47,58,0.7563235779911981,40.58516951660158,0.7563235779911981,40.58516951660158,2694.0,3383.0
3281,44,92,45,93,0.7558985003513362,-98.81421738485552,0.7558985003513362,98.81421738485552,2695.0,2103.0
1102,12,41,13,42,0.7550011488139569,-44.97384848058414,0.7550011488139569,44.97384848058414,2696.0,3259.0
2631,33,58,34,59,0.7542643143639602,-11.937050630712749,0.7542643143639602,11.937050630712749,2697.0,4187.0
4557,93,94,94,95,0.7540730387656512,83.29672578633108,0.7540730387656512,83.29672578633108,2698.0,2339.0
3559,50,85,51,86,0.7537899234839094,-160.84426592502427,0.7537899234839094,160.84426592502427,2699.0,1568.0
3893,58,95,59,96,0.7535928573157296,-313.29449891732907,0.7535928573157296,313.29449891732907,2700.0,952.0
1976,23,68,24,69,0.7535879617936213,-180.2297419908973,0.7535879617936213,180.2297419908973,2701.0,1451.0
1928,22,92,23,93,0.7531535211758635,133.8962941530699,0.7531535211758635,133.8962941530699,2702.0,1756.0
411,4,42,5,43,0.7527666114857944,54.8163755511614,0.7527666114857944,54.8163755511614,2703.0,2991.0
3111,41,78,42,79,0.752445079197491,-39.14884735988062,0.752445079197491,39.14884735988062,2704.0,3427.0
3189,43,51,44,52,0.7518678901361875,-132.69145284169417,0.7518678901361875,132.69145284169417,2705.0,1770.0
928,10,34,11,35,0.7516260560138461,117.9542330671029,0.7516260560138461,117.9542330671029,2706.0,1891.0
3861,58,63,59,64,0.7505939647646374,-220.8500392056187,0.7505939647646374,220.8500392056187,2707.0,1282.0
4202,68,89,69,90,0.7498252899633759,-71.56541669772696,0.7498252899633759,71.56541669772696,2708.0,2540.0
3475,48,92,49,93,0.7495710263516753,-122.40676163110584,0.7495710263516753,122.40676163110584,2709.0,1850.0
4210,69,71,70,72,0.749188786476018,250.79703494846547,0.749188786476018,250.79703494846547,2710.0,1165.0
314,3,36,4,37,0.7489201787510489,447.2402438202817,0.7489201787510489,447.2402438202817,2711.0,648.0
482,5,23,6,24,0.7488189371745999,90.2829523561404,0.7488189371745999,90.2829523561404,2712.0,2228.0
2465,30,81,31,82,0.748376861410279,74.8742457624976,0.748376861410279,74.8742457624976,2713.0,2486.0
3852,57,91,58,92,0.7478817988184319,-53.25638152486727,0.7478817988184319,53.25638152486727,2714.0,3035.0
322,3,44,4,45,0.7467665848726919,-139.38832835482208,0.7467665848726919,139.38832835482208,2715.0,1715.0
2266,27,80,28,81,0.7457186785186747,-178.52361548827946,0.7457186785186747,178.52361548827946,2716.0,1465.0
384,4,15,5,16,0.7457087785121215,3.676428571609449,0.7457087785121215,3.676428571609449,2717.0,4432.0
1034,11,56,12,57,0.7449395044180109,-53.52709319717542,0.7449395044180109,53.52709319717542,2718.0,3024.0
1121,12,60,13,61,0.7447639193961255,343.2056041367158,0.7447639193961255,343.2056041367158,2719.0,868.0
876,9,67,10,68,0.7444545908894852,1131.569031812016,0.7444545908894852,1131.569031812016,2720.0,43.0
300,3,22,4,23,0.7440216056972192,-144.41246620900358,0.7440216056972192,144.41246620900358,2721.0,1675.0
275,2,89,3,90,0.7429994767187554,10.568757001229642,0.7429994767187554,10.568757001229642,2722.0,4234.0
3850,57,89,58,90,0.7429194049676403,43.39048652112706,0.7429194049676403,43.39048652112706,2723.0,3292.0
1352,15,48,16,49,0.74247994429939,305.8062859379557,0.74247994429939,305.8062859379557,2724.0,983.0
4274,71,86,72,87,0.7418483363341404,-28.36175752354893,0.7418483363341404,28.36175752354893,2725.0,3729.0
4558,93,95,94,96,0.7417056268057145,12.946026809417162,0.7417056268057145,12.946026809417162,2726.0,4161.0
3162,42,76,43,77,0.7415436153777196,40.64046934545331,0.7415436153777196,40.64046934545331,2727.0,3379.0
2763,35,69,36,70,0.7413484793994969,-98.50865992089145,0.7413484793994969,98.50865992089145,2728.0,2104.0
3892,58,94,59,95,0.7412254453557928,-345.8569946234106,0.7412254453557928,345.8569946234106,2729.0,859.0
2666,33,93,34,94,0.7410341697574838,-1059.061835934786,0.7410341697574838,1059.061835934786,2730.0,60.0
4204,68,91,69,92,0.7409759138226962,670.3838059141217,0.7409759138226962,670.3838059141217,2731.0,278.0
1060,11,82,12,83,0.740968418770565,816.6361530128426,0.740968418770565,816.6361530128426,2732.0,166.0
1843,21,80,22,81,0.740675777067423,35.69486184789275,0.740675777067423,35.69486184789275,2733.0,3525.0
1077,12,16,13,17,0.7401252370803629,424.4139231569874,0.7401252370803629,424.4139231569874,2734.0,684.0
2369,29,50,30,51,0.73935820449717,85.26333694265895,0.73935820449717,85.26333694265895,2735.0,2304.0
4419,78,91,79,92,0.7389985665232659,-126.1452322455914,0.7389985665232659,126.1452322455914,2736.0,1814.0
461,4,92,5,93,0.7386176964598362,-18.023855947717493,0.7386176964598362,18.023855947717493,2737.0,4023.0
1945,23,37,24,38,0.7380518394815054,27.682133149506623,0.7380518394815054,27.682133149506623,2738.0,3758.0
1185,13,42,14,43,0.7373778918655883,-116.34777798526852,0.7373778918655883,116.34777798526852,2739.0,1911.0
2311,28,58,29,59,0.7364926974117276,-53.56305242333201,0.7364926974117276,53.56305242333201,2740.0,3022.0
1107,12,46,13,47,0.735757715321448,418.724071764348,0.735757715321448,418.724071764348,2741.0,698.0
896,9,87,10,88,0.7354393585069448,836.4914774845017,0.7354393585069448,836.4914774845017,2742.0,155.0
3134,42,48,43,49,0.7354221113257171,-268.3315715779865,0.7354221113257171,268.3315715779865,2743.0,1104.0
1380,15,76,16,77,0.7344857824040467,-23.570076543820505,0.7344857824040467,23.570076543820505,2744.0,3872.0
3090,41,57,42,58,0.7344352861442067,158.96250802748523,0.7344352861442067,158.96250802748523,2745.0,1580.0
2780,35,86,36,87,0.7340080292576192,-196.7274120678508,0.7340080292576192,196.7274120678508,2746.0,1382.0
1541,17,80,18,81,0.7329638587551315,55.13813942240631,0.7329638587551315,55.13813942240631,2747.0,2984.0
3761,55,77,56,78,0.730875517750156,49.83271936383562,0.730875517750156,49.83271936383562,2748.0,3122.0
2134,25,85,26,86,0.7306619515710544,-773.2401064148887,0.7306619515710544,773.2401064148887,2749.0,190.0
3211,43,73,44,74,0.7303740419465163,-14.55491486834262,0.7303740419465163,14.55491486834262,2750.0,4116.0
1158,13,15,14,16,0.7303200588919154,-90.07220035877732,0.7303200588919154,90.07220035877732,2751.0,2230.0
232,2,46,3,47,0.7295953036951977,612.5585986853282,0.7295953036951977,612.5585986853282,2752.0,355.0
282,3,4,4,5,0.7294857809811919,336.85024531370846,0.7294857809811919,336.85024531370846,2753.0,886.0
1565,18,27,19,28,0.7286617766621745,171.83522104362385,0.7286617766621745,171.83522104362385,2754.0,1504.0
906,10,12,11,13,0.7283025122734236,27.59769210689774,0.7283025122734236,27.59769210689774,2755.0,3760.0
559,6,11,7,12,0.7277965534479482,719.0782484501578,0.7277965534479482,719.0782484501578,2756.0,220.0
3101,41,68,42,69,0.7275294011484711,-23.90916025684919,0.7275294011484711,23.90916025684919,2757.0,3862.0
4385,76,92,77,93,0.7273947003517615,-21.693954521482283,0.7273947003517615,21.693954521482283,2758.0,3932.0
2525,31,77,32,78,0.7269294623079574,45.66606414761827,0.7269294623079574,45.66606414761827,2759.0,3233.0
1986,23,78,24,79,0.7263865185523408,-68.4370162793648,0.7263865185523408,68.4370162793648,2760.0,2621.0
2902,37,91,38,92,0.7254397915105804,-29.40453476210405,0.7254397915105804,29.40453476210405,2761.0,3703.0
202,2,16,3,17,0.7252277819362827,-51.44953886966107,0.7252277819362827,51.44953886966107,2762.0,3081.0
2675,34,41,35,42,0.7249274194733129,169.12213912321408,0.7249274194733129,169.12213912321408,2763.0,1521.0
578,6,30,7,31,0.7243107549141813,-388.25860839386905,0.7243107549141813,388.25860839386905,2764.0,756.0
1779,20,90,21,91,0.7235848789620046,-150.39166865832476,0.7235848789620046,150.39166865832476,2765.0,1637.0
1235,13,92,14,93,0.7232289768396302,-33.4681095513381,0.7232289768396302,33.4681095513381,2766.0,3591.0
3153,42,67,43,68,0.7231251201671107,78.6694044511205,0.7231251201671107,78.6694044511205,2767.0,2407.0
1150,12,89,13,90,0.7223535422978902,134.9182738409463,0.7223535422978902,134.9182738409463,2768.0,1744.0
1131,12,70,13,71,0.7223132573655642,-31.085135165253178,0.7223132573655642,31.085135165253178,2769.0,3662.0
759,8,36,9,37,0.7211489169722116,479.5874650882997,0.7211489169722116,479.5874650882997,2770.0,581.0
246,2,60,3,61,0.7205890996205201,-293.26897281786023,0.7205890996205201,293.26897281786023,2771.0,1017.0
3202,43,64,44,65,0.7203937145855286,20.35014225966347,0.7203937145855286,20.35014225966347,2772.0,3967.0
767,8,44,9,45,0.7189953230938546,203.74020946893347,0.7189953230938546,203.74020946893347,2773.0,1347.0
2022,24,43,25,44,0.718384947218131,16.900953999162994,0.718384947218131,16.900953999162994,2774.0,4055.0
354,3,76,4,77,0.7182627848731171,819.4393805537596,0.7182627848731171,819.4393805537596,2775.0,165.0
1829,21,66,22,67,0.7181028904276556,9.586214248405668,0.7181028904276556,9.586214248405668,2776.0,4264.0
3888,58,90,59,91,0.7178051430607566,-24.9346863563178,0.7178051430607566,24.9346863563178,2777.0,3830.0
1623,18,85,19,86,0.7163416854882776,-71.13723209599539,0.7163416854882776,71.13723209599539,2778.0,2552.0
745,8,22,9,23,0.7162503439183819,100.6140359195731,0.7162503439183819,100.6140359195731,2779.0,2077.0
2078,25,29,26,30,0.7162302325843151,-79.12081958062345,0.7162302325843151,79.12081958062345,2780.0,2399.0
3416,47,80,48,81,0.7161656023528551,-79.08499775986002,0.7161656023528551,79.08499775986002,2781.0,2400.0
1371,15,67,16,68,0.7160672871934378,20.60353409018853,0.7160672871934378,20.60353409018853,2782.0,3953.0
1479,17,18,18,19,0.7159069568986314,23.145094840198,0.7159069568986314,23.145094840198,2783.0,3879.0
2076,25,27,26,28,0.7143415105793978,-6.224106115696486,0.7143415105793978,6.224106115696486,2784.0,4372.0
1754,20,65,21,66,0.7143007897977264,-17.909022851455916,0.7143007897977264,17.909022851455916,2785.0,4026.0
2155,26,37,27,38,0.7142572048632159,-1.3271178399827477,0.7142572048632159,1.3271178399827477,2786.0,4522.0
3173,42,87,43,88,0.7141098877845703,74.71454596407148,0.7141098877845703,74.71454596407148,2787.0,2487.0
291,3,13,4,14,0.7140970613609858,32.85122134281619,0.7140970613609858,32.85122134281619,2788.0,3614.0
857,9,48,10,49,0.7140926406033427,-56.46706481953379,0.7140926406033427,56.46706481953379,2789.0,2949.0
673,7,37,8,38,0.7138176196665812,-239.9519374954043,0.7138176196665812,239.9519374954043,2790.0,1201.0
3620,52,59,53,60,0.7136655705093318,-522.8615857668074,0.7136655705093318,522.8615857668074,2791.0,495.0
2852,37,41,38,42,0.7119932788363552,62.60110111309768,0.7119932788363552,62.60110111309768,2792.0,2772.0
2725,34,91,35,92,0.7114809067990877,291.80733066975995,0.7114809067990877,291.80733066975995,2793.0,1028.0
1304,14,80,15,81,0.7113375123645482,64.79439586328408,0.7113375123645482,64.79439586328408,2794.0,2713.0
2466,30,82,31,83,0.7111388895915647,-467.1949649019384,0.7111388895915647,467.1949649019384,2795.0,607.0
2734,35,40,36,41,0.7101419153467327,-19.34089127017341,0.7101419153467327,19.34089127017341,2796.0,3992.0
2035,24,56,25,57,0.7098202585300448,-67.70063512848785,0.7098202585300448,67.70063512848785,2797.0,2637.0
4178,67,92,68,93,0.7089762051411526,104.3349805841858,0.7089762051411526,104.3349805841858,2798.0,2032.0
2657,33,84,34,85,0.7083109745121376,-309.0931353148494,0.7083109745121376,309.0931353148494,2799.0,971.0
1027,11,49,12,50,0.7079291704858257,-227.64867560313905,0.7079291704858257,227.64867560313905,2800.0,1252.0
3787,56,64,57,65,0.7078114911626472,-97.37212194754012,0.7078114911626472,97.37212194754012,2801.0,2116.0
951,10,57,11,58,0.7077366496036734,9.606943096388022,0.7077366496036734,9.606943096388022,2802.0,4263.0
4504,84,95,85,96,0.707639517463907,18.463449705244784,0.707639517463907,18.463449705244784,2803.0,4010.0
3300,45,61,46,62,0.7073670493590243,-312.47965611252675,0.7073670493590243,312.47965611252675,2804.0,958.0
599,6,51,7,52,0.7073370380184041,51.5363441866657,0.7073370380184041,51.5363441866657,2805.0,3078.0
1391,15,87,16,88,0.7070520548108974,-9.119843551515714,0.7070520548108974,9.119843551515714,2806.0,4281.0
1717,20,28,21,29,0.7048973246110336,-3.759824882414705,0.7048973246110336,3.759824882414705,2807.0,4428.0
1673,19,59,20,60,0.7030555031088592,-312.37782652543774,0.7030555031088592,312.37782652543774,2808.0,960.0
3050,40,71,41,72,0.7023016082702116,-303.7609383169158,0.7023016082702116,303.7609383169158,2809.0,989.0
1567,18,29,19,30,0.7019099665015383,68.10113546444563,0.7019099665015383,68.10113546444563,2810.0,2628.0
3831,57,70,58,71,0.701747394695814,-43.20435329682186,0.701747394695814,43.20435329682186,2811.0,3303.0
377,4,8,5,9,0.7017145192023546,127.08972630864992,0.7017145192023546,127.08972630864992,2812.0,1805.0
4002,62,66,63,67,0.7015957813879097,8.595533940592532,0.7015957813879097,8.595533940592532,2813.0,4292.0
1486,17,25,18,26,0.7015866908158546,-99.25040213618315,0.7015866908158546,99.25040213618315,2814.0,2095.0
1650,19,36,20,37,0.7015133435974925,11.822286237148091,0.7015133435974925,11.822286237148091,2815.0,4192.0
962,10,68,11,69,0.7008307646079378,1.6313557613561898,0.7008307646079378,1.6313557613561898,2816.0,4511.0
4022,62,86,63,87,0.7004330598635531,244.5909427971958,0.7004330598635531,244.5909427971958,2817.0,1185.0
2948,38,80,39,81,0.7002166295316123,55.28281495074771,0.7002166295316123,55.28281495074771,2818.0,2977.0
1783,20,94,21,95,0.7001645766669684,197.99930587735616,0.7001645766669684,197.99930587735616,2819.0,1377.0
4528,87,92,88,93,0.6999609727586121,149.52479762547682,0.6999609727586121,149.52479762547682,2820.0,1646.0
345,3,67,4,68,0.6998442896625082,145.2657699197506,0.6998442896625082,145.2657699197506,2821.0,1666.0
1658,19,44,20,45,0.6993597497191355,-170.31536517070458,0.6993597497191355,170.31536517070458,2822.0,1516.0
4444,80,85,81,86,0.6992847836317775,-40.17660032835101,0.6992847836317775,40.17660032835101,2823.0,3389.0
1585,18,47,19,48,0.699108700496355,-89.96807519998993,0.699108700496355,89.96807519998993,2824.0,2233.0
1942,23,34,24,35,0.6988688588281626,116.65340415192895,0.6988688588281626,116.65340415192895,2825.0,1905.0
2186,26,68,27,69,0.6987210825511,-59.97857702937426,0.6987210825511,59.97857702937426,2826.0,2846.0
2775,35,81,36,82,0.6986069756359466,-60.43576543947074,0.6986069756359466,60.43576543947074,2827.0,2831.0
704,7,68,8,69,0.6982814973544653,-142.0769289075672,0.6982814973544653,142.0769289075672,2828.0,1691.0
1636,19,22,20,23,0.6966147705436629,32.112750728330866,0.6966147705436629,32.112750728330866,2829.0,3632.0
2890,37,79,38,80,0.6965427931375284,104.85226607462027,0.6965427931375284,104.85226607462027,2830.0,2026.0
4503,84,94,85,95,0.6952721055039702,13.929889104831544,0.6952721055039702,13.929889104831544,2831.0,4135.0
4183,68,70,69,71,0.6948415097000784,-132.95541520430015,0.6948415097000784,132.95541520430015,2832.0,1768.0
1149,12,88,13,89,0.6946645315168937,21.853585617211134,0.6946645315168937,21.853585617211134,2833.0,3925.0
1242,14,18,15,19,0.6942806105080481,27.44140131467157,0.6942806105080481,27.44140131467157,2834.0,3766.0
3600,51,82,52,83,0.6941651726957874,-36.36641736964202,0.6941651726957874,36.36641736964202,2835.0,3506.0
4005,62,69,63,70,0.6930926097216755,-31.067746620773505,0.6930926097216755,31.067746620773505,2836.0,3663.0
2175,26,57,27,58,0.6918151975553644,195.94171047680635,0.6918151975553644,195.94171047680635,2837.0,1388.0
2453,30,69,31,70,0.6915785936251644,47.91361399485322,0.6915785936251644,47.91361399485322,2838.0,3175.0
693,7,57,8,58,0.6913756123587297,-45.5990116494886,0.6913756123587297,45.5990116494886,2839.0,3235.0
2236,27,50,28,51,0.6912135386665428,34.77484915249943,0.6912135386665428,34.77484915249943,2840.0,3544.0
2805,36,52,37,53,0.69090327619702,39.07226906147389,0.69090327619702,39.07226906147389,2841.0,3429.0
365,3,87,4,88,0.6908290572799678,102.84099432421816,0.6908290572799678,102.84099432421816,2842.0,2047.0
4269,71,81,72,82,0.6907666685594256,9.12338996310814,0.6907666685594256,9.12338996310814,2843.0,4280.0
2337,28,84,29,85,0.690539357559905,40.945050780308975,0.690539357559905,40.945050780308975,2844.0,3372.0
799,8,76,9,77,0.6904915230942799,-1.7516873274255431,0.6904915230942799,1.7516873274255431,2845.0,4507.0
498,5,39,6,40,0.6903338701597359,114.47979351791992,0.6903338701597359,114.47979351791992,2846.0,1932.0
156,1,63,2,64,0.6899288415897492,53.29818273431465,0.6899288415897492,53.29818273431465,2847.0,3032.0
3241,44,52,45,53,0.688749682318663,-255.7887599880828,0.688749682318663,255.7887599880828,2848.0,1146.0
3757,55,73,56,74,0.688096281886158,-499.21576245261735,0.688096281886158,499.21576245261735,2849.0,536.0
1784,20,95,21,96,0.6877971647070317,85.08263348546507,0.6877971647070317,85.08263348546507,2850.0,2308.0
241,2,55,3,56,0.6875626777593651,-196.0155809873349,0.6875626777593651,196.0155809873349,2851.0,1386.0
4292,72,81,73,82,0.6872907077680195,1241.523890299066,0.6872907077680195,1241.523890299066,2852.0,30.0
2908,38,40,39,41,0.6871834888291237,68.1184553062285,0.6871834888291237,68.1184553062285,2853.0,2627.0
1722,20,33,21,34,0.687125707658801,-394.1822362035523,0.687125707658801,394.1822362035523,2854.0,746.0
63,0,64,1,65,0.6870448887373799,124.6788615487012,0.6870448887373799,124.6788615487012,2855.0,1828.0
736,8,13,9,14,0.6863257995821486,166.35243783136184,0.6863257995821486,166.35243783136184,2856.0,1538.0
1888,22,52,23,53,0.6860047031431903,40.88933873527776,0.6860047031431903,40.88933873527776,2857.0,3374.0
621,6,73,7,74,0.6858431898287328,48.52820663167586,0.6858431898287328,48.52820663167586,2858.0,3159.0
931,10,37,11,38,0.6852946422958219,-455.1254794267168,0.6852946422958219,455.1254794267168,2859.0,632.0
4268,71,80,72,81,0.6850985100905245,-429.81762639105455,0.6850985100905245,429.81762639105455,2860.0,677.0
23,0,24,1,25,0.6850361213699823,-9.813035247657808,0.6850361213699823,9.813035247657808,2861.0,4256.0
2399,29,80,30,81,0.6848530646450381,83.7272746624567,0.6848530646450381,83.7272746624567,2862.0,2332.0
2096,25,47,26,48,0.6847884344135782,56.85463034901568,0.6847884344135782,56.85463034901568,2863.0,2937.0
2470,30,86,31,87,0.6842381434832868,-367.2378108431901,0.6842381434832868,367.2378108431901,2864.0,812.0
1849,21,86,22,87,0.6839259508238071,-438.4379923084725,0.6839259508238071,438.4379923084725,2865.0,660.0
782,8,59,9,60,0.6834199297341401,96.42644574728364,0.6834199297341401,96.42644574728364,2866.0,2133.0
1021,11,43,12,44,0.6832657013301648,92.14982338898837,0.6832657013301648,92.14982338898837,2867.0,2201.0
1576,18,38,19,39,0.6831597276751122,46.60805653088937,0.6831597276751122,46.60805653088937,2868.0,3210.0
388,4,19,5,20,0.6820789458276355,-46.35716638015174,0.6820789458276355,46.35716638015174,2869.0,3219.0
4192,68,79,69,80,0.6810066708254126,-65.5098420580889,0.6810066708254126,65.5098420580889,2870.0,2702.0
1249,14,25,15,26,0.6799603444252713,-169.98769061347116,0.6799603444252713,169.98769061347116,2871.0,1518.0
2563,32,52,33,53,0.6793382006172298,604.7449380177234,0.6793382006172298,604.7449380177234,2872.0,367.0
2881,37,70,38,71,0.6793053873879625,-627.0572447913894,0.6793053873879625,627.0572447913894,2873.0,335.0
3433,48,50,49,51,0.6788683550232064,451.0701108951687,0.6788683550232064,451.0701108951687,2874.0,638.0
1511,17,50,18,51,0.6784587189029996,-56.193851467437526,0.6784587189029996,56.193851467437526,2875.0,2961.0
2774,35,80,36,81,0.6772582030140034,-23.7100922260679,0.6772582030140034,23.7100922260679,2876.0,3868.0
1832,21,69,22,70,0.6765855006819296,36.95186879270796,0.6765855006819296,36.95186879270796,2877.0,3487.0
1264,14,40,15,41,0.6760626059961878,61.04785639650618,0.6760626059961878,61.04785639650618,2878.0,2822.0
3051,40,72,41,73,0.6757557680572335,319.1175479798171,0.6757557680572335,319.1175479798171,2879.0,933.0
2949,38,81,39,82,0.6756485491183377,63.43792360577572,0.6756485491183377,63.43792360577572,2880.0,2747.0
3587,51,69,52,70,0.6746048767293872,-138.28747479684068,0.6746048767293872,138.28747479684068,2881.0,1722.0
3840,57,79,58,80,0.6741007858296769,341.8097636468516,0.6741007858296769,341.8097636468516,2882.0,875.0
3849,57,88,58,89,0.6740986688471435,-59.860541035002825,0.6740986688471435,59.860541035002825,2883.0,2851.0
11,0,12,1,13,0.6740288084235424,93.38825965212529,0.6740288084235424,93.38825965212529,2884.0,2186.0
4018,62,82,63,83,0.6735323137552753,-97.29797662622492,0.6735323137552753,97.29797662622492,2885.0,2117.0
3728,54,84,55,85,0.6732069210870584,673.6604282724173,0.6732069210870584,673.6604282724173,2886.0,273.0
2028,24,49,25,50,0.6728099245978596,-957.1903050558448,0.6728099245978596,957.1903050558448,2887.0,88.0
4315,73,82,74,83,0.6726713245061162,22.77012060370953,0.6726713245061162,22.77012060370953,2888.0,3889.0
790,8,67,9,68,0.672073027883671,148.27724777824255,0.672073027883671,148.27724777824255,2889.0,1653.0
4499,84,90,85,91,0.671851803208934,101.13375438709932,0.671851803208934,101.13375438709932,2890.0,2067.0
2520,31,72,32,73,0.6717661276805245,264.31988761140474,0.6717661276805245,264.31988761140474,2891.0,1119.0
421,4,52,5,53,0.671468878427163,32.14279926849986,0.671468878427163,32.14279926849986,2892.0,3631.0
1087,12,26,13,27,0.6712493348856142,437.0551553277807,0.6712493348856142,437.0551553277807,2893.0,664.0
3026,40,47,41,48,0.671234516007881,-65.12784370111171,0.671234516007881,65.12784370111171,2894.0,2708.0
1690,19,76,20,77,0.6708559497195608,33.66369987322332,0.6708559497195608,33.66369987322332,2895.0,3586.0
648,7,12,8,13,0.6708097496889796,-34.9878967215609,0.6708097496889796,34.9878967215609,2896.0,3538.0
3493,49,64,50,65,0.670801157230462,-25.66265514141924,0.670801157230462,25.66265514141924,2897.0,3809.0
2087,25,38,26,39,0.6688394615923354,-8.948322381115275,0.6688394615923354,8.948322381115275,2898.0,4285.0
1646,19,32,20,33,0.6687281332167572,-195.4055794939084,0.6687281332167572,195.4055794939084,2899.0,1391.0
1609,18,71,19,72,0.6680416082340244,-861.4657452769432,0.6680416082340244,861.4657452769432,2900.0,143.0
3002,39,78,40,79,0.6679014515374768,-246.9657109255948,0.6679014515374768,246.9657109255948,2901.0,1179.0
3604,51,86,52,87,0.6672644265875096,-22.625651183458103,0.6672644265875096,22.625651183458103,2902.0,3897.0
4201,68,88,69,89,0.6671927838514079,480.497250765096,0.6671927838514079,480.497250765096,2903.0,577.0
1162,13,19,14,20,0.6666902262074295,338.09556829194094,0.6666902262074295,338.09556829194094,2904.0,883.0
3573,51,55,52,56,0.6666024336964869,-435.628991486961,0.6666024336964869,435.628991486961,2905.0,667.0
4087,64,88,65,89,0.6664091656440287,973.057450899479,0.6664091656440287,973.057450899479,2906.0,84.0
1305,14,81,15,82,0.6645276662854018,1.6925662761950662,0.6645276662854018,1.6925662761950662,2907.0,4509.0
2067,24,88,25,89,0.6644003982766311,-26.079293181962385,0.6644003982766311,26.079293181962385,2908.0,3803.0
810,8,87,9,88,0.6630577955011305,-25.504000074798117,0.6630577955011305,25.504000074798117,2909.0,3815.0
3386,47,50,48,51,0.6616604625007232,62.942686505914025,0.6616604625007232,62.942686505914025,2910.0,2756.0
4122,65,93,66,94,0.6603923276990435,-79.74577664143806,0.6603923276990435,79.74577664143806,2911.0,2384.0
610,6,62,7,63,0.6603604484326586,-1.9577107759987484,0.6603604484326586,1.9577107759987484,2912.0,4491.0
3637,52,76,53,77,0.6602458823190882,10.575712419021327,0.6602458823190882,10.575712419021327,2913.0,4233.0
1573,18,35,19,36,0.6602013011575032,-154.1498920916847,0.6602013011575032,154.1498920916847,2914.0,1614.0
3417,47,81,48,82,0.659699576297095,273.1708270477568,0.659699576297095,273.1708270477568,2915.0,1084.0
1845,21,82,22,83,0.6570252047155294,576.3780326335274,0.6570252047155294,576.3780326335274,2916.0,413.0
1274,14,50,15,51,0.6568323725124163,-158.62440034356428,0.6568323725124163,158.62440034356428,2917.0,1585.0
3444,48,61,49,62,0.6568199196739848,-1078.0595403630878,0.6568199196739848,1078.0595403630878,2918.0,54.0
3654,52,93,53,94,0.6563607212568204,-163.6566757527351,0.6563607212568204,163.6566757527351,2919.0,1550.0
1195,13,52,14,53,0.6560801588069569,49.30966059280672,0.6560801588069569,49.30966059280672,2920.0,3136.0
836,9,27,10,28,0.6559892530864064,128.9671678735786,0.6559892530864064,128.9671678735786,2921.0,1790.0
2097,25,48,26,49,0.6557403831103514,-378.1347991189036,0.6557403831103514,378.1347991189036,2922.0,776.0
337,3,59,4,60,0.6556486679553029,52.77241617540767,0.6556486679553029,52.77241617540767,2923.0,3047.0
3942,60,73,61,74,0.6550698600250031,-726.7643473231151,0.6550698600250031,726.7643473231151,2924.0,216.0
1501,17,40,18,41,0.6544362596056046,60.0316499892233,0.6544362596056046,60.0316499892233,2925.0,2843.0
2120,25,71,26,72,0.6537213421512476,-72.12338996310837,0.6537213421512476,72.12338996310837,2926.0,2530.0
3014,39,90,40,91,0.6537073327080121,292.5238215963691,0.6537073327080121,292.5238215963691,2927.0,1024.0
1140,12,79,13,80,0.6535349231599268,879.3201624221911,0.6535349231599268,879.3201624221911,2928.0,125.0
56,0,57,1,58,0.6534629457537924,104.80607982986612,0.6534629457537924,104.80607982986612,2929.0,2028.0
4212,69,73,70,74,0.6531110285397159,-333.17757635745875,0.6531110285397159,333.17757635745875,2930.0,894.0
1681,19,67,20,68,0.652437454508952,39.692634978891874,0.652437454508952,39.692634978891874,2931.0,3402.0
2899,37,88,38,89,0.651656661539292,-24.72629863334987,0.651656661539292,24.72629863334987,2932.0,3837.0
1456,16,73,17,74,0.6504311777092404,-45.2782238073504,0.6504311777092404,45.2782238073504,2933.0,3245.0
10,0,11,1,12,0.6499168754820162,232.6418575907403,0.6499168754820162,232.6418575907403,2934.0,1229.0
2439,30,55,31,56,0.6496287168007095,65.95757337060604,0.6496287168007095,65.95757337060604,2935.0,2676.0
755,8,32,9,33,0.6490925598420382,118.31766074240296,0.6490925598420382,118.31766074240296,2936.0,1885.0
67,0,68,1,69,0.6465570607580566,83.15455193777802,0.6465570607580566,83.15455193777802,2937.0,2340.0
3926,59,92,60,93,0.6465167524766585,-664.6822018522039,0.6465167524766585,664.6822018522039,2938.0,285.0
3361,46,73,47,74,0.6460636559503254,-462.6671775821194,0.6460636559503254,462.6671775821194,2939.0,613.0
2084,25,35,26,36,0.6458810350747265,-118.40801247099988,0.6458810350747265,118.40801247099988,2940.0,1884.0
4319,73,86,74,87,0.6457705783978384,-56.78771525627872,0.6457705783978384,56.78771525627872,2941.0,2939.0
1707,19,93,20,94,0.6457506538563478,-863.8812698829852,0.6457506538563478,863.8812698829852,2942.0,140.0
2918,38,50,39,51,0.6457114896794804,-109.87556530508756,0.6457114896794804,109.87556530508756,2943.0,1975.0
569,6,21,7,22,0.6438533393929127,363.604922335476,0.6438533393929127,363.604922335476,2944.0,821.0
1701,19,87,20,88,0.6434222221264114,71.91138712585098,0.6434222221264114,71.91138712585098,2945.0,2534.0
826,9,17,10,18,0.6432344333228633,-22.291227316522964,0.6432344333228633,22.291227316522964,2946.0,3908.0
1542,17,81,18,82,0.6429013198948186,77.88815659808097,0.6429013198948186,77.88815659808097,2947.0,2425.0
4505,85,86,86,87,0.6425349573881616,-218.47381412923585,0.6425349573881616,218.47381412923585,2948.0,1292.0
3628,52,67,53,68,0.6418273871084793,-28.39535247531057,0.6418273871084793,28.39535247531057,2949.0,3728.0
2226,27,40,28,41,0.6416814398420614,-544.1845317752507,0.6416814398420614,544.1845317752507,2950.0,459.0
1586,18,48,19,49,0.6414201170275746,7.191487193042576,0.6414201170275746,7.191487193042576,2951.0,4334.0
1104,12,43,13,44,0.6406799825753938,-557.1092730194348,0.6406799825753938,557.1092730194348,2952.0,441.0
2673,34,39,35,40,0.6403837918132986,68.16721193346757,0.6403837918132986,68.16721193346757,2953.0,2626.0
1363,15,59,16,60,0.6394256704243733,-338.17646292295785,0.6394256704243733,338.17646292295785,2954.0,881.0
4069,64,70,65,71,0.6387604397953582,-98.0260141140227,0.6387604397953582,98.0260141140227,2955.0,2109.0
239,2,53,3,54,0.637773988199001,10.82944776302952,0.637773988199001,10.82944776302952,2956.0,4226.0
2576,32,65,33,66,0.6374148483386342,69.00305839703856,0.6374148483386342,69.00305839703856,2957.0,2607.0
2049,24,70,25,71,0.6367516724279606,-876.7701893064059,0.6367516724279606,876.7701893064059,2958.0,127.0
130,1,37,2,38,0.6356406924472874,59.33491188148946,0.6356406924472874,59.33491188148946,2959.0,2866.0
4224,69,85,70,86,0.635194507246284,-1.5122063324838564,0.635194507246284,1.5122063324838564,2960.0,4515.0
2292,28,39,29,40,0.635019778357041,-85.3061141812143,0.635019778357041,85.3061141812143,2961.0,2303.0
2228,27,42,28,43,0.6346597823640321,32.9518000900116,0.6346597823640321,32.9518000900116,2962.0,3608.0
1044,11,66,12,67,0.63415967637262,146.39757934431236,0.63415967637262,146.39757934431236,2963.0,1661.0
3578,51,60,52,61,0.6335760118353319,-81.64624262604741,0.6335760118353319,81.64624262604741,2964.0,2359.0
3648,52,87,53,88,0.6328121547259389,24.5919188263033,0.6328121547259389,24.5919188263033,2965.0,3840.0
958,10,64,11,65,0.6327711848874988,-62.27836121274368,0.6327711848874988,62.27836121274368,2966.0,2787.0
4322,73,89,74,90,0.6326594829267678,45.83953737623415,0.6326594829267678,45.83953737623415,2967.0,3227.0
3145,42,59,43,60,0.6323678374507004,-430.2168758871181,0.6323678374507004,430.2168758871181,2968.0,675.0
4392,77,81,78,82,0.6321273731405865,332.6093760734798,0.6321273731405865,332.6093760734798,2969.0,897.0
36,0,37,1,38,0.6310209384459409,3.874451870586654,0.6310209384459409,3.874451870586654,2970.0,4425.0
918,10,24,11,25,0.6307624175201012,-296.8083066988678,0.6307624175201012,296.8083066988678,2971.0,1008.0
3545,50,71,51,72,0.6305933702383926,-42.43694757666799,0.6305933702383926,42.43694757666799,2972.0,3329.0
3018,39,94,40,95,0.6302870304129758,49.76841610060956,0.6302870304129758,49.76841610060956,2973.0,3125.0
2267,27,81,28,82,0.6301465001312754,846.5435744152437,0.6301465001312754,846.5435744152437,2974.0,148.0
1066,11,88,12,89,0.629281152388665,91.6487443058354,0.629281152388665,91.6487443058354,2975.0,2215.0
4047,63,79,64,80,0.6290267408995082,750.096819131835,0.6290267408995082,750.096819131835,2976.0,200.0
1434,16,51,17,52,0.6289373295195693,40.67781681689684,0.6289373295195693,40.67781681689684,2977.0,3378.0
2405,29,86,30,87,0.6281032384014222,84.20553543401934,0.6281032384014222,84.20553543401934,2978.0,2321.0
1331,15,27,16,28,0.6276019493903591,-39.89531812396217,0.6276019493903591,39.89531812396217,2979.0,3400.0
2464,30,80,31,81,0.627488317239671,63.61035210258706,0.627488317239671,63.61035210258706,2980.0,2739.0
3702,54,58,55,59,0.6272535812352358,-59.00758083773872,0.6272535812352358,59.00758083773872,2981.0,2878.0
856,9,47,10,48,0.626436176920587,449.1176166825138,0.626436176920587,449.1176166825138,2982.0,645.0
816,8,93,9,94,0.6261150804816288,57.91256926304823,0.6261150804816288,57.91256926304823,2983.0,2905.0
4133,66,75,67,76,0.6257410594793364,21.13479911890363,0.6257410594793364,21.13479911890363,2984.0,3944.0
3339,46,51,47,52,0.6245698077606543,-20.205329325929483,0.6245698077606543,20.205329325929483,2985.0,3970.0
3463,48,80,49,81,0.6243632151710745,-19.41037674539484,0.6243632151710745,19.41037674539484,2986.0,3990.0
2744,35,50,36,51,0.6227530631618715,-155.8083754015645,0.6227530631618715,155.8083754015645,2987.0,1604.0
1503,17,42,18,43,0.6219049626004889,-674.5004536632056,0.6219049626004889,674.5004536632056,2988.0,269.0
823,9,14,10,15,0.6216080869322801,-14.87570271048071,0.6216080869322801,14.87570271048071,2989.0,4110.0
310,3,32,4,33,0.6213212980632009,109.7863270109915,0.6213212980632009,109.7863270109915,2990.0,1977.0
2388,29,69,30,70,0.6207627882595447,19.66599544492192,0.6207627882595447,19.66599544492192,2991.0,3982.0
3056,40,77,41,78,0.6205924334298005,152.13827682779947,0.6205924334298005,152.13827682779947,2992.0,1630.0
2278,27,92,28,93,0.6205108673380738,-25.212490851811253,0.6205108673380738,25.212490851811253,2993.0,3825.0
479,5,20,6,21,0.6204563239057433,179.57584982441472,0.6204563239057433,179.57584982441472,2994.0,1458.0
3195,43,57,44,58,0.6201141199056438,-322.79794227487673,0.6201141199056438,322.79794227487673,2995.0,927.0
161,1,68,2,69,0.6201045701351715,-71.4322877305749,0.6201045701351715,71.4322877305749,2996.0,2545.0
3019,39,95,40,96,0.6179196184530391,-1.6048536327793954,0.6179196184530391,1.6048536327793954,2997.0,4513.0
2612,33,39,34,40,0.6172481614048084,-417.91256926304845,0.6172481614048084,417.91256926304845,2998.0,699.0
2444,30,60,31,61,0.6166022949395547,45.398555373420095,0.6166022949395547,45.398555373420095,2999.0,3239.0
3200,43,62,44,63,0.6158295963148752,-40.5978295122909,0.6158295963148752,40.5978295122909,3000.0,3382.0
4471,82,85,83,86,0.6156342112798838,49.43353857046873,0.6156342112798838,49.43353857046873,3001.0,3133.0
1321,15,17,16,18,0.614847129626816,-287.47854267802586,0.614847129626816,287.47854267802586,3002.0,1039.0
3206,43,68,44,69,0.6132082349099082,35.250608244272826,0.6132082349099082,35.250608244272826,3003.0,3533.0
150,1,57,2,58,0.6131986851394359,316.0713617350627,0.6131986851394359,316.0713617350627,3004.0,941.0
2603,32,92,33,93,0.6121893825845566,329.0944548574399,0.6121893825845566,329.0944548574399,3005.0,906.0
1413,16,30,17,31,0.611963612623792,52.23767343779764,0.611963612623792,52.23767343779764,3006.0,3061.0
699,7,63,8,64,0.6117519143704554,-12.081657456357334,0.6117519143704554,12.081657456357334,3007.0,4184.0
305,3,27,4,28,0.6113789518594295,916.0678840261668,0.6113789518594295,916.0678840261668,3008.0,104.0
2181,26,63,27,64,0.6113123291738207,190.2715432003449,0.6113123291738207,190.2715432003449,3009.0,1409.0
3607,51,89,52,90,0.6111656347370965,40.01780785633673,0.6111656347370965,40.01780785633673,3010.0,3394.0
868,9,59,10,60,0.6110383667283259,47.99464603126307,0.6110383667283259,47.99464603126307,3011.0,3169.0
3598,51,80,52,81,0.6105146003438937,-837.6659954449219,0.6105146003438937,837.6659954449219,3012.0,154.0
847,9,38,10,39,0.6104872040993442,35.20066947983605,0.6104872040993442,35.20066947983605,3013.0,3534.0
1568,18,30,19,31,0.6104314153831708,51.68442872120613,0.6104314153831708,51.68442872120613,3014.0,3076.0
3718,54,74,55,75,0.6090003351906139,39.94957322100936,0.6090003351906139,39.94957322100936,3015.0,3397.0
1553,17,92,18,93,0.6077560475745307,-514.0097390040441,0.6077560475745307,514.0097390040441,3016.0,514.0
2430,30,46,31,47,0.607596090864877,73.11038645393546,0.607596090864877,73.11038645393546,3017.0,2515.0
2609,33,36,34,37,0.6062298276963566,122.26897281786025,0.6062298276963566,122.26897281786025,3018.0,1851.0
3097,41,64,42,65,0.6060725483469656,2.653335449232145,0.6060725483469656,2.653335449232145,3019.0,4469.0
2848,36,95,37,96,0.6055583706481259,-65.90561384525654,0.6055583706481259,65.90561384525654,3020.0,2679.0
3133,42,47,43,48,0.6051067061982126,26.081451348267365,0.6051067061982126,26.081451348267365,3021.0,3802.0
1336,15,32,16,33,0.6050983005322713,-51.81880852825202,0.6050983005322713,51.81880852825202,3022.0,3072.0
2617,33,44,34,45,0.6040762338179996,-106.5110241952866,0.6040762338179996,106.5110241952866,3023.0,2010.0
2020,24,41,25,42,0.6040637809795679,42.02935441752561,0.6040637809795679,42.02935441752561,3024.0,3344.0
3284,44,95,45,96,0.6034047767697689,-107.61403591957288,0.6034047767697689,107.61403591957288,3025.0,1996.0
3899,59,65,60,66,0.6030874784465322,-637.5490728850517,0.6030874784465322,637.5490728850517,3026.0,311.0
633,6,85,7,86,0.6024623459572671,-499.7956467031784,0.6024623459572671,499.7956467031784,3027.0,535.0
1741,20,52,21,53,0.6024522591581376,264.303956014909,0.6024522591581376,264.303956014909,3028.0,1120.0
1048,11,70,12,71,0.6016324265399945,305.0585643339799,0.6016324265399945,305.0585643339799,3029.0,985.0
1869,22,33,23,34,0.6013312546425269,58.52702449447861,0.6013312546425269,58.52702449447861,3030.0,2889.0
2401,29,82,30,83,0.6012024922931445,595.6199466055605,0.6012024922931445,595.6199466055605,3031.0,383.0
1931,22,95,23,96,0.6006597975942962,-62.13584385070794,0.6006597975942962,62.13584385070794,3032.0,2790.0
1266,14,42,15,43,0.6002786162099057,-668.3696889704484,0.6002786162099057,668.3696889704484,3033.0,281.0
2749,35,55,36,56,0.5998588310263772,-29.73325405114156,0.5998588310263772,29.73325405114156,3034.0,3696.0
1806,21,43,22,44,0.5993224872751293,34.71809237566413,0.5993224872751293,34.71809237566413,3035.0,3545.0
2045,24,66,25,67,0.5990404304846539,4.363984392550719,0.5990404304846539,4.363984392550719,3036.0,4410.0
295,3,17,4,18,0.5986241320958864,61.660153461631126,0.5986241320958864,61.660153461631126,3037.0,2804.0
371,3,93,4,94,0.5983438187027915,93.4553121502554,0.5983438187027915,93.4553121502554,3038.0,2184.0
1351,15,47,16,48,0.5980488732245396,-78.65340415192895,0.5980488732245396,78.65340415192895,3039.0,2408.0
2553,32,42,33,43,0.5980404675585984,-479.633582630358,0.5980404675585984,479.633582630358,3040.0,580.0
1767,20,78,21,79,0.5980239052834843,-62.41128407180608,0.5980239052834843,62.41128407180608,3041.0,2781.0
2854,37,43,38,44,0.5976721125977923,5.973848480583911,0.5976721125977923,5.973848480583911,3042.0,4376.0
4065,64,66,65,67,0.5970316631172563,1539.8491318792076,0.5970316631172563,1539.8491318792076,3043.0,5.0
2380,29,61,30,62,0.5963300702000212,113.81901463634182,0.5963300702000212,113.81901463634182,3044.0,1939.0
560,6,12,7,13,0.5961491304576103,3.899771861965746,0.5961491304576103,3.899771861965746,3045.0,4424.0
2079,25,30,26,31,0.5961111493003941,-1082.302567769622,0.5961111493003941,1082.302567769622,3046.0,53.0
905,10,11,11,12,0.5956431716321351,407.5030240456903,0.5956431716321351,407.5030240456903,3047.0,723.0
880,9,71,10,72,0.5953690846582563,-179.63699163655718,0.5953690846582563,179.63699163655718,3048.0,1455.0
1998,23,90,24,91,0.5952222656931481,7.471518557537365,0.5952222656931481,7.471518557537365,3049.0,4326.0
3680,53,77,54,78,0.59446114820821,376.6070805017812,0.59446114820821,376.6070805017812,3050.0,779.0
2473,30,89,31,90,0.5941919178413193,-718.5375263238632,0.5941919178413193,718.5375263238632,3051.0,221.0
1589,18,51,19,52,0.5934576984873936,-398.84767493122376,0.5934576984873936,398.84767493122376,3052.0,736.0
1239,14,15,15,16,0.5932207832362327,-269.92182025253874,0.5932207832362327,269.92182025253874,3053.0,1098.0
2847,36,94,37,95,0.5931909586881892,102.56082555433,0.5931909586881892,102.56082555433,3054.0,2051.0
105,1,12,2,13,0.5926328224696857,553.6396307217385,0.5926328224696857,553.6396307217385,3055.0,447.0
4090,64,91,65,92,0.5926260356727404,861.8699294298864,0.5926260356727404,861.8699294298864,3056.0,142.0
3755,55,71,56,72,0.5920185239498561,-477.3431181391752,0.5920185239498561,477.3431181391752,3057.0,586.0
1634,19,20,20,21,0.5918421917576651,-242.46685871144405,0.5918421917576651,242.46685871144405,3058.0,1190.0
3283,44,94,45,95,0.5910373648098322,-88.45315398394996,0.5910373648098322,88.45315398394996,3059.0,2259.0
3428,47,92,48,93,0.5909577911722543,74.1231838550184,0.5909577911722543,74.1231838550184,3060.0,2504.0
2070,24,91,25,92,0.5906172683053428,-108.97280374877982,0.5906172683053428,108.97280374877982,3061.0,1984.0
4554,92,93,93,94,0.5892119032241472,-417.3071589130186,0.5892119032241472,417.3071589130186,3062.0,700.0
2910,38,42,39,43,0.5891577333769699,-596.5131823615917,0.5891577333769699,596.5131823615917,3063.0,380.0
4313,73,80,74,81,0.5890207521542226,164.51693488127393,0.5890207521542226,164.51693488127393,3064.0,1548.0
2690,34,56,35,57,0.5889566200362999,64.52945747157037,0.5889566200362999,64.52945747157037,3065.0,2717.0
267,2,81,3,82,0.5888145331497956,-333.15093682348913,0.5888145331497956,333.15093682348913,3066.0,895.0
2289,28,36,29,37,0.588458210744124,-30.37323538204077,0.588458210744124,30.37323538204077,3067.0,3683.0
1930,22,94,23,95,0.5882923856343595,-49.678655440611465,0.5882923856343595,49.678655440611465,3068.0,3128.0
577,6,29,7,30,0.5880306269705278,1125.7461201549208,0.5880306269705278,1125.7461201549208,3069.0,46.0
844,9,35,10,36,0.5875287775817353,-66.80496639536523,0.5875287775817353,66.80496639536523,3070.0,2658.0
402,4,33,5,34,0.5867954299264996,59.42401277019235,0.5867954299264996,59.42401277019235,3071.0,2863.0
2297,28,44,29,45,0.586304616865767,834.3328911205772,0.586304616865767,834.3328911205772,3072.0,157.0
1316,14,92,15,93,0.5861297011839475,174.1488473598804,0.5861297011839475,174.1488473598804,3073.0,1483.0
464,4,95,5,96,0.5861239728782689,17.35723508284852,0.5861239728782689,17.35723508284852,3074.0,4045.0
750,8,27,9,28,0.5836076900805922,-16.266745948858443,0.5836076900805922,16.266745948858443,3075.0,4068.0
1864,22,28,23,29,0.5835596376902943,49.7887599880828,0.5835596376902943,49.7887599880828,3076.0,3124.0
1143,12,82,13,83,0.5829772651349937,-18.97405458867388,0.5829772651349937,18.97405458867388,3077.0,4000.0
4545,90,91,91,92,0.582610217722223,64.9022048390575,0.582610217722223,64.9022048390575,3078.0,2712.0
61,0,62,1,63,0.5824807704667265,982.3143891415968,0.5824807704667265,982.3143891415968,3079.0,79.0
1397,15,93,16,94,0.5821208211718619,-501.71579680396553,0.5821208211718619,501.71579680396553,3080.0,532.0
1342,15,38,16,39,0.5820999004032968,-229.13132141000776,0.5820999004032968,229.13132141000776,3081.0,1242.0
3988,61,85,62,86,0.5818983512132818,-115.86854118459904,0.5818983512132818,115.86854118459904,3082.0,1916.0
325,3,47,4,48,0.58182587569361,457.8016260918623,0.58182587569361,457.8016260918623,3083.0,623.0
2191,26,73,27,74,0.5815552755144917,-524.4402878801709,0.5815552755144917,524.4402878801709,3084.0,492.0
709,7,73,8,74,0.5811156903178571,-11.043471361198954,0.5811156903178571,11.043471361198954,3085.0,4215.0
1972,23,64,24,65,0.5800139877018153,-158.2910899111298,0.5800139877018153,158.2910899111298,3086.0,1587.0
2100,25,51,26,52,0.5791374324046168,-52.795852811268105,0.5791374324046168,52.795852811268105,3087.0,3046.0
1932,23,24,24,25,0.5780052203344177,-35.84099432421817,0.5780052203344177,35.84099432421817,3088.0,3519.0
226,2,40,3,41,0.5772795934390096,-162.491271376412,0.5772795934390096,162.491271376412,3089.0,1556.0
292,3,14,4,15,0.5769977857053031,84.94373123771857,0.5769977857053031,84.94373123771857,3090.0,2312.0
2923,38,55,39,56,0.5769004045087682,63.40780636290947,0.5769004045087682,63.40780636290947,3091.0,2748.0
841,9,32,10,33,0.576710996836224,45.82221753445128,0.576710996836224,45.82221753445128,3092.0,3228.0
1936,23,28,24,29,0.576534711342177,40.27488350384783,0.576534711342177,40.27488350384783,3093.0,3386.0
3533,50,59,51,60,0.5758140811481897,-120.71816107836048,0.5758140811481897,120.71816107836048,3094.0,1866.0
605,6,57,7,58,0.5755832677878603,16.966893062792224,0.5755832677878603,16.966893062792224,3095.0,4054.0
2649,33,76,34,77,0.5755724338184248,47.376575685542775,0.5755724338184248,47.376575685542775,3096.0,3191.0
3179,42,93,43,94,0.575062988198189,-965.186827346949,0.575062988198189,965.186827346949,3097.0,86.0
2960,38,92,39,93,0.5750088183510116,-257.2574262566716,0.5750088183510116,257.2574262566716,3098.0,1143.0
2869,37,58,38,59,0.5749755692723992,-40.2449036663752,0.5749755692723992,40.2449036663752,3099.0,3387.0
4388,76,95,77,96,0.5749009767701941,-42.19955604533516,0.5749009767701941,42.19955604533516,3100.0,3336.0
3157,42,71,43,72,0.574039613935882,22.17750765476194,0.574039613935882,22.17750765476194,3101.0,3913.0
463,4,94,5,95,0.5737565609183322,823.6338574411441,0.5737565609183322,823.6338574411441,3102.0,161.0
2434,30,50,31,51,0.5729831773875391,-46.851290045513,0.5729831773875391,46.851290045513,3103.0,3205.0
743,8,20,9,21,0.572206618382946,0.2250821448042188,0.572206618382946,0.2250821448042188,3104.0,4557.0
1611,18,73,19,74,0.5719638502977223,35.81324135574749,0.5719638502977223,35.81324135574749,3105.0,3521.0
2002,23,94,24,95,0.5718019633981118,-124.77359831260536,0.5718019633981118,124.77359831260536,3106.0,1827.0
1176,13,33,14,34,0.5714067103062935,-202.3350492868824,0.5714067103062935,202.3350492868824,3107.0,1354.0
740,8,17,9,18,0.5708528703170491,100.26904152055658,0.5708528703170491,100.26904152055658,3108.0,2084.0
1238,13,95,14,96,0.5707352532580628,38.14634568009205,0.5707352532580628,38.14634568009205,3109.0,3456.0
1723,20,34,21,35,0.5705062455593061,34.874383167889846,0.5705062455593061,34.874383167889846,3110.0,3542.0
2843,36,90,37,91,0.5697706563931529,98.93684452262325,0.5697706563931529,98.93684452262325,3111.0,2100.0
3123,41,90,42,91,0.5691637050479978,76.84649279402583,0.5691637050479978,76.84649279402583,3112.0,2440.0
397,4,28,5,29,0.569023812974267,-48.54921029044499,0.569023812974267,48.54921029044499,3113.0,3157.0
1019,11,41,12,42,0.5689445350916018,118.93795795712413,0.5689445350916018,118.93795795712413,3114.0,1880.0
616,6,68,7,69,0.5686773827921245,-140.38485064592624,0.5686773827921245,140.38485064592624,3115.0,1703.0
3279,44,90,45,91,0.5676170625147959,-95.83737920992915,0.5676170625147959,95.83737920992915,3116.0,2149.0
3469,48,86,49,87,0.5676133889274586,-463.3569602720622,0.5676133889274586,463.3569602720622,3117.0,612.0
1375,15,71,16,72,0.566981780962209,-61.97516802317477,0.566981780962209,61.97516802317477,3118.0,2793.0
2754,35,60,36,61,0.5668324091652222,-119.58969195730153,0.5668324091652222,119.58969195730153,3119.0,1876.0
147,1,54,2,55,0.5665884580603476,12.756278470822508,0.5665884580603476,12.756278470822508,3120.0,4166.0
552,5,93,6,94,0.5665478618070605,178.9577794786951,0.5665478618070605,178.9577794786951,3121.0,1461.0
2736,35,42,36,43,0.5661993068593608,-37.27029236045064,0.5661993068593608,37.27029236045064,3122.0,3482.0
20,0,21,1,22,0.5659736614269806,244.32238929119285,0.5659736614269806,244.32238929119285,3123.0,1188.0
316,3,38,4,39,0.5658769028723672,68.09418004665349,0.5658769028723672,68.09418004665349,3124.0,2629.0
1279,14,55,15,56,0.5657795216758323,77.39507766452334,0.5657795216758323,77.39507766452334,3125.0,2432.0
1926,22,90,23,91,0.5648720833393233,-0.2206284068001878,0.5648720833393233,0.2206284068001878,3126.0,4558.0
1641,19,27,20,28,0.5639721167058732,-25.30159174051414,0.5639721167058732,25.30159174051414,3127.0,3824.0
2344,28,91,29,92,0.563922663371252,1020.7669177055998,0.563922663371252,1020.7669177055998,3128.0,68.0
4312,73,79,74,80,0.5638408637888044,-76.63469606485876,0.5638408637888044,76.63469606485876,3129.0,2451.0
1130,12,69,13,70,0.5634169691685935,-179.82103539725392,0.5634169691685935,179.82103539725392,3130.0,1454.0
4387,76,94,77,95,0.5625335648102574,213.73332275383825,0.5625335648102574,213.73332275383825,3131.0,1314.0
3843,57,82,58,83,0.5624114024652436,-25.36989507853832,0.5624114024652436,25.36989507853832,3132.0,3820.0
3066,40,87,41,88,0.5622313344215232,-152.32691173189323,0.5622313344215232,152.32691173189323,3133.0,1627.0
1418,16,35,17,36,0.5621937268494596,-121.02719625122018,0.5621937268494596,121.02719625122018,3134.0,1864.0
4024,62,88,63,89,0.5618450473733754,231.1233212604116,0.5618450473733754,231.1233212604116,3135.0,1236.0
3801,56,78,57,79,0.5614389603121217,-882.4113527745027,0.5614389603121217,882.4113527745027,3136.0,124.0
3391,47,55,48,56,0.5609514316875255,-373.7678937347075,0.5609514316875255,373.7678937347075,3137.0,791.0
3452,48,69,49,70,0.560272938785581,-43.76566686570595,0.560272938785581,43.76566686570595,3138.0,3284.0
4057,63,89,64,90,0.5602081217615448,22.78862258268964,0.5602081217615448,22.78862258268964,3139.0,3888.0
2169,26,51,27,52,0.5600614273248206,14.87806698487566,0.5600614273248206,14.87806698487566,3140.0,4109.0
4280,71,92,72,93,0.5598906989099237,25.958824210499643,0.5598906989099237,25.958824210499643,3141.0,3804.0
687,7,51,8,52,0.5596218421281859,-93.55387013653808,0.5596218421281859,93.55387013653808,3142.0,2183.0
3866,58,68,59,69,0.5594394469602834,-75.4600406990453,0.5594394469602834,75.4600406990453,3143.0,2468.0
2003,23,95,24,96,0.5594345514381751,-607.098839892747,0.5594345514381751,607.098839892747,3144.0,364.0
4552,91,94,92,95,0.5591899154271868,-34.308478455609475,0.5591899154271868,34.308478455609475,3145.0,3563.0
1339,15,35,16,36,0.5591414738856879,-82.15448323508167,0.5591414738856879,82.15448323508167,3146.0,2352.0
3940,60,71,61,72,0.558992102088701,-374.3835311033354,0.558992102088701,374.3835311033354,3147.0,789.0
1941,23,33,24,34,0.5587630943899444,38.125410724020185,0.5587630943899444,38.125410724020185,3148.0,3457.0
1237,13,94,14,95,0.5583678412981261,56.96000634769689,0.5583678412981261,56.96000634769689,3149.0,2934.0
3223,43,85,44,86,0.5579314938394837,-52.7077966543693,0.5579314938394837,52.7077966543693,3150.0,3049.0
2740,35,46,36,47,0.5578262050905446,-118.19962474803174,0.5578262050905446,118.19962474803174,3151.0,1889.0
2329,28,76,29,77,0.5578008168661922,81.65799529532569,0.5578008168661922,81.65799529532569,3152.0,2356.0
2122,25,73,26,74,0.5576435842149456,38.41823948959791,0.5576435842149456,38.41823948959791,3153.0,3449.0
2640,33,67,34,68,0.5571539386078159,87.49231610821698,0.5571539386078159,87.49231610821698,3154.0,2275.0
4181,67,95,68,96,0.5564824815595852,-49.3442315736761,0.5564824815595852,49.3442315736761,3155.0,3134.0
1147,12,86,13,87,0.5560765190267158,24.05606265419192,0.5560765190267158,24.05606265419192,3156.0,3854.0
3525,50,51,51,52,0.5560094604917618,49.836197072731466,0.5560094604917618,49.836197072731466,3157.0,3121.0
4195,68,82,69,83,0.5555055174695079,-32.15914308117499,0.5555055174695079,32.15914308117499,3158.0,3629.0
1069,11,91,12,92,0.5554980224173767,38.88370286007694,0.5554980224173767,38.88370286007694,3159.0,3435.0
1454,16,71,17,72,0.5543534197729385,-321.78284930209554,0.5543534197729385,321.78284930209554,3160.0,929.0
770,8,47,9,48,0.5540546139147728,39.2969318944206,0.5540546139147728,39.2969318944206,3161.0,3417.0
902,9,93,10,94,0.5537335174758146,-41.33518669227578,0.5537335174758146,41.33518669227578,3162.0,3364.0
1171,13,28,14,29,0.5536350933540609,70.11636584261964,0.5536350933540609,70.11636584261964,3163.0,2582.0
2238,27,52,28,53,0.5533620493054007,-28.50879732628482,0.5533620493054007,28.50879732628482,3164.0,3723.0
3046,40,67,41,68,0.5532161020389827,-61.28177021894294,0.5532161020389827,61.28177021894294,3165.0,2813.0
585,6,37,7,38,0.5531412604800088,-159.20880703482544,0.5531412604800088,159.20880703482544,3166.0,1576.0
2108,25,59,26,60,0.5526861092353347,-144.40551079121178,0.5526861092353347,144.40551079121178,3167.0,1676.0
3819,57,58,58,59,0.5525335619645477,-740.5791901279174,0.5525335619645477,740.5791901279174,3168.0,205.0
2786,35,92,36,93,0.5520503918334027,-32.101272869838795,0.5520503918334027,32.101272869838795,3169.0,3633.0
3504,49,75,50,76,0.5519715653661308,-204.414761780702,0.5519715653661308,204.414761780702,3170.0,1344.0
2683,34,49,35,50,0.5519462861041147,157.82687738054483,0.5519462861041147,157.82687738054483,3171.0,1591.0
1480,17,19,18,20,0.5512172969423301,-621.4900892392145,0.5512172969423301,621.4900892392145,3172.0,346.0
349,3,71,4,72,0.5507587834312794,-256.14279926849986,0.5507587834312794,256.14279926849986,3173.0,1145.0
4460,81,87,82,88,0.5506963947107372,-245.1532323951875,0.5506963947107372,245.1532323951875,3174.0,1183.0
2294,28,41,29,42,0.5504761506970268,19.392919498218816,0.5504761506970268,19.392919498218816,3175.0,3991.0
459,4,90,5,91,0.5503362586232959,52.10690874503962,0.5503362586232959,52.10690874503962,3176.0,3065.0
3359,46,71,47,72,0.5499858980140235,277.7020920764717,0.5499858980140235,277.7020920764717,3177.0,1063.0
737,8,14,9,15,0.549226523926466,26.896362855766256,0.549226523926466,26.896362855766256,3178.0,3782.0
2660,33,87,34,88,0.5481387062252755,61.53745762116705,0.5481387062252755,61.53745762116705,3179.0,2806.0
4531,87,95,88,96,0.5474672491770448,102.18932902673714,0.5474672491770448,102.18932902673714,3180.0,2055.0
4553,91,95,92,96,0.54682250346725,-29.55616570823668,0.54682250346725,29.55616570823668,3181.0,3699.0
3351,46,63,47,64,0.546803948737987,106.86408744659548,0.546803948737987,106.86408744659548,3182.0,2007.0
2664,33,91,34,92,0.5461510464190193,-71.65569972362755,0.5461510464190193,71.65569972362755,3183.0,2537.0
3127,41,94,42,95,0.5457434027529616,614.113025539117,0.5457434027529616,614.113025539117,3184.0,354.0
1851,21,88,22,89,0.5453379383336294,15.651039877534004,0.5453379383336294,15.651039877534004,3185.0,4091.0
298,3,20,4,21,0.5444353566041087,170.38937308662616,0.5444353566041087,170.38937308662616,3186.0,1515.0
2783,35,89,36,90,0.5444220320669868,-39.01564969003175,0.5444220320669868,39.01564969003175,3187.0,3431.0
1516,17,55,18,56,0.5441531752852491,69.34993615157327,0.5441531752852491,69.34993615157327,3188.0,2599.0
4421,78,93,79,94,0.5441154431848014,-753.4749962664333,0.5441154431848014,753.4749962664333,3189.0,197.0
4180,67,94,68,95,0.5441150695996485,-140.35348256316627,0.5441150695996485,140.35348256316627,3190.0,1705.0
2928,38,60,39,61,0.5438739826476131,-7.26576991975071,0.5438739826476131,7.26576991975071,3191.0,4332.0
491,5,32,6,33,0.5435703824466511,103.56541669772696,0.5435703824466511,103.56541669772696,3192.0,2039.0
2362,29,43,30,44,0.5434997748527444,118.83731050723236,0.5434997748527444,118.83731050723236,3193.0,1881.0
2148,26,30,27,31,0.5430877104290432,42.06754051268399,0.5430877104290432,42.06754051268399,3194.0,3341.0
313,3,35,4,36,0.5429184763547583,-122.4901579419111,0.5429184763547583,122.4901579419111,3195.0,1846.0
1001,11,23,12,24,0.5428859744464516,3.620853931971851,0.5428859744464516,3.620853931971851,3196.0,4434.0
3830,57,69,58,70,0.5428511064988434,-376.062949369287,0.5428511064988434,376.062949369287,3197.0,782.0
666,7,30,8,31,0.5426481252324087,-258.640606750846,0.5426481252324087,258.640606750846,3198.0,1137.0
984,10,90,11,91,0.5424650685074646,583.4116275852889,0.5424650685074646,583.4116275852889,3199.0,403.0
1446,16,63,17,64,0.542436426979072,228.4949551933976,0.542436426979072,228.4949551933976,3200.0,1247.0
3597,51,79,52,80,0.5423470155991331,526.8155369274459,0.5423470155991331,526.8155369274459,3201.0,488.0
4167,67,81,68,82,0.5416811623281967,542.4162187286857,0.5416811623281967,542.4162187286857,3202.0,464.0
2561,32,50,33,51,0.5414867112560877,-80.2320375625959,0.5414867112560877,80.2320375625959,3203.0,2376.0
3465,48,82,49,83,0.5407126428191809,-307.48083824972423,0.5407126428191809,307.48083824972423,3204.0,975.0
1513,17,52,18,53,0.5406072295418575,-390.82569524334735,0.5406072295418575,390.82569524334735,3205.0,751.0
1824,21,61,22,62,0.5405073577776363,-221.77012060370944,0.5405073577776363,221.77012060370944,3206.0,1277.0
2893,37,82,38,83,0.5399693951573921,-304.9912370250636,0.5399693951573921,304.9912370250636,3207.0,986.0
2320,28,67,29,68,0.5393823216555833,75.77373571799853,0.5393823216555833,75.77373571799853,3208.0,2461.0
3675,53,72,54,73,0.5392978135807771,624.0689974606677,0.5392978135807771,624.0689974606677,3209.0,340.0
1421,16,38,17,39,0.5392353003318506,58.73075237135345,0.5392353003318506,58.73075237135345,3210.0,2885.0
4383,76,90,77,91,0.5391132625152212,43.94491337491581,0.5391132625152212,43.94491337491581,3211.0,3279.0
515,5,56,6,57,0.5390065416898626,89.40453476210405,0.5390065416898626,89.40453476210405,3212.0,2244.0
1183,13,40,14,41,0.5389633303405051,157.81067097326286,0.5389633303405051,157.81067097326286,3213.0,1592.0
1597,18,59,19,60,0.538365843152558,44.649720334942685,0.538365843152558,44.649720334942685,3214.0,3265.0
761,8,38,9,39,0.5381056410935301,86.61626278857466,0.5381056410935301,86.61626278857466,3215.0,2289.0
3932,60,63,61,64,0.5377977446633094,-28.354595997667214,0.5377977446633094,28.354595997667214,3216.0,3730.0
839,9,30,10,31,0.5377588918074028,32.84878836572534,0.5377588918074028,32.84878836572534,3217.0,3615.0
4277,71,89,72,90,0.5365817249904656,75.40091964781504,0.5365817249904656,75.40091964781504,3218.0,2470.0
4254,70,90,71,91,0.5364758135996052,-369.5317530432688,0.5364758135996052,369.5317530432688,3219.0,807.0
4182,68,69,69,70,0.5359452215031077,-89.84315249052361,0.5359452215031077,89.84315249052361,3220.0,2237.0
3847,57,86,58,87,0.5355106563569658,-32.14996079438151,0.5355106563569658,32.14996079438151,3221.0,3630.0
1781,20,92,21,93,0.5353034411254644,24.433607273165308,0.5353034411254644,24.433607273165308,3222.0,3843.0
4530,87,94,88,95,0.5350998372171081,-415.299090060726,0.5350998372171081,415.299090060726,3223.0,707.0
1233,13,90,14,91,0.5349475390030899,-337.3338671496849,0.5349475390030899,337.3338671496849,3224.0,884.0
2914,38,46,39,47,0.5348677785729357,111.13820812510312,0.5348677785729357,111.13820812510312,3225.0,1966.0
3055,40,76,41,77,0.5347976068283739,-198.25283511327484,0.5347976068283739,198.25283511327484,3226.0,1375.0
3547,50,73,51,74,0.5345156123020907,43.58155440231258,0.5345156123020907,43.58155440231258,3227.0,3288.0
1661,19,47,20,48,0.5344190405400537,-11.882589425576043,0.5344190405400537,11.882589425576043,3228.0,4190.0
4006,62,70,63,71,0.5341963215247049,-171.8939985813713,0.5341963215247049,171.8939985813713,3229.0,1503.0
3128,41,95,42,96,0.5333759907930249,-1.0640628037879765,0.5333759907930249,1.0640628037879765,3230.0,4531.0
1284,14,60,15,61,0.5327530998146772,31.0340142636187,0.5327530998146772,31.0340142636187,3231.0,3665.0
2614,33,41,34,42,0.5327045337447942,64.36614255885615,0.5327045337447942,64.36614255885615,3232.0,2724.0
2976,39,52,40,53,0.532574712904145,-362.36273355265655,0.532574712904145,362.36273355265655,3233.0,824.0
1119,12,58,13,59,0.5319676992947976,-495.0641315064846,0.5319676992947976,495.0641315064846,3234.0,547.0
2241,27,55,28,56,0.5313983555217059,-343.419490329492,0.5313983555217059,343.419490329492,3235.0,866.0
2340,28,87,29,88,0.5303670892730429,3.9056825479533472,0.5303670892730429,3.9056825479533472,3236.0,4423.0
3305,45,66,46,67,0.5297715167090049,33.17068964236341,0.5297715167090049,33.17068964236341,3237.0,3598.0
1243,14,19,15,20,0.5295909505517469,-387.1324348445087,0.5295909505517469,387.1324348445087,3238.0,759.0
2895,37,84,38,85,0.5290222294205766,-275.681088417703,0.5290222294205766,275.681088417703,3239.0,1074.0
4199,68,86,69,87,0.5286047713612301,-161.47972481522334,0.5286047713612301,161.47972481522334,3240.0,1563.0
1324,15,20,16,21,0.5282123590731791,-153.5502550222493,0.5282123590731791,153.5502550222493,3241.0,1617.0
956,10,62,11,63,0.5282070666168455,-49.85469905171203,0.5282070666168455,49.85469905171203,3242.0,3120.0
1240,14,16,15,17,0.5281144174989147,62.69604398509091,0.5281144174989147,62.69604398509091,3243.0,2769.0
3396,47,60,48,61,0.5279250098263704,-302.2654951089643,0.5279250098263704,302.2654951089643,3244.0,995.0
596,6,48,7,49,0.5275407774965641,-275.79335113147977,0.5275407774965641,275.79335113147977,3245.0,1072.0
1224,13,81,14,82,0.5274283906297191,88.24010641488849,0.5274283906297191,88.24010641488849,3246.0,2264.0
2463,30,79,31,80,0.5253732987033559,60.75850533982339,0.5253732987033559,60.75850533982339,3247.0,2825.0
84,0,85,1,86,0.524582667991335,796.9821921436632,0.524582667991335,796.9821921436632,3248.0,175.0
3507,49,78,50,79,0.5244286263799365,-545.6197404974707,0.5244286263799365,545.6197404974707,3249.0,456.0
3965,61,62,62,63,0.5240002487378903,30.8918404150661,0.5240002487378903,30.8918404150661,3250.0,3671.0
3388,47,52,48,53,0.5238089731395812,-19.01224068383226,0.5238089731395812,19.01224068383226,3251.0,3997.0
922,10,28,11,29,0.5237775141564935,102.0688600552744,0.5237775141564935,102.0688600552744,3252.0,2059.0
1270,14,46,15,47,0.5237468957399998,130.27711037284962,0.5237468957399998,130.27711037284962,3253.0,1782.0
409,4,40,5,41,0.5235746107202991,-456.5884411174077,0.5235746107202991,456.5884411174077,3254.0,626.0
1430,16,47,17,48,0.5232863275106079,-4.06990478707894,0.5232863275106079,4.06990478707894,3255.0,4418.0
4374,76,81,77,82,0.5232626671175878,-127.3233653203007,0.5232626671175878,127.3233653203007,3256.0,1804.0
794,8,71,9,72,0.5229875216524422,38.90109140455638,0.5229875216524422,38.90109140455638,3257.0,3433.0
1653,19,39,20,40,0.5219646455036724,307.7658042710989,0.5219646455036724,307.7658042710989,3258.0,974.0
2988,39,64,40,65,0.5215289206869513,0.4334698677721462,0.5215289206869513,0.4334698677721462,3259.0,4551.0
2957,38,89,39,90,0.5214636055493778,-216.8812011802887,0.5214636055493778,216.8812011802887,3260.0,1299.0
3914,59,80,60,81,0.5213089412960578,69.15086812079244,0.5213089412960578,69.15086812079244,3261.0,2605.0
1731,20,42,21,43,0.5211545260995062,-299.091953177652,0.5211545260995062,299.091953177652,3262.0,1002.0
2589,32,78,33,79,0.521137963824392,-326.5652792923338,0.521137963824392,326.5652792923338,3263.0,912.0
860,9,51,10,52,0.5207851749116256,34.47645321441712,0.5207851749116256,34.47645321441712,3264.0,3557.0
4176,67,90,68,91,0.5206947673046123,97.14745911459296,0.5206947673046123,97.14745911459296,3265.0,2124.0
2880,37,69,38,70,0.5204090991909919,1.869654619099947,0.5204090991909919,1.869654619099947,3266.0,4498.0
2018,24,39,25,40,0.5195201533195537,-216.1810540663548,0.5195201533195537,216.1810540663548,3267.0,1303.0
988,10,94,11,95,0.5190447662124283,165.58955455190835,0.5190447662124283,165.58955455190835,3268.0,1541.0
1276,14,52,15,53,0.5189808831512743,480.9440060485048,0.5189808831512743,480.9440060485048,3269.0,576.0
3335,46,47,47,48,0.5189188057516929,582.844472033114,0.5189188057516929,582.844472033114,3270.0,404.0
3567,50,93,51,94,0.5185092318956783,-0.7239343589549208,0.5185092318956783,0.7239343589549208,3271.0,4541.0
1652,19,38,20,39,0.518470067718811,-509.0271275485236,0.518470067718811,509.0271275485236,3272.0,520.0
2081,25,32,26,33,0.5183587393432327,-2.528206631676312,0.5183587393432327,2.528206631676312,3273.0,4474.0
2323,28,70,29,71,0.5177882592486341,-62.765598163009145,0.5177882592486341,62.765598163009145,3274.0,2765.0
1833,21,70,22,71,0.5176892124849589,-598.5028179376006,0.5176892124849589,598.5028179376006,3275.0,376.0
2727,34,93,35,94,0.5165977834606232,66.90909155415238,0.5165977834606232,66.90909155415238,3276.0,2655.0
2426,30,42,31,43,0.5164294210850284,-527.1265928612177,0.5164294210850284,527.1265928612177,3277.0,487.0
758,8,35,9,36,0.515147214575921,370.55157456484,0.515147214575921,370.55157456484,3278.0,802.0
3798,56,75,57,76,0.5149612314339456,-905.4345145995763,0.5149612314339456,905.4345145995763,3279.0,109.0
4197,68,84,69,85,0.5134861071084608,-13.157960943977514,0.5134861071084608,13.157960943977514,3280.0,4156.0
2897,37,86,38,87,0.5130686490491143,-405.4588585618478,0.5130686490491143,405.4588585618478,3281.0,726.0
4258,70,94,71,95,0.513055511304569,16.103499738840583,0.513055511304569,16.103499738840583,3282.0,4075.0
450,4,81,5,82,0.5120396710095131,552.670861399105,0.5120396710095131,552.670861399105,3283.0,448.0
915,10,21,11,22,0.5116999575770995,75.44056269095714,0.5116999575770995,75.44056269095714,3284.0,2469.0
4526,87,90,88,91,0.5116795349220719,100.99005488786634,0.5116795349220719,100.99005488786634,3285.0,2070.0
1521,17,60,18,61,0.5111267534240941,-9.81553692744592,0.5111267534240941,9.81553692744592,3286.0,4255.0
1313,14,89,15,90,0.5103427227164419,-69.05481181429775,0.5103427227164419,69.05481181429775,3287.0,2606.0
28,0,29,1,30,0.5101509490045957,194.49947763409773,0.5101509490045957,194.49947763409773,3288.0,1395.0
1334,15,30,16,31,0.5093715881113554,-274.83967478162754,0.5093715881113554,274.83967478162754,3289.0,1078.0
518,5,59,6,60,0.5092430125545492,-97.2100578747195,0.5092430125545492,97.2100578747195,3290.0,2122.0
1876,22,40,23,41,0.5090387860042718,-869.7562784708223,0.5090387860042718,869.7562784708223,3291.0,134.0
4533,88,90,89,91,0.5088270877509347,-74.3778952281341,0.5088270877509347,74.3778952281341,3292.0,2496.0
2920,38,52,39,53,0.5078600003183384,-128.92870696763396,0.5078600003183384,128.92870696763396,3293.0,1791.0
989,10,95,11,96,0.5066773542524916,45.238855574994886,0.5066773542524916,45.238855574994886,3294.0,3247.0
3845,57,84,58,85,0.5065802221127251,-20.63837988184423,0.5065802221127251,20.63837988184423,3295.0,3952.0
1400,16,17,17,18,0.5064880711083315,39.152050257989686,0.5064880711083315,39.152050257989686,3296.0,3426.0
3023,40,44,41,45,0.5062938068287991,-55.26104137096081,0.5062938068287991,55.26104137096081,3297.0,2979.0
927,10,33,11,34,0.5060058972042609,-692.7470274813322,0.5060058972042609,692.7470274813322,3298.0,245.0
3723,54,79,55,80,0.5056863573701066,107.08381562266231,0.5056863573701066,107.08381562266231,3299.0,2004.0
3425,47,89,48,90,0.505514632728135,70.63935591095196,0.505514632728135,70.63935591095196,3300.0,2564.0
3747,55,63,56,64,0.5047713228021544,-527.8789743112868,0.5047713228021544,527.8789743112868,3301.0,485.0
2793,36,40,37,41,0.5041402129504421,-43.25401725047232,0.5041402129504421,43.25401725047232,3302.0,3300.0
1570,18,32,19,33,0.5040384732604559,43.63121835596303,0.5040384732604559,43.63121835596303,3303.0,3286.0
4507,85,88,86,89,0.5039469448979839,-32.659108729826585,0.5039469448979839,32.659108729826585,3304.0,3620.0
1685,19,71,20,72,0.5033519482777231,-26.770326711799044,0.5033519482777231,26.770326711799044,3305.0,3785.0
166,1,73,2,74,0.5029387630985633,-122.11156859113316,0.5029387630985633,122.11156859113316,3306.0,1853.0
762,8,39,9,40,0.5023290721289534,37.315365170704354,0.5023290721289534,37.315365170704354,3307.0,3479.0
2476,30,92,31,93,0.5022805060590702,-478.2111713092204,0.5022805060590702,478.2111713092204,3308.0,585.0
1507,17,46,18,47,0.5021205493494165,139.6752464344122,0.5021205493494165,139.6752464344122,3309.0,1714.0
508,5,49,6,50,0.5019962077576774,124.16491636176944,0.5019962077576774,124.16491636176944,3310.0,1832.0
3095,41,62,42,63,0.5015084300763122,33.43917444566978,0.5015084300763122,33.43917444566978,3311.0,3594.0
4259,70,95,71,96,0.5006880993446322,-38.07358860406475,0.5006880993446322,38.07358860406475,3312.0,3458.0
3448,48,65,49,66,0.5000332045715155,-376.3141830335071,0.5000332045715155,376.3141830335071,3313.0,781.0
2643,33,70,34,71,0.5000166422964015,-463.4403565828675,0.5000166422964015,463.4403565828675,3314.0,611.0
829,9,20,10,21,0.49982505537713173,-59.41733216318653,0.49982505537713173,59.41733216318653,3315.0,2864.0
3137,42,51,43,52,0.4994557041892511,26.347640579875588,0.4994557041892511,26.347640579875588,3316.0,3796.0
1141,12,80,13,81,0.49932669278310005,-407.6532667465358,0.49932669278310005,407.6532667465358,3317.0,722.0
882,9,73,10,74,0.4992913267219543,-474.8129665449612,0.4992913267219543,474.8129665449612,3318.0,595.0
2246,27,60,28,61,0.49837193366055094,121.65583712902048,0.49837193366055094,121.65583712902048,3319.0,1861.0
1917,22,81,23,82,0.49750384629348576,347.0481999099888,0.49750384629348576,347.0481999099888,3320.0,853.0
1649,19,35,20,36,0.495511641201202,-21.280656784441817,0.495511641201202,21.280656784441817,3321.0,3939.0
2142,25,93,26,94,0.49538125998282334,-498.9529822272086,0.49538125998282334,498.9529822272086,3322.0,538.0
3270,44,81,45,82,0.4947588671180131,19.260972668264003,0.4947588671180131,19.260972668264003,3323.0,3994.0
1410,16,27,17,28,0.49373325134478835,263.6789989540944,0.49373325134478835,263.6789989540944,3324.0,1124.0
2545,32,34,33,35,0.49362030410021385,59.51672877318424,0.49362030410021385,59.51672877318424,3325.0,2860.0
2153,26,35,27,36,0.49331782465471086,-109.6730195654104,0.49331782465471086,109.6730195654104,3326.0,1979.0
308,3,30,4,31,0.4931485905804258,56.977257486783856,0.4931485905804258,56.977257486783856,3327.0,2932.0
671,7,35,8,36,0.4928782394580762,-105.35355126586296,0.4928782394580762,105.35355126586296,3328.0,2019.0
3632,52,71,53,72,0.4927418808772505,-35.00298969434198,0.4927418808772505,35.00298969434198,3329.0,3537.0
2834,36,81,37,82,0.4926052732396561,292.104819281431,0.4926052732396561,292.104819281431,3330.0,1026.0
1355,15,51,16,52,0.4923978712155782,-84.2101265774163,0.4923978712155782,84.2101265774163,3331.0,2320.0
2341,28,88,29,89,0.4901395333999636,1503.3305955488788,0.4901395333999636,1503.3305955488788,3332.0,9.0
2407,29,88,30,89,0.4895152259112445,122.59664737509364,0.4895152259112445,122.59664737509364,3333.0,1844.0
2232,27,46,28,47,0.4893657295858734,-517.3477092825719,0.4893657295858734,517.3477092825719,3334.0,510.0
1550,17,89,18,90,0.48871637632585874,-78.1832809353566,0.48871637632585874,78.1832809353566,3335.0,2418.0
690,7,54,8,55,0.4884115308410538,-334.0491072364,0.4884115308410538,334.0491072364,3336.0,890.0
89,0,90,1,91,0.4881913646575835,128.29345418552475,0.4881913646575835,128.29345418552475,3337.0,1798.0
4027,62,91,63,92,0.48806191740208704,159.2876809049303,0.48806191740208704,159.2876809049303,3338.0,1575.0
2172,26,54,27,55,0.48797194564441915,79.97850832667746,0.48797194564441915,79.97850832667746,3339.0,2382.0
2591,32,80,33,81,0.4869815714039558,80.15782353858413,0.4869815714039558,80.15782353858413,3340.0,2378.0
3912,59,78,60,79,0.4868105939322901,-640.557210440041,0.4868105939322901,640.557210440041,3341.0,308.0
1145,12,84,13,85,0.486014359442975,76.68338398940159,0.486014359442975,76.68338398940159,3342.0,2448.0
4042,63,74,64,75,0.48565995166121234,-120.64165148265056,0.48565995166121234,120.64165148265056,3343.0,1867.0
2189,26,71,27,72,0.48547751757818974,-8.398555373419953,0.48547751757818974,8.398555373419953,3344.0,4297.0
4537,88,94,89,95,0.4854067854558985,127.071155626973,0.4854067854558985,127.071155626973,3345.0,1806.0
3610,51,92,52,93,0.48530678916329295,2.505113509299008,0.48530678916329295,2.505113509299008,3346.0,4476.0
707,7,71,8,72,0.48503793238155507,-74.97169031427893,0.48503793238155507,74.97169031427893,3347.0,2483.0
1804,21,41,22,42,0.48500132103656624,58.87542789969484,0.48500132103656624,58.87542789969484,3348.0,2880.0
2746,35,52,36,53,0.4849015738007294,-130.38137293702994,0.4849015738007294,130.38137293702994,3349.0,1780.0
1017,11,39,12,40,0.4844009074315876,800.1500294970779,0.4844009074315876,800.1500294970779,3350.0,173.0
3186,43,48,44,49,0.4830099253787807,6.02253640512663,0.4830099253787807,6.02253640512663,3351.0,4375.0
1079,12,18,13,19,0.48226979092659983,14.685885669189588,0.48226979092659983,14.685885669189588,3352.0,4113.0
144,1,51,2,52,0.4814449149088921,55.75884885330706,0.4814449149088921,55.75884885330706,3353.0,2969.0
1631,18,93,19,94,0.4810609939000466,9.44487902356741,0.4810609939000466,9.44487902356741,3354.0,4265.0
3686,53,83,54,84,0.47975755530141306,302.0874994396481,0.47975755530141306,302.0874994396481,3355.0,996.0
3841,57,80,58,81,0.4787608301133499,-544.9067272797574,0.4787608301133499,544.9067272797574,3356.0,458.0
2700,34,66,35,67,0.478176791990909,290.1360499587977,0.478176791990909,290.1360499587977,3357.0,1033.0
3159,42,73,43,74,0.47796185599957997,41.93211597383379,0.47796185599957997,41.93211597383379,3358.0,3347.0
4249,70,85,71,86,0.47629821904931335,-22.63351392766125,0.47629821904931335,22.63351392766125,3359.0,3896.0
329,3,51,4,52,0.4761748736846486,647.9706455824745,0.4761748736846486,647.9706455824745,3360.0,302.0
2275,27,89,28,90,0.4759615565623156,82.53168434057216,0.4759615565623156,82.53168434057216,3361.0,2350.0
2773,35,79,36,80,0.4756034129290234,-31.46470054513884,0.4756034129290234,31.46470054513884,3362.0,3648.0
1970,23,62,24,63,0.47544986943116196,-9.190442461238035,0.47544986943116196,9.190442461238035,3363.0,4274.0
317,3,39,4,40,0.4745578103501161,39.569939138427344,0.4745578103501161,39.569939138427344,3364.0,3405.0
1960,23,52,24,53,0.47408964588928104,-17.534254723057074,0.47408964588928104,17.534254723057074,3365.0,4037.0
4538,88,95,89,96,0.4730393734959617,6.054949219691025,0.4730393734959617,6.054949219691025,3366.0,4374.0
2661,33,88,34,89,0.4723679164477311,28.7910555597814,0.4723679164477311,28.7910555597814,3367.0,3716.0
4193,68,80,69,81,0.4718549451176143,-57.04458479569985,0.4718549451176143,57.04458479569985,3368.0,2927.0
1854,21,91,22,92,0.4715548083623411,-59.0688600552744,0.4715548083623411,59.0688600552744,3369.0,2875.0
1377,15,73,16,74,0.47090402302590695,-31.207831005717708,0.47090402302590695,31.207831005717708,3370.0,3659.0
2156,26,38,27,39,0.47035939813710187,44.34882271707284,0.47035939813710187,44.34882271707284,3371.0,3273.0
979,10,85,11,86,0.47030896414145396,-171.06879135257805,0.47030896414145396,171.06879135257805,3372.0,1509.0
674,7,38,8,39,0.4699198129404672,-198.527161899872,0.4699198129404672,198.527161899872,3373.0,1374.0
27,0,28,1,29,0.46950381030661237,158.96821260538286,0.46950381030661237,158.96821260538286,3374.0,1578.0
2219,27,33,28,34,0.4686886008047372,51.05133410540111,0.4686886008047372,51.05133410540111,3375.0,3092.0
2281,27,95,28,96,0.46801714375650655,-631.9761440522825,0.46801714375650655,631.9761440522825,3376.0,327.0
1086,12,25,13,26,0.46794952484382313,26.56757486403194,0.46794952484382313,26.56757486403194,3377.0,3791.0
4267,71,79,72,80,0.4677631058525023,275.74723358942185,0.4677631058525023,275.74723358942185,3378.0,1073.0
2522,31,74,32,75,0.46737370559474667,-75.00417183153968,0.46737370559474667,75.00417183153968,3379.0,2482.0
3016,39,92,40,93,0.4654258948714718,426.04006235499946,0.4654258948714718,426.04006235499946,3380.0,683.0
753,8,30,9,31,0.4653773288015886,146.73082107405023,0.4653773288015886,146.73082107405023,3381.0,1656.0
93,0,94,1,95,0.4647710623625473,184.7250477934558,0.4647710623625473,184.7250477934558,3382.0,1437.0
1739,20,50,21,51,0.4646007697969955,33.00987640943731,0.4646007697969955,33.00987640943731,3383.0,3604.0
3920,59,86,60,87,0.4645591150524419,-373.23662870599264,0.4645591150524419,373.23662870599264,3384.0,795.0
123,1,30,2,31,0.4644711980131148,66.45642558475629,0.4644711980131148,66.45642558475629,3385.0,2662.0
4452,80,93,81,94,0.4640040920435464,59.63699163655656,0.4640040920435464,59.63699163655656,3386.0,2855.0
4325,73,92,74,93,0.4638129409736217,-40.82131020804036,0.4638129409736217,40.82131020804036,3387.0,3377.0
1637,19,23,20,24,0.46347957848880844,-39.92195765793167,0.46347957848880844,39.92195765793167,3388.0,3398.0
2389,29,70,30,71,0.461866500062574,-315.4541987157545,0.461866500062574,315.4541987157545,3389.0,943.0
1595,18,57,19,58,0.4617039282568498,-187.0432652531091,0.4617039282568498,187.0432652531091,3390.0,1423.0
3652,52,91,53,92,0.46147759791835596,-154.0202408334285,0.46147759791835596,154.0202408334285,3391.0,1615.0
2693,34,59,35,60,0.4592929342081119,39.97273504608302,0.4592929342081119,39.97273504608302,3392.0,3396.0
1250,14,26,15,27,0.459238515304166,-2.6118090505710825,0.459238515304166,2.6118090505710825,3393.0,4471.0
1786,21,23,22,24,0.458942760391416,-18.499546336794538,0.458942760391416,18.499546336794538,3394.0,4009.0
650,7,14,8,15,0.4587989301075313,-237.73895862903944,0.4587989301075313,237.73895862903944,3395.0,1207.0
1343,15,39,16,40,0.45833481281918653,-170.40787506560673,0.45833481281918653,170.40787506560673,3396.0,1514.0
3903,59,69,60,70,0.4572186649105643,19.789804719887343,0.4572186649105643,19.789804719887343,3397.0,3980.0
1039,11,61,12,62,0.4565641437226007,1076.234539242384,0.4565641437226007,1076.234539242384,3398.0,57.0
2891,37,80,38,81,0.4563188228054984,54.22146703051476,0.4563188228054984,54.22146703051476,3399.0,3011.0
3288,45,49,46,50,0.45600202259579925,-796.6682910166203,0.45600202259579925,796.6682910166203,3400.0,176.0
1494,17,33,18,34,0.45593378104119403,-794.1891229186475,0.45593378104119403,794.1891229186475,3401.0,178.0
923,10,29,11,30,0.4558772451547146,564.1419606447852,0.4558772451547146,564.1419606447852,3402.0,429.0
2280,27,94,28,95,0.45564973179656976,482.4069677391956,0.45564973179656976,482.4069677391956,3403.0,571.0
1556,17,95,18,96,0.4552623239929634,34.633513927661625,0.4552623239929634,34.633513927661625,3404.0,3548.0
3228,43,90,44,91,0.4548425388094349,44.689157269995576,0.4548425388094349,44.689157269995576,3405.0,3263.0
1606,18,68,19,69,0.4547980432611141,-124.90568254795336,0.4547980432611141,124.90568254795336,3406.0,1825.0
351,3,73,4,74,0.45468102549497735,166.0527910533856,0.45468102549497735,166.0527910533856,3407.0,1539.0
2165,26,47,27,48,0.4544104253158591,-24.007374729649143,0.4544104253158591,24.007374729649143,3408.0,3858.0
683,7,47,8,48,0.45397084011922445,-52.67886154870121,0.45397084011922445,52.67886154870121,3409.0,3050.0
2947,38,79,39,80,0.45264498641141443,116.38005339443951,0.45264498641141443,116.38005339443951,3410.0,1910.0
94,0,95,1,96,0.4524036504026105,115.96925733718716,0.4524036504026105,115.96925733718716,3411.0,1914.0
3771,55,87,56,88,0.4519482501011677,-297.0248319768252,0.4519482501011677,297.0248319768252,3412.0,1007.0
32,0,33,1,34,0.45173219335437986,-72.75286946462302,0.45173219335437986,72.75286946462302,3413.0,2518.0
1753,20,64,21,65,0.4516513744329588,2.8929538495667657,0.4516513744329588,2.8929538495667657,3414.0,4458.0
2966,39,42,40,43,0.4512769798455136,-363.5908053918026,0.4512769798455136,363.5908053918026,3415.0,822.0
2214,27,28,28,29,0.45091698385250467,56.80844410426107,0.45091698385250467,56.80844410426107,3416.0,2938.0
1705,19,91,20,92,0.45086753051788336,-61.4311055933772,0.45086753051788336,61.4311055933772,3417.0,2808.0
4136,66,78,67,79,0.4506591322667308,-68.63135576135619,0.4506591322667308,68.63135576135619,3418.0,2616.0
47,0,48,1,49,0.4496610995306321,1347.3155712787943,0.4496610995306321,1347.3155712787943,3419.0,18.0
1713,20,24,21,25,0.44964260706556114,-483.9102049886535,0.44964260706556114,483.9102049886535,3420.0,566.0
774,8,51,9,52,0.44840361190581135,-124.89984056466233,0.44840361190581135,124.89984056466233,3421.0,1826.0
3085,41,52,42,53,0.4480310852441308,87.88238331748607,0.4480310852441308,87.88238331748607,3422.0,2271.0
2106,25,57,26,58,0.447383662174073,-14.423174146477775,0.447383662174073,14.423174146477775,3423.0,4121.0
1644,19,30,20,31,0.44574175542686956,-398.9160469719443,0.44574175542686956,398.9160469719443,3424.0,735.0
3788,56,65,57,66,0.4451620757978796,-314.36732469605334,0.4451620757978796,314.36732469605334,3425.0,948.0
1111,12,50,13,51,0.44482155293096814,42.51791091038149,0.44482155293096814,42.51791091038149,3426.0,3324.0
746,8,23,9,24,0.4438440051140894,-95.3952150699172,0.4438440051140894,95.3952150699172,3427.0,2157.0
3118,41,85,42,86,0.4436103276009207,20.77248487810448,0.4436103276009207,20.77248487810448,3428.0,3949.0
3751,55,67,56,68,0.44293301771862725,-249.83501493553425,0.44293301771862725,249.83501493553425,3429.0,1171.0
1555,17,94,18,95,0.4428949120330266,71.3893043839289,0.4428949120330266,71.3893043839289,3430.0,2546.0
3871,58,73,59,74,0.44227363992367513,-649.9600063476971,0.44227363992367513,649.9600063476971,3431.0,298.0
1303,14,79,15,80,0.44152410357847854,136.49002053651793,0.44152410357847854,136.49002053651793,3432.0,1738.0
1714,20,25,21,26,0.4414727978841405,-766.4217859011903,0.4414727978841405,766.4217859011903,3433.0,193.0
2117,25,68,26,69,0.44047777717833736,-99.07351990136794,0.44047777717833736,99.07351990136794,3434.0,2098.0
2384,29,65,30,66,0.4395433550975518,305.270429765844,0.4395433550975518,305.270429765844,3435.0,984.0
1575,18,37,19,38,0.4392619209489983,41.55943730904255,0.4392619209489983,41.55943730904255,3436.0,3360.0
2620,33,47,34,48,0.4391355246389177,30.2805193790482,0.4391355246389177,30.2805193790482,3437.0,3685.0
3431,47,95,48,96,0.43846406759068707,-323.87549660239097,0.43846406759068707,323.87549660239097,3438.0,923.0
1489,17,28,18,29,0.4381621640889615,-53.42074116938602,0.4381621640889615,53.42074116938602,3439.0,3027.0
3916,59,82,60,83,0.4376583689441641,-461.5919188263035,0.4376583689441641,461.5919188263035,3440.0,615.0
1487,17,26,18,27,0.4376121689135828,51.91479613205047,0.4376121689135828,51.91479613205047,3441.0,3070.0
1655,19,41,20,42,0.4374210178436582,-48.58864722549743,0.4374210178436582,48.58864722549743,3442.0,3155.0
653,7,17,8,18,0.4371725837169481,-265.70077253388104,0.4371725837169481,265.70077253388104,3443.0,1115.0
3733,54,89,55,90,0.4368677382321432,-249.8141486821587,0.4368677382321432,249.8141486821587,3444.0,1172.0
3415,47,79,48,80,0.4366960135901717,580.7657355684023,0.4366960135901717,580.7657355684023,3445.0,407.0
2296,28,43,29,44,0.4361549844584638,-136.93920879701818,0.4361549844584638,136.93920879701818,3446.0,1731.0
2436,30,52,31,53,0.43513168802639696,-491.9021361363607,0.43513168802639696,491.9021361363607,3447.0,551.0
1257,14,33,15,34,0.43430743465061084,-864.8974762902674,0.43430743465061084,864.8974762902674,3448.0,136.0
1319,14,95,15,96,0.4336359776023802,65.56639272683424,0.4336359776023802,65.56639272683424,3449.0,2699.0
2276,27,90,28,91,0.43222942950153354,112.67058658831866,0.43222942950153354,112.67058658831866,3450.0,1955.0
3232,43,94,44,95,0.4314222365143987,-79.19148719304258,0.4314222365143987,79.19148719304258,3451.0,2396.0
814,8,91,9,92,0.4312319571431643,223.00062541994703,0.4312319571431643,223.00062541994703,3452.0,1274.0
2597,32,86,33,87,0.43023174516033996,115.9219576579319,0.43023174516033996,115.9219576579319,3453.0,1915.0
4510,85,91,86,92,0.43016381492669553,-39.4820203869217,0.43016381492669553,39.4820203869217,3454.0,3412.0
848,9,39,10,40,0.42994750912313917,37.08152005096417,0.42994750912313917,37.08152005096417,3455.0,3486.0
2360,29,41,30,42,0.42917860861418133,70.56061944624025,0.42917860861418133,70.56061944624025,3456.0,2567.0
3471,48,88,49,89,0.4290253764372809,80.9589616158928,0.4290253764372809,80.9589616158928,3457.0,2373.0
1665,19,51,20,52,0.4287680385310923,-41.77380442069489,0.4287680385310923,41.77380442069489,3458.0,3351.0
1198,13,55,14,56,0.42868024602014965,187.4599719963489,0.42868024602014965,187.4599719963489,3459.0,1422.0
525,5,66,6,67,0.42822671364447173,235.48445336401323,0.42822671364447173,235.48445336401323,3460.0,1216.0
1558,18,20,19,21,0.42715253180136376,43.771302740906776,0.42715253180136376,43.771302740906776,3461.0,3283.0
2790,36,37,37,38,0.4269410826047956,125.13473041620682,0.4269410826047956,125.13473041620682,3462.0,1821.0
796,8,73,9,74,0.42690976371614014,-3.7945332686772417,0.42690976371614014,3.7945332686772417,3463.0,4426.0
3430,47,94,48,95,0.4260966556307503,-481.3349805841858,0.4260966556307503,481.3349805841858,3464.0,574.0
4114,65,85,66,86,0.4251116361108125,-710.4611541335462,0.4251116361108125,710.4611541335462,3465.0,231.0
2086,25,37,26,38,0.4249416548662215,-551.4483567324636,0.4249416548662215,551.4483567324636,3466.0,450.0
2145,26,27,27,28,0.42485734915003964,195.41044544809145,0.42485734915003964,195.41044544809145,3467.0,1390.0
2855,37,44,38,45,0.42478748872643857,-139.11518370542217,0.42478748872643857,139.11518370542217,3468.0,1718.0
3760,55,76,56,77,0.42451452250801835,-293.8060798298659,0.42451452250801835,293.8060798298659,3469.0,1015.0
607,6,59,7,60,0.42448650362154744,-140.7932824287833,0.42448650362154744,140.7932824287833,3470.0,1700.0
663,7,27,8,28,0.42441776395340497,-38.2679967887525,0.42441776395340497,38.2679967887525,3471.0,3454.0
3531,50,57,51,58,0.424255690261218,-42.2668146515548,0.424255690261218,42.2668146515548,3472.0,3334.0
3342,46,54,47,55,0.4234635652085854,232.0340829663155,0.4234635652085854,232.0340829663155,3473.0,1233.0
2611,33,38,34,39,0.42318655181767495,-626.1150463000291,0.42318655181767495,626.1150463000291,3474.0,336.0
2580,32,69,33,70,0.42289129501846234,34.90672727975743,0.42289129501846234,34.90672727975743,3475.0,3541.0
2963,38,95,39,96,0.4225150947694443,76.7781894560012,0.4225150947694443,76.7781894560012,3476.0,2444.0
1873,22,37,23,38,0.4220425095509659,58.212216041025385,0.4220425095509659,58.212216041025385,3477.0,2899.0
2040,24,61,25,62,0.42144489783463457,-377.1312527073111,0.42144489783463457,377.1312527073111,3478.0,778.0
2300,28,47,29,48,0.4213639076866852,16.285316630535362,0.4213639076866852,16.285316630535362,3479.0,4066.0
946,10,52,11,53,0.42133244870359754,317.45329138934324,0.42133244870359754,317.45329138934324,3480.0,937.0
1318,14,94,15,95,0.4212685656424434,46.26431297176714,0.4212685656424434,46.26431297176714,3481.0,3221.0
3576,51,58,52,59,0.4207797917340039,-875.7331166457484,0.4207797917340039,875.7331166457484,3482.0,129.0
1540,17,79,18,80,0.41989775718789535,89.80135128107577,0.41989775718789535,89.80135128107577,3483.0,2239.0
1551,17,90,18,91,0.4194746097379904,-574.2747460984546,0.4194746097379904,574.2747460984546,3484.0,414.0
3967,61,64,62,65,0.41943613046723693,-5.618627062970063,0.41943613046723693,5.618627062970063,3485.0,4381.0
1437,16,54,17,55,0.41909604344967044,67.40557949390814,0.41909604344967044,67.40557949390814,3486.0,2644.0
3233,43,95,44,96,0.4190548245544619,-69.86047233230647,0.4190548245544619,69.86047233230647,3487.0,2590.0
3295,45,56,46,57,0.418991688663614,-360.3904865211272,0.418991688663614,360.3904865211272,3488.0,825.0
3956,60,87,61,88,0.4189218282400127,-60.42867261628561,0.4189218282400127,60.42867261628561,3489.0,2832.0
2616,33,43,34,44,0.4183833675062313,54.4263770445873,0.4183833675062313,54.4263770445873,3490.0,3005.0
3570,51,52,52,53,0.4181579711306197,-2.1673493388607312,0.4181579711306197,2.1673493388607312,3491.0,4486.0
764,8,41,9,42,0.41778544446893917,-56.9970790083546,0.41778544446893917,56.9970790083546,3492.0,2930.0
1993,23,85,24,86,0.41755176695577045,-31.47749794622132,0.41755176695577045,31.47749794622132,3493.0,3647.0
3542,50,68,51,69,0.4173498052654824,50.80273952636321,0.4173498052654824,50.80273952636321,3494.0,3099.0
2986,39,62,40,63,0.41696480241629796,-156.7180923756639,0.41696480241629796,156.7180923756639,3495.0,1598.0
1252,14,28,15,29,0.41653581769837833,-36.71934321555818,0.41653581769837833,36.71934321555818,3496.0,3498.0
301,3,23,4,24,0.4160727433352521,634.8942733921577,0.4160727433352521,634.8942733921577,3497.0,320.0
2410,29,91,30,92,0.4157320959399562,73.05035807629383,0.4157320959399562,73.05035807629383,3498.0,2517.0
3631,52,70,53,71,0.41534319379573814,-785.8847475918813,0.41534319379573814,785.8847475918813,3499.0,184.0
128,1,35,2,36,0.41470131223878237,0.4971133597027801,0.41470131223878237,0.4971133597027801,3500.0,4550.0
998,11,20,12,21,0.41452336117759503,973.617651033862,0.41452336117759503,973.617651033862,3501.0,83.0
3704,54,60,55,61,0.41445736113390785,42.64053804814967,0.41445736113390785,42.64053804814967,3502.0,3318.0
1470,16,87,17,88,0.4142831459242501,32.02733365661334,0.4142831459242501,32.02733365661334,3503.0,3635.0
424,4,55,5,56,0.4132915263999436,-250.12895713561284,0.4132915263999436,250.12895713561284,3504.0,1168.0
2821,36,68,37,69,0.4114049602926797,265.90338697625475,0.4114049602926797,265.90338697625475,3505.0,1113.0
913,10,19,11,20,0.41072238130312494,-556.0930666121527,0.41072238130312494,556.0930666121527,3506.0,443.0
638,6,90,7,91,0.4103116866916514,1034.575987229808,0.4103116866916514,1034.575987229808,3507.0,66.0
2962,38,94,39,95,0.41014768280950753,46.736525651947886,0.41014768280950753,46.736525651947886,3508.0,3207.0
1769,20,80,21,81,0.4100956299448636,15.278223807350514,0.4100956299448636,15.278223807350514,3509.0,4099.0
3375,46,87,47,88,0.4099156241653351,622.8629740120946,0.4099156241653351,622.8629740120946,3510.0,343.0
3936,60,67,61,68,0.40990659585747224,-99.09070233775776,0.40990659585747224,99.09070233775776,3511.0,2097.0
821,9,12,10,13,0.40959726735083185,269.98107870916226,0.40959726735083185,269.98107870916226,3512.0,1097.0
3257,44,68,45,69,0.4092513664143227,611.9497793290991,0.4092513664143227,611.9497793290991,3513.0,356.0
3494,49,65,50,66,0.40815174186569436,-954.76671159751,0.40815174186569436,954.76671159751,3514.0,90.0
2644,33,71,34,72,0.4080684323765871,13.82680867784802,0.4080684323765871,13.82680867784802,3515.0,4138.0
406,4,37,5,38,0.40750668483493857,54.71684153577007,0.40750668483493857,54.71684153577007,3516.0,2994.0
4283,71,95,72,96,0.40739697532835645,-634.505113509299,0.40739697532835645,634.505113509299,3517.0,322.0
1687,19,73,20,74,0.4072741903414211,25.729638936852552,0.4072741903414211,25.729638936852552,3518.0,3808.0
4521,86,93,87,94,0.40725426579993057,-543.4958625198087,0.40725426579993057,543.4958625198087,3519.0,461.0
2265,27,79,28,80,0.4071429374243522,724.1674180415574,0.4071429374243522,724.1674180415574,3520.0,217.0
2000,23,92,24,93,0.4069408278566078,-20.20901314291541,0.4069408278566078,20.20901314291541,3521.0,3969.0
164,1,71,2,72,0.40686100516226126,-88.0363098353173,0.40686100516226126,88.0363098353173,3522.0,2268.0
1904,22,68,23,69,0.40650638723885,-128.51331976698475,0.40650638723885,128.51331976698475,3523.0,1795.0
507,5,48,6,49,0.4061887386795324,720.9995119854461,0.4061887386795324,720.9995119854461,3524.0,219.0
4049,63,81,64,82,0.40602317819258493,1195.6917276524805,0.40602317819258493,1195.6917276524805,3525.0,34.0
2291,28,38,29,39,0.40541493486544244,36.81073967595921,0.40541493486544244,36.81073967595921,3526.0,3496.0
1450,16,67,17,68,0.40526791354170966,-83.34534500817699,0.40526791354170966,83.34534500817699,3527.0,2337.0
1684,19,70,20,71,0.40473312639526554,-473.9240471215405,0.40473312639526554,473.9240471215405,3528.0,597.0
3716,54,72,55,73,0.4046079131048361,250.6243316408677,0.4046079131048361,250.6243316408677,3529.0,1166.0
2810,36,57,37,58,0.40449907529694407,239.47520237452292,0.40449907529694407,239.47520237452292,3530.0,1202.0
2442,30,58,31,59,0.40380607483822667,-15.683590097491106,0.40380607483822667,15.683590097491106,3531.0,4090.0
369,3,91,4,92,0.40346069536432705,-39.27258793214924,0.40346069536432705,39.27258793214924,3532.0,3421.0
2593,32,82,33,83,0.40333099905206216,569.461360241636,0.40333099905206216,569.461360241636,3533.0,418.0
1937,23,29,24,30,0.4031200479690311,61.31759203970614,0.4031200479690311,61.31759203970614,3534.0,2811.0
3426,47,90,48,91,0.40267635333571405,103.77825815869846,0.40267635333571405,103.77825815869846,3535.0,2036.0
3246,44,57,45,58,0.40234548141858706,-210.4589272645444,0.40234548141858706,210.4589272645444,3536.0,1328.0
3063,40,84,41,85,0.402059066134661,142.35230042596868,0.402059066134661,142.35230042596868,3537.0,1689.0
2861,37,50,38,51,0.4018136829533665,-122.25867709656586,0.4018136829533665,122.25867709656586,3538.0,1852.0
3453,48,70,49,71,0.4013766505886104,-598.0571760886927,0.4013766505886104,598.0571760886927,3539.0,377.0
3355,46,67,47,68,0.4009003917827947,736.2645877825531,0.4009003917827947,736.2645877825531,3540.0,209.0
1802,21,39,22,40,0.400457693376552,183.5527567020374,0.400457693376552,183.5527567020374,3541.0,1441.0
2608,33,35,34,36,0.40022812530006596,-45.431174296074005,0.40022812530006596,45.431174296074005,3542.0,3238.0
4232,69,93,70,94,0.39991381565805295,33.83612837003511,0.39991381565805295,33.83612837003511,3543.0,3577.0
1327,15,23,16,24,0.39984974580432253,13.005147860647412,0.39984974580432253,13.005147860647412,3544.0,4160.0
1893,22,57,23,58,0.3996005022431144,-372.49002053651793,0.3996005022431144,372.49002053651793,3545.0,798.0
2789,35,95,36,96,0.39955666825183533,-123.96703046818538,0.39955666825183533,123.96703046818538,3546.0,1833.0
1891,22,55,23,56,0.3987557016839163,-225.35466470036383,0.3987557016839163,225.35466470036383,3547.0,1260.0
1314,14,90,15,91,0.3978482633474072,-96.35689156936564,0.3978482633474072,96.35689156936564,3548.0,2137.0
4092,64,93,65,94,0.39774291233427594,-56.71586550666234,0.39774291233427594,56.71586550666234,3549.0,2944.0
4476,82,90,83,91,0.39713982136903475,595.2912273165228,0.39713982136903475,595.2912273165228,3550.0,384.0
3634,52,73,53,74,0.3966641229409485,8.287474796840797,0.3966641229409485,8.287474796840797,3551.0,4303.0
4525,87,89,88,90,0.3965114511417773,106.7932824287832,0.3965114511417773,106.7932824287832,3552.0,2008.0
4317,73,84,74,85,0.39632030007185254,23.56646142953105,0.39632030007185254,23.56646142953105,3553.0,3873.0
2887,37,76,38,77,0.3962836887268638,8.746958778635417,0.3962836887268638,8.746958778635417,3554.0,4288.0
3244,44,55,45,56,0.3960107225084436,-52.42192330658372,0.3960107225084436,52.42192330658372,3555.0,3058.0
2072,24,93,25,94,0.3957341449668783,-187.4957938171122,0.3957341449668783,187.4957938171122,3556.0,1421.0
1203,13,60,14,61,0.39565382415899464,-6.843221193219961,0.39565382415899464,6.843221193219961,3557.0,4345.0
942,10,48,11,49,0.395387395680751,-598.6324691958569,0.395387395680751,598.6324691958569,3558.0,375.0
4282,71,94,72,95,0.39502956336841966,-588.2828836534438,0.39502956336841966,588.2828836534438,3559.0,398.0
2974,39,50,40,51,0.39472322354300293,97.17423605395608,0.39472322354300293,97.17423605395608,3560.0,2123.0
3042,40,63,41,64,0.3944882384817989,-300.9333668137274,0.3944882384817989,300.9333668137274,3561.0,997.0
4550,91,92,92,93,0.3943287798856827,13.954301769799258,0.3943287798856827,13.954301769799258,3562.0,4133.0
2808,36,55,37,56,0.3938571286300866,-28.328093869090708,0.3938571286300866,28.328093869090708,3563.0,3732.0
1950,23,42,24,43,0.3927919128306496,27.823330968953087,0.3927919128306496,27.823330968953087,3564.0,3754.0
1180,13,37,14,38,0.3921179652147325,-228.88133858568176,0.3921179652147325,228.88133858568176,3565.0,1243.0
437,4,68,5,69,0.3919705625228227,-35.64874430583541,0.3919705625228227,35.64874430583541,3566.0,3527.0
131,1,38,2,39,0.3917428857211734,60.965710925594976,0.3917428857211734,60.965710925594976,3567.0,2824.0
576,6,28,7,29,0.3916241323406803,43.99478343665624,0.3916241323406803,43.99478343665624,3568.0,3277.0
3945,60,76,61,77,0.39148810064686335,-194.94602680941688,0.39148810064686335,194.94602680941688,3569.0,1393.0
733,8,10,9,11,0.3910868079284059,49.95771077599875,0.3910868079284059,49.95771077599875,3570.0,3116.0
1159,13,16,14,17,0.39101514184323205,48.11163729382952,0.39101514184323205,48.11163729382952,3571.0,3167.0
4457,81,84,82,85,0.390524126423875,100.90790941695514,0.390524126423875,100.90790941695514,3572.0,2072.0
2324,28,71,29,72,0.39029681542435457,-172.77603128969668,0.39029681542435457,172.77603128969668,3573.0,1496.0
580,6,32,7,33,0.3901591337294455,1062.8907956832618,0.3901591337294455,1062.8907956832618,3574.0,59.0
319,3,41,4,42,0.3900141826901019,435.3294134116812,0.3900141826901019,435.3294134116812,3575.0,669.0
866,9,57,10,58,0.38903140468108177,224.18014673994355,0.38903140468108177,224.18014673994355,3576.0,1265.0
1103,12,42,13,43,0.38826779662845745,67.79787357218083,0.38826779662845745,67.79787357218083,3577.0,2635.0
3649,52,88,53,89,0.38769446794706763,21.178827197352803,0.38769446794706763,21.178827197352803,3578.0,3942.0
4175,67,89,68,90,0.3874962187592369,82.29790792352833,0.3874962187592369,82.29790792352833,3579.0,2351.0
1395,15,91,16,92,0.38723769783339745,-42.28872563673463,0.38723769783339745,42.28872563673463,3580.0,3332.0
2788,35,94,36,95,0.38718925629189854,-35.35591554025768,0.38718925629189854,35.35591554025768,3581.0,3530.0
642,6,94,7,95,0.3868913843966152,100.71802367296732,0.3868913843966152,100.71802367296732,3582.0,2075.0
1459,16,76,17,77,0.38684941833110076,568.7703954144956,0.38684941833110076,568.7703954144956,3583.0,421.0
2958,38,90,39,91,0.3867273805144713,-221.34882271707292,0.3867273805144713,221.34882271707292,3584.0,1281.0
1189,13,46,14,47,0.3866476200843171,140.19614703913567,0.3866476200843171,140.19614703913567,3585.0,1707.0
793,8,70,9,71,0.3850975530205465,-51.37559965643595,0.3850975530205465,51.37559965643595,3586.0,3083.0
426,4,57,5,58,0.38506467752708706,-125.42985475348314,0.38506467752708706,125.42985475348314,3587.0,1818.0
1097,12,36,13,37,0.38393321262719393,313.684703531992,0.38393321262719393,313.684703531992,3588.0,950.0
3461,48,78,49,79,0.38375632005727334,-734.6058296618871,0.38375632005727334,734.6058296618871,3589.0,213.0
1828,21,65,22,66,0.3837206426751669,96.36996378123465,0.3837206426751669,96.36996378123465,3590.0,2136.0
3364,46,76,47,77,0.3824818965721858,390.1777824655486,0.3824818965721858,390.1777824655486,3591.0,752.0
2288,28,35,29,36,0.38245650834783346,1143.4208785747792,0.38245650834783346,1143.4208785747792,3592.0,41.0
877,9,68,10,69,0.38212551968534614,-61.87904301398339,0.38212551968534614,61.87904301398339,3593.0,2799.0
1105,12,44,13,45,0.3817796187488369,-0.6001250839894965,0.3817796187488369,0.6001250839894965,3594.0,4544.0
3699,54,55,55,56,0.38143093927275284,169.39278209282566,0.38143093927275284,169.39278209282566,3595.0,1520.0
1076,12,15,13,16,0.3812099636547845,-26.673088268106767,0.3812099636547845,26.673088268106767,3596.0,3788.0
3125,41,92,42,93,0.38088226721145757,56.77359831260537,0.38088226721145757,56.77359831260537,3597.0,2940.0
4189,68,76,69,77,0.38074756641474794,-102.44153872006471,0.38074756641474794,102.44153872006471,3598.0,2052.0
107,1,14,2,15,0.3806220028882375,18.294430214632484,0.3806220028882375,18.294430214632484,3599.0,4015.0
4479,82,93,83,94,0.38035351969165276,79.26229221085464,0.38035351969165276,79.26229221085464,3600.0,2394.0
429,4,60,5,61,0.3802651045387886,-373.9379579571241,0.3802651045387886,373.9379579571241,3601.0,790.0
3177,42,91,43,92,0.38017986485972455,-85.81310395035416,0.38017986485972455,85.81310395035416,3602.0,2298.0
3197,43,59,44,60,0.3799556515037639,88.44376558906652,0.3799556515037639,88.44376558906652,3603.0,2261.0
1083,12,22,13,23,0.37903463957336425,51.181260174444446,0.37903463957336425,51.181260174444446,3604.0,3089.0
2335,28,82,29,83,0.3784522670180636,43.48090695242081,0.3784522670180636,43.48090695242081,3605.0,3289.0
2878,37,67,38,68,0.3778651935162549,69.92056941264445,0.3778651935162549,69.92056941264445,3606.0,2587.0
4229,69,90,70,91,0.37757952540263456,16.86506347570321,0.37757952540263456,16.86506347570321,3607.0,4056.0
1702,19,88,20,89,0.37708440054659503,33.131390112704366,0.37708440054659503,33.131390112704366,3608.0,3599.0
1211,13,68,14,69,0.37658184290261665,65.27377006934671,0.37658184290261665,65.27377006934671,3609.0,2705.0
140,1,47,2,48,0.37579391289993064,-409.0340142636189,0.37579391289993064,409.0340142636189,3610.0,715.0
385,4,16,5,17,0.375626422223026,39.57710066430866,0.375626422223026,39.57710066430866,3611.0,3404.0
3602,51,84,52,85,0.37482645188218133,5.030605257419666,0.37482645188218133,5.030605257419666,3612.0,4391.0
2575,32,64,33,65,0.37476543297386655,-143.7031368082762,0.37476543297386655,143.7031368082762,3613.0,1679.0
643,6,95,7,96,0.3745239724366784,52.540935330061984,0.3745239724366784,52.540935330061984,3614.0,3054.0
1153,12,92,13,93,0.37411888160249923,66.86854118459905,0.37411888160249923,66.86854118459905,3615.0,2656.0
581,6,33,7,34,0.37385251538844777,-454.222717870409,0.37385251538844777,454.222717870409,3616.0,635.0
3837,57,76,58,77,0.3738416814190123,-309.4541300130579,0.3738416814190123,309.4541300130579,3617.0,969.0
1345,15,41,16,42,0.3737911851591723,0.5028179376004118,0.3737911851591723,0.5028179376004118,3618.0,4549.0
4480,82,94,83,95,0.37371951907399853,37.72845679965485,0.37371951907399853,37.72845679965485,3619.0,3470.0
1232,13,89,14,90,0.3732434470607593,-137.6429023225446,0.3732434470607593,137.6429023225446,3620.0,1726.0
2011,24,32,25,33,0.3727566656064689,-204.15782353858435,0.3727566656064689,204.15782353858435,3621.0,1346.0
4278,71,90,72,91,0.37160926107338343,-15.575918527111298,0.37160926107338343,15.575918527111298,3622.0,4092.0
2088,25,39,26,40,0.37159525163014795,-515.0977264582461,0.37159525163014795,515.0977264582461,3623.0,513.0
832,9,23,10,24,0.37146244210827517,-46.98073519567936,0.37146244210827517,46.98073519567936,3624.0,3199.0
415,4,46,5,47,0.37125890046411103,-234.782918004792,0.37125890046411103,234.782918004792,3625.0,1219.0
4518,86,90,87,91,0.37023907526075694,152.53307258585937,0.37023907526075694,152.53307258585937,3626.0,1622.0
1200,13,57,14,58,0.369675957906881,0.3303894407890766,0.369675957906881,0.3303894407890766,3627.0,4553.0
4382,76,89,77,90,0.369077723548628,-11.788897393475963,0.369077723548628,11.788897393475963,3628.0,4194.0
2898,37,87,38,88,0.3688499611337145,56.70529497458119,0.3688499611337145,56.70529497458119,3629.0,2945.0
3081,41,48,42,49,0.3686887591402177,-18.30388731221228,0.3686887591402177,18.30388731221228,3630.0,4014.0
3143,42,57,43,58,0.36770193395870737,33.5339799122703,0.36770193395870737,33.5339799122703,3631.0,3588.0
4001,62,65,63,66,0.367213533635421,-228.53641288936228,0.367213533635421,228.53641288936228,3632.0,1246.0
641,6,93,7,94,0.3671816543690361,800.5470521241396,0.3671816543690361,800.5470521241396,3633.0,172.0
51,0,52,1,53,0.3670587448537164,355.82124150534355,0.3670587448537164,355.82124150534355,3634.0,835.0
3075,41,42,42,43,0.3667333521854994,62.7295702341562,0.3667333521854994,62.7295702341562,3635.0,2766.0
846,9,37,10,38,0.36658939737323026,14.917091703748156,0.36658939737323026,14.917091703748156,3636.0,4107.0
1896,22,60,23,61,0.36572927982276127,-180.25853969117247,0.36572927982276127,180.25853969117247,3637.0,1450.0
290,3,12,4,13,0.3649869661238549,938.851427450906,0.3649869661238549,938.851427450906,3638.0,95.0
381,4,12,5,13,0.36449881485733693,107.48911321010668,0.36449881485733693,107.48911321010668,3639.0,1998.0
2784,35,90,36,91,0.3637689539968623,37.29338548282794,0.3637689539968623,37.29338548282794,3640.0,3481.0
288,3,10,4,11,0.3633155461495686,207.0247632741284,0.3633155461495686,207.0247632741284,3641.0,1338.0
3249,44,60,45,61,0.3629843006472886,-230.66147300422156,0.3629843006472886,230.66147300422156,3642.0,1238.0
4154,67,68,68,69,0.36232907120413904,-142.41260361439663,0.36232907120413904,142.41260361439663,3643.0,1688.0
4481,82,95,83,96,0.36135210711406174,30.898589724768044,0.36135210711406174,30.898589724768044,3644.0,3670.0
1405,16,22,17,23,0.3610905975069987,-343.97496191508503,0.3610905975069987,343.97496191508503,3645.0,863.0
2813,36,60,37,61,0.3608307067689316,210.27265663484584,0.3608307067689316,210.27265663484584,3646.0,1330.0
3154,42,68,43,69,0.3607960489629717,-48.8779295794825,0.3607960489629717,48.8779295794825,3647.0,3143.0
2655,33,82,34,83,0.3606806500658311,-739.0016701517513,0.3606806500658311,739.0016701517513,3648.0,206.0
1361,15,57,16,58,0.3606441009850344,-31.25526809036637,0.3606441009850344,31.25526809036637,3649.0,3655.0
1071,11,93,12,94,0.3606148990789122,47.43819841656216,0.3606148990789122,47.43819841656216,3650.0,3188.0
3009,39,85,40,86,0.35906669994090645,-214.04674296200503,0.35906669994090645,214.04674296200503,3651.0,1310.0
110,1,17,2,18,0.3589956564976543,54.30020349522693,0.3589956564976543,54.30020349522693,3652.0,3010.0
2322,28,69,29,70,0.3588919710516634,70.31425173620346,0.3588919710516634,70.31425173620346,3653.0,2575.0
900,9,91,10,92,0.3588503941373501,-59.52952617426672,0.3588503941373501,59.52952617426672,3654.0,2859.0
1427,16,44,17,45,0.358345618331526,-250.9543017697993,0.358345618331526,250.9543017697993,3655.0,1164.0
458,4,89,5,90,0.35785472744055324,57.75273205922895,0.35785472744055324,57.75273205922895,3656.0,2911.0
2468,30,84,31,85,0.3578527349864041,-244.3570289747588,0.3578527349864041,244.3570289747588,3657.0,1187.0
811,8,88,9,89,0.357448827171876,196.48327122681576,0.357448827171876,196.48327122681576,3658.0,1384.0
348,3,70,4,71,0.3573262912417092,3.4032839222099938,0.3573262912417092,3.4032839222099938,3659.0,4443.0
1577,18,39,19,40,0.3572749855473712,2.402101785012292,0.3572749855473712,2.402101785012292,3660.0,4479.0
1882,22,46,23,47,0.3567230757480837,260.65806399802227,0.3567230757480837,260.65806399802227,3661.0,1131.0
18,0,19,1,20,0.3564486774532438,412.160393921069,0.3564486774532438,412.160393921069,3662.0,711.0
2682,34,48,35,49,0.35623866033309515,220.41608132329247,0.35623866033309515,220.41608132329247,3663.0,1284.0
1419,16,36,17,37,0.356192024453169,159.93468635631802,0.356192024453169,159.93468635631802,3664.0,1570.0
3037,40,58,41,59,0.35610572628283843,-286.0063299978449,0.35610572628283843,286.0063299978449,3665.0,1044.0
3828,57,67,58,68,0.3554231862084034,-150.801351281076,0.3554231862084034,150.801351281076,3666.0,1635.0
3474,48,91,49,92,0.35524224646599256,62.41267231709321,0.35524224646599256,62.41267231709321,3667.0,2780.0
986,10,92,11,93,0.3541836306709243,-482.010852438545,0.3541836306709243,482.010852438545,3668.0,572.0
4233,69,94,70,95,0.35415922310759834,-264.36391568985414,0.35415922310759834,264.36391568985414,3669.0,1118.0
2752,35,58,36,59,0.3540361890638942,-46.98087260107263,0.3540361890638942,46.98087260107263,3670.0,3198.0
3235,44,46,45,47,0.35397809657261103,-78.13598125610133,0.35397809657261103,78.13598125610133,3671.0,2422.0
1372,15,68,16,69,0.3537382159892988,48.15107422888218,0.3537382159892988,48.15107422888218,3672.0,3166.0
3853,57,92,58,93,0.35355301893274915,11.414830483398418,0.35355301893274915,11.414830483398418,3673.0,4200.0
1775,20,86,21,87,0.35334580370124774,526.1754868938501,0.35334580370124774,526.1754868938501,3674.0,491.0
4200,68,87,69,88,0.3533138388215986,-105.16491636176944,0.3533138388215986,105.16491636176944,3675.0,2021.0
1137,12,76,13,77,0.35327581874926217,168.42783399257098,0.35327581874926217,168.42783399257098,3676.0,1529.0
2799,36,46,37,47,0.351824502694254,1145.6072179071743,0.351824502694254,1145.6072179071743,3677.0,40.0
2339,28,86,29,87,0.3515515209097858,-10.260972668264005,0.3515515209097858,10.260972668264005,3678.0,4242.0
2417,30,33,31,34,0.3504582395257335,-344.6531980438392,0.3504582395257335,344.6531980438392,3679.0,861.0
2479,30,95,31,96,0.3497867824775029,62.37887125724228,0.3497867824775029,62.37887125724228,3680.0,2783.0
3721,54,77,55,78,0.3494445784774032,353.8894761406709,0.3494445784774032,353.8894761406709,3681.0,841.0
1074,12,13,13,14,0.3491100952371309,31.854699051712032,0.3491100952371309,31.854699051712032,3682.0,3638.0
4256,70,92,71,93,0.3481943757630649,-589.0062612951482,0.3481943757630649,589.0062612951482,3683.0,397.0
2531,31,83,32,84,0.3472892412016657,30.6184896575769,0.3472892412016657,30.6184896575769,3684.0,3675.0
909,10,15,11,16,0.34709254861863903,-183.2782925100471,0.34709254861863903,183.2782925100471,3685.0,1442.0
1751,20,62,21,63,0.3470872561623054,-134.31995631410132,0.3470872561623054,134.31995631410132,3686.0,1749.0
4522,86,94,87,95,0.3468187729657207,11.315296468008,0.3468187729657207,11.315296468008,3687.0,4205.0
4205,68,92,69,93,0.3466471339370135,-3.1140015682249214,0.3466471339370135,3.1140015682249214,3688.0,4454.0
58,0,59,1,60,0.34660682565561535,57.22515084750057,0.34660682565561535,57.22515084750057,3689.0,2921.0
3848,57,87,58,88,0.346407953825863,-286.1393215596039,0.346407953825863,286.1393215596039,3690.0,1043.0
120,1,27,2,28,0.34624083673411116,490.13500522699337,0.34624083673411116,490.13500522699337,3691.0,552.0
3869,58,71,59,72,0.3461958819873731,-614.6520846093383,0.3461958819873731,614.6520846093383,3692.0,353.0
1758,20,69,21,70,0.3460053535593701,50.60582966188713,0.3460053535593701,50.60582966188713,3693.0,3105.0
488,5,29,6,30,0.3456988892055688,159.85824546330446,0.3456988892055688,159.85824546330446,3694.0,1572.0
2554,32,43,33,44,0.345628281611662,102.44147001736836,0.345628281611662,102.44147001736836,3695.0,2053.0
2205,26,87,27,88,0.3454072437295014,173.70097864197072,0.3454072437295014,173.70097864197072,3696.0,1487.0
850,9,41,10,42,0.34540388146312495,-270.5363441866656,0.34540388146312495,270.5363441866656,3697.0,1095.0
2853,37,42,38,43,0.34525992665085586,-224.28977036853905,0.34525992665085586,224.28977036853905,3698.0,1264.0
723,7,87,8,88,0.3449676585328667,-9.23210626529226,0.3449676585328667,9.23210626529226,3699.0,4272.0
2358,29,39,30,40,0.3446349809541671,-89.29561235182996,0.3446349809541671,89.29561235182996,3700.0,2248.0
3879,58,81,59,82,0.3445707865720524,-277.6891572699958,0.3445707865720524,277.6891572699958,3701.0,1064.0
335,3,57,4,58,0.3444211034541048,624.9070020905439,0.3444211034541048,624.9070020905439,3702.0,338.0
1925,22,89,23,90,0.3433189027245259,58.09070233775856,0.3433189027245259,58.09070233775856,3703.0,2902.0
1956,23,48,24,49,0.3426301984950675,-62.36753080414292,0.3426301984950675,62.36753080414292,3704.0,2784.0
4234,69,95,70,96,0.34179181114766155,-90.96230191939549,0.34179181114766155,90.96230191939549,3705.0,2222.0
2642,33,69,34,70,0.3411203540994309,4.396259801721499,0.3411203540994309,4.396259801721499,3706.0,4408.0
1374,15,70,16,71,0.34110329371077963,-115.027058845827,0.34110329371077963,115.027058845827,3707.0,1925.0
3278,44,89,45,90,0.34057392354905325,-92.24942610707558,0.34057392354905325,92.24942610707558,3708.0,2200.0
3898,59,64,60,65,0.3404380630817646,-28.697363527681773,0.3404380630817646,28.697363527681773,3709.0,3719.0
3004,39,80,40,81,0.34021808369087103,97.04096968141084,0.34021808369087103,97.04096968141084,3710.0,2127.0
936,10,42,11,43,0.3400347156449661,-799.6405380481497,0.3400347156449661,799.6405380481497,3711.0,174.0
2038,24,59,25,60,0.338429295714367,-449.7180236729674,0.338429295714367,449.7180236729674,3712.0,642.0
2842,36,89,37,90,0.33842032967069624,162.55373273114492,0.33842032967069624,162.55373273114492,3713.0,1555.0
1341,15,37,16,38,0.3382020936771829,-275.94845978650847,0.3382020936771829,275.94845978650847,3714.0,1071.0
1010,11,32,12,33,0.3376374197185028,-483.5942143980019,0.3376374197185028,483.5942143980019,3715.0,567.0
346,3,68,4,69,0.3375152184583692,-60.44849413785687,0.3375152184583692,60.44849413785687,3716.0,2830.0
2478,30,94,31,95,0.3374193705175661,67.00271488355611,0.3374193705175661,67.00271488355611,3717.0,2654.0
735,8,12,9,13,0.3372157043450177,-20.39173736102134,0.3372157043450177,20.39173736102134,3718.0,3963.0
7,0,8,1,9,0.33681310407852477,-19.30381860951593,0.33681310407852477,19.30381860951593,3719.0,3993.0
2185,26,67,27,68,0.33639201134696095,900.8653382864896,0.33639201134696095,900.8653382864896,3720.0,112.0
1958,23,50,24,51,0.33623815652813893,-3.0642689118776616,0.33623815652813893,3.0642689118776616,3721.0,4456.0
703,7,67,8,68,0.3359524261503263,15.2597905310663,0.3359524261503263,15.2597905310663,3722.0,4100.0
3677,53,74,54,75,0.3349053914949993,225.1153211108154,0.3349053914949993,225.1153211108154,3723.0,1261.0
1128,12,67,13,68,0.3348573235386533,518.2252882528937,0.3348573235386533,518.2252882528937,3724.0,508.0
4523,86,95,87,96,0.33445136100578393,-10.977532297569724,0.33445136100578393,10.977532297569724,3725.0,4219.0
4095,65,66,66,67,0.3343822477524887,-117.80267082366665,0.3343822477524887,117.80267082366665,3726.0,1893.0
3156,42,70,43,71,0.3340454607371067,-416.8871118662762,0.3340454607371067,416.8871118662762,3727.0,703.0
2659,33,86,34,87,0.3337799039575533,-455.49474908530783,0.3337799039575533,455.49474908530783,3728.0,630.0
3190,43,52,44,53,0.33370991900556785,13.737776491841942,0.33370991900556785,13.737776491841942,3729.0,4139.0
2624,33,51,34,52,0.33348452262995626,22.70759054627888,0.33348452262995626,22.70759054627888,3730.0,3890.0
3613,51,95,52,96,0.33281306558172563,-684.0768602048707,0.33281306558172563,684.0768602048707,3731.0,260.0
2283,28,30,29,31,0.332686622573501,23.68456612659884,0.332686622573501,23.68456612659884,3732.0,3869.0
544,5,85,6,86,0.33126717021882945,68.31661601059864,0.33126717021882945,68.31661601059864,3733.0,2624.0
2903,37,92,38,93,0.33111101162489764,-885.3998062133139,0.33111101162489764,885.3998062133139,3734.0,122.0
2926,38,58,39,59,0.33107776254628524,-4.655768426323903,0.33107776254628524,4.655768426323903,3735.0,4402.0
1710,20,21,21,22,0.33058014712255945,-344.33379844698834,0.33058014712255945,344.33379844698834,3736.0,862.0
366,3,88,4,89,0.3296775653930387,152.2679280860557,0.3296775653930387,152.2679280860557,3737.0,1629.0
4431,79,87,80,88,0.32769283200381394,683.5574165481307,0.32769283200381394,683.5574165481307,3738.0,261.0
1771,20,82,21,83,0.32644505759296993,629.5296635796601,0.32644505759296993,629.5296635796601,3739.0,331.0
3922,59,88,60,89,0.32597110256226414,-28.462404973440243,0.32597110256226414,28.462404973440243,3740.0,3724.0
1148,12,87,13,88,0.32584209115611285,219.08986371404316,0.32584209115611285,219.08986371404316,3741.0,1289.0
3565,50,91,51,92,0.32362610855721385,108.69513665867976,0.32362610855721385,108.69513665867976,3742.0,1986.0
2397,29,78,30,79,0.3232664705833097,-271.48076954702765,0.3232664705833097,271.48076954702765,3743.0,1092.0
1657,19,43,20,44,0.32309985160509525,10.169507505166166,0.32309985160509525,10.169507505166166,3744.0,4245.0
3231,43,93,44,94,0.3226508022512526,72.66022216432748,0.3226508022512526,72.66022216432748,3745.0,2519.0
1169,13,26,14,27,0.32213923964848334,-6.4057168993012965,0.32213923964848334,6.4057168993012965,3746.0,4366.0
315,3,37,4,38,0.3219790961462533,58.40551079121178,0.3219790961462533,58.40551079121178,3747.0,2894.0
649,7,13,8,14,0.32169965445184867,367.54009670634775,0.32169965445184867,367.54009670634775,3748.0,811.0
4535,88,92,89,93,0.3205456499143944,-67.04917593909659,0.3205456499143944,67.04917593909659,3749.0,2652.0
3612,51,94,52,95,0.32044565362178884,-133.0861111943609,0.32044565362178884,133.0861111943609,3750.0,1765.0
1282,14,58,15,59,0.31995687971334935,-13.169644910559327,0.31995687971334935,13.169644910559327,3751.0,4155.0
819,9,10,10,11,0.31870524492259167,7.581485699615769,0.31870524492259167,7.581485699615769,3752.0,4321.0
4165,67,79,68,80,0.3186775996212735,822.1847378833404,0.3186775996212735,822.1847378833404,3753.0,162.0
2194,26,76,27,77,0.31797351613635205,139.12575423750312,0.31797351613635205,139.12575423750312,3754.0,1717.0
1080,12,19,13,20,0.3175801309702986,-24.43931185106294,0.3175801309702986,24.43931185106294,3755.0,3842.0
712,7,76,8,77,0.3175339309397174,-31.7691445746018,0.3175339309397174,31.7691445746018,3756.0,3640.0
780,8,57,9,58,0.31664984167526755,2.373304084737356,0.31664984167526755,2.373304084737356,3757.0,4481.0
2304,28,51,29,52,0.31571290567772375,-92.66376857592012,0.31571290567772375,92.66376857592012,3758.0,2193.0
3394,47,58,48,59,0.3151287897250425,-367.1335482790096,0.3151287897250425,367.1335482790096,3759.0,814.0
2474,30,90,31,91,0.3139990682225299,-635.0109211412416,0.3139990682225299,635.0109211412416,3760.0,319.0
4449,80,90,81,91,0.3134892490171411,47.665926742225565,0.3134892490171411,47.665926742225565,3761.0,3182.0
1392,15,88,16,89,0.3134545678621091,195.9103423940467,0.3134545678621091,195.9103423940467,3762.0,1389.0
568,6,20,7,21,0.3132731922703533,351.393056903612,0.3132731922703533,351.393056903612,3763.0,844.0
1933,23,25,24,26,0.31311018461528395,-46.1048879841278,0.31311018461528395,46.1048879841278,3764.0,3222.0
879,9,70,10,71,0.31271599001473227,-64.41962773488513,0.31271599001473227,64.41962773488513,3765.0,2721.0
31,0,32,1,33,0.3122794557635134,128.13257224990184,0.3122794557635134,128.13257224990184,3766.0,1799.0
2646,33,73,34,74,0.31199067444028505,48.51081808719755,0.31199067444028505,48.51081808719755,3767.0,3160.0
4328,73,95,74,96,0.3113192173920544,-121.98998618516958,0.3113192173920544,121.98998618516958,3768.0,1856.0
3083,41,50,42,51,0.3101795958829887,88.37900866263499,0.3101795958829887,88.37900866263499,3769.0,2262.0
791,8,68,9,69,0.3097439566795319,178.88258942557582,0.3097439566795319,178.88258942557582,3770.0,1462.0
2,0,3,1,4,0.30904184229968756,155.47158726023417,0.30904184229968756,155.47158726023417,3771.0,1608.0
4413,78,85,79,86,0.30883475159657037,-513.0351964008164,0.30883475159657037,513.0351964008164,3772.0,515.0
2778,35,84,36,85,0.30808284921207163,-71.57925883061398,0.30808284921207163,71.57925883061398,3773.0,2539.0
1113,12,52,13,53,0.30697006356982603,22.99353259676218,0.30697006356982603,22.99353259676218,3774.0,3883.0
395,4,26,5,27,0.3067505200282773,-21.729638936852552,0.3067505200282773,21.729638936852552,3775.0,3928.0
3174,42,88,43,89,0.3063967348884362,6.8072619670633685,0.3063967348884362,6.8072619670633685,3776.0,4347.0
376,4,7,5,8,0.3063109348316426,-16.07240646686705,0.3063109348316426,16.07240646686705,3777.0,4077.0
240,2,54,3,55,0.30613173848661224,82.89865842746485,0.30613173848661224,82.89865842746485,3778.0,2342.0
1222,13,79,14,80,0.3044248279227959,16.182236203552293,0.3044248279227959,16.182236203552293,3779.0,4072.0
766,8,43,9,44,0.3034642782303762,472.6869991036906,0.3034642782303762,472.6869991036906,3780.0,599.0
1037,11,59,12,60,0.30331004982640086,-186.6150806513774,0.30331004982640086,186.6150806513774,3781.0,1424.0
260,2,74,3,75,0.3028685967040017,9.220628406800415,0.3028685967040017,9.220628406800415,3782.0,4273.0
2695,34,61,35,62,0.30058125934088964,97.2632682399626,0.30058125934088964,97.2632682399626,3783.0,2119.0
2140,25,91,26,92,0.30049813664435887,-119.52604846537088,0.30049813664435887,119.52604846537088,3784.0,1877.0
4372,76,79,77,80,0.3002591044106646,611.300478306013,0.3002591044106646,611.300478306013,3785.0,358.0
4272,71,84,72,85,0.3002425421355505,1.2944989173288377,0.3002425421355505,1.2944989173288377,3786.0,4524.0
91,0,92,1,93,0.2999099268210432,416.9566660441942,0.2999099268210432,416.9566660441942,3787.0,702.0
1043,11,65,12,66,0.29977742862013135,-6.426377044587184,0.29977742862013135,6.426377044587184,3788.0,4364.0
4327,73,94,74,95,0.29895180543211763,595.8364031808213,0.29895180543211763,595.8364031808213,3789.0,382.0
1561,18,23,19,24,0.2987899185325072,-472.9691886344907,0.2987899185325072,472.9691886344907,3790.0,598.0
1519,17,58,18,59,0.29833053332276616,-57.20553543401911,0.29833053332276616,57.20553543401911,3791.0,2922.0
3904,59,70,60,71,0.29832237671359363,-617.5745989845207,0.29832237671359363,617.5745989845207,3792.0,350.0
3608,51,90,52,91,0.2970253513267526,14.404397356710888,0.2970253513267526,14.404397356710888,3793.0,4124.0
1671,19,57,20,58,0.29701426830054856,-11.153438503277355,0.29701426830054856,11.153438503277355,3794.0,4208.0
1628,18,90,19,91,0.29643234716064093,25.47381412923596,0.29643234716064093,25.47381412923596,3795.0,3816.0
2353,29,34,30,35,0.2957488108591315,-13.335117989578976,0.2957488108591315,13.335117989578976,3796.0,4152.0
133,1,40,2,41,0.2954406031079503,-144.84078821612843,0.2954406031079503,144.84078821612843,3797.0,1672.0
2333,28,80,29,81,0.29480169466616996,49.82346837434534,0.29480169466616996,49.82346837434534,3798.0,3123.0
2826,36,73,37,74,0.2942391532560715,-115.77366701530195,0.2942391532560715,115.77366701530195,3799.0,1918.0
2326,28,73,29,74,0.29421905748805255,20.479724815223108,0.29421905748805255,20.479724815223108,3800.0,3959.0
760,8,37,9,38,0.29420783436741604,98.480838249724,0.29420783436741604,98.480838249724,3801.0,2105.0
4029,62,93,63,94,0.29317879406362257,-164.63942461364877,0.29317879406362257,164.63942461364877,3802.0,1546.0
14,0,15,1,16,0.29281884476875797,1011.1280498092016,0.29281884476875797,1011.1280498092016,3803.0,71.0
953,10,59,11,60,0.29233312180573423,-251.8546303490156,0.29233312180573423,251.8546303490156,3804.0,1159.0
1862,22,26,23,27,0.29221469531225,479.3386644011715,0.29221469531225,479.3386644011715,3805.0,582.0
3262,44,73,45,74,0.29208555937771447,-107.9901922932595,0.29208555937771447,107.9901922932595,3806.0,1990.0
3768,55,84,56,85,0.29177598181430553,21.37775782274093,0.29177598181430553,21.37775782274093,3807.0,3936.0
658,7,22,8,23,0.2917751101156153,9.786395713687853,0.2917751101156153,9.786395713687853,3808.0,4258.0
2599,32,88,33,89,0.2916437326701622,61.37441751923825,0.2916437326701622,61.37441751923825,3809.0,2809.0
1682,19,68,20,69,0.29010838330481287,-71.94616421480987,0.29010838330481287,71.94616421480987,3810.0,2533.0
4453,80,94,81,95,0.29006894672210487,302.45558696104166,0.29006894672210487,302.45558696104166,3811.0,993.0
480,5,21,6,22,0.2898761767831839,232.01564969003152,0.2898761767831839,232.01564969003152,3812.0,1234.0
2162,26,44,27,45,0.2894697161367773,-52.2077623030209,0.2894697161367773,52.2077623030209,3813.0,3062.0
2223,27,37,28,38,0.28939985571317617,71.04208311591174,0.28939985571317617,71.04208311591174,3814.0,2553.0
1909,22,73,23,74,0.2893405802022418,364.5782828015062,0.2893405802022418,364.5782828015062,3815.0,819.0
92,0,93,1,94,0.289301976403104,63.26451907985643,0.289301976403104,63.26451907985643,3816.0,2751.0
1774,20,85,21,86,0.2891891536869139,-14.944913374915927,0.2891891536869139,14.944913374915927,3817.0,4106.0
600,6,52,7,53,0.28917906688778433,-88.47958740983017,0.28917906688778433,88.47958740983017,3818.0,2258.0
448,4,79,5,80,0.28903610830258986,339.1338230897959,0.28903610830258986,339.1338230897959,3819.0,879.0
680,7,44,8,45,0.2890301309401426,-126.2690415205568,0.2890301309401426,126.2690415205568,3820.0,1811.0
3784,56,61,57,62,0.28837536069541025,-649.925229258738,0.28837536069541025,649.925229258738,3821.0,299.0
2154,26,36,27,37,0.2873161222584203,486.9034556789513,0.2873161222584203,486.9034556789513,3822.0,559.0
2090,25,41,26,42,0.28705162397013373,54.21569374992032,0.28705162397013373,54.21569374992032,3823.0,3012.0
672,7,36,8,37,0.2868765370617856,3.617444925772361,0.2868765370617856,3.617444925772361,3824.0,4435.0
3618,52,57,53,58,0.28640420090007596,-62.93934620241134,0.28640420090007596,62.93934620241134,3825.0,2757.0
1629,18,91,19,92,0.2861778705615821,-96.20546673132276,0.2861778705615821,96.20546673132276,3826.0,2142.0
41,0,42,1,43,0.28576101179508495,-75.67879284600463,0.28576101179508495,75.67879284600463,3827.0,2464.0
2244,27,58,28,59,0.285575713559223,-567.5988742440954,0.285575713559223,567.5988742440954,3828.0,425.0
2952,38,84,39,85,0.28512442269446264,-293.55839257723846,0.28512442269446264,293.55839257723846,3829.0,1016.0
897,9,88,10,89,0.28506726416606176,88.60589836458394,0.28506726416606176,88.60589836458394,3830.0,2257.0
2972,39,48,40,49,0.2841451314802035,140.6233556117597,0.2841451314802035,140.6233556117597,3831.0,1701.0
174,1,81,2,82,0.2839056633971643,662.2727253375424,0.2839056633971643,662.2727253375424,3832.0,290.0
944,10,50,11,51,0.28348095934245543,50.49481778800441,0.28348095934245543,50.49481778800441,3833.0,3109.0
3010,39,86,40,87,0.2834682574472552,32.87458927597976,0.2834682574472552,32.87458927597976,3834.0,3612.0
3725,54,81,55,82,0.28268279466318336,163.19955604533516,0.28268279466318336,163.19955604533516,3835.0,1552.0
2139,25,90,26,91,0.2821120810778642,-281.98191733287683,0.2821120810778642,281.98191733287683,3836.0,1052.0
1988,23,80,24,81,0.28173301667600703,-699.4854293931211,0.28173301667600703,699.4854293931211,3837.0,241.0
2719,34,85,35,86,0.2813170918723922,-33.305000746713176,0.2813170918723922,33.305000746713176,3838.0,3596.0
4040,63,72,64,73,0.28126752957543455,1147.6650881185108,0.28126752957543455,1147.6650881185108,3839.0,39.0
3629,52,68,53,69,0.27949831590434027,-99.33623142407988,0.27949831590434027,99.33623142407988,3840.0,2092.0
567,6,19,7,20,0.27856899948731173,2.048131207292272,0.27856899948731173,2.048131207292272,3841.0,4489.0
1566,18,28,19,29,0.2777447928096698,-70.63253789855344,0.2777447928096698,70.63253789855344,3842.0,2565.0
4454,80,95,81,96,0.2777015347621681,98.02851579381088,0.2777015347621681,98.02851579381088,3843.0,2108.0
3544,50,70,51,71,0.27749170443459603,49.065451049075136,0.27749170443459603,49.065451049075136,3844.0,3140.0
2653,33,80,34,81,0.27703007771393745,67.32100104590609,0.27703007771393745,67.32100104590609,3845.0,2648.0
1856,21,93,22,94,0.2766716850238766,293.1581670520672,0.2766716850238766,293.1581670520672,3846.0,1019.0
1498,17,37,18,38,0.2766450359496331,-438.3002034952268,0.2766450359496331,438.3002034952268,3847.0,662.0
2993,39,69,40,70,0.27612780730537756,89.85699462341063,0.27612780730537756,89.85699462341063,3848.0,2236.0
3643,52,82,53,83,0.27600720156516767,532.9035243816479,0.27600720156516767,532.9035243816479,3849.0,476.0
321,3,43,4,44,0.275693016451539,-45.032900829118034,0.275693016451539,45.032900829118034,3850.0,3255.0
4323,73,90,74,91,0.2755315031370814,75.30945448471721,0.2755315031370814,75.30945448471721,3851.0,2471.0
442,4,73,5,74,0.27480475548621447,56.2739074747399,0.27480475548621447,56.2739074747399,3852.0,2955.0
1718,20,29,21,30,0.27475743470017455,42.9787144347672,0.27475743470017455,42.9787144347672,3853.0,3313.0
1651,19,37,20,38,0.27457226099269705,-450.5132510642884,0.27457226099269705,450.5132510642884,3854.0,640.0
1915,22,79,23,80,0.27450028358656253,534.5111616006795,0.27450028358656253,534.5111616006795,3855.0,474.0
1308,14,84,15,85,0.27400353986152676,11.101341572535148,0.27400353986152676,11.101341572535148,3856.0,4211.0
2254,27,68,28,69,0.27386373340106035,-106.63831117914788,0.27386373340106035,106.63831117914788,3857.0,2009.0
521,5,62,6,63,0.27336906774343794,377.38610148582006,0.27336906774343794,377.38610148582006,3858.0,777.0
3981,61,78,62,79,0.27306359961671145,-198.70759054627968,0.27306359961671145,198.70759054627968,3859.0,1373.0
1632,18,94,19,95,0.2730120448656047,-97.47263199203834,0.2730120448656047,97.47263199203834,3860.0,2113.0
2804,36,51,37,52,0.27274530506640027,-267.4183081922945,0.27274530506640027,267.4183081922945,3861.0,1107.0
1579,18,41,19,42,0.272731357887357,137.9741232913704,0.272731357887357,137.9741232913704,3862.0,1724.0
3268,44,79,45,80,0.27175530441108986,-83.82583264874029,0.27175530441108986,83.82583264874029,3863.0,2329.0
3033,40,54,41,55,0.27114785495239735,118.11963744342576,0.27114785495239735,118.11963744342576,3864.0,1890.0
3240,44,51,45,52,0.27059171118804326,-179.99248786495764,0.27059171118804326,179.99248786495764,3865.0,1453.0
2573,32,62,33,63,0.2702013147032132,-240.0028522889488,0.2702013147032132,240.0028522889488,3866.0,1200.0
2832,36,79,37,80,0.26960171053273285,395.87333843608576,0.26960171053273285,395.87333843608576,3867.0,742.0
3420,47,84,48,85,0.2691754498732199,-52.49947763409773,0.2691754498732199,52.49947763409773,3868.0,3056.0
4450,80,91,81,92,0.26912096870508195,40.91952468084037,0.26912096870508195,40.91952468084037,3869.0,3373.0
1732,20,43,21,44,0.26874234015256976,58.36857553594746,0.26874234015256976,58.36857553594746,3870.0,2896.0
4536,88,93,89,94,0.2686662533097528,38.59316966619736,0.2686662533097528,38.59316966619736,3871.0,3442.0
1887,22,51,23,52,0.2678467320125706,-215.3523004259688,0.2678467320125706,215.3523004259688,3872.0,1305.0
1841,21,78,22,79,0.2674437581609248,-688.3881909494288,0.2674437581609248,688.3881909494288,3873.0,252.0
2243,27,57,28,58,0.26695784840532466,-74.92286498434302,0.26695784840532466,74.92286498434302,3874.0,2485.0
180,1,87,2,88,0.2667907313135729,139.77387312339158,0.2667907313135729,139.77387312339158,3875.0,1713.0
3230,43,92,44,93,0.26656110097289465,92.56764356672876,0.26656110097289465,92.56764356672876,3876.0,2196.0
3092,41,59,42,60,0.26563448526520095,70.18328093535638,0.26563448526520095,70.18328093535638,3877.0,2579.0
1696,19,82,20,83,0.26539713416469507,409.8919091177627,0.26539713416469507,409.8919091177627,3878.0,713.0
2044,24,65,25,66,0.26465818273216524,-459.08145134826754,0.26465818273216524,459.08145134826754,3879.0,620.0
8,0,9,1,10,0.2644315410727106,19.735480920143345,0.2644315410727106,19.735480920143345,3880.0,3981.0
2581,32,70,33,71,0.2639950068214917,-203.3454137108736,0.2639950068214917,203.3454137108736,3881.0,1350.0
2863,37,52,38,53,0.26396219359222445,-542.8558124862129,0.26396219359222445,542.8558124862129,3882.0,463.0
4309,73,76,74,77,0.2635817593781397,-655.8777921740893,0.2635817593781397,655.8777921740893,3883.0,295.0
2077,25,28,26,29,0.26342452672689304,-108.94157307141312,0.26342452672689304,108.94157307141312,3884.0,1985.0
4064,64,65,65,66,0.2626494153647676,-136.9600750503937,0.2626494153647676,136.9600750503937,3885.0,1730.0
1529,17,68,18,69,0.2611089136375172,-88.84203905602271,0.2611089136375172,88.84203905602271,3886.0,2255.0
1633,18,95,19,96,0.2606446329056679,-281.75620976812576,0.2606446329056679,281.75620976812576,3887.0,1055.0
919,10,25,11,26,0.26035298742960045,-424.1914184903459,0.26035298742960045,424.1914184903459,3888.0,685.0
1571,18,33,19,34,0.2599731758574373,45.642764917151,0.2599731758574373,45.642764917151,3889.0,3234.0
2858,37,47,38,48,0.2598467795473567,24.84071951343185,0.2598467795473567,24.84071951343185,3890.0,3832.0
4331,74,77,75,78,0.25955575671321074,116.54573258154868,0.25955575671321074,116.54573258154868,3891.0,1907.0
1347,15,43,16,44,0.2594700189206094,-42.18348704344635,0.2594700189206094,42.18348704344635,3892.0,3337.0
1216,13,73,14,74,0.2594160358660084,17.53870846106065,0.2594160358660084,17.53870846106065,3893.0,4036.0
3564,50,90,51,91,0.2589841091650092,-81.6949992532866,0.2589841091650092,81.6949992532866,3894.0,2354.0
556,6,8,7,9,0.2589334261125927,85.47854267802586,0.2589334261125927,85.47854267802586,3895.0,2302.0
3953,60,84,61,85,0.2587495599531505,-20.811990515853267,0.2587495599531505,20.811990515853267,3896.0,3948.0
2143,25,94,26,95,0.25869177878282795,61.955277798906536,0.25869177878282795,61.955277798906536,3897.0,2794.0
926,10,32,11,33,0.2580057519136323,838.1893977294337,0.2580057519136323,838.1893977294337,3898.0,153.0
160,1,67,2,68,0.25777549893103247,679.1697136132559,0.25777549893103247,679.1697136132559,3899.0,264.0
3006,39,82,40,83,0.25656751133897737,423.6442218651353,0.25656751133897737,423.6442218651353,3900.0,687.0
3630,52,69,53,70,0.2564469055987675,89.01669442183584,0.2564469055987675,89.01669442183584,3901.0,2251.0
2420,30,36,31,37,0.255771588170623,113.29095250573664,0.255771588170623,113.29095250573664,3902.0,1945.0
3113,41,80,42,81,0.2556744560308568,-24.759687477021657,0.2556744560308568,24.759687477021657,3903.0,3836.0
1261,14,37,15,38,0.2550186895590498,-702.8384239417335,0.2550186895590498,702.8384239417335,3904.0,239.0
2119,25,70,26,71,0.25436373252174105,-861.2076936003245,0.25436373252174105,861.2076936003245,3905.0,144.0
1518,17,57,18,58,0.25420302864178157,28.32913860089502,0.25420302864178157,28.32913860089502,3906.0,3731.0
1467,16,84,17,85,0.25411087763738793,-7.480975655117618,0.25411087763738793,7.480975655117618,3907.0,4325.0
1795,21,32,22,33,0.25369420566346723,793.3282999771803,0.25369420566346723,793.3282999771803,3908.0,179.0
2428,30,44,31,45,0.253617994292266,-103.00639870054148,0.253617994292266,103.00639870054148,3909.0,2045.0
420,4,51,5,52,0.25331090729654326,-634.6393559109522,0.25331090729654326,634.6393559109522,3910.0,321.0
3129,42,43,43,44,0.2524121859469364,95.64860690044225,0.2524121859469364,95.64860690044225,3911.0,2153.0
1545,17,84,18,85,0.25237719347094356,-144.96348405659296,0.25237719347094356,144.96348405659296,3912.0,1669.0
3925,59,91,60,92,0.2521879725909758,-90.92188895523532,0.2521879725909758,90.92188895523532,3913.0,2223.0
3490,49,61,50,62,0.25136502676322503,-343.7320032112475,0.25136502676322503,343.7320032112475,3914.0,864.0
4014,62,78,63,79,0.25093664912117886,-223.45190314405613,0.25093664912117886,223.45190314405613,3915.0,1269.0
1866,22,30,23,31,0.25087301511679333,61.48188298152854,0.25087301511679333,61.48188298152854,3916.0,2807.0
520,5,61,6,62,0.25063118099445236,266.6591774325232,0.25063118099445236,266.6591774325232,3917.0,1112.0
3562,50,88,51,89,0.24984297858592552,-24.604647524689653,0.24984297858592552,24.604647524689653,3918.0,3839.0
3372,46,84,47,85,0.24974335587847296,6.433401165075793,0.24974335587847296,6.433401165075793,3919.0,4363.0
3647,52,86,53,87,0.24910645545688986,-685.7747804498028,0.24910645545688986,685.7747804498028,3920.0,256.0
1088,12,27,13,28,0.2463919857355746,108.22410611569626,0.2463919857355746,108.22410611569626,3921.0,1989.0
2144,25,95,26,96,0.24632436682289116,29.141617131303065,0.24632436682289116,29.141617131303065,3922.0,3709.0
912,10,18,11,19,0.2460327213468237,78.76664289481369,0.2460327213468237,78.76664289481369,3923.0,2405.0
1683,19,69,20,70,0.24583683819829488,39.175280785760606,0.24583683819829488,39.175280785760606,3924.0,3425.0
3742,55,58,56,59,0.24582264196248294,-218.08040661646328,0.24582264196248294,218.08040661646328,3925.0,1295.0
805,8,82,9,83,0.24576156078997602,-33.923071092432565,0.24576156078997602,33.923071092432565,3926.0,3573.0
2082,25,33,26,34,0.2456529097746605,-916.7423676352388,0.2456529097746605,916.7423676352388,3927.0,103.0
4159,67,73,68,74,0.24516326416753081,-28.08033791376647,0.24516326416753081,28.08033791376647,3928.0,3742.0
3404,47,68,48,69,0.24431065723524087,-1.9299578075278987,0.24431065723524087,1.9299578075278987,3929.0,4494.0
2849,37,38,38,39,0.24389780672611397,-419.486542827622,0.24389780672611397,419.486542827622,3930.0,697.0
106,1,13,2,14,0.24352272723255486,-3.698545664879021,0.24352272723255486,3.698545664879021,3931.0,4431.0
587,6,39,7,40,0.2433956460163607,171.59789821498748,0.2433956460163607,171.59789821498748,3932.0,1506.0
3594,51,76,52,77,0.2420879111884685,228.1060701213252,0.2420879111884685,228.1060701213252,3933.0,1249.0
4257,70,93,71,94,0.2410175274610823,-944.5606881489372,0.2410175274610823,944.5606881489372,3934.0,94.0
2303,28,50,29,51,0.24029655481403805,484.4879310729091,0.24029655481403805,484.4879310729091,3935.0,563.0
1608,18,70,19,71,0.2400434664389643,-61.37219065023646,0.2400434664389643,61.37219065023646,3936.0,2810.0
1797,21,34,22,35,0.23992609843674662,195.96696176548903,0.23992609843674662,195.96696176548903,3937.0,1387.0
2270,27,84,28,85,0.23962237370740042,-3.2205597041038345,0.23962237370740042,3.2205597041038345,3938.0,4449.0
1967,23,59,24,60,0.23957592462005073,37.93329811103104,0.23957592462005073,37.93329811103104,3939.0,3464.0
1292,14,68,15,69,0.239482567246934,-114.30152303781732,0.239482567246934,114.30152303781732,3940.0,1934.0
169,1,76,2,77,0.23935700372042357,199.40119445860125,0.23935700372042357,199.40119445860125,3941.0,1369.0
1700,19,86,20,87,0.23849638805641726,345.8873179743659,0.23849638805641726,345.8873179743659,3942.0,858.0
1194,13,51,14,52,0.23792218767633722,-33.884884997274185,0.23792218767633722,33.884884997274185,3943.0,3574.0
3393,47,57,48,58,0.2374047722395052,-157.00507915795072,0.2374047722395052,157.00507915795072,3944.0,1596.0
3447,48,64,49,65,0.23738378920674785,-65.69729482498519,0.23738378920674785,65.69729482498519,3945.0,2692.0
4498,84,89,85,90,0.23633918285491518,-121.72852550235166,0.23633918285491518,121.72852550235166,3946.0,1860.0
399,4,30,5,31,0.236337190400766,61.2052606232337,0.236337190400766,61.2052606232337,3947.0,2816.0
4320,73,87,74,88,0.2361480317849904,159.88724927166936,0.2361480317849904,159.88724927166936,3948.0,1571.0
3896,59,62,60,63,0.23587394481111124,-213.8361970727317,0.23587394481111124,213.8361970727317,3949.0,1313.0
3568,50,94,51,95,0.23556380686997294,3.118592711621659,0.23556380686997294,3.118592711621659,3950.0,4453.0
19,0,20,1,21,0.23539351430442118,231.39764804700872,0.23539351430442118,231.39764804700872,3951.0,1235.0
2027,24,48,25,49,0.23537502183935022,-310.4079437683033,0.23537502183935022,310.4079437683033,3952.0,966.0
4512,85,93,86,94,0.23528069158823106,-518.274814801151,0.23528069158823106,518.274814801151,3953.0,506.0
987,10,93,11,94,0.2350282725532229,-157.61730752037923,0.2350282725532229,157.61730752037923,3954.0,1593.0
3058,40,79,41,80,0.23453850241770924,-270.8048976926684,0.23453850241770924,270.8048976926684,3955.0,1094.0
1078,12,17,13,18,0.23363716597203146,31.49349824541377,0.23363716597203146,31.49349824541377,3956.0,3646.0
1281,14,57,15,58,0.23257668225119835,28.32336532030058,0.23257668225119835,28.32336532030058,3957.0,3733.0
2552,32,41,33,42,0.231307115373099,76.83028638674477,0.231307115373099,76.83028638674477,3958.0,2441.0
284,3,6,4,7,0.23116216433375544,54.6451291915464,0.23116216433375544,54.6451291915464,3959.0,2997.0
852,9,43,10,44,0.231082715224562,-270.3731666793442,0.231082715224562,270.3731666793442,3960.0,1096.0
49,0,50,1,51,0.2292072554925743,457.0249693822184,0.2292072554925743,457.0249693822184,3961.0,625.0
974,10,80,11,81,0.22897581949032353,59.04556082480667,0.22897581949032353,59.04556082480667,3962.0,2877.0
2882,37,71,38,72,0.2287796872850261,-38.773873123391695,0.2287796872850261,38.773873123391695,3963.0,3439.0
2936,38,68,39,69,0.22836168441399812,-54.3790773653318,0.22836168441399812,54.3790773653318,3964.0,3007.0
97,1,4,2,5,0.2281340076123488,347.6569505635214,0.2281340076123488,347.6569505635214,3965.0,851.0
2137,25,88,26,89,0.22671500667307054,-7.777213426894377,0.22671500667307054,7.777213426894377,3966.0,4315.0
792,8,69,9,70,0.22620126482357583,13.354802105757017,0.22620126482357583,13.354802105757017,3967.0,4150.0
4045,63,77,64,78,0.2261041949480016,118.24594839817928,0.2261041949480016,118.24594839817928,3968.0,1887.0
2460,30,76,31,77,0.22511419429269125,55.57564371632543,0.22511419429269125,55.57564371632543,3969.0,2974.0
1994,23,86,24,87,0.22498319043239118,-26.860609737699637,0.22498319043239118,26.860609737699637,3970.0,3783.0
899,9,90,10,91,0.22375982358487292,16.69374841339277,0.22375982358487292,16.69374841339277,3971.0,4059.0
3585,51,67,52,68,0.2236694159778596,904.9613945929844,0.2236694159778596,904.9613945929844,3972.0,110.0
2696,34,62,35,63,0.22341898939700067,3.5225707564750337,0.22341898939700067,3.5225707564750337,3973.0,4438.0
3569,50,95,51,96,0.22319639491003618,34.10238630433969,0.22319639491003618,34.10238630433969,3974.0,3567.0
4425,79,81,80,82,0.22300356270692323,1440.3317776860763,0.22300356270692323,1440.3317776860763,3975.0,14.0
4244,70,80,71,81,0.22298656458246413,-49.89072698056543,0.22298656458246413,49.89072698056543,3976.0,3119.0
2623,33,50,34,51,0.22252493786180552,-78.74480061233044,0.22252493786180552,78.74480061233044,3977.0,2406.0
1094,12,33,13,34,0.2222966150691626,67.27356396125651,0.2222966150691626,67.27356396125651,3978.0,2649.0
640,6,92,7,93,0.2220302488551111,496.3907613319135,0.2220302488551111,496.3907613319135,3979.0,543.0
1156,12,95,13,96,0.22162515802093194,30.254154655865364,0.22162515802093194,30.254154655865364,3980.0,3686.0
2925,38,57,39,58,0.22145579941826246,11.02358113693117,0.22145579941826246,11.02358113693117,3981.0,4217.0
1173,13,30,14,31,0.22094847078055996,-192.36746210144656,0.22094847078055996,192.36746210144656,3982.0,1402.0
2731,35,37,36,38,0.22093938020850498,-34.485566798514355,0.22093938020850498,34.485566798514355,3983.0,3555.0
2412,29,93,30,94,0.22084897260149172,148.80051265736137,0.22084897260149172,148.80051265736137,3984.0,1650.0
1822,21,59,22,60,0.2193668357713653,-87.5872589802101,0.2193668357713653,87.5872589802101,3985.0,2273.0
809,8,86,9,87,0.2188608146816982,18.215831155313936,0.2188608146816982,18.215831155313936,3986.0,4017.0
360,3,82,4,83,0.21799029901113878,57.19260062754347,0.21799029901113878,57.19260062754347,3987.0,2924.0
2602,32,91,33,92,0.21786060269887386,-8.316547307902056,0.21786060269887386,8.316547307902056,3988.0,4301.0
1977,23,69,24,70,0.21764274029051356,35.776168695090064,0.21764274029051356,35.776168695090064,3989.0,3523.0
676,7,40,8,41,0.21726367588865647,31.15441453238509,0.21726367588865647,31.15441453238509,3990.0,3660.0
1108,12,47,13,48,0.21683890956975513,297.2368348140824,0.21683890956975513,297.2368348140824,3991.0,1005.0
2158,26,40,27,41,0.2168240906920218,-59.12088828332003,0.2168240906920218,59.12088828332003,3992.0,2872.0
563,6,15,7,16,0.21493916680282585,-148.3523691286655,0.21493916680282585,148.3523691286655,3993.0,1652.0
1777,20,88,21,89,0.21475779121106997,-79.13250354720526,0.21475779121106997,79.13250354720526,3994.0,2398.0
3605,51,87,52,88,0.21465418359531918,496.7391647371291,0.21465418359531918,496.7391647371291,3995.0,541.0
1737,20,48,21,49,0.21426758522621092,-709.9657796282913,0.21426758522621092,709.9657796282913,3996.0,232.0
115,1,22,2,23,0.2135981828963215,435.5389145691503,0.2135981828963215,435.5389145691503,3997.0,668.0
4184,68,71,69,72,0.21324356497291025,-144.90450041075565,0.21324356497291025,144.90450041075565,3998.0,1671.0
3858,58,60,59,61,0.21279622010132793,-684.9264113959355,0.21279622010132793,684.9264113959355,3999.0,258.0
1626,18,88,19,89,0.21239474059029378,51.20310245692781,0.21239474059029378,51.20310245692781,4000.0,3088.0
4519,86,91,87,92,0.2123711424614661,-133.44383429176332,0.2123711424614661,133.44383429176332,4001.0,1761.0
2596,32,85,33,86,0.21230321222782167,-306.08847546875586,0.21230321222782167,306.08847546875586,4002.0,980.0
1075,12,14,13,15,0.21201081958144827,1.8800877457879324,0.21201081958144827,1.8800877457879324,4003.0,4497.0
137,1,44,2,45,0.21085320372084881,-152.4878623702125,0.21085320372084881,152.4878623702125,4004.0,1623.0
1155,12,94,13,95,0.20925774606099518,333.2738387720433,0.20925774606099518,333.2738387720433,4005.0,893.0
4478,82,92,83,93,0.20885838353249445,1154.8201967735392,0.20885838353249445,1154.8201967735392,4006.0,38.0
129,1,36,2,37,0.2086996098424918,6.446267268854854,0.2086996098424918,6.446267268854854,4007.0,4362.0
3126,41,93,42,94,0.2083296360126896,7.817557688358647,0.2083296360126896,7.817557688358647,4008.0,4313.0
1441,16,58,17,59,0.20815753778556534,-539.0039657234497,0.20815753778556534,539.0039657234497,4009.0,467.0
590,6,42,7,43,0.2078813338291529,-455.2319688598993,0.2078813338291529,455.2319688598993,4010.0,631.0
2451,30,67,31,68,0.20669569908208235,86.60457882199262,0.20669569908208235,86.60457882199262,4011.0,2291.0
3832,57,71,58,72,0.2063376799771746,-187.92056941264465,0.2063376799771746,187.92056941264465,4012.0,1418.0
3885,58,87,59,88,0.20612560813868475,174.71134306596184,0.20612560813868475,174.71134306596184,4013.0,1478.0
24,0,25,1,26,0.20607928357971933,-65.56882570392622,0.20607928357971933,65.56882570392622,4014.0,2698.0
2730,35,36,36,37,0.20600170239629056,275.2957497572231,0.20600170239629056,275.2957497572231,4015.0,1076.0
470,5,11,6,12,0.20593296272814832,189.2413572547825,0.20593296272814832,189.2413572547825,4016.0,1416.0
717,7,81,8,82,0.20572873617787046,20.397510641615558,0.20572873617787046,20.397510641615558,4017.0,3962.0
2762,35,68,36,69,0.20540325789638914,306.02274251321654,0.20540325789638914,306.02274251321654,4018.0,981.0
2199,26,81,27,82,0.2052891509812358,277.7379825999316,0.2052891509812358,277.7379825999316,4019.0,1062.0
1940,23,32,24,33,0.20524855472794878,26.59998767859633,0.20524855472794878,26.59998767859633,4020.0,3789.0
837,9,28,10,29,0.2050722692339018,-62.461222836243,0.2050722692339018,62.461222836243,4021.0,2777.0
4230,69,91,70,92,0.20503069231958848,-9.853585617211138,0.20503069231958848,9.853585617211138,4022.0,4253.0
1089,12,28,13,29,0.20452499811693006,-9.242470689283437,0.20452499811693006,9.242470689283437,4023.0,4270.0
4285,72,74,73,75,0.2043924220857778,1304.7773508322875,0.2043924220857778,1304.7773508322875,4024.0,23.0
2738,35,44,36,45,0.20384810851793356,350.49606862789847,0.20384810851793356,350.49606862789847,4025.0,847.0
3346,46,58,47,59,0.20379001602665037,1065.4984329022934,0.20379001602665037,1065.4984329022934,4026.0,58.0
3176,42,90,43,91,0.20243035286249852,-557.2446975582855,0.20243035286249852,557.2446975582855,4027.0,440.0
1386,15,82,16,83,0.2017673014802092,-749.6185583602733,0.2017673014802092,749.6185583602733,4028.0,201.0
2630,33,57,34,58,0.20173075239941252,40.0096703013478,0.20173075239941252,40.0096703013478,4029.0,3395.0
1871,22,35,23,36,0.20110312934246088,-96.67072399371182,0.20110312934246088,96.67072399371182,4030.0,2131.0
3856,57,95,58,96,0.20105929535118186,-224.4622675680472,0.20105929535118186,224.4622675680472,4031.0,1263.0
1099,12,38,13,39,0.20088993674851238,65.21687588711802,0.20088993674851238,65.21687588711802,4032.0,2707.0
903,9,94,10,95,0.20033952128983668,-17.375462251042677,0.20033952128983668,17.375462251042677,4033.0,4044.0
1026,11,48,12,49,0.2002557759513841,186.42310544378097,0.2002557759513841,186.42310544378097,4034.0,1425.0
3119,41,86,42,87,0.19892462978724096,28.69145284169417,0.19892462978724096,28.69145284169417,4035.0,3720.0
2967,39,43,40,44,0.1988647938985772,115.08270218816142,0.1988647938985772,115.08270218816142,4036.0,1924.0
2751,35,57,36,58,0.19849737290065347,-175.47395153462912,0.19849737290065347,175.47395153462912,4037.0,1475.0
347,3,69,4,70,0.1984300030447386,458.7148207748578,0.1984300030447386,458.7148207748578,4038.0,621.0
2824,36,71,37,72,0.19816139531976945,49.00994511213378,0.19816139531976945,49.00994511213378,4039.0,3141.0
1990,23,82,24,83,0.19808244432411337,21.20880703482544,0.19808244432411337,21.20880703482544,4040.0,3941.0
2351,29,32,30,33,0.19787149324108233,-122.45065230416196,0.19787149324108233,122.45065230416196,4041.0,1848.0
2471,30,87,31,88,0.19768046669954192,76.88120118028928,0.19768046669954192,76.88120118028928,4042.0,2439.0
3865,58,67,59,68,0.19711037575614432,-66.37893995993863,0.19711037575614432,66.37893995993863,4043.0,2663.0
3260,44,71,45,72,0.19600780144141244,-277.4230367410846,0.19600780144141244,277.4230367410846,4044.0,1066.0
3188,43,50,44,51,0.19585842964442574,122.43228773057444,0.19585842964442574,122.43228773057444,4045.0,1849.0
1394,15,90,16,91,0.19537251988882556,-18.686861698297434,0.19537251988882556,18.686861698297434,4046.0,4003.0
4447,80,88,81,89,0.19533783873379362,19.47276939743142,0.19533783873379362,19.47276939743142,4047.0,3988.0
4551,91,93,92,94,0.19488312333846447,-91.12673026661103,0.19488312333846447,91.12673026661103,4048.0,2221.0
2641,33,68,34,69,0.19482486740367685,-27.894135986764468,0.19482486740367685,27.894135986764468,4049.0,3752.0
3168,42,82,43,83,0.19470946850653623,-649.2875434995372,0.19470946850653623,649.2875434995372,4050.0,300.0
4208,68,95,69,96,0.1941534103554462,-140.041107086804,0.1941534103554462,140.041107086804,4051.0,1711.0
1907,22,71,23,72,0.19326282226593977,-566.7099548206746,0.19326282226593977,566.7099548206746,4052.0,428.0
3641,52,80,53,81,0.192356629213274,54.3673246960534,0.192356629213274,54.3673246960534,4053.0,3008.0
17,0,18,1,19,0.19175901749694257,94.62551377806494,0.19175901749694257,94.62551377806494,4054.0,2170.0
3102,41,69,42,70,0.19158417964536334,-11.611602942481568,0.19158417964536334,11.611602942481568,4055.0,4197.0
364,3,86,4,87,0.19108955290286098,2.891703009673165,0.19108955290286098,2.891703009673165,4056.0,4459.0
3887,58,89,59,90,0.19038584300309258,-18.144187513787077,0.19038584300309258,18.144187513787077,4057.0,4019.0
4231,69,92,70,93,0.18929808756609426,63.152118960686494,0.18929808756609426,63.152118960686494,4058.0,2753.0
3855,57,94,58,95,0.1886918833912451,-223.9923504595646,0.1886918833912451,223.9923504595646,4059.0,1267.0
4546,90,92,91,93,0.1882814378365403,33.77964640398591,0.1882814378365403,33.77964640398591,4060.0,3579.0
904,9,95,10,96,0.1879721093298999,-357.2215357332116,0.1879721093298999,357.2215357332116,4061.0,831.0
842,9,33,10,34,0.18730065228166926,28.91013628595647,0.18730065228166926,28.91013628595647,4062.0,3715.0
1759,20,70,21,71,0.18710906536239946,-695.8800877457878,0.18710906536239946,695.8800877457878,4063.0,243.0
404,4,35,5,36,0.18656730462643356,-51.89295384956722,0.18656730462643356,51.89295384956722,4064.0,3071.0
557,6,9,7,10,0.1865518631067785,86.82569524334713,0.1865518631067785,86.82569524334713,4065.0,2286.0
1151,12,90,13,91,0.18583744376595893,79.5942143980019,0.18583744376595893,79.5942143980019,4066.0,2387.0
1132,12,71,13,72,0.1857718173074245,211.93245948731607,0.1857718173074245,211.93245948731607,4067.0,1319.0
4477,82,91,83,92,0.1854703963531883,-92.14870995448746,0.1854703963531883,92.14870995448746,4068.0,2202.0
2202,26,84,27,85,0.18523497544263923,29.365097827051613,0.18523497544263923,29.365097827051613,4069.0,3704.0
148,1,55,2,56,0.1851575187875948,-484.5097733553923,0.1851575187875948,484.5097733553923,4070.0,562.0
571,6,23,7,24,0.1849105790014967,53.51666007048743,0.1849105790014967,53.51666007048743,4071.0,3026.0
720,7,84,8,85,0.18479539024600455,-161.15671010408346,0.18479539024600455,161.15671010408346,4072.0,1566.0
2310,28,57,29,58,0.18395913544717998,23.95659734149785,0.18395913544717998,23.95659734149785,4073.0,3859.0
2295,28,42,29,43,0.1837427985115274,36.54336830715374,0.1837427985115274,36.54336830715374,4074.0,3501.0
1056,11,78,12,79,0.18350054410588923,781.129231946399,0.18350054410588923,781.129231946399,4075.0,185.0
2791,36,38,37,39,0.18304327587868158,141.89747629026715,0.18304327587868158,141.89747629026715,4076.0,1693.0
1201,13,58,14,59,0.1828576040576667,-134.64297102524142,0.1828576040576667,134.64297102524142,4077.0,1746.0
249,2,63,3,64,0.18279135495721066,-152.81992196275314,0.18279135495721066,152.81992196275314,4078.0,1621.0
2001,23,93,24,94,0.1822710753675394,-58.55741654813073,0.1822710753675394,58.55741654813073,4079.0,2888.0
1373,15,69,16,70,0.182207005513809,-40.624469046260856,0.182207005513809,40.624469046260856,4080.0,3380.0
4520,86,92,87,93,0.18195763742421664,-89.61967179477426,0.18195763742421664,89.61967179477426,4081.0,2243.0
4207,68,94,69,95,0.18178599839550943,-30.40105705320821,0.18178599839550943,30.40105705320821,4082.0,3682.0
1694,19,80,20,81,0.1817465618128014,-27.55393883923489,0.1817465618128014,27.55393883923489,4083.0,3762.0
914,10,20,11,21,0.18111981045454006,-634.066427078183,0.18111981045454006,634.066427078183,4084.0,323.0
2983,39,59,40,60,0.18109085760518673,-262.97273504608324,0.18109085760518673,262.97273504608324,4085.0,1125.0
2912,38,44,39,45,0.18088968200032457,-81.02142297062574,0.18088968200032457,81.02142297062574,4086.0,2372.0
2610,33,37,34,38,0.179288745091561,-492.6474247632449,0.179288745091561,492.6474247632449,4087.0,549.0
368,3,90,4,91,0.17914952235789597,85.48424725592349,0.17914952235789597,85.48424725592349,4088.0,2301.0
3180,42,94,43,95,0.17901005056746228,59.55595960014762,0.17901005056746228,59.55595960014762,4089.0,2858.0
440,4,71,5,72,0.17872699754991245,-428.807193264367,0.17872699754991245,428.807193264367,4090.0,679.0
3874,58,76,59,77,0.17869188054553542,-569.4368101712749,0.17869188054553542,569.4368101712749,4091.0,419.0
2906,37,95,38,96,0.17861728804333035,55.12193301512343,0.17861728804333035,55.12193301512343,4092.0,2986.0
1874,22,38,23,39,0.1781447028248519,49.971484206189416,0.1781447028248519,49.971484206189416,4093.0,3114.0
3919,59,85,60,86,0.17797584233571973,-422.809557538762,0.17797584233571973,422.809557538762,4094.0,689.0
1096,12,35,13,36,0.1779315102309034,-42.32579829739234,0.1779315102309034,42.32579829739234,4095.0,3331.0
3969,61,66,62,67,0.17759553265001937,-36.605898364583936,0.17759553265001937,36.605898364583936,4096.0,3500.0
2321,28,68,29,69,0.17705325045144432,1438.8329254719254,0.17705325045144432,1438.8329254719254,4097.0,15.0
2383,29,64,30,65,0.17689393973278422,43.25867709656541,0.17689393973278422,43.25867709656541,4098.0,3299.0
1332,15,28,16,29,0.17668496553785443,-146.6880438354949,0.17668496553785443,146.6880438354949,4099.0,1657.0
2770,35,76,36,77,0.1753443085183588,-85.25172167877372,0.1753443085183588,85.25172167877372,4100.0,2305.0
1590,18,52,19,53,0.17529972735677385,-10.011127249331366,0.17529972735677385,10.011127249331366,4101.0,4249.0
3155,42,69,43,70,0.17514917254013604,9.139321559604014,0.17514917254013604,9.139321559604014,4102.0,4276.0
2008,24,29,25,30,0.1748851723653866,-468.9113184231544,0.1748851723653866,468.9113184231544,4103.0,603.0
1390,15,86,16,87,0.17486655537193138,-63.024763274128645,0.17486655537193138,63.024763274128645,4104.0,2755.0
79,0,80,1,81,0.1747021156404424,118.2840657906413,0.1747021156404424,118.2840657906413,4105.0,1886.0
891,9,82,10,83,0.17337999778416183,42.72038794736227,0.17337999778416183,42.72038794736227,4106.0,3317.0
2092,25,43,26,44,0.17273045773157075,2.5213199165809783,0.17273045773157075,2.5213199165809783,4107.0,4475.0
639,6,91,7,92,0.17229853103057163,14.294567620025646,0.17229853103057163,14.294567620025646,4108.0,4126.0
980,10,86,11,87,0.17222599324670768,-307.15789224128093,0.17222599324670768,307.15789224128093,4109.0,976.0
3115,41,82,42,83,0.17202388367896315,67.3650291243548,0.17202388367896315,67.3650291243548,4110.0,2645.0
1398,15,94,16,95,0.1719522175937893,12.097726458246145,0.1719522175937893,12.097726458246145,4111.0,4183.0
1260,14,36,15,37,0.1719223930457457,96.41253491170028,0.1719223930457457,96.41253491170028,4112.0,2134.0
1178,13,35,14,36,0.1711785850062275,79.1418232393919,0.1711785850062275,79.1418232393919,4113.0,2397.0
2421,30,37,31,38,0.17116949443417254,-717.4136483462011,0.17116949443417254,717.4136483462011,4114.0,223.0
483,5,24,6,25,0.1708137168401822,55.80962624145832,0.1708137168401822,55.80962624145832,4115.0,2966.0
1268,14,44,15,45,0.16976879916738868,-12.274883503847832,0.16976879916738868,12.274883503847832,4116.0,4179.0
2345,28,92,29,93,0.16959388348556917,132.46817825403468,0.16959388348556917,132.46817825403468,4117.0,1772.0
523,5,64,6,65,0.16880494947278457,543.8930225522636,0.16880494947278457,543.8930225522636,4118.0,460.0
3172,42,86,43,87,0.16780872239825842,-420.028309685721,0.16780872239825842,420.028309685721,4119.0,696.0
4428,79,84,80,85,0.1675205637169518,115.705363677278,0.1675205637169518,115.705363677278,4120.0,1919.0
4264,71,76,72,77,0.1675040014418377,639.286636173126,0.1675040014418377,639.286636173126,4121.0,309.0
427,4,58,5,59,0.16746888443746066,-375.0757467703697,0.16746888443746066,375.0757467703697,4122.0,787.0
2800,36,47,37,48,0.16709430305743883,-138.80601112716943,0.16709430305743883,138.80601112716943,4123.0,1721.0
1246,14,22,15,23,0.167023819991916,48.89163430697636,0.167023819991916,48.89163430697636,4124.0,3142.0
3181,42,95,43,96,0.1666426386075255,52.163596819178565,0.1666426386075255,52.163596819178565,4125.0,3063.0
2905,37,94,38,95,0.1662498760833936,61.311750056414894,0.1662498760833936,61.311750056414894,4126.0,2812.0
4250,70,86,71,87,0.16623673833884828,-29.318705474207263,0.16623673833884828,29.318705474207263,4127.0,3707.0
2615,33,42,34,43,0.16597118155929486,-233.7781894560021,0.16597118155929486,233.7781894560021,4128.0,1224.0
3068,40,89,41,90,0.16571988327974585,67.62655850986994,0.16571988327974585,67.62655850986994,4129.0,2638.0
38,0,39,1,40,0.16551596805042862,504.63956201904193,0.16551596805042862,504.63956201904193,4130.0,530.0
3851,57,90,58,91,0.16527158109620885,45.00855686684645,0.16527158109620885,45.00855686684645,4131.0,3258.0
3236,44,47,45,48,0.16494070917908182,-134.17187177956112,0.16494070917908182,134.17187177956112,4132.0,1751.0
963,10,69,11,70,0.16488554310483006,45.04215181860809,0.16488554310483006,45.04215181860809,4133.0,3253.0
4555,92,94,93,95,0.16486113554150406,158.96341535389638,0.16486113554150406,158.96341535389638,4134.0,1579.0
1557,18,19,19,20,0.16468965995630125,-21.337482263973925,0.16468965995630125,21.337482263973925,4135.0,3937.0
407,4,38,5,39,0.16360887810882457,62.25735755397545,0.16360887810882457,62.25735755397545,4136.0,2788.0
2378,29,59,30,60,0.16354412334898039,-694.784031439293,0.16354412334898039,694.784031439293,4137.0,244.0
1214,13,71,14,72,0.1633382779297064,-59.158029646674095,0.1633382779297064,59.158029646674095,4138.0,2871.0
4084,64,85,65,86,0.16246222074604488,-166.00980770674073,0.16246222074604488,166.00980770674073,4139.0,1540.0
1883,22,47,23,48,0.16219573000360915,75.01919610162395,0.16219573000360915,75.01919610162395,4140.0,2480.0
803,8,80,9,81,0.16211098843808236,53.17305391675859,0.16211098843808236,53.17305391675859,4141.0,3037.0
2290,28,37,29,38,0.16151712813932848,-23.787646553581908,0.16151712813932848,23.787646553581908,4142.0,3865.0
2101,25,52,26,53,0.1609794612739971,-492.3303207380925,0.1609794612739971,492.3303207380925,4143.0,550.0
306,3,28,4,29,0.16046196800692483,32.99826114555208,0.16046196800692483,32.99826114555208,4144.0,3606.0
2064,24,85,25,86,0.16045345337864725,-521.8315372266381,0.16045345337864725,521.8315372266381,4145.0,499.0
3476,48,93,49,94,0.1603591231275281,-355.24358412378456,0.1603591231275281,355.24358412378456,4146.0,837.0
4496,84,87,85,88,0.16017226828686215,20.091953177651703,0.16017226828686215,20.091953177651703,4147.0,3975.0
1399,15,95,16,96,0.15958480563385255,-5.397648047008715,0.15958480563385255,5.397648047008715,4148.0,4384.0
1337,15,33,16,34,0.1589133485856219,-359.4021704877091,0.1589133485856219,359.4021704877091,4149.0,827.0
4209,69,70,70,71,0.15889628819697066,-16.123321260411558,0.15889628819697066,16.123321260411558,4150.0,4074.0
589,6,41,7,42,0.1588520183563465,117.1231151523216,0.1588520183563465,117.1231151523216,4151.0,1897.0
1581,18,43,19,44,0.158410191648794,-468.98546374446937,0.158410191648794,468.98546374446937,4152.0,602.0
4203,68,90,69,91,0.15836569610047319,-100.97975916657153,0.15836569610047319,100.97975916657153,4153.0,2071.0
2761,35,67,36,68,0.1569258133077499,-64.22278657310562,0.1569258133077499,64.22278657310562,4154.0,2727.0
3968,61,65,62,66,0.15678671510246933,-161.66363117052697,0.15678671510246933,161.66363117052697,4155.0,1560.0
2259,27,73,28,74,0.15669792636445212,-607.9147961320502,0.15669792636445212,607.9147961320502,4156.0,363.0
1012,11,34,12,35,0.15598288438171104,39.27947464724457,0.15598288438171104,39.27947464724457,4157.0,3420.0
372,3,94,4,95,0.15572922006285972,-248.6254450753686,0.15572922006285972,248.6254450753686,4158.0,1175.0
2452,30,68,31,69,0.1556333721220567,-12.592056231696915,0.1556333721220567,12.592056231696915,4159.0,4171.0
1730,20,41,21,42,0.15442117391400678,19.63587820205612,0.15442117391400678,19.63587820205612,4160.0,3984.0
2862,37,51,38,52,0.15419577753839528,18.743481069739573,0.15419577753839528,18.743481069739573,4161.0,4002.0
4462,81,89,82,90,0.15418494356895984,122.0652449409854,0.15418494356895984,122.0652449409854,4162.0,1854.0
878,9,69,10,70,0.15381970181776164,-33.940253528822495,0.15381970181776164,33.940253528822495,4163.0,3571.0
1894,22,58,23,59,0.15293305972143334,-584.3164786052055,0.15293305972143334,584.3164786052055,4164.0,401.0
4556,92,95,93,96,0.1524937235815673,12.393964230022902,0.1524937235815673,12.393964230022902,4165.0,4175.0
383,4,14,5,15,0.1524879952758887,69.7851448737947,0.1524879952758887,69.7851448737947,4166.0,2592.0
2944,38,76,39,77,0.15238588200074982,1.3360940186867083,0.15238588200074982,1.3360940186867083,4167.0,4521.0
3025,40,46,41,47,0.15231571025618806,-111.10586401323552,0.15231571025618806,111.10586401323552,4168.0,1967.0
153,1,60,2,61,0.15213109692643978,303.3607127917444,0.15213109692643978,303.3607127917444,4169.0,990.0
2665,33,92,34,93,0.15182226653333664,-559.9889414533652,0.15182226653333664,559.9889414533652,4170.0,433.0
813,8,90,9,91,0.15137826057905873,89.94150436871678,0.15137826057905873,89.94150436871678,4171.0,2234.0
598,6,50,7,51,0.15132757752664222,80.928844373027,0.15132757752664222,80.928844373027,4172.0,2374.0
4170,67,84,68,85,0.15115703590432172,0.7574606080197555,0.15115703590432172,0.7574606080197555,4173.0,4539.0
1639,19,25,20,26,0.1503693938735245,-895.5896232546052,0.1503693938735245,895.5896232546052,4174.0,114.0
1497,17,36,18,37,0.1502960466551625,44.37664438824004,0.1502960466551625,44.37664438824004,4175.0,3271.0
3247,44,58,45,59,0.15018808054596067,-179.20658016582365,0.15018808054596067,179.20658016582365,4176.0,1460.0
4157,67,71,68,72,0.1490855062312288,615.4313117014669,0.1490855062312288,615.4313117014669,4177.0,352.0
2441,30,57,31,58,0.14872748712632103,51.485360690425296,0.14872748712632103,51.485360690425296,4178.0,3080.0
2057,24,78,25,79,0.14838129821792312,-741.5595060117394,0.14838129821792312,741.5595060117394,4179.0,204.0
1181,13,38,14,39,0.14822015848861853,-85.1961470391359,0.14822015848861853,85.1961470391359,4180.0,2306.0
1505,17,44,18,45,0.1481424527768055,-220.48438466131665,0.1481424527768055,220.48438466131665,4181.0,1283.0
2811,36,58,37,59,0.14803448666760366,332.57250952091186,0.14803448666760366,332.57250952091186,4182.0,898.0
1423,16,40,17,41,0.1479481884972731,-735.6347647675552,0.1479481884972731,735.6347647675552,4183.0,211.0
2781,35,87,36,88,0.14791058092520948,-158.80148868646938,0.14791058092520948,158.80148868646938,4184.0,1584.0
416,4,47,5,48,0.14765990528758183,36.70668321986841,0.14765990528758183,36.70668321986841,4185.0,3499.0
109,1,16,2,17,0.1474924146106772,904.3248222682844,0.1474924146106772,904.3248222682844,4186.0,111.0
2550,32,39,33,40,0.14676348771308478,169.02844709111423,0.14676348771308478,169.02844709111423,4187.0,1523.0
895,9,86,10,87,0.14647925167588402,28.54795945055093,0.14647925167588402,28.54795945055093,4188.0,3722.0
4077,64,78,65,79,0.14637253085052548,-81.38366850872853,0.14637253085052548,81.38366850872853,4189.0,2363.0
1483,17,22,18,23,0.14539747360133282,25.65319804383944,0.14539747360133282,25.65319804383944,4190.0,3811.0
976,10,82,11,83,0.14532524713842987,506.9509614662966,0.14532524713842987,506.9509614662966,4191.0,524.0
741,8,18,9,19,0.1450540865815822,30.961257187591173,0.1450540865815822,30.961257187591173,4192.0,3668.0
3012,39,88,40,89,0.1448802449570774,155.8999092673589,0.1448802449570774,155.8999092673589,4193.0,1603.0
1534,17,73,18,74,0.14394310660090898,39.05481181429786,0.14394310660090898,39.05481181429786,4194.0,3430.0
2699,34,65,35,66,0.1437945442384203,107.18571391244814,0.1437945442384203,107.18571391244814,4195.0,2002.0
373,3,95,4,96,0.14336180810292296,-405.97962176117846,0.14336180810292296,405.97962176117846,4196.0,725.0
3039,40,60,41,61,0.1433095061815105,-451.6961126877875,0.1433095061815105,451.6961126877875,4197.0,636.0
139,1,46,2,47,0.14312489285176222,483.55623441093326,0.14312489285176222,483.55623441093326,4198.0,568.0
2901,37,90,38,91,0.14282957378835734,-787.4240814728888,0.14282957378835734,787.4240814728888,4199.0,183.0
311,3,33,4,34,0.1426903510546923,57.64624262604775,0.1426903510546923,57.64624262604775,4200.0,2913.0
3218,43,80,44,81,0.14135328979229383,-233.05376708249327,0.14135328979229383,233.05376708249327,4201.0,1226.0
1300,14,76,15,77,0.14126499916781393,28.115046300029007,0.14126499916781393,28.115046300029007,4202.0,3741.0
1780,20,91,21,92,0.14097466123978164,6.362870958049598,0.14097466123978164,6.362870958049598,4203.0,4369.0
3369,46,81,47,82,0.14078077054540206,208.79348853687293,0.14078077054540206,208.79348853687293,4204.0,1334.0
1951,23,43,24,44,0.1403797268837132,174.60714920447776,0.1403797268837132,174.60714920447776,4205.0,1479.0
4275,71,87,72,88,0.14007027384868836,283.79473937676704,0.14007027384868836,283.79473937676704,4206.0,1047.0
1007,11,29,12,30,0.13976592647742048,156.49029534730414,0.13976592647742048,156.49029534730414,4207.0,1600.0
4246,70,82,71,83,0.13933599223057047,-407.7782581586987,0.13933599223057047,407.7782581586987,4208.0,720.0
2176,26,58,27,59,0.13928163559081663,-173.9321846765298,0.13928163559081663,173.9321846765298,4209.0,1484.0
694,7,58,8,59,0.13884205039418196,-115.51450190418244,0.13884205039418196,115.51450190418244,4210.0,1920.0
3586,51,68,52,69,0.13865965522627943,-59.05265364799243,0.13865965522627943,59.05265364799243,4211.0,2876.0
4516,86,88,87,89,0.13858801249017777,6.916115674640878,0.13858801249017777,6.916115674640878,4212.0,4344.0
3556,50,82,51,83,0.13815571220402556,1.4982954969002549,0.13815571220402556,1.4982954969002549,4213.0,4516.0
3526,50,52,51,53,0.1378514893611421,-91.60471622738623,0.1378514893611421,91.60471622738623,4214.0,2216.0
2222,27,36,28,37,0.13754122689161935,-107.63128705865938,0.13754122689161935,107.63128705865938,4215.0,1995.0
2559,32,48,33,49,0.1373816437671187,-58.433401165075566,0.1373816437671187,58.433401165075566,4216.0,2892.0
1157,13,14,14,15,0.13709927565568264,-174.2922033456307,0.13709927565568264,174.2922033456307,4217.0,1482.0
1227,13,84,14,85,0.13690426420584412,468.8363344781248,0.13690426420584412,468.8363344781248,4218.0,604.0
3412,47,76,48,77,0.13643690917950707,211.70675192256505,0.13643690917950707,211.70675192256505,4219.0,1320.0
1464,16,81,17,82,0.13641324878648708,868.2958871626163,0.13641324878648708,868.2958871626163,4220.0,135.0
2230,27,44,28,45,0.13538763301326234,-200.75175603012207,0.13538763301326234,200.75175603012207,4221.0,1362.0
2237,27,51,28,52,0.13520407817478092,-267.5120002243942,0.13520407817478092,267.5120002243942,4222.0,1105.0
358,3,80,4,81,0.13433972665924512,27.95207490079747,0.13433972665924512,27.95207490079747,4223.0,3749.0
2935,38,67,39,68,0.13396738679014092,37.422899335691454,0.13396738679014092,37.422899335691454,4224.0,3477.0
3445,48,62,49,63,0.13281967093609448,1045.7518934355153,0.13281967093609448,1045.7518934355153,4225.0,63.0
4377,76,84,77,85,0.13273854069371283,26.69959039668356,0.13273854069371283,26.69959039668356,4226.0,3787.0
2884,37,73,38,74,0.13270192934872407,52.74577664143726,0.13270192934872407,52.74577664143726,4227.0,3048.0
751,8,28,9,29,0.1326907062280876,221.3582798146529,0.1326907062280876,221.3582798146529,4228.0,1280.0
1863,22,27,23,28,0.13264265383778967,262.1859200205379,0.13264265383778967,262.1859200205379,4229.0,1127.0
2501,31,53,32,54,0.13246831409974735,11.321069748601984,0.13246831409974735,11.321069748601984,4230.0,4204.0
1190,13,47,14,48,0.13227118566737578,18.308409752912667,0.13227118566737578,18.308409752912667,4231.0,4013.0
558,6,10,7,11,0.1321533818158132,673.7044563508666,0.1321533818158132,673.7044563508666,4232.0,272.0
3950,60,81,61,82,0.1317745664707245,482.6488817112287,0.1317745664707245,482.6488817112287,4233.0,570.0
3575,51,57,52,58,0.13175377023054377,33.78778395897524,0.13175377023054377,33.78778395897524,4234.0,3578.0
1704,19,90,20,91,0.13174268720433968,-194.82339967164896,0.13174268720433968,194.82339967164896,4235.0,1394.0
4227,69,88,70,89,0.13124756234830015,50.5711899783214,0.13124756234830015,50.5711899783214,4236.0,3107.0
386,4,17,5,18,0.1308616488853055,29.99694160296167,0.1308616488853055,29.99694160296167,4237.0,3688.0
748,8,25,9,26,0.13073382049880544,50.83501493553422,0.13073382049880544,50.83501493553422,4238.0,3098.0
182,1,89,2,90,0.12972071982820443,57.33261630979087,0.12972071982820443,57.33261630979087,4239.0,2918.0
1712,20,23,21,24,0.12836261326885656,-28.449744977750925,0.12836261326885656,28.449744977750925,4240.0,3726.0
573,6,25,7,26,0.12819960561378724,-26.477291838131805,0.12819960561378724,26.477291838131805,4241.0,3792.0
1091,12,30,13,31,0.12816162445657095,75.29902135802877,0.12816162445657095,75.29902135802877,4242.0,2473.0
817,8,94,9,95,0.12795795828402248,48.74250504063184,0.12795795828402248,48.74250504063184,4243.0,3150.0
3229,43,91,44,92,0.12776767891278812,127.5908740944992,0.12776767891278812,127.5908740944992,4244.0,1803.0
1664,19,50,20,51,0.1272414219606695,29.43465200496962,0.1272414219606695,29.43465200496962,4245.0,3702.0
3409,47,73,48,74,0.12714485019863264,-597.0907710404542,0.12714485019863264,597.0907710404542,4246.0,379.0
618,6,70,7,71,0.1261641269079538,-286.2551306849732,0.1261641269079538,286.2551306849732,4247.0,1042.0
1063,11,85,12,86,0.12533420749068114,277.0516089161881,0.12533420749068114,277.0516089161881,4248.0,1067.0
4451,80,92,81,93,0.1252078111806008,74.01085243854504,0.1252078111806008,74.01085243854504,4249.0,2506.0
2955,38,87,39,88,0.12495215440760049,52.94720894661441,0.12495215440760049,52.94720894661441,4250.0,3041.0
3763,55,79,56,80,0.12425541809735374,45.27842991544003,0.12425541809735374,45.27842991544003,4251.0,3244.0
3017,39,93,40,94,0.12378600835267539,-764.0485161678014,0.12378600835267539,764.0485161678014,4252.0,194.0
3707,54,63,55,64,0.12334038352940158,101.03867410971225,0.12334038352940158,101.03867410971225,4253.0,2068.0
1291,14,67,15,68,0.12284650395720503,126.25972182836996,0.12284650395720503,126.25972182836996,4254.0,1812.0
1512,17,51,18,52,0.12244925841123777,-38.58057837320485,0.12244925841123777,38.58057837320485,4255.0,3444.0
1297,14,73,15,74,0.12231676021032578,69.87195019079809,0.12231676021032578,69.87195019079809,4256.0,2588.0
3877,58,79,59,80,0.12156722386512919,78.13723209599516,0.12156722386512919,78.13723209599516,4257.0,2421.0
453,4,84,5,85,0.12151554458563807,44.36391568985391,0.12151554458563807,44.36391568985391,4258.0,3272.0
3651,52,90,53,91,0.1211326198038671,560.372259352933,0.1211326198038671,560.372259352933,4259.0,432.0
1827,21,64,22,65,0.12107122731039932,18.34200470467431,0.12107122731039932,18.34200470467431,4260.0,4012.0
2013,24,34,25,35,0.12086363849374493,70.07922447926558,0.12086363849374493,70.07922447926558,4261.0,2585.0
1537,17,76,18,77,0.11963865277723074,47.7573919053234,0.11963865277723074,47.7573919053234,4262.0,3180.0
1787,21,24,22,25,0.11906245994300169,-114.58259913411672,0.11906245994300169,114.58259913411672,4263.0,1930.0
2698,34,64,35,65,0.1188548711263473,307.0330382345112,0.1188548711263473,307.0330382345112,4264.0,977.0
3543,50,69,51,70,0.11859541623762537,-38.02837838841788,0.11859541623762537,38.02837838841788,4265.0,3461.0
2216,27,30,28,31,0.11823036127900366,46.44021917747341,0.11823036127900366,46.44021917747341,4266.0,3216.0
1384,15,80,16,81,0.11811672912831553,62.32225188579969,0.11811672912831553,62.32225188579969,4267.0,2785.0
396,4,27,5,28,0.11810682912176235,-396.0016014490548,0.11810682912176235,396.0016014490548,4268.0,741.0
3403,47,67,48,68,0.11801841396889817,216.8224923452377,0.11801841396889817,216.8224923452377,4269.0,1300.0
85,0,86,1,87,0.11795228939682656,712.3698950785381,0.11795228939682656,712.3698950785381,4270.0,226.0
296,3,18,4,19,0.11728282480274496,-470.8789056085903,0.11728282480274496,470.8789056085903,4271.0,601.0
2994,39,70,40,71,0.1172315191084069,-28.052516242599324,0.1172315191084069,28.052516242599324,4272.0,3744.0
4186,68,73,69,74,0.11716580703660823,-111.61980920016732,0.11716580703660823,111.61980920016732,4273.0,1964.0
1811,21,48,22,49,0.11631256189634853,-371.18571391244814,0.11631256189634853,371.18571391244814,4274.0,800.0
4107,65,78,66,79,0.11627688451424212,-529.3685068332509,0.11627688451424212,529.3685068332509,4275.0,483.0
818,8,95,9,96,0.11559054632408572,37.63949331634535,0.11559054632408572,37.63949331634535,4276.0,3473.0
1160,13,17,14,18,0.11547292926509944,-282.45656299014945,0.11547292926509944,282.45656299014945,4277.0,1049.0
2131,25,82,26,83,0.11502774029117058,-225.6266272125661,0.11502774029117058,225.6266272125661,4278.0,1258.0
756,8,33,9,34,0.11491908927585506,91.9819860355733,0.11491908927585506,91.9819860355733,4279.0,2205.0
3076,41,43,42,44,0.11432116623856298,36.242539391980245,0.11432116623856298,36.242539391980245,4280.0,3507.0
566,6,18,7,19,0.11387933953101048,30.721501381863163,0.11387933953101048,30.721501381863163,4281.0,3673.0
1311,14,87,15,88,0.1138312715746646,3.0444473903066864,0.1138312715746646,3.0444473903066864,4282.0,4457.0
1642,19,28,20,29,0.11305513285336855,-84.16143865287336,0.11305513285336855,84.16143865287336,4283.0,2322.0
4474,82,88,83,89,0.11168726638189996,122.73207191394432,0.11168726638189996,122.73207191394432,4284.0,1843.0
3560,50,86,51,87,0.11125496609574775,12.467064819533787,0.11125496609574775,12.467064819533787,4285.0,4174.0
933,10,39,11,40,0.1112422642005475,-52.42755918178455,0.1112422642005475,52.42755918178455,4286.0,3057.0
1748,20,59,21,60,0.11121331135119417,-423.2261955793049,0.11121331135119417,423.2261955793049,4287.0,688.0
2941,38,73,39,74,0.1111958773773899,71.34416287097883,0.1111958773773899,71.34416287097883,4288.0,2549.0
1112,12,51,13,52,0.11118790756079369,226.4602468071351,0.11118790756079369,226.4602468071351,4289.0,1256.0
3166,42,80,43,81,0.11105889615464257,62.88697446088372,0.11105889615464257,62.88697446088372,4290.0,2760.0
3789,56,66,57,67,0.11077982804539088,-60.35939324915398,0.11077982804539088,60.35939324915398,4291.0,2833.0
68,0,69,1,70,0.11061183925494894,3.668359719316868,0.11061183925494894,3.668359719316868,4292.0,4433.0
3034,40,55,41,56,0.1102830843203555,227.7750552605891,0.1102830843203555,227.7750552605891,4293.0,1251.0
3834,57,73,58,74,0.11025992204087257,-458.1694388024696,0.11025992204087257,458.1694388024696,4294.0,622.0
3423,47,87,48,88,0.10900318158635774,508.0736573067611,0.10900318158635774,508.0736573067611,4295.0,522.0
1708,19,94,20,95,0.10832238490930345,62.716910238466426,0.10832238490930345,62.716910238466426,4296.0,2767.0
1630,18,92,19,93,0.10815090932410062,76.7064771117789,0.10815090932410062,76.7064771117789,4297.0,2446.0
773,8,50,9,51,0.10760584858595046,236.30847845560925,0.10760584858595046,236.30847845560925,4298.0,1212.0
22,0,23,1,24,0.10703090103556462,57.92182025253851,0.10703090103556462,57.92182025253851,4299.0,2904.0
691,7,55,8,56,0.10698059156830098,46.80371555547117,0.10698059156830098,46.80371555547117,4300.0,3206.0
1920,22,84,23,85,0.10697971986961075,20.701885968381703,0.10697971986961075,20.701885968381703,4301.0,3951.0
2262,27,76,28,77,0.10688383301368759,-3.4194216267953834,0.10688383301368759,3.4194216267953834,4302.0,4442.0
177,1,84,2,85,0.10661846302671074,25.30374990681912,0.10661846302671074,25.30374990681912,4303.0,3823.0
2173,26,55,27,56,0.1065410063716663,-421.5294574715704,0.1065410063716663,421.5294574715704,4304.0,692.0
3387,47,51,48,52,0.10565100200896144,-316.17173437416795,0.10565100200896144,316.17173437416795,4305.0,940.0
1491,17,30,18,31,0.10547554151546051,-919.4599719963488,0.10547554151546051,919.4599719963488,4306.0,101.0
4000,62,64,63,65,0.10456411827065337,-1.3593245464571737,0.10456411827065337,1.3593245464571737,4307.0,4520.0
3273,44,84,45,85,0.10423474069413807,-161.20887573752202,0.10423474069413807,161.20887573752202,4308.0,1565.0
3442,48,59,49,60,0.10305427387501676,-180.39869277881303,0.10305427387501676,180.39869277881303,4309.0,1449.0
303,3,25,4,26,0.1029625587199682,13.87890560859023,0.1029625587199682,13.87890560859023,4310.0,4137.0
1170,13,27,14,28,0.1027181095015563,49.22737771650236,0.1027181095015563,49.22737771650236,4311.0,3138.0
861,9,52,10,53,0.10262720378100583,52.12200171782069,0.10262720378100583,52.12200171782069,4312.0,3064.0
2041,24,62,25,63,0.10255535090325574,-255.17994063185392,0.10255535090325574,255.17994063185392,4313.0,1148.0
2305,28,52,29,53,0.10244506545289596,-65.92766223582976,0.10244506545289596,65.92766223582976,4314.0,2678.0
2837,36,84,37,85,0.10208114681578107,37.78410014198971,0.10208114681578107,37.78410014198971,4315.0,3468.0
1528,17,67,18,68,0.10122015756662184,82.8441972223277,0.10122015756662184,82.8441972223277,4316.0,2343.0
1322,15,18,16,19,0.10105982727181537,-13.117547979817118,0.10105982727181537,13.117547979817118,4317.0,4157.0
1275,14,51,15,52,0.10082291202065458,-3.1361186614944927,0.10082291202065458,3.1361186614944927,4318.0,4452.0
1620,18,82,19,83,0.10070747420839382,31.240037712192134,0.10070747420839382,31.240037712192134,4319.0,3656.0
3765,55,81,56,82,0.09874814460956949,-240.9530509299052,0.09874814460956949,240.9530509299052,4320.0,1198.0
636,6,88,7,89,0.0985154010592833,189.8697920244931,0.0985154010592833,189.8697920244931,4321.0,1410.0
258,2,72,3,73,0.09847617461822389,889.248381375271,0.09847617461822389,889.248381375271,4322.0,120.0
3655,52,94,53,95,0.09771231750883086,38.27474609845467,0.09771231750883086,38.27474609845467,4323.0,3453.0
628,6,80,7,81,0.09682243767451032,71.0004193118566,0.09682243767451032,71.0004193118566,4324.0,2554.0
4261,71,73,72,74,0.09607775793630202,-631.6625177360261,0.09607775793630202,631.6625177360261,4325.0,329.0
3314,45,75,46,76,0.09596954277033154,-727.2273090138059,0.09596954277033154,727.2273090138059,4326.0,215.0
1709,19,95,20,96,0.09595497294936667,28.62662721256584,0.09595497294936667,28.62662721256584,4327.0,3721.0
2118,25,69,26,70,0.09546744432477039,12.883565454683776,0.09546744432477039,12.883565454683776,4328.0,4164.0
1647,19,33,20,34,0.09528351590113601,-417.2308554253984,0.09528351590113601,417.2308554253984,4329.0,701.0
90,0,91,1,92,0.09441885306463954,276.96243932478865,0.09441885306463954,276.96243932478865,4330.0,1068.0
1580,18,42,19,43,0.0940019942981424,50.890452169778655,0.0940019942981424,50.890452169778655,4331.0,3095.0
524,5,65,6,66,0.09384446589198303,6.408012470999893,0.09384446589198303,6.408012470999893,4332.0,4365.0
2141,25,92,26,93,0.09383064324132387,-628.6011698157938,0.09383064324132387,628.6011698157938,4333.0,333.0
1548,17,87,18,88,0.09220492518408141,109.3974419389192,0.09220492518408141,109.3974419389192,4334.0,1981.0
828,9,19,10,20,0.09201713638053324,-55.6291288923544,0.09201713638053324,55.6291288923544,4335.0,2973.0
3948,60,79,61,80,0.09122899623619873,406.30166044321055,0.09122899623619873,406.30166044321055,4336.0,724.0
81,0,82,1,83,0.09105154328854875,43.05620005958485,0.09105154328854875,43.05620005958485,4337.0,3310.0
889,9,80,10,81,0.08972942543226817,-635.01321671294,0.08972942543226817,635.01321671294,4338.0,318.0
2919,38,51,39,52,0.08970202918771869,28.99812374015892,0.08970202918771869,28.99812374015892,4339.0,3713.0
1134,12,73,13,74,0.08969405937112249,-79.27940594454788,0.08969405937112249,79.27940594454788,4340.0,2393.0
2431,30,47,31,48,0.08867728511318418,54.85574378351703,0.08867728511318418,54.85574378351703,4341.0,2990.0
2253,27,67,28,68,0.08846533780307869,289.4648379505319,0.08846533780307869,289.4648379505319,4342.0,1034.0
2767,35,73,36,74,0.08823745085978091,-104.80614853256247,0.08823745085978091,104.80614853256247,4343.0,2027.0
2135,25,86,26,87,0.08812699418289277,-521.9565286388013,0.08812699418289277,521.9565286388013,4344.0,498.0
937,10,43,11,44,0.0876225296980297,123.06879135257805,0.0876225296980297,123.06879135257805,4345.0,1841.0
1329,15,25,16,26,0.08673956118903861,-403.2019203197301,0.08673956118903861,403.2019203197301,4346.0,730.0
1462,16,79,17,80,0.08659031392043615,682.8039903662573,0.08659031392043615,682.8039903662573,4347.0,262.0
1996,23,88,24,89,0.08639517794221341,-44.5422548726533,0.08639517794221341,44.5422548726533,4348.0,3269.0
3656,52,95,53,96,0.08534490554889408,38.06872264988124,0.08534490554889408,38.06872264988124,4349.0,3459.0
2625,33,52,34,53,0.08467344850066344,-627.1428679711964,0.08467344850066344,627.1428679711964,4350.0,334.0
3224,43,86,44,87,0.08460346354867798,42.09890859544339,0.08460346354867798,42.09890859544339,4351.0,3340.0
2965,39,41,40,42,0.08454362766001422,-0.9648035991835968,0.08454362766001422,0.9648035991835968,4352.0,4534.0
999,11,21,12,22,0.08394321405503558,589.5539388392349,0.08394321405503558,589.5539388392349,4353.0,396.0
1254,14,30,15,31,0.08384919512487732,-791.2678593833593,0.08384919512487732,791.2678593833593,4354.0,180.0
4441,80,82,81,83,0.08365057235189366,108.2839970879445,0.08365057235189366,108.2839970879445,4355.0,1988.0
3367,46,79,47,80,0.08222279216152117,373.648813008532,0.08222279216152117,373.648813008532,4356.0,792.0
3208,43,70,44,71,0.0816332747901703,-6.579327533310334,0.0816332747901703,6.579327533310334,4357.0,4359.0
3138,42,52,43,53,0.08129773305863143,-660.5444817416549,0.08129773305863143,660.5444817416549,4358.0,291.0
1607,18,69,19,70,0.08114717824199363,-257.997010305658,0.08114717824199363,257.997010305658,4359.0,1142.0
40,0,41,1,42,0.0809723403904144,110.13013927281008,0.0809723403904144,110.13013927281008,4360.0,1972.0
328,3,50,4,51,0.07983458680711322,3.3697576731447043,0.07983458680711322,3.3697576731447043,4361.0,4445.0
2091,25,42,26,43,0.07968172821536565,-770.6775420061106,0.07968172821536565,770.6775420061106,4362.0,192.0
2273,27,87,28,88,0.07945010542053826,576.6349708756451,0.07945010542053826,576.6349708756451,4363.0,412.0
119,1,26,2,27,0.07861651241592849,107.85490515980185,0.07861651241592849,107.85490515980185,4364.0,1993.0
100,1,7,2,8,0.07817692721929381,-29.6279467551567,0.07817692721929381,29.6279467551567,4365.0,3698.0
5,0,6,1,7,0.07787967796593209,317.80155738916574,0.07787967796593209,317.80155738916574,4366.0,936.0
3207,43,69,44,70,0.07726301340680036,219.19746658172653,0.07726301340680036,219.19746658172653,4367.0,1288.0
1721,20,32,21,33,0.07688594145909222,117.46017810443846,0.07688594145909222,117.46017810443846,4368.0,1895.0
3468,48,85,49,86,0.07492156846070297,146.42894742707188,0.07492156846070297,146.42894742707188,4369.0,1660.0
3589,51,71,52,72,0.07458390974663082,-150.07101822157983,0.07458390974663082,150.07101822157983,4370.0,1642.0
1356,15,52,16,53,0.07423990008495847,-221.4773605408284,0.07423990008495847,221.4773605408284,4371.0,1278.0
696,7,60,8,61,0.07395416970714597,-42.80155738916574,0.07395416970714597,42.80155738916574,4372.0,3314.0
1624,18,86,19,87,0.07380672810011601,11.434514599576689,0.07380672810011601,11.434514599576689,4373.0,4199.0
4534,88,91,89,92,0.07378312997128833,1276.8259700541337,0.07378312997128833,1276.8259700541337,4374.0,29.0
3495,49,66,50,67,0.07376949411320566,38.80030654927168,0.07376949411320566,38.80030654927168,4375.0,3437.0
2178,26,60,27,61,0.0735145845105113,-203.4633810025481,0.0735145845105113,203.4633810025481,4376.0,1349.0
2422,30,38,31,39,0.07272831229194143,-841.1544145323851,0.07272831229194143,841.1544145323851,4377.0,150.0
827,9,18,10,19,0.072672523575768,-622.2817015162464,0.072672523575768,622.2817015162464,4378.0,344.0
732,8,9,9,10,0.07238156300581419,44.158029646674095,0.07238156300581419,44.158029646674095,4379.0,3274.0
2381,29,62,30,63,0.07232982146213085,-213.37553095373917,0.07232982146213085,213.37553095373917,4380.0,1316.0
3015,39,91,40,92,0.07109711498578908,-82.57578112171814,0.07109711498578908,82.57578112171814,4381.0,2348.0
3566,50,92,51,93,0.07070267132846889,-17.051471510794954,0.07070267132846889,17.051471510794954,4382.0,4050.0
1656,19,42,20,43,0.07068766565815884,-487.8801564484843,0.07068766565815884,487.8801564484843,4383.0,558.0
1728,20,39,21,40,0.06987754625399256,735.4301295642695,0.06987754625399256,735.4301295642695,4384.0,212.0
652,7,16,8,17,0.06931548739138338,-27.41267231709344,0.06931548739138338,27.41267231709344,4385.0,3767.0
1409,16,26,17,27,0.0688759021947487,488.60026248938254,0.0688759021947487,488.60026248938254,4386.0,556.0
4433,79,89,80,90,0.06881861913796339,110.0073747296492,0.06881861913796339,110.0073747296492,4387.0,1974.0
2221,27,35,28,36,0.06846047550467121,-117.7089100888702,0.06846047550467121,117.7089100888702,4388.0,1894.0
1040,11,62,12,63,0.06743610501528963,-519.3361627213833,0.06743610501528963,519.3361627213833,4389.0,504.0
3653,52,92,53,93,0.06714881803267321,355.14425621648354,0.06714881803267321,355.14425621648354,4390.0,838.0
2745,35,51,36,52,0.0667436026701097,-42.06538234637856,0.0667436026701097,42.06538234637856,4391.0,3342.0
682,7,46,8,47,0.06494796563246841,4.064200209181308,0.06494796563246841,4.064200209181308,4392.0,4419.0
2164,26,46,27,47,0.06450838043583373,95.79814838296636,0.06450838043583373,95.79814838296636,4393.0,2150.0
4219,69,80,70,81,0.06409027638549347,-171.1718030768645,0.06409027638549347,171.1718030768645,4394.0,1508.0
1323,15,19,16,20,0.06362983268448588,7.286567470429418,0.06362983268448588,7.286567470429418,4395.0,4331.0
1354,15,50,16,51,0.06361158927618363,333.4809756551174,0.06361158927618363,333.4809756551174,4396.0,892.0
172,1,79,2,80,0.060902100690241046,993.8386987525198,0.060902100690241046,993.8386987525198,4397.0,75.0
151,1,58,2,59,0.06066512317488815,-460.6370603392538,0.06066512317488815,460.6370603392538,4398.0,618.0
2257,27,71,28,72,0.0606201684281501,-23.1462769773957,0.0606201684281501,23.1462769773957,4399.0,3878.0
2367,29,48,30,49,0.06048984947396363,-47.97969046387493,0.06048984947396363,47.97969046387493,4400.0,3172.0
3121,41,88,42,89,0.06033661729706319,53.33157157798632,0.06033661729706319,53.33157157798632,4401.0,3030.0
1978,23,70,24,71,0.0587464520935429,-73.14648308548522,0.0587464520935429,73.14648308548522,4402.0,2513.0
1947,23,39,24,40,0.058485067014864,-13.211308714613551,0.058485067014864,13.211308714613551,4403.0,4154.0
834,9,25,10,26,0.05835225749299125,-77.36182622624528,0.05835225749299125,77.36182622624528,4404.0,2433.0
2840,36,87,37,88,0.058091121471081086,711.3444376817658,0.058091121471081086,711.3444376817658,4405.0,229.0
330,3,52,4,53,0.058016902554028874,26.449538869660955,0.058016902554028874,26.449538869660955,4406.0,3793.0
4021,62,85,63,86,0.05789810247539151,-193.03171869192045,0.05789810247539151,193.03171869192045,4407.0,1398.0
3220,43,82,44,83,0.057702717440400175,17.348891419769643,0.057702717440400175,17.348891419769643,4408.0,4046.0
2455,30,71,31,72,0.05761019285085356,28.19948734263926,0.05761019285085356,28.19948734263926,4409.0,3737.0
3927,59,93,60,94,0.057304849252511336,-342.5293887688738,0.057304849252511336,342.5293887688738,4410.0,872.0
4445,80,86,81,87,0.05674982624361585,33.72616122795671,0.05674982624361585,33.72616122795671,4411.0,3582.0
3136,42,50,43,51,0.056553756302510666,-100.68345269209794,0.056553756302510666,100.68345269209794,4412.0,2076.0
1706,19,92,20,93,0.056538750632200624,152.3166847132951,0.056538750632200624,152.3166847132951,4413.0,1628.0
3276,44,87,45,88,0.05593752759272408,-66.82812822043888,0.05593752759272408,66.82812822043888,4414.0,2657.0
1792,21,29,22,30,0.0558227124223849,578.916253080034,0.0558227124223849,578.916253080034,4415.0,409.0
1496,17,35,18,36,0.05570565574112807,-36.03185609731372,0.05570565574112807,36.03185609731372,4416.0,3513.0
3773,55,89,56,90,0.055436798959390354,75.94484467221992,0.055436798959390354,75.94484467221992,4417.0,2460.0
4288,72,77,73,78,0.05516333462743295,512.4392431483666,0.05516333462743295,512.4392431483666,4418.0,517.0
3554,50,80,51,81,0.0545051398521319,50.69381711608912,0.0545051398521319,50.69381711608912,4419.0,3102.0
9,0,10,1,11,0.054273703849881116,141.93350421912055,0.054273703849881116,141.93350421912055,4420.0,1692.0
3226,43,88,44,89,0.05398454894149979,296.7968975430722,0.05398454894149979,296.7968975430722,4421.0,1009.0
1782,20,93,21,94,0.05390846209868283,-396.42060376399286,0.05390846209868283,396.42060376399286,4422.0,739.0
1923,22,87,23,88,0.053192548417251406,-172.95764207330205,0.053192548417251406,172.95764207330205,4423.0,1493.0
917,10,23,11,24,0.0527571971856835,-24.93009521292106,0.0527571971856835,24.93009521292106,4424.0,3831.0
725,7,89,8,90,0.05154379260891062,-130.26326823996237,0.05154379260891062,130.26326823996237,4425.0,1783.0
2207,26,89,27,90,0.05110420741227595,68.31063662191445,0.05110420741227595,68.31063662191445,4426.0,2625.0
765,8,42,9,43,0.05105209228343979,100.00629564649626,0.05105209228343979,100.00629564649626,4427.0,2086.0
493,5,34,6,35,0.04995007834643728,168.59435180339506,0.04995007834643728,168.59435180339506,4428.0,1527.0
2419,30,35,31,36,0.049769885774332445,-21.83974348432412,0.049769885774332445,21.83974348432412,4429.0,3926.0
2820,36,67,37,68,0.04907588908854066,620.3120248672017,0.04907588908854066,620.3120248672017,4430.0,348.0
69,0,70,1,71,0.04828444894202172,593.7854196845802,0.04828444894202172,593.7854196845802,4431.0,389.0
1532,17,71,18,72,0.047865348664606955,-41.16853147605843,0.047865348664606955,41.16853147605843,4432.0,3365.0
297,3,19,4,20,0.04740683515355629,76.91716040644542,0.04740683515355629,76.91716040644542,4433.0,2438.0
3256,44,67,45,68,0.04692229521018365,-116.9022048390575,0.04692229521018365,116.9022048390575,4434.0,1902.0
4255,70,91,71,92,0.04613440412261782,-123.1220704205175,0.04613440412261782,123.1220704205175,4435.0,1839.0
3882,58,84,59,85,0.045953339851822594,-22.492522216306043,0.045953339851822594,22.492522216306043,4436.0,3902.0
2224,27,38,28,39,0.04550204898706223,70.96223321669822,0.04550204898706223,70.96223321669822,4437.0,2556.0
287,3,9,4,10,0.044610301226976956,610.391943469111,0.044610301226976956,610.391943469111,4438.0,361.0
591,6,43,7,44,0.044530852117783515,-3.947415054703925,0.044530852117783515,3.947415054703925,4439.0,4422.0
1903,22,67,23,68,0.04417731603471098,-96.86735904740168,0.04417731603471098,96.86735904740168,4440.0,2128.0
738,8,15,9,16,0.04399425930976683,0.6475621686381601,0.04399425930976683,0.6475621686381601,4441.0,4542.0
263,2,77,3,78,0.04331283999079094,320.53648159205864,0.04331283999079094,320.53648159205864,4442.0,930.0
1098,12,37,13,38,0.04300786997760159,57.19371406204482,0.04300786997760159,57.19371406204482,4443.0,2923.0
3343,46,55,47,56,0.04203262593583257,-272.1510055261856,0.04203262593583257,272.1510055261856,4444.0,1089.0
1848,21,85,22,86,0.04139099343564556,-177.21694458981483,0.04139099343564556,177.21694458981483,4445.0,1469.0
985,10,91,11,92,0.040145149214758424,20.484384661316653,0.040145149214758424,20.484384661316653,4446.0,3957.0
634,6,86,7,87,0.04007261143089447,-593.4507210068587,0.04007261143089447,593.4507210068587,4447.0,390.0
2741,35,47,36,48,0.038907399338851734,32.46240497344024,0.038907399338851734,32.46240497344024,4448.0,3623.0
456,4,87,5,88,0.03865672370122408,445.82937906033294,0.03865672370122408,445.82937906033294,4449.0,649.0
2457,30,73,31,74,0.03846756508544846,57.234195728900886,0.03846756508544846,57.234195728900886,4450.0,2919.0
1438,16,55,17,56,0.037665104176917596,-363.1301392728103,0.037665104176917596,363.1301392728103,4451.0,823.0
1588,18,50,19,51,0.03744823799563174,-17.604784930083042,0.03744823799563174,17.604784930083042,4452.0,4035.0
1042,11,64,12,65,0.037128013255363745,-200.35473340306044,0.037128013255363745,200.35473340306044,4453.0,1364.0
3485,49,56,50,57,0.037010333932185224,-945.7435497724362,0.037010333932185224,945.7435497724362,4454.0,92.0
815,8,92,9,93,0.03690317725748157,104.52716189987176,0.03690317725748157,104.52716189987176,4455.0,2030.0
2663,33,90,34,91,0.036459171303203655,-531.1197061461226,0.036459171303203655,531.1197061461226,4456.0,478.0
4549,90,95,91,96,0.035787714254973006,68.97496191508435,0.035787714254973006,68.97496191508435,4457.0,2608.0
901,9,92,10,93,0.03547838574833262,4.649789037639948,0.03547838574833262,4.649789037639948,4458.0,4404.0
859,9,50,10,51,0.035224285580136266,18.03874281240905,0.035224285580136266,18.03874281240905,4459.0,4021.0
1002,11,24,12,25,0.03511924588796611,-517.6752464344122,0.03511924588796611,517.6752464344122,4460.0,509.0
1179,13,36,14,37,0.03482311739006305,-7.366348666945669,0.03482311739006305,7.366348666945669,4461.0,4329.0
1251,14,27,15,28,0.03438116615412634,75.13007057011373,0.03438116615412634,75.13007057011373,4462.0,2476.0
2570,32,59,33,60,0.034327369892101944,-476.7863270109915,0.034327369892101944,476.7863270109915,4463.0,589.0
1259,14,35,15,36,0.03407930935054487,-54.43346986777215,0.03407930935054487,54.43346986777215,4464.0,3004.0
982,10,88,11,89,0.033637980756529906,-33.99826114555208,0.033637980756529906,33.99826114555208,4465.0,3568.0
42,0,43,1,44,0.03334882584814858,95.42762788448135,0.03334882584814858,95.42762788448135,4466.0,2155.0
3744,55,60,56,61,0.03302642186115501,-957.1336169817062,0.03302642186115501,957.1336169817062,4467.0,89.0
1499,17,38,18,39,0.03274722922351908,249.9104797994397,0.03274722922351908,249.9104797994397,4468.0,1169.0
617,6,69,7,70,0.03273216128901685,69.17062093966706,0.03273216128901685,69.17062093966706,4469.0,2604.0
3103,41,70,42,71,0.03268789144839268,-52.25992793645992,0.03268789144839268,52.25992793645992,4470.0,3059.0
1187,13,44,14,45,0.032669523511706045,123.61869576566642,0.032669523511706045,123.61869576566642,4471.0,1835.0
2129,25,80,26,81,0.03137716793927692,43.906658577061535,0.03137716793927692,43.906658577061535,4472.0,3280.0
3407,47,71,48,72,0.03106709226233062,114.88384026546998,0.03106709226233062,114.88384026546998,4473.0,1926.0
2829,36,76,37,77,0.03065739387793176,556.196284444529,0.03065739387793176,556.196284444529,4474.0,442.0
775,8,52,9,53,0.030245640775191637,95.74243633793547,0.030245640775191637,95.74243633793547,4475.0,2152.0
1165,13,22,14,23,0.029924544336233372,8.281770218942711,0.029924544336233372,8.281770218942711,4476.0,4305.0
436,4,67,5,68,0.029641491318683655,429.7749865578926,0.029641491318683655,429.7749865578926,4477.0,678.0
2233,27,47,28,48,0.02955307616581948,-373.4912026737154,0.02955307616581948,373.4912026737154,4478.0,793.0
3265,44,76,45,77,0.028503799999574753,-7.989010156061795,0.028503799999574753,7.989010156061795,4479.0,4312.0
824,9,15,10,16,0.02838730369604736,-56.03651594340727,0.02838730369604736,56.03651594340727,4480.0,2964.0
286,3,8,4,9,0.027771261778837236,172.09668172644183,0.027771261778837236,172.09668172644183,4481.0,1502.0
4252,70,88,71,89,0.027648725848670508,-93.41489918609524,0.027648725848670508,93.41489918609524,4482.0,2185.0
2712,34,78,35,79,0.02751765972417819,74.25053954157647,0.02751765972417819,74.25053954157647,4483.0,2498.0
1129,12,68,13,69,0.02747174766548574,-107.54455044435144,0.02747174766548574,107.54455044435144,4484.0,1997.0
4380,76,87,77,88,0.027433727593149326,440.4729755055212,0.027433727593149326,440.4729755055212,4485.0,658.0
4472,82,86,83,87,0.026900746108277807,64.49259091900262,0.026900746108277807,64.49259091900262,4486.0,2718.0
935,10,41,11,42,0.026698636540533283,20.197191770940208,0.026698636540533283,20.197191770940208,4487.0,3971.0
1295,14,71,15,72,0.02623900227402376,-17.521526024670948,0.02623900227402376,17.521526024670948,4488.0,4038.0
1949,23,41,24,42,0.02605856064515022,-463.6740642972146,0.02605856064515022,463.6740642972146,4489.0,610.0
1912,22,76,23,77,0.02575882082410208,233.27731648093925,0.02575882082410208,233.27731648093925,4490.0,1225.0
4548,90,94,91,95,0.023420302295036236,81.32566089199918,0.023420302295036236,81.32566089199918,4491.0,2364.0
320,3,42,4,43,0.023280830504602557,69.45990329365304,0.023280830504602557,69.45990329365304,4492.0,2596.0
1230,13,87,14,88,0.023268004081018034,68.61048950798067,0.023268004081018034,68.61048950798067,4493.0,2617.0
2099,25,50,26,51,0.023127971912854983,-88.62787805245989,0.023127971912854983,88.62787805245989,4494.0,2256.0
2604,32,93,33,94,0.022977479360409392,685.4440403998531,0.022977479360409392,685.4440403998531,4495.0,257.0
2732,35,38,36,39,0.022958426517608987,-37.85824546330469,0.022958426517608987,37.85824546330469,4496.0,3466.0
2868,37,57,38,58,0.022442007307851508,34.36384698715665,0.022442007307851508,34.36384698715665,4497.0,3560.0
537,5,78,6,79,0.022432418622259087,145.21242214911445,0.022432418622259087,145.21242214911445,4498.0,1668.0
3958,60,89,61,90,0.022410377098235346,-17.75418900721388,0.022410377098235346,17.75418900721388,4499.0,4031.0
1241,14,17,15,18,0.021626346390583195,-271.9622332166989,0.021626346390583195,271.9622332166989,4500.0,1090.0
3591,51,73,52,74,0.021493848189671205,-715.5525505939477,0.021493848189671205,715.5525505939477,4501.0,224.0
851,9,42,10,43,0.0213294707223744,39.55018631955318,0.0213294707223744,39.55018631955318,4502.0,3408.0
87,0,88,1,89,0.02063572309335121,191.30618288391088,0.02063572309335121,191.30618288391088,4503.0,1405.0
1118,12,57,13,58,0.02056586266975008,-164.30249906692518,0.02056586266975008,164.30249906692518,4504.0,1549.0
742,8,19,9,20,0.01963557337471905,57.460040699045294,0.01963557337471905,57.460040699045294,4505.0,2915.0
4221,69,82,70,83,0.019560295966400187,-59.86408744659548,0.019560295966400187,59.86408744659548,4506.0,2850.0
405,4,36,5,37,0.019434397769857004,-70.94727764931099,0.019434397769857004,70.94727764931099,4507.0,2557.0
2343,28,90,29,91,0.01868755435097113,10.804966395365229,0.01868755435097113,10.804966395365229,4508.0,4227.0
4162,67,76,68,77,0.0184184952106089,428.2449723690717,0.0184184952106089,428.2449723690717,4509.0,681.0
1472,16,89,17,90,0.017771694782472758,61.155527966885984,0.017771694782472758,61.155527966885984,4510.0,2818.0
2286,28,33,29,34,0.01777161695223253,-13.646448734137266,0.01777161695223253,13.646448734137266,4511.0,4141.0
2197,26,79,27,80,0.01771441172568744,715.477566648918,0.01771441172568744,715.477566648918,4512.0,225.0
413,4,44,5,45,0.017280803891499996,-81.10593271593189,0.017280803891499996,81.10593271593189,4513.0,2369.0
715,7,79,8,80,0.017274826529052767,-6.689294675388737,0.017274826529052767,6.689294675388737,4514.0,4357.0
2348,28,95,29,96,0.017100159904001877,1.1162971399230628,0.017100159904001877,1.1162971399230628,4515.0,4528.0
1618,18,80,19,81,0.017056901856500162,-408.204147188732,0.017056901856500162,408.204147188732,4516.0,717.0
2435,30,51,31,52,0.016973716895777258,31.76198304872014,0.016973716895777258,31.76198304872014,4517.0,3641.0
1508,17,47,18,48,0.016798256402276335,68.8673590474018,0.016798256402276335,68.8673590474018,4518.0,2611.0
1825,21,62,22,63,0.01650710903974595,-7.581554402312349,0.01650710903974595,7.581554402312349,4519.0,4320.0
293,3,15,4,16,0.016222997530929595,10.497044657006429,0.016222997530929595,10.497044657006429,4520.0,4235.0
2915,38,47,39,48,0.015948972821242746,34.503931372101306,0.015948972821242746,34.503931372101306,4521.0,3554.0
2879,37,68,38,69,0.015536122312115846,-28.180009334550505,0.015536122312115846,28.180009334550505,4522.0,3739.0
382,4,13,5,14,0.015388719620206048,20.422968038387808,0.015388719620206048,20.422968038387808,4523.0,3961.0
2939,38,71,39,72,0.015118119441087874,39.49697595430962,0.015118119441087874,39.49697595430962,4524.0,3410.0
391,4,22,5,23,0.014535824716027324,204.2889317448244,0.014535824716027324,204.2889317448244,4525.0,1345.0
2404,29,85,30,86,0.01443171898673934,-102.67642857160968,0.01443171898673934,102.67642857160968,4526.0,2048.0
1563,18,25,19,26,0.014320266082776756,-6.4914774845019565,0.014320266082776756,6.4914774845019565,4527.0,4361.0
1210,13,67,14,68,0.014252771698477606,77.24706183268017,0.014252771698477606,77.24706183268017,4528.0,2434.0
3178,42,92,43,93,0.01414891502595822,-481.101204167142,0.01414891502595822,481.101204167142,4529.0,575.0
3124,41,91,42,92,0.013446512674225142,11.980872601072406,0.013446512674225142,11.980872601072406,4530.0,4186.0
3377,46,89,47,90,0.013404173023557786,170.70765924897614,0.013404173023557786,170.70765924897614,4531.0,1511.0
630,6,82,7,83,0.01317186532261666,322.7287316104414,0.01317186532261666,322.7287316104414,4532.0,928.0
2667,33,94,34,95,0.013038869008167423,59.30827234751996,0.013038869008167423,59.30827234751996,4533.0,2869.0
1488,17,27,18,28,0.012754819763543146,39.557141737344864,0.012754819763543146,39.557141737344864,4534.0,3406.0
1999,23,91,24,92,0.012612047970925078,-122.82235493984444,0.012612047970925078,122.82235493984444,4535.0,1842.0
4559,94,95,95,96,0.01236741195993677,490.0065361059345,0.01236741195993677,490.0065361059345,4536.0,553.0
3060,40,81,41,82,0.011534939710786007,-571.9495732210094,0.011534939710786007,571.9495732210094,4537.0,415.0
445,4,76,5,77,0.011222996108074756,-42.13820812510312,0.011222996108074756,42.13820812510312,4538.0,3339.0
1262,14,38,15,39,0.011120882832935886,-325.660153461631,0.011120882832935886,325.660153461631,4539.0,917.0
1666,19,52,20,53,0.010610067400472586,-476.9993058773564,0.010610067400472586,476.9993058773564,4540.0,588.0
370,3,92,4,93,0.009131915478644337,133.68797513279833,0.009131915478644337,133.68797513279833,4541.0,1760.0
4173,67,87,68,88,0.009015232382540428,370.5308457168576,0.009015232382540428,370.5308457168576,4542.0,804.0
3348,46,60,47,61,0.00900620407467756,-122.02246770243028,0.00900620407467756,122.02246770243028,4543.0,1855.0
2765,35,71,36,72,0.007840307076521114,-164.656813158128,0.007840307076521114,164.656813158128,4544.0,1545.0
4225,69,86,70,87,0.007340450141877619,26.58384997401072,0.007340450141877619,26.58384997401072,4545.0,3790.0
1396,15,92,16,93,0.007091082052285258,15.021491673322544,0.007091082052285258,15.021491673322544,4546.0,4103.0
1346,15,42,16,43,0.007057832973672962,-248.2702236577543,0.007057832973672962,248.2702236577543,4547.0,1177.0
3829,57,68,58,69,0.006905884995735662,-173.37441751923825,0.006905884995735662,173.37441751923825,4548.0,1490.0
964,10,70,11,71,0.005989254907859398,-851.6440157570455,0.005989254907859398,851.6440157570455,4549.0,146.0
1872,22,36,23,37,0.00489857305382968,31.361757523548704,0.00489857305382968,31.361757523548704,4550.0,3652.0
1271,14,47,15,48,0.004828089988306861,32.91945597814356,0.004828089988306861,32.91945597814356,4551.0,3610.0
2347,28,94,29,95,0.004732747944065106,9.901022701859802,0.004732747944065106,9.901022701859802,4552.0,4252.0
1443,16,60,17,61,0.004638682315762588,90.72991374763888,0.004638682315762588,90.72991374763888,4553.0,2225.0
1429,16,46,17,47,0.004367521758914972,81.24719923807356,0.004367521758914972,81.24719923807356,4554.0,2367.0
1219,13,76,14,77,0.004165723512131292,-4.781873272987923,0.004165723512131292,4.781873272987923,4555.0,4400.0
1880,22,44,23,45,0.0027449791754726727,-154.8709741616908,0.0027449791754726727,154.8709741616908,4556.0,1611.0
2797,36,44,37,45,0.0021535938783570074,-116.21930886420978,0.0021535938783570074,116.21930886420978,4557.0,1912.0
2043,24,64,25,65,0.0020087673673976347,-155.47513367182637,0.0020087673673976347,155.47513367182637,4558.0,1607.0
2668,33,95,34,96,0.0006714570482306524,57.742298932542326,0.0006714570482306524,57.742298932542326,4559.0,2912.0
662,7,26,8,27,0.0004395851966346731,-84.13257224990184,0.0004395851966346731,84.13257224990184,4560.0,2323.0
